condition,environment,run,view,n_total,n_kept,kept_fraction,n_train,n_test,train_segments,test_segments,standardization_center_log_ns,standardization_scale_log_ns,reason,model,order,train_loglik,test_loglik,scored_test_observations,parameters_count,train_bic,test_loglik_per_obs,shuffled_test_loglik_mean,shuffled_test_loglik_sd,temporal_gain_per_obs,parameters
interference,container,docker_cpu3-interf_io-run3,base_stable,100001,99897,0.998960010399896,69910,29987,8,3,13.310576668135102,0.014524123470607754,,iid_gaussian,1,-99197.49285633868,-43109.47152846193,29987,2,198417.29564063638,-1.4376053465989238,-43109.47152846193,0.0,0.0,mean=-5.1493259e-14;sd=1
interference,container,docker_cpu3-interf_io-run3,base_stable,100001,99897,0.998960010399896,69910,29987,8,3,13.310576668135102,0.014524123470607754,,ar1_gaussian,1,,-43106.61782708882,29984,3,,-1.4376540097081383,,,,intercept=-1.0381355e-05;phi=0.00067509087;sd=1.0000576
interference,container,docker_cpu3-interf_io-run3,base_stable,100001,99897,0.998960010399896,69910,29987,8,3,13.310576668135102,0.014524123470607754,,gaussian_gmm,2,151423.13448126666,60935.593737246505,29987,5,-302790.4941426358,2.032067020283673,60935.593737246505,0.0,0.0,"component_0_mean=-0.018445943,weight=0.99067902;component_1_mean=1.9605242,weight=0.0093209811"
interference,container,docker_cpu3-interf_io-run3,base_stable,100001,99897,0.998960010399896,69910,29987,8,3,13.310576668135102,0.014524123470607754,,gaussian_hmm,2,140853.47670170484,47635.27166743438,29987,7,-281628.86865555315,1.5885307522404504,61395.60708572131,25.07472467624378,-0.4588766938435632,state_0_mean=-0.0180642;state_1_mean=2.4900368
interference,container,docker_cpu3-interf_io-run3,base_stable,100001,99897,0.998960010399896,69910,29987,8,3,13.310576668135102,0.014524123470607754,,gaussian_gmm,3,154367.7776287105,61946.7089363745,29987,8,-308646.31554558495,2.065785471583503,61946.7089363745,0.0,0.0,"component_0_mean=-0.019092828,weight=0.98020444;component_1_mean=0.1021666,weight=0.018213788;component_2_mean=10.655157,weight=0.0015817724"
interference,container,docker_cpu3-interf_io-run3,base_stable,100001,99897,0.998960010399896,69910,29987,8,3,13.310576668135102,0.014524123470607754,,gaussian_hmm,3,154022.70726391487,61377.31972770711,29987,14,-307889.24503211665,2.046797603218298,61766.854776713924,5.5718997114242175,-0.012990130690192945,state_0_mean=-0.019073579;state_1_mean=0.10646215;state_2_mean=11.888129
interference,container,docker_cpu3-interf_io-run3,base_stable,100001,99897,0.998960010399896,69910,29987,8,3,13.310576668135102,0.014524123470607754,,gaussian_gmm,4,154535.73221037193,62039.490763455404,29987,11,-308948.7598169693,2.06887953991581,62039.490763455404,0.0,0.0,"component_0_mean=-0.019101855,weight=0.98009948;component_1_mean=0.10003591,weight=0.018181289;component_2_mean=3.7233738,weight=0.001590485;component_3_mean=85.290829,weight=0.00012874733"
interference,container,docker_cpu3-interf_io-run3,base_stable,100001,99897,0.998960010399896,69910,29987,8,3,13.310576668135102,0.014524123470607754,,gaussian_hmm,4,154169.37711950333,61444.30679482452,29987,23,-308082.19006747805,2.049031473465986,61768.60062938732,166.68715195420856,-0.010814480760422818,state_0_mean=-0.019081244;state_1_mean=0.10498196;state_2_mean=4.3188211;state_3_mean=85.293006
interference,container,docker_cpu3-interf_io-run3,base_stable,100001,99897,0.998960010399896,69910,29987,8,3,13.310576668135102,0.014524123470607754,,gaussian_gmm,5,154541.1572392219,62035.35514325369,29987,14,-308926.14498273074,2.068741626146453,62035.35514325369,0.0,0.0,"component_0_mean=-0.019094901,weight=0.98029139;component_1_mean=0.10096188,weight=0.017991291;component_2_mean=3.7274521,weight=0.0015885853;component_3_mean=80.336599,weight=0.00010024366;component_4_mean=102.74426,weight=2.8493293e-05"
interference,container,docker_cpu3-interf_io-run3,base_stable,100001,99897,0.998960010399896,69910,29987,8,3,13.310576668135102,0.014524123470607754,,gaussian_hmm,5,175014.64565445212,67103.0011748072,29987,34,-349650.02253360103,2.2377363915965987,62926.33640288628,29.068034684335508,0.1392825148204529,state_0_mean=-0.045556937;state_1_mean=-0.011171456;state_2_mean=0.10915843;state_3_mean=4.3233587;state_4_mean=85.292979
interference,container,docker_cpu3-interf_io-run3,cap_2500us,100001,99893,0.998920010799892,69908,29985,10,5,13.310533975742475,0.012134444963121948,,iid_gaussian,1,-99194.65497927227,-34788.380699367815,29985,2,198411.6198292863,-1.1601927863721133,-34788.380699367815,0.0,0.0,mean=1.0687047e-13;sd=1
interference,container,docker_cpu3-interf_io-run3,cap_2500us,100001,99893,0.998920010799892,69908,29985,10,5,13.310533975742475,0.012134444963121948,,ar1_gaussian,1,,-34784.762315213724,29980,3,,-1.160265587565501,,,,intercept=-1.2880826e-05;phi=0.0010531782;sd=1.0000688
interference,container,docker_cpu3-interf_io-run3,cap_2500us,100001,99893,0.998920010799892,69908,29985,10,5,13.310533975742475,0.012134444963121948,,gaussian_gmm,2,138990.20964920864,55680.32076281877,29985,5,-277924.64462156285,1.8569391616747963,55680.32076281877,0.0,0.0,"component_0_mean=-0.018575756,weight=0.99058437;component_1_mean=1.9542887,weight=0.0094156273"
interference,container,docker_cpu3-interf_io-run3,cap_2500us,100001,99893,0.998920010799892,69908,29985,10,5,13.310533975742475,0.012134444963121948,,gaussian_hmm,2,128394.07105568469,42342.394914370845,29985,7,-256710.05756377318,1.4121192234240736,55138.96430000335,3159.286700693419,-0.42676569570226786,state_0_mean=-0.018115949;state_1_mean=2.4779721
interference,container,docker_cpu3-interf_io-run3,cap_2500us,100001,99893,0.998920010799892,69908,29985,10,5,13.310533975742475,0.012134444963121948,,gaussian_gmm,3,141841.67805339728,56598.06349430406,29985,8,-283594.1166238275,1.8875458894215127,56598.06349430406,0.0,0.0,"component_0_mean=-0.019335952,weight=0.98022223;component_1_mean=0.12560093,weight=0.018214182;component_2_mean=10.658696,weight=0.0015635882"
interference,container,docker_cpu3-interf_io-run3,cap_2500us,100001,99893,0.998920010799892,69908,29985,10,5,13.310533975742475,0.012134444963121948,,gaussian_hmm,3,141494.57310675833,56027.222748696,29985,14,-282832.97711832426,1.868508345796098,56415.64681550888,6.3830478797589265,-0.012953945866696152,state_0_mean=-0.019312638;state_1_mean=0.13078361;state_2_mean=11.938357
interference,container,docker_cpu3-interf_io-run3,cap_2500us,100001,99893,0.998920010799892,69908,29985,10,5,13.310533975742475,0.012134444963121948,,gaussian_gmm,4,141996.41487304788,56674.53136299128,29985,11,-283870.125457016,1.8900960934797826,56674.53136299128,0.0,0.0,"component_0_mean=-0.019338252,weight=0.9803005;component_1_mean=0.12427114,weight=0.018010412;component_2_mean=4.464203,weight=0.0015889604;component_3_mean=96.13031,weight=0.0001001316"
interference,container,docker_cpu3-interf_io-run3,cap_2500us,100001,99893,0.998920010799892,69908,29985,10,5,13.310533975742475,0.012134444963121948,,gaussian_hmm,4,140002.73709247532,55982.28058986428,29985,23,-279748.9106714203,1.8670095244243547,55929.10622071783,6.192889934197646,0.0017733656543753042,state_0_mean=-0.018724673;state_1_mean=0.83249443;state_2_mean=84.931142;state_3_mean=104.50707
interference,container,docker_cpu3-interf_io-run3,cap_2500us,100001,99893,0.998920010799892,69908,29985,10,5,13.310533975742475,0.012134444963121948,,gaussian_gmm,5,141999.33319138692,56639.27292619538,29985,14,-283842.49728758144,1.888920224318672,56639.27292619538,0.0,0.0,"component_0_mean=-0.019338252,weight=0.9803005;component_1_mean=0.12427114,weight=0.018010412;component_2_mean=4.464203,weight=0.0015889604;component_3_mean=84.931143,weight=4.2847466e-05;component_4_mean=104.50708,weight=5.7284136e-05"
interference,container,docker_cpu3-interf_io-run3,cap_2500us,100001,99893,0.998920010799892,69908,29985,10,5,13.310533975742475,0.012134444963121948,,gaussian_hmm,5,162505.7995360051,61745.808607654035,29985,34,-324632.3312694001,2.05922323187107,57487.28718259551,42.83275097316732,0.14202172503113314,state_0_mean=-0.051575033;state_1_mean=-0.031130938;state_2_mean=-0.0097847974;state_3_mean=0.13569716;state_4_mean=11.939529
interference,container,docker_cpu3-interf_io-run3,cap_2000us,100001,99888,0.998870011299887,69904,29984,14,6,13.310461396854313,0.007413093820291331,,iid_gaussian,1,-99188.97922513944,-33530.28774041882,29984,2,198400.26820658127,-1.118272670104683,-33530.28774041882,0.0,0.0,mean=7.3525073e-14;sd=1
interference,container,docker_cpu3-interf_io-run3,cap_2000us,100001,99888,0.998870011299887,69904,29984,14,6,13.310461396854313,0.007413093820291331,,ar1_gaussian,1,,-33525.48195080625,29978,3,,-1.1183361782242394,,,,intercept=-2.3919091e-05;phi=0.002977085;sd=1.0000775
interference,container,docker_cpu3-interf_io-run3,cap_2000us,100001,99888,0.998870011299887,69904,29984,14,6,13.310461396854313,0.007413093820291331,,gaussian_gmm,2,104905.85040347667,41045.10803184342,29984,5,-209755.92641619738,1.3689003479136679,41045.10803184342,0.0,0.0,"component_0_mean=-0.020689906,weight=0.99026285;component_1_mean=2.1041523,weight=0.0097371495"
interference,container,docker_cpu3-interf_io-run3,cap_2000us,100001,99888,0.998870011299887,69904,29984,14,6,13.310461396854313,0.007413093820291331,,gaussian_hmm,2,94233.88993520322,27643.505952958465,29984,7,-188389.6957233481,0.9219419007790309,41482.784575152924,33.01051972026235,-0.46155545031331574,state_0_mean=-0.019923501;state_1_mean=2.6517349
interference,container,docker_cpu3-interf_io-run3,cap_2000us,100001,99888,0.998870011299887,69904,29984,14,6,13.310461396854313,0.007413093820291331,,gaussian_gmm,3,105551.99787177521,41141.94457271068,29984,8,-211014.75671834088,1.3721299550663915,41141.94457271068,0.0,0.0,"component_0_mean=-0.020832738,weight=0.98942227;component_1_mean=1.3901973,weight=0.010534815;component_2_mean=139.03682,weight=4.2915999e-05"
interference,container,docker_cpu3-interf_io-run3,cap_2000us,100001,99888,0.998870011299887,69904,29984,14,6,13.310461396854313,0.007413093820291331,,gaussian_hmm,3,105609.0302455267,41161.08149390207,29984,14,-211061.8921969367,1.3727681928329132,41112.12392001018,4.504378221244441,0.0016327899510370145,state_0_mean=-0.020859796;state_1_mean=1.3724311;state_2_mean=139.03682
interference,container,docker_cpu3-interf_io-run3,cap_2000us,100001,99888,0.998870011299887,69904,29984,14,6,13.310461396854313,0.007413093820291331,,gaussian_gmm,4,107606.22232509911,41851.65344620176,29984,11,-215089.74099053512,1.3957995412954163,41851.65344620176,0.0,0.0,"component_0_mean=-0.021866898,weight=0.98032905;component_1_mean=0.21299119,weight=0.018038501;component_2_mean=7.3152451,weight=0.0015895311;component_3_mean=139.03682,weight=4.2915999e-05"
interference,container,docker_cpu3-interf_io-run3,cap_2000us,100001,99888,0.998870011299887,69904,29984,14,6,13.310461396854313,0.007413093820291331,,gaussian_hmm,4,126349.530436048,46786.00303030102,29984,23,-252442.49867461858,1.5603656293456851,42176.69797437345,7.537678453254877,0.15372548879160794,state_0_mean=-0.073704352;state_1_mean=-0.0053326216;state_2_mean=1.3144706;state_3_mean=139.03682
interference,container,docker_cpu3-interf_io-run3,cap_2000us,100001,99888,0.998870011299887,69904,29984,14,6,13.310461396854313,0.007413093820291331,,gaussian_gmm,5,107627.63959061315,41813.59990959664,29984,14,-215099.11088710962,1.3945304132069316,41813.59990959664,0.0,0.0,"component_0_mean=-0.021904845,weight=0.97984879;component_1_mean=0.20815443,weight=0.018492254;component_2_mean=6.6274784,weight=0.0015874321;component_3_mean=39.377472,weight=2.8610642e-05;component_4_mean=139.03682,weight=4.2915999e-05"
interference,container,docker_cpu3-interf_io-run3,cap_2000us,100001,99888,0.998870011299887,69904,29984,14,6,13.310461396854313,0.007413093820291331,,gaussian_hmm,5,133297.62937753045,53564.43833154468,29984,34,-266215.9928979204,1.7864340425408445,39965.920083610894,81.54397064229069,0.4535258220362123,state_0_mean=-0.074011269;state_1_mean=-0.020526262;state_2_mean=0.034870883;state_3_mean=1.5034391;state_4_mean=139.03682
interference,container,docker_cpu3-interf_io-run3,cap_1500us,100001,99885,0.998840011599884,69901,29984,17,6,13.310417161736723,0.0030551921264732234,,iid_gaussian,1,-99184.72240953983,-62760.74011411447,29984,2,198391.75448954818,-2.0931410123437324,-62760.74011411447,0.0,0.0,mean=2.7690237e-13;sd=1
interference,container,docker_cpu3-interf_io-run3,cap_1500us,100001,99885,0.998840011599884,69901,29984,17,6,13.310417161736723,0.0030551921264732234,,ar1_gaussian,1,,-62747.204949393235,29978,3,,-2.0931084445057455,,,,intercept=-6.4248705e-05;phi=0.018472226;sd=0.99980764
interference,container,docker_cpu3-interf_io-run3,cap_1500us,100001,99885,0.998840011599884,69901,29984,17,6,13.310417161736723,0.0030551921264732234,,gaussian_gmm,2,43632.44951269172,14384.175043145535,29984,5,-87209.12484921208,0.47972835656168406,14384.175043145535,0.0,0.0,"component_0_mean=-0.036070894,weight=0.98946223;component_1_mean=3.3869394,weight=0.01053777"
interference,container,docker_cpu3-interf_io-run3,cap_1500us,100001,99885,0.998840011599884,69901,29984,17,6,13.310417161736723,0.0030551921264732234,,gaussian_hmm,2,43689.23598853834,14400.760568428539,29984,7,-87300.38813043678,0.48028150241557294,14349.013595868784,2.777061240527175,0.0017258195224037752,state_0_mean=-0.036135528;state_1_mean=3.3444604
interference,container,docker_cpu3-interf_io-run3,cap_1500us,100001,99885,0.998840011599884,69901,29984,17,6,13.310417161736723,0.0030551921264732234,,gaussian_gmm,3,45686.753627950835,15273.2640836728,29984,8,-91284.2685740275,0.5093804723743597,15273.2640836728,0.0,0.0,"component_0_mean=-0.038582453,weight=0.98035747;component_1_mean=0.53101688,weight=0.018052695;component_2_mean=17.76176,weight=0.0015898374"
interference,container,docker_cpu3-interf_io-run3,cap_1500us,100001,99885,0.998840011599884,69901,29984,17,6,13.310417161736723,0.0030551921264732234,,gaussian_hmm,3,45319.73024455114,14686.5329028129,29984,14,-90483.29279582248,0.4898123300030983,15093.705274369548,6.6734557515294615,-0.01357965486781776,state_0_mean=-0.038504946;state_1_mean=0.55128261;state_2_mean=20.582969
interference,container,docker_cpu3-interf_io-run3,cap_1500us,100001,99885,0.998840011599884,69901,29984,17,6,13.310417161736723,0.0030551921264732234,,gaussian_gmm,4,45708.15662765814,15232.015851709679,29984,11,-91293.6100677393,0.5080047976157177,15232.015851709679,0.0,0.0,"component_0_mean=-0.038674754,weight=0.97987597;component_1_mean=0.51926785,weight=0.018507624;component_2_mean=16.092717,weight=0.0015877933;component_3_mean=95.559663,weight=2.861187e-05"
interference,container,docker_cpu3-interf_io-run3,cap_1500us,100001,99885,0.998840011599884,69901,29984,17,6,13.310417161736723,0.0030551921264732234,,gaussian_hmm,4,66158.59776922684,20342.197132419555,29984,23,-132060.63432806544,0.6784350697845369,16157.468006372737,60.251894614675365,0.1395654057512946,state_0_mean=-0.16438938;state_1_mean=-0.00091496504;state_2_mean=0.57099967;state_3_mean=20.604237
interference,container,docker_cpu3-interf_io-run3,cap_1500us,100001,99885,0.998840011599884,69901,29984,17,6,13.310417161736723,0.0030551921264732234,,gaussian_gmm,5,47425.844593083035,16284.826160829207,29984,14,-94695.52149288627,0.5431172012016144,16284.826160829207,0.0,0.0,"component_0_mean=-0.0900865,weight=0.65043956;component_1_mean=0.065131767,weight=0.33424746;component_2_mean=0.63065785,weight=0.013771105;component_3_mean=15.456053,weight=0.0014590104;component_4_mean=67.460158,weight=8.2868153e-05"
interference,container,docker_cpu3-interf_io-run3,cap_1500us,100001,99885,0.998840011599884,69901,29984,17,6,13.310417161736723,0.0030551921264732234,,gaussian_hmm,5,66320.26610296784,20403.20002859524,29984,34,-132261.26780797046,0.6804695847316983,16170.094920965901,19.272413753233053,0.14117879894708313,state_0_mean=-0.16679859;state_1_mean=-0.069522252;state_2_mean=-0.00071985329;state_3_mean=0.57140034;state_4_mean=20.604657
interference,container,docker_cpu3-interf_io-run3,cap_1000us,100001,99884,0.998830011699883,69901,29983,17,7,13.310417161736723,0.0030551921264732234,,iid_gaussian,1,-99184.72240953983,-38447.91151845416,29983,2,198391.75448954818,-1.2823237007122088,-38447.91151845416,0.0,0.0,mean=2.7690237e-13;sd=1
interference,container,docker_cpu3-interf_io-run3,cap_1000us,100001,99884,0.998830011699883,69901,29983,17,7,13.310417161736723,0.0030551921264732234,,ar1_gaussian,1,,-38415.733323628345,29976,3,,-1.2815496838680394,,,,intercept=-6.4248705e-05;phi=0.018472226;sd=0.99980764
interference,container,docker_cpu3-interf_io-run3,cap_1000us,100001,99884,0.998830011699883,69901,29983,17,7,13.310417161736723,0.0030551921264732234,,gaussian_gmm,2,43632.44951269172,14679.266374043124,29983,5,-87209.12484921208,0.48958631137788494,14679.266374043124,0.0,0.0,"component_0_mean=-0.036070894,weight=0.98946223;component_1_mean=3.3869394,weight=0.01053777"
interference,container,docker_cpu3-interf_io-run3,cap_1000us,100001,99884,0.998830011699883,69901,29983,17,7,13.310417161736723,0.0030551921264732234,,gaussian_hmm,2,43689.23598853834,14699.715516766355,29983,7,-87300.38813043678,0.49026833594924973,14646.90042951114,3.1393308690184125,0.0017615010924595326,state_0_mean=-0.036135528;state_1_mean=3.3444604
interference,container,docker_cpu3-interf_io-run3,cap_1000us,100001,99884,0.998830011699883,69901,29983,17,7,13.310417161736723,0.0030551921264732234,,gaussian_gmm,3,45686.753627950835,15352.127833643903,29983,8,-91284.2685740275,0.5120277435094521,15352.127833643903,0.0,0.0,"component_0_mean=-0.038582453,weight=0.98035747;component_1_mean=0.53101688,weight=0.018052695;component_2_mean=17.76176,weight=0.0015898374"
interference,container,docker_cpu3-interf_io-run3,cap_1000us,100001,99884,0.998830011699883,69901,29983,17,7,13.310417161736723,0.0030551921264732234,,gaussian_hmm,3,45319.73024455114,14761.819299481547,29983,14,-90483.29279582248,0.49233963577632484,15163.144974727456,8.28053975190163,-0.013385107402391662,state_0_mean=-0.038504946;state_1_mean=0.55128261;state_2_mean=20.582969
interference,container,docker_cpu3-interf_io-run3,cap_1000us,100001,99884,0.998830011699883,69901,29983,17,7,13.310417161736723,0.0030551921264732234,,gaussian_gmm,4,45708.15662765814,15350.737842403558,29983,11,-91293.6100677393,0.5119813841978307,15350.737842403558,0.0,0.0,"component_0_mean=-0.038674754,weight=0.97987597;component_1_mean=0.51926785,weight=0.018507624;component_2_mean=16.092717,weight=0.0015877933;component_3_mean=95.559663,weight=2.861187e-05"
interference,container,docker_cpu3-interf_io-run3,cap_1000us,100001,99884,0.998830011699883,69901,29983,17,7,13.310417161736723,0.0030551921264732234,,gaussian_hmm,4,66158.59776922684,20416.94458058909,29983,23,-132060.63432806544,0.6809506914114362,16250.079962698199,4.3836247754652105,0.1389742393319845,state_0_mean=-0.16438938;state_1_mean=-0.00091496504;state_2_mean=0.57099967;state_3_mean=20.604237
interference,container,docker_cpu3-interf_io-run3,cap_1000us,100001,99884,0.998830011699883,69901,29983,17,7,13.310417161736723,0.0030551921264732234,,gaussian_gmm,5,47425.844593083035,16319.55021471351,29983,14,-94695.52149288627,0.5442934401065107,16319.55021471351,0.0,0.0,"component_0_mean=-0.0900865,weight=0.65043956;component_1_mean=0.065131767,weight=0.33424746;component_2_mean=0.63065785,weight=0.013771105;component_3_mean=15.456053,weight=0.0014590104;component_4_mean=67.460158,weight=8.2868153e-05"
interference,container,docker_cpu3-interf_io-run3,cap_1000us,100001,99884,0.998830011699883,69901,29983,17,7,13.310417161736723,0.0030551921264732234,,gaussian_hmm,5,66320.26610296784,20477.96077426847,29983,34,-132261.26780797046,0.6829857177156545,16225.231966873878,88.45841805173707,0.1418380017808289,state_0_mean=-0.16679859;state_1_mean=-0.069522252;state_2_mean=-0.00071985329;state_3_mean=0.57140034;state_4_mean=20.604657
interference,container,docker_cpu3-interf_io-run3,train_q_0.999,100001,99790,0.997890021099789,69840,29950,77,37,13.310341350065336,0.0006384624714682801,,iid_gaussian,1,-99098.16715901434,-45199.36023399515,29950,2,198218.6422424097,-1.509160608814529,-45199.36023399515,0.0,0.0,mean=-1.4519457e-12;sd=1
interference,container,docker_cpu3-interf_io-run3,train_q_0.999,100001,99790,0.997890021099789,69840,29950,77,37,13.310341350065336,0.0006384624714682801,,ar1_gaussian,1,,-44470.14170058737,29913,3,,-1.4866493397715834,,,,intercept=-0.001200357;phi=0.22374171;sd=0.95816086
interference,container,docker_cpu3-interf_io-run3,train_q_0.999,100001,99790,0.997890021099789,69840,29950,77,37,13.310341350065336,0.0006384624714682801,,gaussian_gmm,2,-63707.52185801503,-31512.673821550605,29950,5,127470.81352698263,-1.052176087530905,-31512.673821550605,0.0,0.0,"component_0_mean=-0.059631824,weight=0.98598612;component_1_mean=4.1955664,weight=0.014013877"
interference,container,docker_cpu3-interf_io-run3,train_q_0.999,100001,99790,0.997890021099789,69840,29950,77,37,13.310341350065336,0.0006384624714682801,,gaussian_hmm,2,-63640.32287798897,-31501.73494409541,29950,7,127358.72349131154,-1.0518108495524343,-31561.256816753776,4.737359425495462,0.0019873747131340966,state_0_mean=-0.060384828;state_1_mean=4.081162
interference,container,docker_cpu3-interf_io-run3,train_q_0.999,100001,99790,0.997890021099789,69840,29950,77,37,13.310341350065336,0.0006384624714682801,,gaussian_gmm,3,-61849.76977268499,-30534.734300835724,29950,8,123788.77124289409,-1.0195236828325784,-30534.734300835724,0.0,0.0,"component_0_mean=-0.30451404,weight=0.64602524;component_1_mean=0.41453745,weight=0.34251456;component_2_mean=4.7764116,weight=0.011460202"
interference,container,docker_cpu3-interf_io-run3,train_q_0.999,100001,99790,0.997890021099789,69840,29950,77,37,13.310341350065336,0.0006384624714682801,,gaussian_hmm,3,-42833.339881779946,-25845.41587945744,29950,14,85822.83523422708,-0.8629521161755406,-30504.300439555394,5.639130574780038,0.15555541102163456,state_0_mean=-0.66787071;state_1_mean=0.11903009;state_2_mean=4.0279958
interference,container,docker_cpu3-interf_io-run3,train_q_0.999,100001,99790,0.997890021099789,69840,29950,77,37,13.310341350065336,0.0006384624714682801,,gaussian_gmm,4,-61097.60162582534,-30193.56101817545,29950,11,122317.89683574632,-1.0081322543631202,-30193.56101817545,0.0,0.0,"component_0_mean=-0.36803819,weight=0.58236723;component_1_mean=0.37972806,weight=0.40099115;component_2_mean=2.7855171,weight=0.015685703;component_3_mean=19.220231,weight=0.0009559196"
interference,container,docker_cpu3-interf_io-run3,train_q_0.999,100001,99790,0.997890021099789,69840,29950,77,37,13.310341350065336,0.0006384624714682801,,gaussian_hmm,4,-36100.161930169495,-18777.74686042049,29950,23,72456.8649907208,-0.626969845089165,-33217.46656854631,97.2174762977173,0.48212753616446813,state_0_mean=-0.67117195;state_1_mean=-0.042203307;state_2_mean=0.61846864;state_3_mean=4.3684308
interference,container,docker_cpu3-interf_io-run3,train_q_0.999,100001,99790,0.997890021099789,69840,29950,77,37,13.310341350065336,0.0006384624714682801,,gaussian_gmm,5,-60404.29425547537,-30276.884708275433,29950,14,120964.74398161792,-1.0109143475217173,-30276.884708275433,0.0,0.0,"component_0_mean=-0.5820858,weight=0.35773534;component_1_mean=0.018017734,weight=0.42176048;component_2_mean=0.67881526,weight=0.20370516;component_3_mean=2.7720406,weight=0.015827264;component_4_mean=19.018866,weight=0.00097174592"
interference,container,docker_cpu3-interf_io-run3,train_q_0.999,100001,99790,0.997890021099789,69840,29950,77,37,13.310341350065336,0.0006384624714682801,,gaussian_hmm,5,-34184.37357482719,-17249.352845390567,29950,34,68747.98186413183,-0.5759383253886667,-31663.311848233996,14.555101042521702,0.4812674124488624,state_0_mean=-0.67293667;state_1_mean=-0.1296002;state_2_mean=0.1509335;state_3_mean=0.76459915;state_4_mean=4.1380176
interference,container,docker_cpu3-interf_io-run3,train_q_0.9995,100001,99852,0.998510014899851,69875,29977,43,13,13.310369719729739,0.001463192098673237,,iid_gaussian,1,-99147.8300076765,-51058.40519560811,29977,2,198317.96894177393,-1.7032526668982255,-51058.40519560811,0.0,0.0,mean=6.5376074e-13;sd=1
interference,container,docker_cpu3-interf_io-run3,train_q_0.9995,100001,99852,0.998510014899851,69875,29977,43,13,13.310369719729739,0.001463192098673237,,ar1_gaussian,1,,-50727.9195428966,29964,3,,-1.6929622060771792,,,,intercept=-0.00018696967;phi=0.070413546;sd=0.9971306
interference,container,docker_cpu3-interf_io-run3,train_q_0.9995,100001,99852,0.998510014899851,69875,29977,43,13,13.310369719729739,0.001463192098673237,,gaussian_gmm,2,-7014.462062960436,-7269.639678716044,29977,5,14084.69644197316,-0.2425072448449159,-7269.639678716044,0.0,0.0,"component_0_mean=-0.043669326,weight=0.98872706;component_1_mean=3.8301491,weight=0.011272941"
interference,container,docker_cpu3-interf_io-run3,train_q_0.9995,100001,99852,0.998510014899851,69875,29977,43,13,13.310369719729739,0.001463192098673237,,gaussian_hmm,2,-6956.023042125702,-7249.412532725965,29977,7,13990.127326724605,-0.24183248933268725,-7305.060400324794,4.809165731788976,0.001856352123255438,state_0_mean=-0.043821544;state_1_mean=3.7779308
interference,container,docker_cpu3-interf_io-run3,train_q_0.9995,100001,99852,0.998510014899851,69875,29977,43,13,13.310369719729739,0.001463192098673237,,gaussian_gmm,3,-5404.058843515476,-6631.545465833347,29977,8,10897.35339271461,-0.22122111838520692,-6631.545465833347,0.0,0.0,"component_0_mean=-0.048284836,weight=0.9803897;component_1_mean=1.1186678,weight=0.018323576;component_2_mean=20.859168,weight=0.0012867225"
interference,container,docker_cpu3-interf_io-run3,train_q_0.9995,100001,99852,0.998510014899851,69875,29977,43,13,13.310369719729739,0.001463192098673237,,gaussian_hmm,3,13816.632552197025,-1617.378362877214,29977,14,-27477.102619447647,-0.053953976811462585,-6234.354694064162,3.8230618717105243,0.1540172909626363,state_0_mean=-0.31080194;state_1_mean=0.034672956;state_2_mean=3.6441823
interference,container,docker_cpu3-interf_io-run3,train_q_0.9995,100001,99852,0.998510014899851,69875,29977,43,13,13.310369719729739,0.001463192098673237,,gaussian_gmm,4,-3668.4160516000074,-5662.616104319281,29977,11,7459.5311985150465,-0.18889869247487343,-5662.616104319281,0.0,0.0,"component_0_mean=-0.16002067,weight=0.62964878;component_1_mean=0.15690096,weight=0.35540699;component_2_mean=1.3448626,weight=0.013740459;component_3_mean=22.025745,weight=0.0012037774"
interference,container,docker_cpu3-interf_io-run3,train_q_0.9995,100001,99852,0.998510014899851,69875,29977,43,13,13.310369719729739,0.001463192098673237,,gaussian_hmm,4,20668.530478654164,5260.637421332,29977,23,-41080.50830346781,0.1754891223715515,-8645.54163610395,103.81371651363817,0.46389495471314507,state_0_mean=-0.31230515;state_1_mean=-0.040763622;state_2_mean=0.24153776;state_3_mean=4.0415807
interference,container,docker_cpu3-interf_io-run3,train_q_0.9995,100001,99852,0.998510014899851,69875,29977,43,13,13.310369719729739,0.001463192098673237,,gaussian_gmm,5,-3612.589879092863,-5668.927934392004,29977,14,7381.34224313213,-0.18910924823671496,-5668.927934392004,0.0,0.0,"component_0_mean=-0.17884042,weight=0.58579627;component_1_mean=0.14785305,weight=0.39723512;component_2_mean=1.2176891,weight=0.015628006;component_3_mean=12.294444,weight=0.0010214086;component_4_mean=45.251825,weight=0.00031918981"
interference,container,docker_cpu3-interf_io-run3,train_q_0.9995,100001,99852,0.998510014899851,69875,29977,43,13,13.310369719729739,0.001463192098673237,,gaussian_hmm,5,22484.228983696386,6880.365587625828,29977,34,-44589.206218237225,0.22952148606017372,-7226.733111434051,16.669258465951092,0.47059741465323013,state_0_mean=-0.3129715;state_1_mean=-0.074240074;state_2_mean=0.05325382;state_3_mean=0.31466521;state_4_mean=3.6565746
interference,container,docker_cpu3-interf_io-run3,train_q_0.9999,100001,99887,0.998860011399886,69903,29984,15,6,13.310446312576925,0.006248910489082423,,iid_gaussian,1,-99187.56028660623,-35966.13668775799,29984,2,198397.43030090397,-1.1995109621050557,-35966.13668775799,0.0,0.0,mean=-2.5277566e-14;sd=1
interference,container,docker_cpu3-interf_io-run3,train_q_0.9999,100001,99887,0.998860011399886,69903,29984,15,6,13.310446312576925,0.006248910489082423,,ar1_gaussian,1,,-35960.19234744924,29978,3,,-1.1995527502651693,,,,intercept=-2.9711795e-05;phi=0.0042439986;sd=1.0000696
interference,container,docker_cpu3-interf_io-run3,train_q_0.9999,100001,99887,0.998860011399886,69903,29984,15,6,13.310446312576925,0.006248910489082423,,gaussian_gmm,2,93091.10435599939,35943.263096687406,29984,5,-186126.43439277,1.1987481022107593,35943.263096687406,0.0,0.0,"component_0_mean=-0.022161653,weight=0.99013489;component_1_mean=2.2243066,weight=0.0098651084"
interference,container,docker_cpu3-interf_io-run3,train_q_0.9999,100001,99887,0.998860011399886,69903,29984,15,6,13.310446312576925,0.006248910489082423,,gaussian_hmm,2,82391.69807478049,22523.9620265017,29984,7,-164705.3121026407,0.7511993738827941,35884.712804216004,1389.1896249473598,-0.44559601046272357,state_0_mean=-0.021247927;state_1_mean=2.7955835
interference,container,docker_cpu3-interf_io-run3,train_q_0.9999,100001,99887,0.998860011399886,69903,29984,15,6,13.310446312576925,0.006248910489082423,,gaussian_gmm,3,93622.7971774921,36004.70055414985,29984,8,-187156.35544421815,1.2007971102638024,36004.70055414985,0.0,0.0,"component_0_mean=-0.02230021,weight=0.98943555;component_1_mean=1.6514877,weight=0.010535838;component_2_mean=163.04225,weight=2.8611075e-05"
interference,container,docker_cpu3-interf_io-run3,train_q_0.9999,100001,99887,0.998860011399886,69903,29984,15,6,13.310446312576925,0.006248910489082423,,gaussian_hmm,3,93679.74298486515,36024.345715539625,29984,14,-187203.3178758897,1.201452298410473,35974.2412782522,4.222170951280843,0.0016710391304503712,state_0_mean=-0.022332137;state_1_mean=1.630517;state_2_mean=163.04225
interference,container,docker_cpu3-interf_io-run3,train_q_0.9999,100001,99887,0.998860011399886,69903,29984,15,6,13.310446312576925,0.006248910489082423,,gaussian_gmm,4,95677.04948990821,36729.00231721162,29984,11,-191231.3954775131,1.2249533857127675,36729.00231721162,0.0,0.0,"component_0_mean=-0.023527424,weight=0.98033832;component_1_mean=0.25504111,weight=0.018043434;component_2_mean=8.6800985,weight=0.0015896368;component_3_mean=163.04225,weight=2.8611075e-05"
interference,container,docker_cpu3-interf_io-run3,train_q_0.9999,100001,99887,0.998860011399886,69903,29984,15,6,13.310446312576925,0.006248910489082423,,gaussian_hmm,4,95310.28843864417,36141.36298782006,29984,23,-190364.01500883597,1.205354955570306,36544.55882787348,10.531186931414313,-0.013447033086093263,state_0_mean=-0.023490626;state_1_mean=0.26485021;state_2_mean=10.058682;state_3_mean=163.04225
interference,container,docker_cpu3-interf_io-run3,train_q_0.9999,100001,99887,0.998860011399886,69903,29984,15,6,13.310446312576925,0.006248910489082423,,gaussian_gmm,5,95698.46179246694,36687.76736558164,29984,14,-191240.7554910933,1.2235781538681176,36687.76736558164,0.0,0.0,"component_0_mean=-0.023572479,weight=0.97985762;component_1_mean=0.24930101,weight=0.018497597;component_2_mean=7.8641569,weight=0.0015875569;component_3_mean=46.71598,weight=2.8611051e-05;component_4_mean=163.04225,weight=2.8611075e-05"
interference,container,docker_cpu3-interf_io-run3,train_q_0.9999,100001,99887,0.998860011399886,69903,29984,15,6,13.310446312576925,0.006248910489082423,,gaussian_hmm,5,116150.28146225211,41797.28875954558,29984,34,-231921.29755374853,1.3939864180744925,37623.659892062795,15.373869028877422,0.13919519968926056,state_0_mean=-0.08503579;state_1_mean=-0.0051112909;state_2_mean=0.2745129;state_3_mean=10.06914;state_4_mean=163.04225
interference,container,docker_cpu3-interf_io-run8,base_stable,100001,94744,0.9474305256947431,66522,28222,33,18,13.314167165637066,0.0013780331467548802,,iid_gaussian,1,-94390.12910584123,-29907.993088650102,28222,2,188802.46878768047,-1.0597403829866807,-29907.993088650102,0.0,0.0,mean=1.7449277e-12;sd=1
interference,container,docker_cpu3-interf_io-run8,base_stable,100001,94744,0.9474305256947431,66522,28222,33,18,13.314167165637066,0.0013780331467548802,,ar1_gaussian,1,,-29030.0716915438,28204,3,,-1.029289167903269,,,,intercept=-6.9694288e-05;phi=0.25085638;sd=0.96786465
interference,container,docker_cpu3-interf_io-run8,base_stable,100001,94744,0.9474305256947431,66522,28222,33,18,13.314167165637066,0.0013780331467548802,,gaussian_gmm,2,-19785.456981937954,-4512.408860731529,28222,5,39626.44040387091,-0.1598897619138094,-4512.408860731529,0.0,0.0,"component_0_mean=-0.26607842,weight=0.78637265;component_1_mean=0.9794476,weight=0.21362735"
interference,container,docker_cpu3-interf_io-run8,base_stable,100001,94744,0.9474305256947431,66522,28222,33,18,13.314167165637066,0.0013780331467548802,,gaussian_hmm,2,-10311.457435417324,-736.8242095288936,28222,7,20700.65188682765,-0.026108150008110467,-8715.348919631298,109.12448433277459,0.2827058574906954,state_0_mean=-0.2672931;state_1_mean=1.0447294
interference,container,docker_cpu3-interf_io-run8,base_stable,100001,94744,0.9474305256947431,66522,28222,33,18,13.314167165637066,0.0013780331467548802,,gaussian_gmm,3,-8596.335618608384,-1785.0726947668709,28222,8,17281.51354120877,-0.06325110533508861,-1785.0726947668709,0.0,0.0,"component_0_mean=-0.26855843,weight=0.78657538;component_1_mean=0.9050605,weight=0.2106894;component_2_mean=7.5148569,weight=0.0027352206"
interference,container,docker_cpu3-interf_io-run8,base_stable,100001,94744,0.9474305256947431,66522,28222,33,18,13.314167165637066,0.0013780331467548802,,gaussian_hmm,3,2917.7965710612707,2504.917489213973,28222,14,-5680.119110136536,0.08875761778803674,-6031.882708605045,113.56677104161318,0.30248742817018703,state_0_mean=-0.26880239;state_1_mean=0.96265233;state_2_mean=7.3269826
interference,container,docker_cpu3-interf_io-run8,base_stable,100001,94744,0.9474305256947431,66522,28222,33,18,13.314167165637066,0.0013780331467548802,,gaussian_gmm,4,-7548.74783564827,-902.8104366483086,28222,11,15219.653839285544,-0.03198959806705083,-902.8104366483086,0.0,0.0,"component_0_mean=-0.27004127,weight=0.79822431;component_1_mean=0.4114818,weight=0.10264695;component_2_mean=1.5617491,weight=0.094979078;component_3_mean=6.0204163,weight=0.0041496567"
interference,container,docker_cpu3-interf_io-run8,base_stable,100001,94744,0.9474305256947431,66522,28222,33,18,13.314167165637066,0.0013780331467548802,,gaussian_hmm,4,12442.826935364923,7013.389371691323,28222,23,-24630.232246752836,0.24850787937393956,-16127.073078789956,206.22831289171793,0.8199441021359676,state_0_mean=-0.26680359;state_1_mean=0.80517805;state_2_mean=1.6562518;state_3_mean=5.4639004
interference,container,docker_cpu3-interf_io-run8,base_stable,100001,94744,0.9474305256947431,66522,28222,33,18,13.314167165637066,0.0013780331467548802,,gaussian_gmm,5,-6532.000124648326,-524.5636365851406,28222,14,13219.474281282659,-0.018587046863622017,-524.5636365851406,0.0,0.0,"component_0_mean=-0.27061055,weight=0.79191277;component_1_mean=0.46011999,weight=0.12636912;component_2_mean=1.6450061,weight=0.06483454;component_3_mean=2.3693098,weight=0.016614588;component_4_mean=37.684235,weight=0.00026898958"
interference,container,docker_cpu3-interf_io-run8,base_stable,100001,94744,0.9474305256947431,66522,28222,33,18,13.314167165637066,0.0013780331467548802,,gaussian_hmm,5,15966.265411990375,8557.053878068791,28222,34,-31554.951032014735,0.30320508390861,-15686.826761334096,194.06502709276108,0.8590419048757313,state_0_mean=-0.26691332;state_1_mean=0.44555029;state_2_mean=1.374131;state_3_mean=1.6567169;state_4_mean=3.8894887
interference,container,docker_cpu3-interf_io-run8,cap_2500us,100001,94744,0.9474305256947431,66522,28222,33,18,13.314167165637066,0.0013780331467548802,,iid_gaussian,1,-94390.12910584123,-29907.993088650102,28222,2,188802.46878768047,-1.0597403829866807,-29907.993088650102,0.0,0.0,mean=1.7449277e-12;sd=1
interference,container,docker_cpu3-interf_io-run8,cap_2500us,100001,94744,0.9474305256947431,66522,28222,33,18,13.314167165637066,0.0013780331467548802,,ar1_gaussian,1,,-29030.0716915438,28204,3,,-1.029289167903269,,,,intercept=-6.9694288e-05;phi=0.25085638;sd=0.96786465
interference,container,docker_cpu3-interf_io-run8,cap_2500us,100001,94744,0.9474305256947431,66522,28222,33,18,13.314167165637066,0.0013780331467548802,,gaussian_gmm,2,-19785.456981937954,-4512.408860731529,28222,5,39626.44040387091,-0.1598897619138094,-4512.408860731529,0.0,0.0,"component_0_mean=-0.26607842,weight=0.78637265;component_1_mean=0.9794476,weight=0.21362735"
interference,container,docker_cpu3-interf_io-run8,cap_2500us,100001,94744,0.9474305256947431,66522,28222,33,18,13.314167165637066,0.0013780331467548802,,gaussian_hmm,2,-10311.457435417324,-736.8242095288936,28222,7,20700.65188682765,-0.026108150008110467,-8645.425472380646,120.76259223899375,0.2802282355202237,state_0_mean=-0.2672931;state_1_mean=1.0447294
interference,container,docker_cpu3-interf_io-run8,cap_2500us,100001,94744,0.9474305256947431,66522,28222,33,18,13.314167165637066,0.0013780331467548802,,gaussian_gmm,3,-8596.335618608384,-1785.0726947668709,28222,8,17281.51354120877,-0.06325110533508861,-1785.0726947668709,0.0,0.0,"component_0_mean=-0.26855843,weight=0.78657538;component_1_mean=0.9050605,weight=0.2106894;component_2_mean=7.5148569,weight=0.0027352206"
interference,container,docker_cpu3-interf_io-run8,cap_2500us,100001,94744,0.9474305256947431,66522,28222,33,18,13.314167165637066,0.0013780331467548802,,gaussian_hmm,3,2917.7965710612707,2504.917489213973,28222,14,-5680.119110136536,0.08875761778803674,-6038.620508515873,87.91991368845684,0.30272617099177396,state_0_mean=-0.26880239;state_1_mean=0.96265233;state_2_mean=7.3269826
interference,container,docker_cpu3-interf_io-run8,cap_2500us,100001,94744,0.9474305256947431,66522,28222,33,18,13.314167165637066,0.0013780331467548802,,gaussian_gmm,4,-7548.74783564827,-902.8104366483086,28222,11,15219.653839285544,-0.03198959806705083,-902.8104366483086,0.0,0.0,"component_0_mean=-0.27004127,weight=0.79822431;component_1_mean=0.4114818,weight=0.10264695;component_2_mean=1.5617491,weight=0.094979078;component_3_mean=6.0204163,weight=0.0041496567"
interference,container,docker_cpu3-interf_io-run8,cap_2500us,100001,94744,0.9474305256947431,66522,28222,33,18,13.314167165637066,0.0013780331467548802,,gaussian_hmm,4,12442.826935364923,7013.389371691323,28222,23,-24630.232246752836,0.24850787937393956,-16027.992678836152,223.88696799309722,0.8164333516592542,state_0_mean=-0.26680359;state_1_mean=0.80517805;state_2_mean=1.6562518;state_3_mean=5.4639004
interference,container,docker_cpu3-interf_io-run8,cap_2500us,100001,94744,0.9474305256947431,66522,28222,33,18,13.314167165637066,0.0013780331467548802,,gaussian_gmm,5,-6532.000124648326,-524.5636365851406,28222,14,13219.474281282659,-0.018587046863622017,-524.5636365851406,0.0,0.0,"component_0_mean=-0.27061055,weight=0.79191277;component_1_mean=0.46011999,weight=0.12636912;component_2_mean=1.6450061,weight=0.06483454;component_3_mean=2.3693098,weight=0.016614588;component_4_mean=37.684235,weight=0.00026898958"
interference,container,docker_cpu3-interf_io-run8,cap_2500us,100001,94744,0.9474305256947431,66522,28222,33,18,13.314167165637066,0.0013780331467548802,,gaussian_hmm,5,15966.265411990375,8557.053878068791,28222,34,-31554.951032014735,0.30320508390861,-15664.543494671132,150.8452523625645,0.8582523340918405,state_0_mean=-0.26691332;state_1_mean=0.44555029;state_2_mean=1.374131;state_3_mean=1.6567169;state_4_mean=3.8894887
interference,container,docker_cpu3-interf_io-run8,cap_2000us,100001,94744,0.9474305256947431,66522,28222,33,18,13.314167165637066,0.0013780331467548802,,iid_gaussian,1,-94390.12910584123,-29907.993088650102,28222,2,188802.46878768047,-1.0597403829866807,-29907.993088650102,0.0,0.0,mean=1.7449277e-12;sd=1
interference,container,docker_cpu3-interf_io-run8,cap_2000us,100001,94744,0.9474305256947431,66522,28222,33,18,13.314167165637066,0.0013780331467548802,,ar1_gaussian,1,,-29030.0716915438,28204,3,,-1.029289167903269,,,,intercept=-6.9694288e-05;phi=0.25085638;sd=0.96786465
interference,container,docker_cpu3-interf_io-run8,cap_2000us,100001,94744,0.9474305256947431,66522,28222,33,18,13.314167165637066,0.0013780331467548802,,gaussian_gmm,2,-19785.456981937954,-4512.408860731529,28222,5,39626.44040387091,-0.1598897619138094,-4512.408860731529,0.0,0.0,"component_0_mean=-0.26607842,weight=0.78637265;component_1_mean=0.9794476,weight=0.21362735"
interference,container,docker_cpu3-interf_io-run8,cap_2000us,100001,94744,0.9474305256947431,66522,28222,33,18,13.314167165637066,0.0013780331467548802,,gaussian_hmm,2,-10311.457435417324,-736.8242095288936,28222,7,20700.65188682765,-0.026108150008110467,-8635.823068073896,131.94872851393117,0.27988799016884003,state_0_mean=-0.2672931;state_1_mean=1.0447294
interference,container,docker_cpu3-interf_io-run8,cap_2000us,100001,94744,0.9474305256947431,66522,28222,33,18,13.314167165637066,0.0013780331467548802,,gaussian_gmm,3,-8596.335618608384,-1785.0726947668709,28222,8,17281.51354120877,-0.06325110533508861,-1785.0726947668709,0.0,0.0,"component_0_mean=-0.26855843,weight=0.78657538;component_1_mean=0.9050605,weight=0.2106894;component_2_mean=7.5148569,weight=0.0027352206"
interference,container,docker_cpu3-interf_io-run8,cap_2000us,100001,94744,0.9474305256947431,66522,28222,33,18,13.314167165637066,0.0013780331467548802,,gaussian_hmm,3,2917.7965710612707,2504.917489213973,28222,14,-5680.119110136536,0.08875761778803674,-6019.653623740495,61.27565992707832,0.302054110727605,state_0_mean=-0.26880239;state_1_mean=0.96265233;state_2_mean=7.3269826
interference,container,docker_cpu3-interf_io-run8,cap_2000us,100001,94744,0.9474305256947431,66522,28222,33,18,13.314167165637066,0.0013780331467548802,,gaussian_gmm,4,-7548.74783564827,-902.8104366483086,28222,11,15219.653839285544,-0.03198959806705083,-902.8104366483086,0.0,0.0,"component_0_mean=-0.27004127,weight=0.79822431;component_1_mean=0.4114818,weight=0.10264695;component_2_mean=1.5617491,weight=0.094979078;component_3_mean=6.0204163,weight=0.0041496567"
interference,container,docker_cpu3-interf_io-run8,cap_2000us,100001,94744,0.9474305256947431,66522,28222,33,18,13.314167165637066,0.0013780331467548802,,gaussian_hmm,4,12442.826935364923,7013.389371691323,28222,23,-24630.232246752836,0.24850787937393956,-16074.107417202762,144.31063845635268,0.818067351317911,state_0_mean=-0.26680359;state_1_mean=0.80517805;state_2_mean=1.6562518;state_3_mean=5.4639004
interference,container,docker_cpu3-interf_io-run8,cap_2000us,100001,94744,0.9474305256947431,66522,28222,33,18,13.314167165637066,0.0013780331467548802,,gaussian_gmm,5,-6532.000124648326,-524.5636365851406,28222,14,13219.474281282659,-0.018587046863622017,-524.5636365851406,0.0,0.0,"component_0_mean=-0.27061055,weight=0.79191277;component_1_mean=0.46011999,weight=0.12636912;component_2_mean=1.6450061,weight=0.06483454;component_3_mean=2.3693098,weight=0.016614588;component_4_mean=37.684235,weight=0.00026898958"
interference,container,docker_cpu3-interf_io-run8,cap_2000us,100001,94744,0.9474305256947431,66522,28222,33,18,13.314167165637066,0.0013780331467548802,,gaussian_hmm,5,15966.265411990375,8557.053878068791,28222,34,-31554.951032014735,0.30320508390861,-15632.23443207816,182.9345742242169,0.8571075157730476,state_0_mean=-0.26691332;state_1_mean=0.44555029;state_2_mean=1.374131;state_3_mean=1.6567169;state_4_mean=3.8894887
interference,container,docker_cpu3-interf_io-run8,cap_1500us,100001,94744,0.9474305256947431,66522,28222,33,18,13.314167165637066,0.0013780331467548802,,iid_gaussian,1,-94390.12910584123,-29907.993088650102,28222,2,188802.46878768047,-1.0597403829866807,-29907.993088650102,0.0,0.0,mean=1.7449277e-12;sd=1
interference,container,docker_cpu3-interf_io-run8,cap_1500us,100001,94744,0.9474305256947431,66522,28222,33,18,13.314167165637066,0.0013780331467548802,,ar1_gaussian,1,,-29030.0716915438,28204,3,,-1.029289167903269,,,,intercept=-6.9694288e-05;phi=0.25085638;sd=0.96786465
interference,container,docker_cpu3-interf_io-run8,cap_1500us,100001,94744,0.9474305256947431,66522,28222,33,18,13.314167165637066,0.0013780331467548802,,gaussian_gmm,2,-19785.456981937954,-4512.408860731529,28222,5,39626.44040387091,-0.1598897619138094,-4512.408860731529,0.0,0.0,"component_0_mean=-0.26607842,weight=0.78637265;component_1_mean=0.9794476,weight=0.21362735"
interference,container,docker_cpu3-interf_io-run8,cap_1500us,100001,94744,0.9474305256947431,66522,28222,33,18,13.314167165637066,0.0013780331467548802,,gaussian_hmm,2,-10311.457435417324,-736.8242095288936,28222,7,20700.65188682765,-0.026108150008110467,-8761.72821716679,195.08314823854354,0.2843492313669441,state_0_mean=-0.2672931;state_1_mean=1.0447294
interference,container,docker_cpu3-interf_io-run8,cap_1500us,100001,94744,0.9474305256947431,66522,28222,33,18,13.314167165637066,0.0013780331467548802,,gaussian_gmm,3,-8596.335618608384,-1785.0726947668709,28222,8,17281.51354120877,-0.06325110533508861,-1785.0726947668709,0.0,0.0,"component_0_mean=-0.26855843,weight=0.78657538;component_1_mean=0.9050605,weight=0.2106894;component_2_mean=7.5148569,weight=0.0027352206"
interference,container,docker_cpu3-interf_io-run8,cap_1500us,100001,94744,0.9474305256947431,66522,28222,33,18,13.314167165637066,0.0013780331467548802,,gaussian_hmm,3,2917.7965710612707,2504.917489213973,28222,14,-5680.119110136536,0.08875761778803674,-6010.878969770138,93.55334313322038,0.3017431953434948,state_0_mean=-0.26880239;state_1_mean=0.96265233;state_2_mean=7.3269826
interference,container,docker_cpu3-interf_io-run8,cap_1500us,100001,94744,0.9474305256947431,66522,28222,33,18,13.314167165637066,0.0013780331467548802,,gaussian_gmm,4,-7548.74783564827,-902.8104366483086,28222,11,15219.653839285544,-0.03198959806705083,-902.8104366483086,0.0,0.0,"component_0_mean=-0.27004127,weight=0.79822431;component_1_mean=0.4114818,weight=0.10264695;component_2_mean=1.5617491,weight=0.094979078;component_3_mean=6.0204163,weight=0.0041496567"
interference,container,docker_cpu3-interf_io-run8,cap_1500us,100001,94744,0.9474305256947431,66522,28222,33,18,13.314167165637066,0.0013780331467548802,,gaussian_hmm,4,12442.826935364923,7013.389371691323,28222,23,-24630.232246752836,0.24850787937393956,-16029.58884699568,175.46761411666395,0.8164899092441005,state_0_mean=-0.26680359;state_1_mean=0.80517805;state_2_mean=1.6562518;state_3_mean=5.4639004
interference,container,docker_cpu3-interf_io-run8,cap_1500us,100001,94744,0.9474305256947431,66522,28222,33,18,13.314167165637066,0.0013780331467548802,,gaussian_gmm,5,-6532.000124648326,-524.5636365851406,28222,14,13219.474281282659,-0.018587046863622017,-524.5636365851406,0.0,0.0,"component_0_mean=-0.27061055,weight=0.79191277;component_1_mean=0.46011999,weight=0.12636912;component_2_mean=1.6450061,weight=0.06483454;component_3_mean=2.3693098,weight=0.016614588;component_4_mean=37.684235,weight=0.00026898958"
interference,container,docker_cpu3-interf_io-run8,cap_1500us,100001,94744,0.9474305256947431,66522,28222,33,18,13.314167165637066,0.0013780331467548802,,gaussian_hmm,5,15966.265411990375,8557.053878068791,28222,34,-31554.951032014735,0.30320508390861,-15646.891095033745,184.1202324424642,0.8576268504394635,state_0_mean=-0.26691332;state_1_mean=0.44555029;state_2_mean=1.374131;state_3_mean=1.6567169;state_4_mean=3.8894887
interference,container,docker_cpu3-interf_io-run8,cap_1000us,100001,94744,0.9474305256947431,66522,28222,33,18,13.314167165637066,0.0013780331467548802,,iid_gaussian,1,-94390.12910584123,-29907.993088650102,28222,2,188802.46878768047,-1.0597403829866807,-29907.993088650102,0.0,0.0,mean=1.7449277e-12;sd=1
interference,container,docker_cpu3-interf_io-run8,cap_1000us,100001,94744,0.9474305256947431,66522,28222,33,18,13.314167165637066,0.0013780331467548802,,ar1_gaussian,1,,-29030.0716915438,28204,3,,-1.029289167903269,,,,intercept=-6.9694288e-05;phi=0.25085638;sd=0.96786465
interference,container,docker_cpu3-interf_io-run8,cap_1000us,100001,94744,0.9474305256947431,66522,28222,33,18,13.314167165637066,0.0013780331467548802,,gaussian_gmm,2,-19785.456981937954,-4512.408860731529,28222,5,39626.44040387091,-0.1598897619138094,-4512.408860731529,0.0,0.0,"component_0_mean=-0.26607842,weight=0.78637265;component_1_mean=0.9794476,weight=0.21362735"
interference,container,docker_cpu3-interf_io-run8,cap_1000us,100001,94744,0.9474305256947431,66522,28222,33,18,13.314167165637066,0.0013780331467548802,,gaussian_hmm,2,-10311.457435417324,-736.8242095288936,28222,7,20700.65188682765,-0.026108150008110467,-8637.656379710297,150.47677758362923,0.27995295054147135,state_0_mean=-0.2672931;state_1_mean=1.0447294
interference,container,docker_cpu3-interf_io-run8,cap_1000us,100001,94744,0.9474305256947431,66522,28222,33,18,13.314167165637066,0.0013780331467548802,,gaussian_gmm,3,-8596.335618608384,-1785.0726947668709,28222,8,17281.51354120877,-0.06325110533508861,-1785.0726947668709,0.0,0.0,"component_0_mean=-0.26855843,weight=0.78657538;component_1_mean=0.9050605,weight=0.2106894;component_2_mean=7.5148569,weight=0.0027352206"
interference,container,docker_cpu3-interf_io-run8,cap_1000us,100001,94744,0.9474305256947431,66522,28222,33,18,13.314167165637066,0.0013780331467548802,,gaussian_hmm,3,2917.7965710612707,2504.917489213973,28222,14,-5680.119110136536,0.08875761778803674,-6014.378712388148,77.88739194196204,0.30186720294812985,state_0_mean=-0.26880239;state_1_mean=0.96265233;state_2_mean=7.3269826
interference,container,docker_cpu3-interf_io-run8,cap_1000us,100001,94744,0.9474305256947431,66522,28222,33,18,13.314167165637066,0.0013780331467548802,,gaussian_gmm,4,-7548.74783564827,-902.8104366483086,28222,11,15219.653839285544,-0.03198959806705083,-902.8104366483086,0.0,0.0,"component_0_mean=-0.27004127,weight=0.79822431;component_1_mean=0.4114818,weight=0.10264695;component_2_mean=1.5617491,weight=0.094979078;component_3_mean=6.0204163,weight=0.0041496567"
interference,container,docker_cpu3-interf_io-run8,cap_1000us,100001,94744,0.9474305256947431,66522,28222,33,18,13.314167165637066,0.0013780331467548802,,gaussian_hmm,4,12442.826935364923,7013.389371691323,28222,23,-24630.232246752836,0.24850787937393956,-16064.90860881072,144.87188939636857,0.8177414067217789,state_0_mean=-0.26680359;state_1_mean=0.80517805;state_2_mean=1.6562518;state_3_mean=5.4639004
interference,container,docker_cpu3-interf_io-run8,cap_1000us,100001,94744,0.9474305256947431,66522,28222,33,18,13.314167165637066,0.0013780331467548802,,gaussian_gmm,5,-6532.000124648326,-524.5636365851406,28222,14,13219.474281282659,-0.018587046863622017,-524.5636365851406,0.0,0.0,"component_0_mean=-0.27061055,weight=0.79191277;component_1_mean=0.46011999,weight=0.12636912;component_2_mean=1.6450061,weight=0.06483454;component_3_mean=2.3693098,weight=0.016614588;component_4_mean=37.684235,weight=0.00026898958"
interference,container,docker_cpu3-interf_io-run8,cap_1000us,100001,94744,0.9474305256947431,66522,28222,33,18,13.314167165637066,0.0013780331467548802,,gaussian_hmm,5,15966.265411990375,8557.053878068791,28222,34,-31554.951032014735,0.30320508390861,-15671.48912607939,128.35480453876912,0.8584984410795897,state_0_mean=-0.26691332;state_1_mean=0.44555029;state_2_mean=1.374131;state_3_mean=1.6567169;state_4_mean=3.8894887
interference,container,docker_cpu3-interf_io-run8,train_q_0.999,100001,94674,0.946730532694673,66456,28218,96,22,13.314147588322545,0.000858430598375101,,iid_gaussian,1,-94296.47916264972,-35926.83566282399,28218,2,188615.16691600648,-1.2731885910703804,-35926.83566282399,0.0,0.0,mean=-1.1278256e-12;sd=1
interference,container,docker_cpu3-interf_io-run8,train_q_0.999,100001,94674,0.946730532694673,66456,28218,96,22,13.314147588322545,0.000858430598375101,,ar1_gaussian,1,,-35189.30407057627,28196,3,,-1.24802468685545,,,,intercept=-0.0014356021;phi=0.40641504;sd=0.91093284
interference,container,docker_cpu3-interf_io-run8,train_q_0.999,100001,94674,0.946730532694673,66456,28218,96,22,13.314147588322545,0.000858430598375101,,gaussian_gmm,2,-39382.23813825549,-15118.071551469373,28218,5,78819.99775327857,-0.5357598536915931,-15118.071551469373,0.0,0.0,"component_0_mean=-0.4081233,weight=0.78594444;component_1_mean=1.4985,weight=0.21405556"
interference,container,docker_cpu3-interf_io-run8,train_q_0.999,100001,94674,0.946730532694673,66456,28218,96,22,13.314147588322545,0.000858430598375101,,gaussian_hmm,2,-28035.301982333065,-10834.452633970539,28218,7,56148.33403214076,-0.3839553701173201,-19291.803841608875,95.53067730719113,0.2997147638967445,state_0_mean=-0.40866021;state_1_mean=1.5984119
interference,container,docker_cpu3-interf_io-run8,train_q_0.999,100001,94674,0.946730532694673,66456,28218,96,22,13.314147588322545,0.000858430598375101,,gaussian_gmm,3,-38546.84027072425,-14261.626814678768,28218,8,77182.51490427666,-0.50540884593801,-14261.626814678768,0.0,0.0,"component_0_mean=-0.4110515,weight=0.79706817;component_1_mean=0.63904145,weight=0.087125925;component_2_mean=2.3484034,weight=0.11580591"
interference,container,docker_cpu3-interf_io-run8,train_q_0.999,100001,94674,0.946730532694673,66456,28218,96,22,13.314147588322545,0.000858430598375101,,gaussian_hmm,3,-18833.066093368496,-6617.791493180866,28218,14,37821.59232168626,-0.23452376118721618,-28377.682021332548,98.39568323328474,0.7711351097934539,state_0_mean=-0.40565147;state_1_mean=1.4064383;state_2_mean=2.6814643
interference,container,docker_cpu3-interf_io-run8,train_q_0.999,100001,94674,0.946730532694673,66456,28218,96,22,13.314147588322545,0.000858430598375101,,gaussian_gmm,4,-37260.98095084857,-13761.954822423735,28218,11,74644.10915058585,-0.4877012836637513,-13761.954822423735,0.0,0.0,"component_0_mean=-0.41167083,weight=0.79211755;component_1_mean=0.76597343,weight=0.12908498;component_2_mean=2.6622143,weight=0.061653867;component_3_mean=3.6795191,weight=0.017143604"
interference,container,docker_cpu3-interf_io-run8,train_q_0.999,100001,94674,0.946730532694673,66456,28218,96,22,13.314147588322545,0.000858430598375101,,gaussian_hmm,4,-15077.892256256508,-4665.444464843659,28218,23,30411.18330564395,-0.1653357596159777,-28976.308288454697,207.9480494295154,0.8615374521089744,state_0_mean=-0.4055865;state_1_mean=0.73281828;state_2_mean=2.4755779;state_3_mean=2.6814345
interference,container,docker_cpu3-interf_io-run8,train_q_0.999,100001,94674,0.946730532694673,66456,28218,96,22,13.314147588322545,0.000858430598375101,,gaussian_gmm,5,-37266.158226724234,-13755.015458059233,28218,14,74687.77658839773,-0.48745536388330973,-13755.015458059233,0.0,0.0,"component_0_mean=-0.48028485,weight=0.50994755;component_1_mean=-0.28740269,weight=0.27929523;component_2_mean=0.74893105,weight=0.13224833;component_3_mean=2.6655193,weight=0.060136155;component_4_mean=3.5841866,weight=0.018372737"
interference,container,docker_cpu3-interf_io-run8,train_q_0.999,100001,94674,0.946730532694673,66456,28218,96,22,13.314147588322545,0.000858430598375101,,gaussian_hmm,5,-13374.126741932176,-3909.8054764349577,28218,34,27125.799525883995,-0.1385571435408235,-29878.350393904548,161.12989987263603,0.920282972481026,state_0_mean=-0.40856097;state_1_mean=-0.40188338;state_2_mean=0.73398163;state_3_mean=2.4663325;state_4_mean=2.6818829
interference,container,docker_cpu3-interf_io-run8,train_q_0.9995,100001,94708,0.947070529294707,66488,28220,64,20,13.314151041787023,0.0008725727428629316,,iid_gaussian,1,-94341.88519571227,-35683.59677321276,28220,2,188705.979944943,-1.2644789784979718,-35683.59677321276,0.0,0.0,mean=1.1263423e-12;sd=1
interference,container,docker_cpu3-interf_io-run8,train_q_0.9995,100001,94708,0.947070529294707,66488,28220,64,20,13.314151041787023,0.0008725727428629316,,ar1_gaussian,1,,-34900.67026111958,28200,3,,-1.2376124206070773,,,,intercept=-0.00073470127;phi=0.40967036;sd=0.91078138
interference,container,docker_cpu3-interf_io-run8,train_q_0.9995,100001,94708,0.947070529294707,66488,28220,64,20,13.314151041787023,0.0008725727428629316,,gaussian_gmm,2,-38817.48630267038,-14730.433359692615,28220,5,77690.49648913693,-0.5219855903505534,-14730.433359692615,0.0,0.0,"component_0_mean=-0.40538101,weight=0.78471863;component_1_mean=1.4776478,weight=0.21528137"
interference,container,docker_cpu3-interf_io-run8,train_q_0.9995,100001,94708,0.947070529294707,66488,28220,64,20,13.314151041787023,0.0008725727428629316,,gaussian_hmm,2,-27451.399164174785,-10445.133755990717,28220,7,54980.5317656642,-0.3701323088586363,-18953.475601432194,123.88841071498824,0.30150041975341874,state_0_mean=-0.40597192;state_1_mean=1.5804315
interference,container,docker_cpu3-interf_io-run8,train_q_0.9995,100001,94708,0.947070529294707,66488,28220,64,20,13.314151041787023,0.0008725727428629316,,gaussian_gmm,3,-37959.8474741486,-13870.854072517343,28220,8,76008.53316237107,-0.4915256581331447,-13870.854072517343,0.0,0.0,"component_0_mean=-0.40839774,weight=0.79475963;component_1_mean=0.61780989,weight=0.081306372;component_2_mean=2.2136473,weight=0.123934"
interference,container,docker_cpu3-interf_io-run8,train_q_0.9995,100001,94708,0.947070529294707,66488,28220,64,20,13.314151041787023,0.0008725727428629316,,gaussian_hmm,3,-18278.183889664786,-6273.212881570727,28220,14,36711.83465395883,-0.22229670026827525,-27772.616908909684,192.6120941003085,0.7618498946611961,state_0_mean=-0.40304662;state_1_mean=1.400575;state_2_mean=2.6339326
interference,container,docker_cpu3-interf_io-run8,train_q_0.9995,100001,94708,0.947070529294707,66488,28220,64,20,13.314151041787023,0.0008725727428629316,,gaussian_gmm,4,-36487.9847759966,-13357.284873211,28220,11,73098.12209634476,-0.473326891325691,-13357.284873211,0.0,0.0,"component_0_mean=-0.40888751,weight=0.79222606;component_1_mean=0.74845588,weight=0.12734642;component_2_mean=2.6160746,weight=0.063215396;component_3_mean=3.6742695,weight=0.01721212"
interference,container,docker_cpu3-interf_io-run8,train_q_0.9995,100001,94708,0.947070529294707,66488,28220,64,20,13.314151041787023,0.0008725727428629316,,gaussian_hmm,4,-14355.77088041092,-4204.971088915211,28220,23,28966.951626284197,-0.14900677140025553,-28600.47398634234,170.1721756502677,0.864475651928672,state_0_mean=-0.40295759;state_1_mean=0.7219171;state_2_mean=2.4808372;state_3_mean=2.6339387
interference,container,docker_cpu3-interf_io-run8,train_q_0.9995,100001,94708,0.947070529294707,66488,28220,64,20,13.314151041787023,0.0008725727428629316,,gaussian_gmm,5,-36487.985628075825,-13343.256916096347,28220,14,73131.43813078091,-0.4728297985859797,-13343.256916096347,0.0,0.0,"component_0_mean=-0.47669001,weight=0.50651954;component_1_mean=-0.28841091,weight=0.28250152;component_2_mean=0.73146379,weight=0.13079331;component_3_mean=2.6201491,weight=0.061149485;component_4_mean=3.521615,weight=0.01903615"
interference,container,docker_cpu3-interf_io-run8,train_q_0.9995,100001,94708,0.947070529294707,66488,28220,64,20,13.314151041787023,0.0008725727428629316,,gaussian_hmm,5,-13542.400776730803,-3899.134772151986,28220,34,27462.363963275522,-0.13816919816272097,-24527.806440180066,175.60748757195705,0.7309947437288477,state_0_mean=-0.40904295;state_1_mean=-0.038269552;state_2_mean=0.77775934;state_3_mean=2.5126741;state_4_mean=2.6341592
interference,container,docker_cpu3-interf_io-run8,train_q_0.9999,100001,94737,0.947360526394736,66515,28222,40,18,13.314157355281305,0.0009665298042114389,,iid_gaussian,1,-94380.19653610882,-33984.58035901385,28222,2,188782.6034377479,-1.2041875260085697,-33984.58035901385,0.0,0.0,mean=-1.0176933e-12;sd=1
interference,container,docker_cpu3-interf_io-run8,train_q_0.9999,100001,94737,0.947360526394736,66515,28222,40,18,13.314157355281305,0.0009665298042114389,,ar1_gaussian,1,,-32665.927986524875,28204,3,,-1.1582019566914223,,,,intercept=-0.0010209452;phi=0.38966539;sd=0.89749614
interference,container,docker_cpu3-interf_io-run8,train_q_0.9999,100001,94737,0.947360526394736,66515,28222,40,18,13.314157355281305,0.0009665298042114389,,gaussian_gmm,2,-35218.45291592046,-12310.894284755632,28222,5,70492.43174566652,-0.4362162243907459,-12310.894284755632,0.0,0.0,"component_0_mean=-0.37181034,weight=0.77940777;component_1_mean=1.3136993,weight=0.22059223"
interference,container,docker_cpu3-interf_io-run8,train_q_0.9999,100001,94737,0.947360526394736,66515,28222,40,18,13.314157355281305,0.0009665298042114389,,gaussian_hmm,2,-23957.51218075501,-8046.000872941364,28222,7,47992.76064086585,-0.28509676397637884,-16359.50801380425,66.27284221182205,0.29457540715976493,state_0_mean=-0.37285785;state_1_mean=1.4243015
interference,container,docker_cpu3-interf_io-run8,train_q_0.9999,100001,94737,0.947360526394736,66515,28222,40,18,13.314157355281305,0.0009665298042114389,,gaussian_gmm,3,-31902.97008909333,-11761.323648771562,28222,8,63894.78164030761,-0.41674309576825036,-11761.323648771562,0.0,0.0,"component_0_mean=-0.37280655,weight=0.78716298;component_1_mean=1.2886752,weight=0.20861498;component_2_mean=5.8319116,weight=0.0042220378"
interference,container,docker_cpu3-interf_io-run8,train_q_0.9999,100001,94737,0.947360526394736,66515,28222,40,18,13.314157355281305,0.0009665298042114389,,gaussian_hmm,3,-20357.0025145476,-7469.986382853309,28222,14,40869.477587806854,-0.2646866410195347,-16018.80249325863,39.30938424909461,0.3029131922048516,state_0_mean=-0.37309619;state_1_mean=1.3636498;state_2_mean=5.3608798
interference,container,docker_cpu3-interf_io-run8,train_q_0.9999,100001,94737,0.947360526394736,66515,28222,40,18,13.314157355281305,0.0009665298042114389,,gaussian_gmm,4,-30612.283234454633,-10773.952438011536,28222,11,61346.72347932556,-0.3817572262069143,-10773.952438011536,0.0,0.0,"component_0_mean=-0.37508543,weight=0.79616029;component_1_mean=0.64564427,weight=0.11572009;component_2_mean=2.3347505,weight=0.079902361;component_3_mean=4.5467713,weight=0.0082172664"
interference,container,docker_cpu3-interf_io-run8,train_q_0.9999,100001,94737,0.947360526394736,66515,28222,40,18,13.314157355281305,0.0009665298042114389,,gaussian_hmm,4,-9514.670454558564,-1352.5837795961604,28222,23,19284.76011271484,-0.04792657428942529,-25823.663614191646,163.6562174263835,0.8670923334489223,state_0_mean=-0.37025951;state_1_mean=0.69098569;state_2_mean=2.3713815;state_3_mean=2.4200297
interference,container,docker_cpu3-interf_io-run8,train_q_0.9999,100001,94737,0.947360526394736,66515,28222,40,18,13.314157355281305,0.0009665298042114389,,gaussian_gmm,5,-30021.950659481274,-10527.857313026052,28222,14,60199.3738776742,-0.37303725154227385,-10527.857313026052,0.0,0.0,"component_0_mean=-0.37559103,weight=0.79241395;component_1_mean=0.66919135,weight=0.12593287;component_2_mean=2.3551248,weight=0.064588301;component_3_mean=3.3592349,weight=0.016865732;component_4_mean=23.002507,weight=0.00019914893"
interference,container,docker_cpu3-interf_io-run8,train_q_0.9999,100001,94737,0.947360526394736,66515,28222,40,18,13.314157355281305,0.0009665298042114389,,gaussian_hmm,5,-6903.8718529474445,-1197.91364556106,28222,34,14185.319919908901,-0.04244609331589044,-25584.603778601704,161.70414849139425,0.8641021236283978,state_0_mean=-0.37035352;state_1_mean=0.64439129;state_2_mean=1.9601128;state_3_mean=2.3712542;state_4_mean=4.1336307
interference,container,docker_cpu3-interf_io-run5,base_stable,100001,97630,0.9762902370976291,68345,29285,40,15,13.314162233452633,0.005720981926400301,,iid_gaussian,1,-96976.85405187335,-27500.14303162034,29285,2,193975.97275111987,-0.9390521779621083,-27500.14303162034,0.0,0.0,mean=9.9422545e-14;sd=1
interference,container,docker_cpu3-interf_io-run5,base_stable,100001,97630,0.9762902370976291,68345,29285,40,15,13.314162233452633,0.005720981926400301,,ar1_gaussian,1,,-27484.14706363599,29270,3,,-0.9389869171040653,,,,intercept=-5.1837683e-06;phi=0.014790734;sd=1.000171
interference,container,docker_cpu3-interf_io-run5,base_stable,100001,97630,0.9762902370976291,68345,29285,40,15,13.314162233452633,0.005720981926400301,,gaussian_gmm,2,57027.456405335695,31577.696567989777,29285,5,-113999.25119223846,1.0782891093730502,31577.696567989777,0.0,0.0,"component_0_mean=-0.056949637,weight=0.84250649;component_1_mean=0.30465026,weight=0.15749351"
interference,container,docker_cpu3-interf_io-run5,base_stable,100001,97630,0.9762902370976291,68345,29285,40,15,13.314162233452633,0.005720981926400301,,gaussian_hmm,2,-17214.528293058458,1202.205733087191,29285,7,34506.98285192302,0.04105192873782452,1202.2057330872042,3.545903626199744e-11,-4.503217748235431e-16,state_0_mean=-0.0036351539;state_1_mean=248.44096
interference,container,docker_cpu3-interf_io-run5,base_stable,100001,97630,0.9762902370976291,68345,29285,40,15,13.314162233452633,0.005720981926400301,,gaussian_gmm,3,71496.13174861783,36137.807451678294,29285,8,-142903.20490774297,1.234004010642933,36137.807451678294,0.0,0.0,"component_0_mean=-0.058891402,weight=0.81574931;component_1_mean=0.24102513,weight=0.18423606;component_2_mean=248.44096,weight=1.4631648e-05"
interference,container,docker_cpu3-interf_io-run5,base_stable,100001,97630,0.9762902370976291,68345,29285,40,15,13.314162233452633,0.005720981926400301,,gaussian_hmm,3,81341.85816199536,39382.01891420844,29285,14,-162527.8637923785,1.3447846649891904,32963.43864319431,60.71668998928385,0.21917637940973633,state_0_mean=-0.059689529;state_1_mean=0.24273529;state_2_mean=248.44096
interference,container,docker_cpu3-interf_io-run5,base_stable,100001,97630,0.9762902370976291,68345,29285,40,15,13.314162233452633,0.005720981926400301,,gaussian_gmm,4,88678.02598735804,41132.1653451085,29285,11,-177233.59641416362,1.4045472202529794,41132.1653451085,0.0,0.0,"component_0_mean=-0.060743454,weight=0.79185701;component_1_mean=0.18907997,weight=0.20739871;component_2_mean=7.1954062,weight=0.00072964414;component_3_mean=248.44096,weight=1.4631648e-05"
interference,container,docker_cpu3-interf_io-run5,base_stable,100001,97630,0.9762902370976291,68345,29285,40,15,13.314162233452633,0.005720981926400301,,gaussian_hmm,4,98722.6988326469,44931.464126046456,29285,23,-197189.3542205023,1.534282538024465,32820.5408683046,64.92467141281405,0.41355380767429945,state_0_mean=-0.059844117;state_1_mean=0.16423689;state_2_mean=0.45902747;state_3_mean=248.44096
interference,container,docker_cpu3-interf_io-run5,base_stable,100001,97630,0.9762902370976291,68345,29285,40,15,13.314162233452633,0.005720981926400301,,gaussian_gmm,5,90248.64770230607,41911.34119874864,29285,14,-180341.44287299993,1.4311538739541962,41911.34119874864,0.0,0.0,"component_0_mean=-0.061488296,weight=0.79926676;component_1_mean=0.10025449,weight=0.132953;component_2_mean=0.39995939,weight=0.06676888;component_3_mean=5.4944636,weight=0.00099672586;component_4_mean=248.44096,weight=1.4631648e-05"
interference,container,docker_cpu3-interf_io-run5,base_stable,100001,97630,0.9762902370976291,68345,29285,40,15,13.314162233452633,0.005720981926400301,,gaussian_hmm,5,109290.99573473545,49643.81387796608,29285,34,-218203.49246412696,1.6951959664663165,27941.64614835589,122.53663083535156,0.7410677046136313,state_0_mean=-0.059451991;state_1_mean=0.13252821;state_2_mean=0.40420344;state_3_mean=0.90635018;state_4_mean=248.44096
interference,container,docker_cpu3-interf_io-run5,cap_2500us,100001,97629,0.976280237197628,68344,29285,41,15,13.314141436802595,0.0017805682998153249,,iid_gaussian,1,-96975.43511334015,-32979.16081385044,29285,2,193973.13484478995,-1.1261451532815585,-32979.16081385044,0.0,0.0,mean=-9.3212261e-13;sd=1
interference,container,docker_cpu3-interf_io-run5,cap_2500us,100001,97629,0.976280237197628,68344,29285,41,15,13.314141436802595,0.0017805682998153249,,ar1_gaussian,1,,-32134.315616357468,29270,3,,-1.0978584084850518,,,,intercept=-2.8371964e-05;phi=0.15537058;sd=0.98795491
interference,container,docker_cpu3-interf_io-run5,cap_2500us,100001,97629,0.976280237197628,68344,29285,41,15,13.314141436802595,0.0017805682998153249,,gaussian_gmm,2,-8269.25416487072,1957.1953218975023,29285,5,16594.169875015596,0.06683268983771563,1957.1953218975023,0.0,0.0,"component_0_mean=-0.17755407,weight=0.81570725;component_1_mean=0.78588083,weight=0.18429275"
interference,container,docker_cpu3-interf_io-run5,cap_2500us,100001,97629,0.976280237197628,68344,29285,41,15,13.314141436802595,0.0017805682998153249,,gaussian_hmm,2,309.7955631065804,5032.20108529399,29285,7,-541.6649628293407,0.1718354476794943,-1268.769324206571,84.23307140081725,0.21516033496672565,state_0_mean=-0.1796547;state_1_mean=0.79582215
interference,container,docker_cpu3-interf_io-run5,cap_2500us,100001,97629,0.976280237197628,68344,29285,41,15,13.314141436802595,0.0017805682998153249,,gaussian_gmm,3,8912.699491851143,6951.248730271096,29285,8,-17736.340511263636,0.23736550214345556,6951.248730271096,0.0,0.0,"component_0_mean=-0.18350675,weight=0.79177897;component_1_mean=0.61891439,weight=0.20749135;component_2_mean=23.12985,weight=0.00072968072"
interference,container,docker_cpu3-interf_io-run5,cap_2500us,100001,97629,0.976280237197628,68344,29285,41,15,13.314141436802595,0.0017805682998153249,,gaussian_hmm,3,18773.74393745694,10177.966081997281,29285,14,-37391.63554814624,0.3475487820384935,3743.8624106909965,78.38216596864282,0.2197064596655723,state_0_mean=-0.18222542;state_1_mean=0.676027;state_2_mean=19.85469
interference,container,docker_cpu3-interf_io-run5,cap_2500us,100001,97629,0.976280237197628,68344,29285,41,15,13.314141436802595,0.0017805682998153249,,gaussian_gmm,4,10483.522892074976,7730.846997488546,29285,11,-20844.590384546806,0.26398658007473264,7730.846997488546,0.0,0.0,"component_0_mean=-0.18590734,weight=0.79916932;component_1_mean=0.33355105,weight=0.13307754;component_2_mean=1.2968728,weight=0.066755676;component_3_mean=17.654491,weight=0.00099746113"
interference,container,docker_cpu3-interf_io-run5,cap_2500us,100001,97629,0.976280237197628,68344,29285,41,15,13.314141436802595,0.0017805682998153249,,gaussian_hmm,4,23617.733805204996,12174.89432606586,29285,23,-46979.42450214887,0.41573823889588046,3336.880204496623,20.939693431272442,0.301793208863556,state_0_mean=-0.18160578;state_1_mean=0.5334853;state_2_mean=1.1101737;state_3_mean=36.654032
interference,container,docker_cpu3-interf_io-run5,cap_2500us,100001,97629,0.976280237197628,68344,29285,41,15,13.314141436802595,0.0017805682998153249,,gaussian_gmm,5,11594.213196734143,8254.53781154646,29285,14,-23032.574066700647,0.28186914159284476,8254.53781154646,0.0,0.0,"component_0_mean=-0.18642724,weight=0.79312222;component_1_mean=0.34788081,weight=0.14985077;component_2_mean=1.3012786,weight=0.045581153;component_3_mean=1.8323505,weight=0.010806809;component_4_mean=25.997854,weight=0.00063904268"
interference,container,docker_cpu3-interf_io-run5,cap_2500us,100001,97629,0.976280237197628,68344,29285,41,15,13.314141436802595,0.0017805682998153249,,gaussian_hmm,5,29580.898410176633,15467.678737160999,29285,34,-58783.298312488994,0.5281775221840874,-6277.947006647832,130.86599853653354,0.7425516730001307,state_0_mean=-0.17934022;state_1_mean=0.43669829;state_2_mean=1.3102805;state_3_mean=2.8046044;state_4_mean=84.864159
interference,container,docker_cpu3-interf_io-run5,cap_2000us,100001,97629,0.976280237197628,68344,29285,41,15,13.314141436802595,0.0017805682998153249,,iid_gaussian,1,-96975.43511334015,-32979.16081385044,29285,2,193973.13484478995,-1.1261451532815585,-32979.16081385044,0.0,0.0,mean=-9.3212261e-13;sd=1
interference,container,docker_cpu3-interf_io-run5,cap_2000us,100001,97629,0.976280237197628,68344,29285,41,15,13.314141436802595,0.0017805682998153249,,ar1_gaussian,1,,-32134.315616357468,29270,3,,-1.0978584084850518,,,,intercept=-2.8371964e-05;phi=0.15537058;sd=0.98795491
interference,container,docker_cpu3-interf_io-run5,cap_2000us,100001,97629,0.976280237197628,68344,29285,41,15,13.314141436802595,0.0017805682998153249,,gaussian_gmm,2,-8269.25416487072,1957.1953218975023,29285,5,16594.169875015596,0.06683268983771563,1957.1953218975023,0.0,0.0,"component_0_mean=-0.17755407,weight=0.81570725;component_1_mean=0.78588083,weight=0.18429275"
interference,container,docker_cpu3-interf_io-run5,cap_2000us,100001,97629,0.976280237197628,68344,29285,41,15,13.314141436802595,0.0017805682998153249,,gaussian_hmm,2,309.7955631065804,5032.20108529399,29285,7,-541.6649628293407,0.1718354476794943,-1206.2072818114164,122.91290989435097,0.2130240179991602,state_0_mean=-0.1796547;state_1_mean=0.79582215
interference,container,docker_cpu3-interf_io-run5,cap_2000us,100001,97629,0.976280237197628,68344,29285,41,15,13.314141436802595,0.0017805682998153249,,gaussian_gmm,3,8912.699491851143,6951.248730271096,29285,8,-17736.340511263636,0.23736550214345556,6951.248730271096,0.0,0.0,"component_0_mean=-0.18350675,weight=0.79177897;component_1_mean=0.61891439,weight=0.20749135;component_2_mean=23.12985,weight=0.00072968072"
interference,container,docker_cpu3-interf_io-run5,cap_2000us,100001,97629,0.976280237197628,68344,29285,41,15,13.314141436802595,0.0017805682998153249,,gaussian_hmm,3,18773.74393745694,10177.966081997281,29285,14,-37391.63554814624,0.3475487820384935,3754.4483355403804,65.19236575079908,0.21934498024438792,state_0_mean=-0.18222542;state_1_mean=0.676027;state_2_mean=19.85469
interference,container,docker_cpu3-interf_io-run5,cap_2000us,100001,97629,0.976280237197628,68344,29285,41,15,13.314141436802595,0.0017805682998153249,,gaussian_gmm,4,10483.522892074976,7730.846997488546,29285,11,-20844.590384546806,0.26398658007473264,7730.846997488546,0.0,0.0,"component_0_mean=-0.18590734,weight=0.79916932;component_1_mean=0.33355105,weight=0.13307754;component_2_mean=1.2968728,weight=0.066755676;component_3_mean=17.654491,weight=0.00099746113"
interference,container,docker_cpu3-interf_io-run5,cap_2000us,100001,97629,0.976280237197628,68344,29285,41,15,13.314141436802595,0.0017805682998153249,,gaussian_hmm,4,23617.733805204996,12174.89432606586,29285,23,-46979.42450214887,0.41573823889588046,3360.6088750445733,18.43688317513189,0.3009829418139418,state_0_mean=-0.18160578;state_1_mean=0.5334853;state_2_mean=1.1101737;state_3_mean=36.654032
interference,container,docker_cpu3-interf_io-run5,cap_2000us,100001,97629,0.976280237197628,68344,29285,41,15,13.314141436802595,0.0017805682998153249,,gaussian_gmm,5,11594.213196734143,8254.53781154646,29285,14,-23032.574066700647,0.28186914159284476,8254.53781154646,0.0,0.0,"component_0_mean=-0.18642724,weight=0.79312222;component_1_mean=0.34788081,weight=0.14985077;component_2_mean=1.3012786,weight=0.045581153;component_3_mean=1.8323505,weight=0.010806809;component_4_mean=25.997854,weight=0.00063904268"
interference,container,docker_cpu3-interf_io-run5,cap_2000us,100001,97629,0.976280237197628,68344,29285,41,15,13.314141436802595,0.0017805682998153249,,gaussian_hmm,5,29580.898410176633,15467.678737160999,29285,34,-58783.298312488994,0.5281775221840874,-6149.854665946069,174.06470983284657,0.7381776815129611,state_0_mean=-0.17934022;state_1_mean=0.43669829;state_2_mean=1.3102805;state_3_mean=2.8046044;state_4_mean=84.864159
interference,container,docker_cpu3-interf_io-run5,cap_1500us,100001,97629,0.976280237197628,68344,29285,41,15,13.314141436802595,0.0017805682998153249,,iid_gaussian,1,-96975.43511334015,-32979.16081385044,29285,2,193973.13484478995,-1.1261451532815585,-32979.16081385044,0.0,0.0,mean=-9.3212261e-13;sd=1
interference,container,docker_cpu3-interf_io-run5,cap_1500us,100001,97629,0.976280237197628,68344,29285,41,15,13.314141436802595,0.0017805682998153249,,ar1_gaussian,1,,-32134.315616357468,29270,3,,-1.0978584084850518,,,,intercept=-2.8371964e-05;phi=0.15537058;sd=0.98795491
interference,container,docker_cpu3-interf_io-run5,cap_1500us,100001,97629,0.976280237197628,68344,29285,41,15,13.314141436802595,0.0017805682998153249,,gaussian_gmm,2,-8269.25416487072,1957.1953218975023,29285,5,16594.169875015596,0.06683268983771563,1957.1953218975023,0.0,0.0,"component_0_mean=-0.17755407,weight=0.81570725;component_1_mean=0.78588083,weight=0.18429275"
interference,container,docker_cpu3-interf_io-run5,cap_1500us,100001,97629,0.976280237197628,68344,29285,41,15,13.314141436802595,0.0017805682998153249,,gaussian_hmm,2,309.7955631065804,5032.20108529399,29285,7,-541.6649628293407,0.1718354476794943,-1212.455925379299,76.60158351398083,0.21323739152034452,state_0_mean=-0.1796547;state_1_mean=0.79582215
interference,container,docker_cpu3-interf_io-run5,cap_1500us,100001,97629,0.976280237197628,68344,29285,41,15,13.314141436802595,0.0017805682998153249,,gaussian_gmm,3,8912.699491851143,6951.248730271096,29285,8,-17736.340511263636,0.23736550214345556,6951.248730271096,0.0,0.0,"component_0_mean=-0.18350675,weight=0.79177897;component_1_mean=0.61891439,weight=0.20749135;component_2_mean=23.12985,weight=0.00072968072"
interference,container,docker_cpu3-interf_io-run5,cap_1500us,100001,97629,0.976280237197628,68344,29285,41,15,13.314141436802595,0.0017805682998153249,,gaussian_hmm,3,18773.74393745694,10177.966081997281,29285,14,-37391.63554814624,0.3475487820384935,3767.572653209362,59.342989230171554,0.21889682188109677,state_0_mean=-0.18222542;state_1_mean=0.676027;state_2_mean=19.85469
interference,container,docker_cpu3-interf_io-run5,cap_1500us,100001,97629,0.976280237197628,68344,29285,41,15,13.314141436802595,0.0017805682998153249,,gaussian_gmm,4,10483.522892074976,7730.846997488546,29285,11,-20844.590384546806,0.26398658007473264,7730.846997488546,0.0,0.0,"component_0_mean=-0.18590734,weight=0.79916932;component_1_mean=0.33355105,weight=0.13307754;component_2_mean=1.2968728,weight=0.066755676;component_3_mean=17.654491,weight=0.00099746113"
interference,container,docker_cpu3-interf_io-run5,cap_1500us,100001,97629,0.976280237197628,68344,29285,41,15,13.314141436802595,0.0017805682998153249,,gaussian_hmm,4,23617.733805204996,12174.89432606586,29285,23,-46979.42450214887,0.41573823889588046,3359.334590923503,24.440031532915057,0.3010264550159589,state_0_mean=-0.18160578;state_1_mean=0.5334853;state_2_mean=1.1101737;state_3_mean=36.654032
interference,container,docker_cpu3-interf_io-run5,cap_1500us,100001,97629,0.976280237197628,68344,29285,41,15,13.314141436802595,0.0017805682998153249,,gaussian_gmm,5,11594.213196734143,8254.53781154646,29285,14,-23032.574066700647,0.28186914159284476,8254.53781154646,0.0,0.0,"component_0_mean=-0.18642724,weight=0.79312222;component_1_mean=0.34788081,weight=0.14985077;component_2_mean=1.3012786,weight=0.045581153;component_3_mean=1.8323505,weight=0.010806809;component_4_mean=25.997854,weight=0.00063904268"
interference,container,docker_cpu3-interf_io-run5,cap_1500us,100001,97629,0.976280237197628,68344,29285,41,15,13.314141436802595,0.0017805682998153249,,gaussian_hmm,5,29580.898410176633,15467.678737160999,29285,34,-58783.298312488994,0.5281775221840874,-6196.588529148041,180.16620280234469,0.739773510886428,state_0_mean=-0.17934022;state_1_mean=0.43669829;state_2_mean=1.3102805;state_3_mean=2.8046044;state_4_mean=84.864159
interference,container,docker_cpu3-interf_io-run5,cap_1000us,100001,97629,0.976280237197628,68344,29285,41,15,13.314141436802595,0.0017805682998153249,,iid_gaussian,1,-96975.43511334015,-32979.16081385044,29285,2,193973.13484478995,-1.1261451532815585,-32979.16081385044,0.0,0.0,mean=-9.3212261e-13;sd=1
interference,container,docker_cpu3-interf_io-run5,cap_1000us,100001,97629,0.976280237197628,68344,29285,41,15,13.314141436802595,0.0017805682998153249,,ar1_gaussian,1,,-32134.315616357468,29270,3,,-1.0978584084850518,,,,intercept=-2.8371964e-05;phi=0.15537058;sd=0.98795491
interference,container,docker_cpu3-interf_io-run5,cap_1000us,100001,97629,0.976280237197628,68344,29285,41,15,13.314141436802595,0.0017805682998153249,,gaussian_gmm,2,-8269.25416487072,1957.1953218975023,29285,5,16594.169875015596,0.06683268983771563,1957.1953218975023,0.0,0.0,"component_0_mean=-0.17755407,weight=0.81570725;component_1_mean=0.78588083,weight=0.18429275"
interference,container,docker_cpu3-interf_io-run5,cap_1000us,100001,97629,0.976280237197628,68344,29285,41,15,13.314141436802595,0.0017805682998153249,,gaussian_hmm,2,309.7955631065804,5032.20108529399,29285,7,-541.6649628293407,0.1718354476794943,-1278.582343529591,110.73864853283786,0.21549542184816736,state_0_mean=-0.1796547;state_1_mean=0.79582215
interference,container,docker_cpu3-interf_io-run5,cap_1000us,100001,97629,0.976280237197628,68344,29285,41,15,13.314141436802595,0.0017805682998153249,,gaussian_gmm,3,8912.699491851143,6951.248730271096,29285,8,-17736.340511263636,0.23736550214345556,6951.248730271096,0.0,0.0,"component_0_mean=-0.18350675,weight=0.79177897;component_1_mean=0.61891439,weight=0.20749135;component_2_mean=23.12985,weight=0.00072968072"
interference,container,docker_cpu3-interf_io-run5,cap_1000us,100001,97629,0.976280237197628,68344,29285,41,15,13.314141436802595,0.0017805682998153249,,gaussian_hmm,3,18773.74393745694,10177.966081997281,29285,14,-37391.63554814624,0.3475487820384935,3794.0210095466437,92.40988481841035,0.21799368524673512,state_0_mean=-0.18222542;state_1_mean=0.676027;state_2_mean=19.85469
interference,container,docker_cpu3-interf_io-run5,cap_1000us,100001,97629,0.976280237197628,68344,29285,41,15,13.314141436802595,0.0017805682998153249,,gaussian_gmm,4,10483.522892074976,7730.846997488546,29285,11,-20844.590384546806,0.26398658007473264,7730.846997488546,0.0,0.0,"component_0_mean=-0.18590734,weight=0.79916932;component_1_mean=0.33355105,weight=0.13307754;component_2_mean=1.2968728,weight=0.066755676;component_3_mean=17.654491,weight=0.00099746113"
interference,container,docker_cpu3-interf_io-run5,cap_1000us,100001,97629,0.976280237197628,68344,29285,41,15,13.314141436802595,0.0017805682998153249,,gaussian_hmm,4,23617.733805204996,12174.89432606586,29285,23,-46979.42450214887,0.41573823889588046,3347.0933840515354,30.61661500743737,0.30144445764091937,state_0_mean=-0.18160578;state_1_mean=0.5334853;state_2_mean=1.1101737;state_3_mean=36.654032
interference,container,docker_cpu3-interf_io-run5,cap_1000us,100001,97629,0.976280237197628,68344,29285,41,15,13.314141436802595,0.0017805682998153249,,gaussian_gmm,5,11594.213196734143,8254.53781154646,29285,14,-23032.574066700647,0.28186914159284476,8254.53781154646,0.0,0.0,"component_0_mean=-0.18642724,weight=0.79312222;component_1_mean=0.34788081,weight=0.14985077;component_2_mean=1.3012786,weight=0.045581153;component_3_mean=1.8323505,weight=0.010806809;component_4_mean=25.997854,weight=0.00063904268"
interference,container,docker_cpu3-interf_io-run5,cap_1000us,100001,97629,0.976280237197628,68344,29285,41,15,13.314141436802595,0.0017805682998153249,,gaussian_hmm,5,29580.898410176633,15467.678737160999,29285,34,-58783.298312488994,0.5281775221840874,-6157.192841387341,182.2420774762311,0.7384282594689547,state_0_mean=-0.17934022;state_1_mean=0.43669829;state_2_mean=1.3102805;state_3_mean=2.8046044;state_4_mean=84.864159
interference,container,docker_cpu3-interf_io-run5,train_q_0.999,100001,97551,0.9755002449975501,68276,29275,102,21,13.314109923480276,0.0007503774223484381,,iid_gaussian,1,-96878.94729308224,-39333.746754288695,29275,2,193780.15721335023,-1.3435951068928675,-39333.746754288695,0.0,0.0,mean=2.2094203e-12;sd=1
interference,container,docker_cpu3-interf_io-run5,train_q_0.999,100001,97551,0.9755002449975501,68276,29275,102,21,13.314109923480276,0.0007503774223484381,,ar1_gaussian,1,,-38922.546540948344,29254,3,,-1.3305034026440263,,,,intercept=-0.0015940879;phi=0.28019493;sd=0.95665319
interference,container,docker_cpu3-interf_io-run5,train_q_0.999,100001,97551,0.9755002449975501,68276,29275,102,21,13.314109923480276,0.0007503774223484381,,gaussian_gmm,2,-49285.373555972954,-18215.07910593156,29275,5,98626.40367991033,-0.6222059472564153,-18215.07910593156,0.0,0.0,"component_0_mean=-0.39348099,weight=0.79286501;component_1_mean=1.5061545,weight=0.20713499"
interference,container,docker_cpu3-interf_io-run5,train_q_0.999,100001,97551,0.9755002449975501,68276,29275,102,21,13.314109923480276,0.0007503774223484381,,gaussian_hmm,2,-39526.72207117935,-15019.774746907326,29275,7,79131.36333750888,-0.5130580613802673,-21405.89254469692,76.51745011262099,0.21814236713201002,state_0_mean=-0.39044227;state_1_mean=1.6408311
interference,container,docker_cpu3-interf_io-run5,train_q_0.999,100001,97551,0.9755002449975501,68276,29275,102,21,13.314109923480276,0.0007503774223484381,,gaussian_gmm,3,-47678.35932809028,-17400.27481118527,29275,8,95445.76916492364,-0.5943731788620076,-17400.27481118527,0.0,0.0,"component_0_mean=-0.39788439,weight=0.80276896;component_1_mean=0.8689548,weight=0.13328274;component_2_mean=3.1837055,weight=0.063948303"
interference,container,docker_cpu3-interf_io-run5,train_q_0.999,100001,97551,0.9755002449975501,68276,29275,102,21,13.314109923480276,0.0007503774223484381,,gaussian_hmm,3,-29265.389390889104,-10383.963517676817,29275,14,58686.617172078586,-0.3547041338232901,-30453.431246644537,101.69021889133366,0.6855497089314336,state_0_mean=-0.38385698;state_1_mean=1.3280061;state_2_mean=3.1503663
interference,container,docker_cpu3-interf_io-run5,train_q_0.999,100001,97551,0.9755002449975501,68276,29275,102,21,13.314109923480276,0.0007503774223484381,,gaussian_gmm,4,-46635.9017817013,-16908.225812270015,29275,11,93394.24801292433,-0.5775653565250218,-16908.225812270015,0.0,0.0,"component_0_mean=-0.3991264,weight=0.79758761;component_1_mean=0.89339407,weight=0.14645888;component_2_mean=3.1282851,weight=0.046284936;component_3_mean=4.4164041,weight=0.0096685663"
interference,container,docker_cpu3-interf_io-run5,train_q_0.999,100001,97551,0.9755002449975501,68276,29275,102,21,13.314109923480276,0.0007503774223484381,,gaussian_hmm,4,-28062.98936357942,-9840.820555190241,29275,23,56381.99893979518,-0.33615100103126355,-30762.30679116036,170.5167278630298,0.7146536715959051,state_0_mean=-0.39642331;state_1_mean=-0.3709742;state_2_mean=1.3294328;state_3_mean=3.150961
interference,container,docker_cpu3-interf_io-run5,train_q_0.999,100001,97551,0.9755002449975501,68276,29275,102,21,13.314109923480276,0.0007503774223484381,,gaussian_gmm,5,-46281.79700816817,-16771.53283140117,29275,14,92719.43240663673,-0.5728960830538402,-16771.53283140117,0.0,0.0,"component_0_mean=-0.47671927,weight=0.5644019;component_1_mean=-0.18628872,weight=0.25636554;component_2_mean=1.0434296,weight=0.12285598;component_3_mean=3.1244884,weight=0.046664826;component_4_mean=4.4095011,weight=0.0097117572"
interference,container,docker_cpu3-interf_io-run5,train_q_0.999,100001,97551,0.9755002449975501,68276,29275,102,21,13.314109923480276,0.0007503774223484381,,gaussian_hmm,5,-25154.893078326215,-8905.888996597509,29275,34,50688.25081881049,-0.304214824819727,-29557.613292194488,141.75074652816036,0.7054389170144143,state_0_mean=-0.44794065;state_1_mean=-0.2215005;state_2_mean=0.99036983;state_3_mean=2.9583732;state_4_mean=3.149599
interference,container,docker_cpu3-interf_io-run5,train_q_0.9995,100001,97589,0.975880241197588,68310,29279,70,17,13.314112637929604,0.000760100595547114,,iid_gaussian,1,-96927.1912032112,-39112.321134226135,29279,2,193876.64602931787,-1.3358489406819267,-39112.321134226135,0.0,0.0,mean=1.4787111e-14;sd=1
interference,container,docker_cpu3-interf_io-run5,train_q_0.9995,100001,97589,0.975880241197588,68310,29279,70,17,13.314112637929604,0.000760100595547114,,ar1_gaussian,1,,-38693.14161317858,29262,3,,-1.3222999662763508,,,,intercept=-0.00094216654;phi=0.2873616;sd=0.95536522
interference,container,docker_cpu3-interf_io-run5,train_q_0.9995,100001,97589,0.975880241197588,68310,29279,70,17,13.314112637929604,0.000760100595547114,,gaussian_gmm,2,-48820.19524169559,-17885.20938431869,29279,5,97696.04954062981,-0.6108545163536558,-17885.20938431869,0.0,0.0,"component_0_mean=-0.39189122,weight=0.79203805;component_1_mean=1.4925459,weight=0.20796195"
interference,container,docker_cpu3-interf_io-run5,train_q_0.9995,100001,97589,0.975880241197588,68310,29279,70,17,13.314112637929604,0.000760100595547114,,gaussian_hmm,2,-39029.51698193639,-14681.216015587335,29279,7,78136.95664400686,-0.5014247759686921,-21082.78836433185,65.79138446673288,0.218640402634807,state_0_mean=-0.38897559;state_1_mean=1.6279217
interference,container,docker_cpu3-interf_io-run5,train_q_0.9995,100001,97589,0.975880241197588,68310,29279,70,17,13.314112637929604,0.000760100595547114,,gaussian_gmm,3,-47353.25036135256,-17160.797032336253,29279,8,94795.55521428693,-0.5861128123343097,-17160.797032336253,0.0,0.0,"component_0_mean=-0.39645449,weight=0.80243554;component_1_mean=0.82871079,weight=0.12795151;component_2_mean=3.046766,weight=0.069612952"
interference,container,docker_cpu3-interf_io-run5,train_q_0.9995,100001,97589,0.975880241197588,68310,29279,70,17,13.314112637929604,0.000760100595547114,,gaussian_hmm,3,-28937.055182027798,-10103.56323646935,29279,14,58029.95572432376,-0.34507883590523414,-29955.826940094987,156.28129612774165,0.6780376277750482,state_0_mean=-0.38253921;state_1_mean=1.3278828;state_2_mean=3.1062944
interference,container,docker_cpu3-interf_io-run5,train_q_0.9995,100001,97589,0.975880241197588,68310,29279,70,17,13.314112637929604,0.000760100595547114,,gaussian_gmm,4,-46926.26731788399,-16990.929639531743,29279,11,93974.98456169297,-0.5803111321948067,-16990.929639531743,0.0,0.0,"component_0_mean=-0.46778923,weight=0.59189296;component_1_mean=-0.16138067,weight=0.23602244;component_2_mean=0.99785719,weight=0.10198713;component_3_mean=3.0415079,weight=0.070097472"
interference,container,docker_cpu3-interf_io-run5,train_q_0.9995,100001,97589,0.975880241197588,68310,29279,70,17,13.314112637929604,0.000760100595547114,,gaussian_hmm,4,-25663.061633820893,-8995.605829565426,29279,23,51582.15493093948,-0.30723746813639213,-30708.427607504407,130.39053889829202,0.7415834481348059,state_0_mean=-0.38223211;state_1_mean=0.9741453;state_2_mean=3.0170235;state_3_mean=3.1061459
interference,container,docker_cpu3-interf_io-run5,train_q_0.9995,100001,97589,0.975880241197588,68310,29279,70,17,13.314112637929604,0.000760100595547114,,gaussian_gmm,5,-45742.04547711482,-16439.620313338874,29279,14,91639.93631449781,-0.5614816186802444,-16439.620313338874,0.0,0.0,"component_0_mean=-0.4688615,weight=0.58609092;component_1_mean=-0.17155124,weight=0.236257;component_2_mean=1.0338724,weight=0.11982844;component_3_mean=3.0812528,weight=0.044355971;component_4_mean=4.0665074,weight=0.01346767"
interference,container,docker_cpu3-interf_io-run5,train_q_0.9995,100001,97589,0.975880241197588,68310,29279,70,17,13.314112637929604,0.000760100595547114,,gaussian_hmm,5,-23838.765699707314,-8137.135151406517,29279,34,48056.01298863731,-0.277917112995885,-31674.560535747634,117.91160144304683,0.8039012734157969,state_0_mean=-0.3866157;state_1_mean=-0.37716697;state_2_mean=0.9743919;state_3_mean=3.0036166;state_4_mean=3.1059184
interference,container,docker_cpu3-interf_io-run5,train_q_0.9999,100001,97621,0.97620023799762,68338,29283,47,17,13.314130722781629,0.0013417185926454926,,iid_gaussian,1,-96966.92148214093,-32354.47080526055,29283,2,193956.10740680146,-1.1048892123505294,-32354.47080526055,0.0,0.0,mean=-8.1008984e-13;sd=1
interference,container,docker_cpu3-interf_io-run5,train_q_0.9999,100001,97621,0.97620023799762,68338,29283,47,17,13.314130722781629,0.0013417185926454926,,ar1_gaussian,1,,-30104.390463177035,29266,3,,-1.028647251526585,,,,intercept=-0.00015113364;phi=0.24784925;sd=0.96861888
interference,container,docker_cpu3-interf_io-run5,train_q_0.9999,100001,97621,0.97620023799762,68338,29283,47,17,13.314130722781629,0.0013417185926454926,,gaussian_gmm,2,-23152.647949896804,-4369.631687716601,29283,5,46360.95700609263,-0.14922076589545474,-4369.631687716601,0.0,0.0,"component_0_mean=-0.22988068,weight=0.80515882;component_1_mean=0.94995552,weight=0.19484118"
interference,container,docker_cpu3-interf_io-run5,train_q_0.9999,100001,97621,0.97620023799762,68338,29283,47,17,13.314130722781629,0.0013417185926454926,,gaussian_hmm,2,-15270.56572628661,-64467.08288217201,29283,7,30619.057001391844,-2.2015190684756347,-7591.793239521459,67.26058195958157,-1.942263075595074,state_0_mean=-0.23088881;state_1_mean=0.99617719
interference,container,docker_cpu3-interf_io-run5,train_q_0.9999,100001,97621,0.97620023799762,68338,29283,47,17,13.314130722781629,0.0013417185926454926,,gaussian_gmm,3,-10340.703356037398,-1307.68170805193,29283,8,20770.464482153224,-0.04465668504087457,-1307.68170805193,0.0,0.0,"component_0_mean=-0.23553291,weight=0.79193766;component_1_mean=0.82945368,weight=0.20739383;component_2_mean=21.695676,weight=0.00066851135"
interference,container,docker_cpu3-interf_io-run5,train_q_0.9999,100001,97621,0.97620023799762,68338,29283,47,17,13.314130722781629,0.0013417185926454926,,gaussian_hmm,3,-495.63572526439754,-475.90971613649856,29283,14,1147.1225481660445,-0.016252081963477053,-4499.294454239028,80.92150991720962,0.13739660342528187,state_0_mean=-0.23384297;state_1_mean=0.90520614;state_2_mean=19.700721
interference,container,docker_cpu3-interf_io-run5,train_q_0.9999,100001,97621,0.97620023799762,68338,29283,47,17,13.314130722781629,0.0013417185926454926,,gaussian_gmm,4,-8759.824911756834,-498.8303469742227,29283,11,17642.104257371506,-0.017034810196162372,-498.8303469742227,0.0,0.0,"component_0_mean=-0.23794214,weight=0.80245162;component_1_mean=0.47113024,weight=0.13247377;component_2_mean=1.7587333,weight=0.063958824;component_3_mean=14.37374,weight=0.0011157944"
interference,container,docker_cpu3-interf_io-run5,train_q_0.9999,100001,97621,0.97620023799762,68338,29283,47,17,13.314130722781629,0.0013417185926454926,,gaussian_hmm,4,10511.998673743665,-3695.8027559238844,29283,23,-20767.956258511847,-0.12620984038260713,-14448.430771442294,159.47351211939477,0.3671969407341601,state_0_mean=-0.23001763;state_1_mean=0.58440108;state_2_mean=1.7468383;state_3_mean=3.1281062
interference,container,docker_cpu3-interf_io-run5,train_q_0.9999,100001,97621,0.97620023799762,68338,29283,47,17,13.314130722781629,0.0013417185926454926,,gaussian_gmm,5,-7658.788250442075,-3.6369229567374073,29283,14,15473.427598521399,-0.0001241991242952364,-3.6369229567374073,0.0,0.0,"component_0_mean=-0.23939903,weight=0.79325802;component_1_mean=0.46997758,weight=0.14980801;component_2_mean=1.7345207,weight=0.045316074;component_3_mean=2.4231473,weight=0.011053139;component_4_mean=24.990776,weight=0.00056475812"
interference,container,docker_cpu3-interf_io-run5,train_q_0.9999,100001,97621,0.97620023799762,68338,29283,47,17,13.314130722781629,0.0013417185926454926,,gaussian_hmm,5,12856.73177928543,6066.086129376586,29283,34,-25334.96803573754,0.2071538479451076,-14147.189172463946,77.5419885532958,0.6902733771075549,state_0_mean=-0.23001436;state_1_mean=0.539156;state_2_mean=1.702046;state_3_mean=1.7459572;state_4_mean=38.377681
interference,container,docker_cpu3-interf_io-run9,base_stable,100001,96077,0.960760392396076,67146,28931,37,19,13.309930823850767,0.0008769026225222623,,iid_gaussian,1,-95275.54675056096,-48741.7486718436,28931,2,190573.322750386,-1.6847585175708961,-48741.7486718436,0.0,0.0,mean=4.0311708e-13;sd=1
interference,container,docker_cpu3-interf_io-run9,base_stable,100001,96077,0.960760392396076,67146,28931,37,19,13.309930823850767,0.0008769026225222623,,ar1_gaussian,1,,-48947.21704775361,28912,3,,-1.6929723660678477,,,,intercept=-0.00025114694;phi=0.20306658;sd=0.97705552
interference,container,docker_cpu3-interf_io-run9,base_stable,100001,96077,0.960760392396076,67146,28931,37,19,13.309930823850767,0.0008769026225222623,,gaussian_gmm,2,12295.839319540382,2851.979774724833,28931,5,-24536.105515920535,0.09857867943468367,2851.979774724833,0.0,0.0,"component_0_mean=-0.018965829,weight=0.9959005;component_1_mean=4.6074078,weight=0.0040995023"
interference,container,docker_cpu3-interf_io-run9,base_stable,100001,96077,0.960760392396076,67146,28931,37,19,13.309930823850767,0.0008769026225222623,,gaussian_hmm,2,8692.471919624828,4020.180527470642,28931,7,-17307.141466825335,0.13895753784765968,2563.043099346374,9.074917710912025,0.050365954447626,state_0_mean=-0.018684299;state_1_mean=4.4815663
interference,container,docker_cpu3-interf_io-run9,base_stable,100001,96077,0.960760392396076,67146,28931,37,19,13.309930823850767,0.0008769026225222623,,gaussian_gmm,3,14915.55905177684,4704.137738809818,28931,8,-29742.201106497312,0.1625985185029836,4704.137738809818,0.0,0.0,"component_0_mean=-0.049082969,weight=0.92217145;component_1_mean=0.37084304,weight=0.075583168;component_2_mean=7.67506,weight=0.0022453793"
interference,container,docker_cpu3-interf_io-run9,base_stable,100001,96077,0.960760392396076,67146,28931,37,19,13.309930823850767,0.0008769026225222623,,gaussian_hmm,3,12883.898994160403,4813.021706829749,28931,14,-25612.19324347216,0.16636209280113887,3079.2573824424144,12.839925835244857,0.05992756297353477,state_0_mean=-0.020785271;state_1_mean=1.7079722;state_2_mean=68.841199
interference,container,docker_cpu3-interf_io-run9,base_stable,100001,96077,0.960760392396076,67146,28931,37,19,13.309930823850767,0.0008769026225222623,,gaussian_gmm,4,15329.832710276602,5065.03621087596,28931,11,-30537.404549600695,0.17507297400283295,5065.03621087596,0.0,0.0,"component_0_mean=-0.075716402,weight=0.71623386;component_1_mean=0.12802141,weight=0.27979346;component_2_mean=1.430175,weight=0.0036269293;component_3_mean=38.246676,weight=0.00034575435"
interference,container,docker_cpu3-interf_io-run9,base_stable,100001,96077,0.960760392396076,67146,28931,37,19,13.309930823850767,0.0008769026225222623,,gaussian_hmm,4,21587.358101351416,8746.961413883411,28931,23,-42919.07983616577,0.3023387167357994,2446.3937638288176,21.860241163331555,0.21777911755745027,state_0_mean=-0.054761867;state_1_mean=0.28765562;state_2_mean=1.3343346;state_3_mean=19.120438
interference,container,docker_cpu3-interf_io-run9,base_stable,100001,96077,0.960760392396076,67146,28931,37,19,13.309930823850767,0.0008769026225222623,,gaussian_gmm,5,15333.846296377096,5082.407397272901,28931,14,-30512.087847905546,0.1756734090516367,5082.407397272901,0.0,0.0,"component_0_mean=-0.077428566,weight=0.71277511;component_1_mean=0.12910457,weight=0.28276162;component_2_mean=1.2503167,weight=0.0040271257;component_3_mean=22.266559,weight=0.00039238496;component_4_mean=112.21533,weight=4.3764902e-05"
interference,container,docker_cpu3-interf_io-run9,base_stable,100001,96077,0.960760392396076,67146,28931,37,19,13.309930823850767,0.0008769026225222623,,gaussian_hmm,5,24040.760236017628,9096.596270722957,28931,34,-47703.62323454569,0.31442384538118134,2094.4470833493265,28.18608402507193,0.24202928303113028,state_0_mean=-0.054845382;state_1_mean=0.23263645;state_2_mean=0.3009977;state_3_mean=1.3280457;state_4_mean=43.905999
interference,container,docker_cpu3-interf_io-run9,cap_2500us,100001,96077,0.960760392396076,67146,28931,37,19,13.309930823850767,0.0008769026225222623,,iid_gaussian,1,-95275.54675056096,-48741.7486718436,28931,2,190573.322750386,-1.6847585175708961,-48741.7486718436,0.0,0.0,mean=4.0311708e-13;sd=1
interference,container,docker_cpu3-interf_io-run9,cap_2500us,100001,96077,0.960760392396076,67146,28931,37,19,13.309930823850767,0.0008769026225222623,,ar1_gaussian,1,,-48947.21704775361,28912,3,,-1.6929723660678477,,,,intercept=-0.00025114694;phi=0.20306658;sd=0.97705552
interference,container,docker_cpu3-interf_io-run9,cap_2500us,100001,96077,0.960760392396076,67146,28931,37,19,13.309930823850767,0.0008769026225222623,,gaussian_gmm,2,12295.839319540382,2851.979774724833,28931,5,-24536.105515920535,0.09857867943468367,2851.979774724833,0.0,0.0,"component_0_mean=-0.018965829,weight=0.9959005;component_1_mean=4.6074078,weight=0.0040995023"
interference,container,docker_cpu3-interf_io-run9,cap_2500us,100001,96077,0.960760392396076,67146,28931,37,19,13.309930823850767,0.0008769026225222623,,gaussian_hmm,2,8692.471919624828,4020.180527470642,28931,7,-17307.141466825335,0.13895753784765968,2563.120419682386,8.987806286740444,0.050363281870251846,state_0_mean=-0.018684299;state_1_mean=4.4815663
interference,container,docker_cpu3-interf_io-run9,cap_2500us,100001,96077,0.960760392396076,67146,28931,37,19,13.309930823850767,0.0008769026225222623,,gaussian_gmm,3,14915.55905177684,4704.137738809818,28931,8,-29742.201106497312,0.1625985185029836,4704.137738809818,0.0,0.0,"component_0_mean=-0.049082969,weight=0.92217145;component_1_mean=0.37084304,weight=0.075583168;component_2_mean=7.67506,weight=0.0022453793"
interference,container,docker_cpu3-interf_io-run9,cap_2500us,100001,96077,0.960760392396076,67146,28931,37,19,13.309930823850767,0.0008769026225222623,,gaussian_hmm,3,12883.898994160403,4813.021706829749,28931,14,-25612.19324347216,0.16636209280113887,3074.115611393497,12.846893895627376,0.060105288287174714,state_0_mean=-0.020785271;state_1_mean=1.7079722;state_2_mean=68.841199
interference,container,docker_cpu3-interf_io-run9,cap_2500us,100001,96077,0.960760392396076,67146,28931,37,19,13.309930823850767,0.0008769026225222623,,gaussian_gmm,4,15329.832710276602,5065.03621087596,28931,11,-30537.404549600695,0.17507297400283295,5065.03621087596,0.0,0.0,"component_0_mean=-0.075716402,weight=0.71623386;component_1_mean=0.12802141,weight=0.27979346;component_2_mean=1.430175,weight=0.0036269293;component_3_mean=38.246676,weight=0.00034575435"
interference,container,docker_cpu3-interf_io-run9,cap_2500us,100001,96077,0.960760392396076,67146,28931,37,19,13.309930823850767,0.0008769026225222623,,gaussian_hmm,4,21587.358101351416,8746.961413883411,28931,23,-42919.07983616577,0.3023387167357994,2428.4358168396,28.093581934141707,0.21839983398582183,state_0_mean=-0.054761867;state_1_mean=0.28765562;state_2_mean=1.3343346;state_3_mean=19.120438
interference,container,docker_cpu3-interf_io-run9,cap_2500us,100001,96077,0.960760392396076,67146,28931,37,19,13.309930823850767,0.0008769026225222623,,gaussian_gmm,5,15333.846296377096,5082.407397272901,28931,14,-30512.087847905546,0.1756734090516367,5082.407397272901,0.0,0.0,"component_0_mean=-0.077428566,weight=0.71277511;component_1_mean=0.12910457,weight=0.28276162;component_2_mean=1.2503167,weight=0.0040271257;component_3_mean=22.266559,weight=0.00039238496;component_4_mean=112.21533,weight=4.3764902e-05"
interference,container,docker_cpu3-interf_io-run9,cap_2500us,100001,96077,0.960760392396076,67146,28931,37,19,13.309930823850767,0.0008769026225222623,,gaussian_hmm,5,24040.760236017628,9096.596270722957,28931,34,-47703.62323454569,0.31442384538118134,2111.0233079226446,39.73698803303943,0.2414563258373479,state_0_mean=-0.054845382;state_1_mean=0.23263645;state_2_mean=0.3009977;state_3_mean=1.3280457;state_4_mean=43.905999
interference,container,docker_cpu3-interf_io-run9,cap_2000us,100001,96077,0.960760392396076,67146,28931,37,19,13.309930823850767,0.0008769026225222623,,iid_gaussian,1,-95275.54675056096,-48741.7486718436,28931,2,190573.322750386,-1.6847585175708961,-48741.7486718436,0.0,0.0,mean=4.0311708e-13;sd=1
interference,container,docker_cpu3-interf_io-run9,cap_2000us,100001,96077,0.960760392396076,67146,28931,37,19,13.309930823850767,0.0008769026225222623,,ar1_gaussian,1,,-48947.21704775361,28912,3,,-1.6929723660678477,,,,intercept=-0.00025114694;phi=0.20306658;sd=0.97705552
interference,container,docker_cpu3-interf_io-run9,cap_2000us,100001,96077,0.960760392396076,67146,28931,37,19,13.309930823850767,0.0008769026225222623,,gaussian_gmm,2,12295.839319540382,2851.979774724833,28931,5,-24536.105515920535,0.09857867943468367,2851.979774724833,0.0,0.0,"component_0_mean=-0.018965829,weight=0.9959005;component_1_mean=4.6074078,weight=0.0040995023"
interference,container,docker_cpu3-interf_io-run9,cap_2000us,100001,96077,0.960760392396076,67146,28931,37,19,13.309930823850767,0.0008769026225222623,,gaussian_hmm,2,8692.471919624828,4020.180527470642,28931,7,-17307.141466825335,0.13895753784765968,2561.070620603219,9.011436286939452,0.050434133174360476,state_0_mean=-0.018684299;state_1_mean=4.4815663
interference,container,docker_cpu3-interf_io-run9,cap_2000us,100001,96077,0.960760392396076,67146,28931,37,19,13.309930823850767,0.0008769026225222623,,gaussian_gmm,3,14915.55905177684,4704.137738809818,28931,8,-29742.201106497312,0.1625985185029836,4704.137738809818,0.0,0.0,"component_0_mean=-0.049082969,weight=0.92217145;component_1_mean=0.37084304,weight=0.075583168;component_2_mean=7.67506,weight=0.0022453793"
interference,container,docker_cpu3-interf_io-run9,cap_2000us,100001,96077,0.960760392396076,67146,28931,37,19,13.309930823850767,0.0008769026225222623,,gaussian_hmm,3,12883.898994160403,4813.021706829749,28931,14,-25612.19324347216,0.16636209280113887,3072.32059894859,28.001699283901186,0.06016733289140226,state_0_mean=-0.020785271;state_1_mean=1.7079722;state_2_mean=68.841199
interference,container,docker_cpu3-interf_io-run9,cap_2000us,100001,96077,0.960760392396076,67146,28931,37,19,13.309930823850767,0.0008769026225222623,,gaussian_gmm,4,15329.832710276602,5065.03621087596,28931,11,-30537.404549600695,0.17507297400283295,5065.03621087596,0.0,0.0,"component_0_mean=-0.075716402,weight=0.71623386;component_1_mean=0.12802141,weight=0.27979346;component_2_mean=1.430175,weight=0.0036269293;component_3_mean=38.246676,weight=0.00034575435"
interference,container,docker_cpu3-interf_io-run9,cap_2000us,100001,96077,0.960760392396076,67146,28931,37,19,13.309930823850767,0.0008769026225222623,,gaussian_hmm,4,21587.358101351416,8746.961413883411,28931,23,-42919.07983616577,0.3023387167357994,-6957.2601258561,29773.031463960728,0.5428164093788501,state_0_mean=-0.054761867;state_1_mean=0.28765562;state_2_mean=1.3343346;state_3_mean=19.120438
interference,container,docker_cpu3-interf_io-run9,cap_2000us,100001,96077,0.960760392396076,67146,28931,37,19,13.309930823850767,0.0008769026225222623,,gaussian_gmm,5,15333.846296377096,5082.407397272901,28931,14,-30512.087847905546,0.1756734090516367,5082.407397272901,0.0,0.0,"component_0_mean=-0.077428566,weight=0.71277511;component_1_mean=0.12910457,weight=0.28276162;component_2_mean=1.2503167,weight=0.0040271257;component_3_mean=22.266559,weight=0.00039238496;component_4_mean=112.21533,weight=4.3764902e-05"
interference,container,docker_cpu3-interf_io-run9,cap_2000us,100001,96077,0.960760392396076,67146,28931,37,19,13.309930823850767,0.0008769026225222623,,gaussian_hmm,5,24040.760236017628,9096.596270722957,28931,34,-47703.62323454569,0.31442384538118134,2098.3214686012407,45.67989700305781,0.24189536490690666,state_0_mean=-0.054845382;state_1_mean=0.23263645;state_2_mean=0.3009977;state_3_mean=1.3280457;state_4_mean=43.905999
interference,container,docker_cpu3-interf_io-run9,cap_1500us,100001,96077,0.960760392396076,67146,28931,37,19,13.309930823850767,0.0008769026225222623,,iid_gaussian,1,-95275.54675056096,-48741.7486718436,28931,2,190573.322750386,-1.6847585175708961,-48741.7486718436,0.0,0.0,mean=4.0311708e-13;sd=1
interference,container,docker_cpu3-interf_io-run9,cap_1500us,100001,96077,0.960760392396076,67146,28931,37,19,13.309930823850767,0.0008769026225222623,,ar1_gaussian,1,,-48947.21704775361,28912,3,,-1.6929723660678477,,,,intercept=-0.00025114694;phi=0.20306658;sd=0.97705552
interference,container,docker_cpu3-interf_io-run9,cap_1500us,100001,96077,0.960760392396076,67146,28931,37,19,13.309930823850767,0.0008769026225222623,,gaussian_gmm,2,12295.839319540382,2851.979774724833,28931,5,-24536.105515920535,0.09857867943468367,2851.979774724833,0.0,0.0,"component_0_mean=-0.018965829,weight=0.9959005;component_1_mean=4.6074078,weight=0.0040995023"
interference,container,docker_cpu3-interf_io-run9,cap_1500us,100001,96077,0.960760392396076,67146,28931,37,19,13.309930823850767,0.0008769026225222623,,gaussian_hmm,2,8692.471919624828,4020.180527470642,28931,7,-17307.141466825335,0.13895753784765968,2544.6652042409364,49.89258618820907,0.051001186382416984,state_0_mean=-0.018684299;state_1_mean=4.4815663
interference,container,docker_cpu3-interf_io-run9,cap_1500us,100001,96077,0.960760392396076,67146,28931,37,19,13.309930823850767,0.0008769026225222623,,gaussian_gmm,3,14915.55905177684,4704.137738809818,28931,8,-29742.201106497312,0.1625985185029836,4704.137738809818,0.0,0.0,"component_0_mean=-0.049082969,weight=0.92217145;component_1_mean=0.37084304,weight=0.075583168;component_2_mean=7.67506,weight=0.0022453793"
interference,container,docker_cpu3-interf_io-run9,cap_1500us,100001,96077,0.960760392396076,67146,28931,37,19,13.309930823850767,0.0008769026225222623,,gaussian_hmm,3,12883.898994160403,4813.021706829749,28931,14,-25612.19324347216,0.16636209280113887,3085.5957424822004,15.355138297385095,0.05970847756204585,state_0_mean=-0.020785271;state_1_mean=1.7079722;state_2_mean=68.841199
interference,container,docker_cpu3-interf_io-run9,cap_1500us,100001,96077,0.960760392396076,67146,28931,37,19,13.309930823850767,0.0008769026225222623,,gaussian_gmm,4,15329.832710276602,5065.03621087596,28931,11,-30537.404549600695,0.17507297400283295,5065.03621087596,0.0,0.0,"component_0_mean=-0.075716402,weight=0.71623386;component_1_mean=0.12802141,weight=0.27979346;component_2_mean=1.430175,weight=0.0036269293;component_3_mean=38.246676,weight=0.00034575435"
interference,container,docker_cpu3-interf_io-run9,cap_1500us,100001,96077,0.960760392396076,67146,28931,37,19,13.309930823850767,0.0008769026225222623,,gaussian_hmm,4,21587.358101351416,8746.961413883411,28931,23,-42919.07983616577,0.3023387167357994,2448.9124461687256,22.14086235683557,0.21769205930367722,state_0_mean=-0.054761867;state_1_mean=0.28765562;state_2_mean=1.3343346;state_3_mean=19.120438
interference,container,docker_cpu3-interf_io-run9,cap_1500us,100001,96077,0.960760392396076,67146,28931,37,19,13.309930823850767,0.0008769026225222623,,gaussian_gmm,5,15333.846296377096,5082.407397272901,28931,14,-30512.087847905546,0.1756734090516367,5082.407397272901,0.0,0.0,"component_0_mean=-0.077428566,weight=0.71277511;component_1_mean=0.12910457,weight=0.28276162;component_2_mean=1.2503167,weight=0.0040271257;component_3_mean=22.266559,weight=0.00039238496;component_4_mean=112.21533,weight=4.3764902e-05"
interference,container,docker_cpu3-interf_io-run9,cap_1500us,100001,96077,0.960760392396076,67146,28931,37,19,13.309930823850767,0.0008769026225222623,,gaussian_hmm,5,24040.760236017628,9096.596270722957,28931,34,-47703.62323454569,0.31442384538118134,2102.846603746636,30.15524485646578,0.24173895361295225,state_0_mean=-0.054845382;state_1_mean=0.23263645;state_2_mean=0.3009977;state_3_mean=1.3280457;state_4_mean=43.905999
interference,container,docker_cpu3-interf_io-run9,cap_1000us,100001,96077,0.960760392396076,67146,28931,37,19,13.309930823850767,0.0008769026225222623,,iid_gaussian,1,-95275.54675056096,-48741.7486718436,28931,2,190573.322750386,-1.6847585175708961,-48741.7486718436,0.0,0.0,mean=4.0311708e-13;sd=1
interference,container,docker_cpu3-interf_io-run9,cap_1000us,100001,96077,0.960760392396076,67146,28931,37,19,13.309930823850767,0.0008769026225222623,,ar1_gaussian,1,,-48947.21704775361,28912,3,,-1.6929723660678477,,,,intercept=-0.00025114694;phi=0.20306658;sd=0.97705552
interference,container,docker_cpu3-interf_io-run9,cap_1000us,100001,96077,0.960760392396076,67146,28931,37,19,13.309930823850767,0.0008769026225222623,,gaussian_gmm,2,12295.839319540382,2851.979774724833,28931,5,-24536.105515920535,0.09857867943468367,2851.979774724833,0.0,0.0,"component_0_mean=-0.018965829,weight=0.9959005;component_1_mean=4.6074078,weight=0.0040995023"
interference,container,docker_cpu3-interf_io-run9,cap_1000us,100001,96077,0.960760392396076,67146,28931,37,19,13.309930823850767,0.0008769026225222623,,gaussian_hmm,2,8692.471919624828,4020.180527470642,28931,7,-17307.141466825335,0.13895753784765968,2558.4097083676065,6.205576746899328,0.05052610760440481,state_0_mean=-0.018684299;state_1_mean=4.4815663
interference,container,docker_cpu3-interf_io-run9,cap_1000us,100001,96077,0.960760392396076,67146,28931,37,19,13.309930823850767,0.0008769026225222623,,gaussian_gmm,3,14915.55905177684,4704.137738809818,28931,8,-29742.201106497312,0.1625985185029836,4704.137738809818,0.0,0.0,"component_0_mean=-0.049082969,weight=0.92217145;component_1_mean=0.37084304,weight=0.075583168;component_2_mean=7.67506,weight=0.0022453793"
interference,container,docker_cpu3-interf_io-run9,cap_1000us,100001,96077,0.960760392396076,67146,28931,37,19,13.309930823850767,0.0008769026225222623,,gaussian_hmm,3,12883.898994160403,4813.021706829749,28931,14,-25612.19324347216,0.16636209280113887,3083.5031829554155,16.755863421711002,0.05978080688100423,state_0_mean=-0.020785271;state_1_mean=1.7079722;state_2_mean=68.841199
interference,container,docker_cpu3-interf_io-run9,cap_1000us,100001,96077,0.960760392396076,67146,28931,37,19,13.309930823850767,0.0008769026225222623,,gaussian_gmm,4,15329.832710276602,5065.03621087596,28931,11,-30537.404549600695,0.17507297400283295,5065.03621087596,0.0,0.0,"component_0_mean=-0.075716402,weight=0.71623386;component_1_mean=0.12802141,weight=0.27979346;component_2_mean=1.430175,weight=0.0036269293;component_3_mean=38.246676,weight=0.00034575435"
interference,container,docker_cpu3-interf_io-run9,cap_1000us,100001,96077,0.960760392396076,67146,28931,37,19,13.309930823850767,0.0008769026225222623,,gaussian_hmm,4,21587.358101351416,8746.961413883411,28931,23,-42919.07983616577,0.3023387167357994,2445.540568807358,36.031779132954114,0.21780860824292467,state_0_mean=-0.054761867;state_1_mean=0.28765562;state_2_mean=1.3343346;state_3_mean=19.120438
interference,container,docker_cpu3-interf_io-run9,cap_1000us,100001,96077,0.960760392396076,67146,28931,37,19,13.309930823850767,0.0008769026225222623,,gaussian_gmm,5,15333.846296377096,5082.407397272901,28931,14,-30512.087847905546,0.1756734090516367,5082.407397272901,0.0,0.0,"component_0_mean=-0.077428566,weight=0.71277511;component_1_mean=0.12910457,weight=0.28276162;component_2_mean=1.2503167,weight=0.0040271257;component_3_mean=22.266559,weight=0.00039238496;component_4_mean=112.21533,weight=4.3764902e-05"
interference,container,docker_cpu3-interf_io-run9,cap_1000us,100001,96077,0.960760392396076,67146,28931,37,19,13.309930823850767,0.0008769026225222623,,gaussian_hmm,5,24040.760236017628,9096.596270722957,28931,34,-47703.62323454569,0.31442384538118134,1715.905091254798,1240.5151299886454,0.2551135867916131,state_0_mean=-0.054845382;state_1_mean=0.23263645;state_2_mean=0.3009977;state_3_mean=1.3280457;state_4_mean=43.905999
interference,container,docker_cpu3-interf_io-run9,train_q_0.999,100001,95953,0.959520404795952,67078,28875,98,70,13.30991728461836,0.00017935506313690227,,iid_gaussian,1,-95179.05893030303,-44003.78421231233,28875,2,190380.34508340675,-1.5239405787813793,-44003.78421231233,0.0,0.0,mean=3.8939954e-12;sd=1
interference,container,docker_cpu3-interf_io-run9,train_q_0.999,100001,95953,0.959520404795952,67078,28875,98,70,13.30991728461836,0.00017935506313690227,,ar1_gaussian,1,,-41055.96781331471,28805,3,,-1.4253069888323107,,,,intercept=-0.00071353275;phi=0.32647352;sd=0.94366839
interference,container,docker_cpu3-interf_io-run9,train_q_0.999,100001,95953,0.959520404795952,67078,28875,98,70,13.30991728461836,0.00017935506313690227,,gaussian_gmm,2,-90973.61867512146,-40397.58788842485,28875,5,182002.80540724465,-1.3990506628025923,-40397.58788842485,0.0,0.0,"component_0_mean=-0.218145,weight=0.80001997;component_1_mean=0.87268893,weight=0.19998003"
interference,container,docker_cpu3-interf_io-run9,train_q_0.999,100001,95953,0.959520404795952,67078,28875,98,70,13.30991728461836,0.00017935506313690227,,gaussian_hmm,2,-82892.71723825554,-36917.78702235387,28875,7,165863.22975631352,-1.278538078696238,-44384.72798555413,63.02550398988642,0.25859535803290934,state_0_mean=-0.1949796;state_1_mean=1.5064585
interference,container,docker_cpu3-interf_io-run9,train_q_0.999,100001,95953,0.959520404795952,67078,28875,98,70,13.30991728461836,0.00017935506313690227,,gaussian_gmm,3,-90792.19040006242,-40129.606719289535,28875,8,181673.2896913276,-1.389769929672365,-40129.606719289535,0.0,0.0,"component_0_mean=-0.66400487,weight=0.40959981;component_1_mean=0.25712389,weight=0.45009408;component_2_mean=1.1136103,weight=0.14030611"
interference,container,docker_cpu3-interf_io-run9,train_q_0.999,100001,95953,0.959520404795952,67078,28875,98,70,13.30991728461836,0.00017935506313690227,,gaussian_hmm,3,-81553.10154904787,-35861.37418994546,28875,14,163261.7936577006,-1.241952352898544,-42601.98902452963,34.691478942375255,0.2334412063925252,state_0_mean=-0.19395668;state_1_mean=1.417507;state_2_mean=4.1493667
interference,container,docker_cpu3-interf_io-run9,train_q_0.999,100001,95953,0.959520404795952,67078,28875,98,70,13.30991728461836,0.00017935506313690227,,gaussian_gmm,4,-90609.0759623101,-39948.519334880446,28875,11,181340.40165002403,-1.3834985051040847,-39948.519334880446,0.0,0.0,"component_0_mean=-0.89145785,weight=0.28594845;component_1_mean=-0.07828126,weight=0.40035625;component_2_mean=0.76355086,weight=0.23019982;component_3_mean=1.3232106,weight=0.083495482"
interference,container,docker_cpu3-interf_io-run9,train_q_0.999,100001,95953,0.959520404795952,67078,28875,98,70,13.30991728461836,0.00017935506313690227,,gaussian_hmm,4,-80499.65091830656,-35726.56508404547,28875,23,161254.9148988211,-1.237283639274302,-42346.86757712446,32.244635521705874,0.22927454521485682,state_0_mean=-0.37665253;state_1_mean=-0.022537667;state_2_mean=1.4453327;state_3_mean=4.174582
interference,container,docker_cpu3-interf_io-run9,train_q_0.999,100001,95953,0.959520404795952,67078,28875,98,70,13.30991728461836,0.00017935506313690227,,gaussian_gmm,5,-90363.9819520926,-39889.66333630976,28875,14,180883.55446379003,-1.3814602021232816,-39889.66333630976,0.0,0.0,"component_0_mean=-1.0278843,weight=0.22683539;component_1_mean=-0.32157268,weight=0.34104529;component_2_mean=0.42424129,weight=0.27910342;component_3_mean=1.3716245,weight=0.12964023;component_4_mean=1.9938029,weight=0.023375669"
interference,container,docker_cpu3-interf_io-run9,train_q_0.999,100001,95953,0.959520404795952,67078,28875,98,70,13.30991728461836,0.00017935506313690227,,gaussian_hmm,5,-80403.49420104685,-35640.48371244432,28875,34,161184.85118970549,-1.234302466231838,-42177.51531083769,38.24589955197921,0.22639070470626385,state_0_mean=-0.38320522;state_1_mean=-0.34400063;state_2_mean=0.084682532;state_3_mean=1.4462389;state_4_mean=4.4759407
interference,container,docker_cpu3-interf_io-run9,train_q_0.9995,100001,96020,0.960190398096019,67112,28908,65,41,13.309918529519342,0.0001878643510580042,,iid_gaussian,1,-95227.302840432,-45541.65394202939,28908,2,190476.83391715307,-1.5753996797436485,-45541.65394202939,0.0,0.0,mean=-2.3938743e-12;sd=1
interference,container,docker_cpu3-interf_io-run9,train_q_0.9995,100001,96020,0.960190398096019,67112,28908,65,41,13.309918529519342,0.0001878643510580042,,ar1_gaussian,1,,-43020.35652097224,28867,3,,-1.4902953726044355,,,,intercept=-0.00017220003;phi=0.30914657;sd=0.95071191
interference,container,docker_cpu3-interf_io-run9,train_q_0.9995,100001,96020,0.960190398096019,67112,28908,65,41,13.309918529519342,0.0001878643510580042,,gaussian_gmm,2,-88911.68914348853,-39648.647138954155,28908,5,177878.9488776997,-1.37154583986973,-39648.647138954155,0.0,0.0,"component_0_mean=-0.14682907,weight=0.89314566;component_1_mean=1.2272758,weight=0.10685434"
interference,container,docker_cpu3-interf_io-run9,train_q_0.9995,100001,96020,0.960190398096019,67112,28908,65,41,13.309918529519342,0.0001878643510580042,,gaussian_hmm,2,-81371.21194351799,-36605.72546496081,28908,7,162820.22271404768,-1.2662835708094924,-43785.30172664667,54.519314727454294,0.24835949431596316,state_0_mean=-0.19239365;state_1_mean=1.4737263
interference,container,docker_cpu3-interf_io-run9,train_q_0.9995,100001,96020,0.960190398096019,67112,28908,65,41,13.309918529519342,0.0001878643510580042,,gaussian_gmm,3,-87807.18136325353,-39137.21311894596,28908,8,175703.2756716633,-1.3538540583556788,-39137.21311894596,0.0,0.0,"component_0_mean=-0.36327628,weight=0.54642503;component_1_mean=0.37377392,weight=0.44495811;component_2_mean=3.7356424,weight=0.0086168609"
interference,container,docker_cpu3-interf_io-run9,train_q_0.9995,100001,96020,0.960190398096019,67112,28908,65,41,13.309918529519342,0.0001878643510580042,,gaussian_hmm,3,-78845.35201648861,-34991.32749125044,28908,14,157846.30168700058,-1.210437508345456,-41836.29295429124,30.997263001259416,0.23678447014808346,state_0_mean=-0.19123405;state_1_mean=1.3471009;state_2_mean=4.8580179
interference,container,docker_cpu3-interf_io-run9,train_q_0.9995,100001,96020,0.960190398096019,67112,28908,65,41,13.309918529519342,0.0001878643510580042,,gaussian_gmm,4,-87552.02762386153,-39075.43351847434,28908,11,175226.31054731287,-1.351716947504993,-39075.43351847434,0.0,0.0,"component_0_mean=-0.7995296,weight=0.30126916;component_1_mean=0.033776794,weight=0.4584567;component_2_mean=0.85306791,weight=0.23461804;component_3_mean=4.4630156,weight=0.0056561067"
interference,container,docker_cpu3-interf_io-run9,train_q_0.9995,100001,96020,0.960190398096019,67112,28908,65,41,13.309918529519342,0.0001878643510580042,,gaussian_hmm,4,-77791.03944647593,-34856.05036762344,28908,23,155837.70361027596,-1.205757934399593,-41572.97650084984,33.716524224758864,0.23235526958718716,state_0_mean=-0.36601313;state_1_mean=-0.027970615;state_2_mean=1.3733159;state_3_mean=4.8610933
interference,container,docker_cpu3-interf_io-run9,train_q_0.9995,100001,96020,0.960190398096019,67112,28908,65,41,13.309918529519342,0.0001878643510580042,,gaussian_gmm,5,-87576.13332386031,-39099.88727871212,28908,14,175307.86430174398,-1.3525628642144778,-39099.88727871212,0.0,0.0,"component_0_mean=-0.89146101,weight=0.28822845;component_1_mean=-0.15437098,weight=0.38701769;component_2_mean=0.62302314,weight=0.23460608;component_3_mean=1.7207226,weight=0.084941341;component_4_mean=4.67944,weight=0.0052064405"
interference,container,docker_cpu3-interf_io-run9,train_q_0.9995,100001,96020,0.960190398096019,67112,28908,65,41,13.309918529519342,0.0001878643510580042,,gaussian_hmm,5,-77661.07080153053,-34774.597589303405,28908,34,155700.02161997496,-1.2029402791373809,-41573.022949911465,38.048224299685614,0.23517453163857963,state_0_mean=-0.41949356;state_1_mean=-0.01238242;state_2_mean=0.32199176;state_3_mean=1.373969;state_4_mean=5.2411976
interference,container,docker_cpu3-interf_io-run9,train_q_0.9999,100001,96065,0.960640393596064,67139,28926,43,24,13.309923196150054,0.00039194646802643543,,iid_gaussian,1,-95265.61418082852,-47199.629770272026,28926,2,190553.45740240937,-1.6317371835121353,-47199.629770272026,0.0,0.0,mean=-1.7843241e-12;sd=1
interference,container,docker_cpu3-interf_io-run9,train_q_0.9999,100001,96065,0.960640393596064,67139,28926,43,24,13.309923196150054,0.00039194646802643543,,ar1_gaussian,1,,-50074.660679000415,28902,3,,-1.7325673198740714,,,,intercept=-0.0022396404;phi=0.18636797;sd=0.84841521
interference,container,docker_cpu3-interf_io-run9,train_q_0.9999,100001,96065,0.960640393596064,67139,28926,43,24,13.309923196150054,0.00039194646802643543,,gaussian_gmm,2,-41415.53472729219,-19927.302516511285,28926,5,82886.64205646525,-0.6889062613742406,-19927.302516511285,0.0,0.0,"component_0_mean=-0.024998076,weight=0.99456841;component_1_mean=4.5773536,weight=0.0054315876"
interference,container,docker_cpu3-interf_io-run9,train_q_0.9999,100001,96065,0.960640393596064,67139,28926,43,24,13.309923196150054,0.00039194646802643543,,gaussian_hmm,2,-41012.148318771775,-18337.603038509675,28926,7,82102.09828017675,-0.6339488017185119,-20178.57401221411,15.414712410853463,0.06364416005339266,state_0_mean=-0.028647505;state_1_mean=3.3701
interference,container,docker_cpu3-interf_io-run9,train_q_0.9999,100001,96065,0.960640393596064,67139,28926,43,24,13.309923196150054,0.00039194646802643543,,gaussian_gmm,3,-38911.10678863417,-18555.455202535548,28926,8,77911.12974027771,-0.6414801632626547,-18555.455202535548,0.0,0.0,"component_0_mean=-0.15089924,weight=0.71133769;component_1_mean=0.30523234,weight=0.28605287;component_2_mean=7.6751031,weight=0.0026094415"
interference,container,docker_cpu3-interf_io-run9,train_q_0.9999,100001,96065,0.960640393596064,67139,28926,43,24,13.309923196150054,0.00039194646802643543,,gaussian_hmm,3,-30273.219246528806,-14770.470296286185,28926,14,60702.04177832403,-0.5106295476832671,-22021.937067770785,36.813145528571575,0.25069027074205213,state_0_mean=-0.10274945;state_1_mean=0.6394193;state_2_mean=5.9728699
interference,container,docker_cpu3-interf_io-run9,train_q_0.9999,100001,96065,0.960640393596064,67139,28926,43,24,13.309923196150054,0.00039194646802643543,,gaussian_gmm,4,-38875.24438929961,-18529.411054687986,28926,11,77872.74850273711,-0.6405797916990937,-18529.411054687986,0.0,0.0,"component_0_mean=-0.15651867,weight=0.67995081;component_1_mean=0.27090952,weight=0.31711811;component_2_mean=5.8231684,weight=0.0029012865;component_3_mean=121.52155,weight=2.9788945e-05"
interference,container,docker_cpu3-interf_io-run9,train_q_0.9999,100001,96065,0.960640393596064,67139,28926,43,24,13.309923196150054,0.00039194646802643543,,gaussian_hmm,4,-29967.004521164934,-14163.337846283566,28926,23,60189.64301098183,-0.48964038741214017,-21159.896766969505,36.52034997305678,0.2418778580061515,state_0_mean=-0.10324119;state_1_mean=0.63504041;state_2_mean=3.0449418;state_3_mean=51.437352
interference,container,docker_cpu3-interf_io-run9,train_q_0.9999,100001,96065,0.960640393596064,67139,28926,43,24,13.309923196150054,0.00039194646802643543,,gaussian_gmm,5,-38561.22480345972,-18065.945826445597,28926,14,77278.05289218585,-0.6245573472462697,-18065.945826445597,0.0,0.0,"component_0_mean=-0.34254925,weight=0.41486816;component_1_mean=0.077523966,weight=0.44324027;component_2_mean=0.61916047,weight=0.13701161;component_3_mean=2.425621,weight=0.004414462;component_4_mean=26.231995,weight=0.00046550203"
interference,container,docker_cpu3-interf_io-run9,train_q_0.9999,100001,96065,0.960640393596064,67139,28926,43,24,13.309923196150054,0.00039194646802643543,,gaussian_hmm,5,-29819.711297847032,-13780.266366404152,28926,34,60017.316288483926,-0.476397233160622,-21703.543914178405,26.553935339611872,0.27391542376319755,state_0_mean=-0.10275857;state_1_mean=0.63147905;state_2_mean=2.2278598;state_3_mean=6.5210279;state_4_mean=121.52155
interference,host,host_cpu3-interf_io-run4,base_stable,100001,99222,0.992210077899221,69620,29602,20,17,13.311156662552115,0.008249098962565067,,iid_gaussian,1,-98786.00068170932,-28939.485734338337,29602,2,197594.30297774138,-0.9776192735064637,-28939.485734338337,0.0,0.0,mean=1.7524625e-13;sd=1
interference,host,host_cpu3-interf_io-run4,base_stable,100001,99222,0.992210077899221,69620,29602,20,17,13.311156662552115,0.008249098962565067,,ar1_gaussian,1,,-28924.690093913356,29585,3,,-0.9776809225591805,,,,intercept=-1.1875756e-05;phi=0.0094749476;sd=1.0000863
interference,host,host_cpu3-interf_io-run4,base_stable,100001,99222,0.992210077899221,69620,29602,20,17,13.311156662552115,0.008249098962565067,,gaussian_gmm,2,28935.244904522555,12170.272979914134,29602,5,-57814.73577323828,0.4111300918827827,12170.272979914134,0.0,0.0,"component_0_mean=-0.013256995,weight=0.99874724;component_1_mean=10.569008,weight=0.0012527559"
interference,host,host_cpu3-interf_io-run4,base_stable,100001,99222,0.992210077899221,69620,29602,20,17,13.311156662552115,0.008249098962565067,,gaussian_hmm,2,25373.290351223914,11739.164992973849,29602,7,-50668.52505231827,0.3965666168831109,12114.539566473997,0.0004815480424376122,-0.012680716623881781,state_0_mean=-0.01262962;state_1_mean=12.33317
interference,host,host_cpu3-interf_io-run4,base_stable,100001,99222,0.992210077899221,69620,29602,20,17,13.311156662552115,0.008249098962565067,,gaussian_gmm,3,29049.38206263147,12183.369409611641,29602,8,-58009.55766797202,0.4115725089389785,12183.369409611641,0.0,0.0,"component_0_mean=-0.013351617,weight=0.9985792;component_1_mean=6.0024969,weight=0.0013920687;component_2_mean=173.24097,weight=2.8727377e-05"
interference,host,host_cpu3-interf_io-run4,base_stable,100001,99222,0.992210077899221,69620,29602,20,17,13.311156662552115,0.008249098962565067,,gaussian_hmm,3,29128.530377085128,12202.722820643914,29602,14,-58100.94945391114,0.41222629621795537,12176.493920740184,0.7331661555084125,0.0008860516148817665,state_0_mean=-0.013383809;state_1_mean=5.5296966;state_2_mean=173.24097
interference,host,host_cpu3-interf_io-run4,base_stable,100001,99222,0.992210077899221,69620,29602,20,17,13.311156662552115,0.008249098962565067,,gaussian_gmm,4,54981.53616701336,23082.967901829717,29602,11,-109840.41345525169,0.779777309027421,23082.967901829717,0.0,0.0,"component_0_mean=-0.12016003,weight=0.51379079;component_1_mean=0.10011067,weight=0.48503034;component_2_mean=7.1327497,weight=0.0011501377;component_3_mean=173.24097,weight=2.8727377e-05"
interference,host,host_cpu3-interf_io-run4,base_stable,100001,99222,0.992210077899221,69620,29602,20,17,13.311156662552115,0.008249098962565067,,gaussian_hmm,4,29165.95597839406,12209.564602135673,29602,23,-58075.44339207672,0.41245742186797085,12182.980044586118,0.8135998954921128,0.000898066264088745,state_0_mean=-0.013411377;state_1_mean=4.4860743;state_2_mean=35.238196;state_3_mean=173.24097
interference,host,host_cpu3-interf_io-run4,base_stable,100001,99222,0.992210077899221,69620,29602,20,17,13.311156662552115,0.008249098962565067,,gaussian_gmm,5,55012.2426522278,23085.26819740198,29602,14,-109868.37400419648,0.7798550164651706,23085.26819740198,0.0,0.0,"component_0_mean=-0.12015047,weight=0.51389706;component_1_mean=0.10014474,weight=0.48492193;component_2_mean=6.0290894,weight=0.0011091868;component_3_mean=35.238196,weight=4.3091066e-05;component_4_mean=173.24097,weight=2.8727377e-05"
interference,host,host_cpu3-interf_io-run4,base_stable,100001,99222,0.992210077899221,69620,29602,20,17,13.311156662552115,0.008249098962565067,,gaussian_hmm,5,55314.54143542258,23616.066536789876,29602,34,-110249.95542735873,0.7977861812306559,23191.180366538054,12.348753610277,0.01435329269143377,state_0_mean=-0.12138489;state_1_mean=0.095974957;state_2_mean=5.3482294;state_3_mean=35.238196;state_4_mean=173.24097
interference,host,host_cpu3-interf_io-run4,cap_2500us,100001,99221,0.99220007799922,69619,29602,21,17,13.311135867749813,0.006159775446264359,,iid_gaussian,1,-98784.5817431761,-30315.480647086355,29602,2,197591.46507194734,-1.0241024473713383,-30315.480647086355,0.0,0.0,mean=-3.4387415e-14;sd=1
interference,host,host_cpu3-interf_io-run4,cap_2500us,100001,99221,0.99220007799922,69619,29602,21,17,13.311135867749813,0.006159775446264359,,ar1_gaussian,1,,-30296.512073059144,29585,3,,-1.0240497574128493,,,,intercept=-1.6391438e-05;phi=0.01515204;sd=1.000008
interference,host,host_cpu3-interf_io-run4,cap_2500us,100001,99221,0.99220007799922,69619,29602,21,17,13.311135867749813,0.006159775446264359,,gaussian_gmm,2,8641.01226471431,3530.971255651146,29602,5,-17226.270565440755,0.11928150988619506,3530.971255651146,0.0,0.0,"component_0_mean=-0.014414915,weight=0.99871497;component_1_mean=11.203185,weight=0.0012850267"
interference,host,host_cpu3-interf_io-run4,cap_2500us,100001,99221,0.99220007799922,69619,29602,21,17,13.311135867749813,0.006159775446264359,,gaussian_hmm,2,-50097.058901096476,-19100.225239219166,29602,7,100272.17335177597,-0.6452342827923507,-19100.225239219337,2.820131094469204e-10,5.7761301240899435e-15,state_0_mean=-0.0032891056;state_1_mean=228.98095
interference,host,host_cpu3-interf_io-run4,cap_2500us,100001,99221,0.99220007799922,69619,29602,21,17,13.311135867749813,0.006159775446264359,,gaussian_gmm,3,8737.715291581932,3538.1204294334357,29602,8,-17386.224240783275,0.11952301970925734,3538.1204294334357,0.0,0.0,"component_0_mean=-0.014504448,weight=0.99859352;component_1_mean=8.0417116,weight=0.0013921153;component_2_mean=228.98095,weight=1.4363895e-05"
interference,host,host_cpu3-interf_io-run4,cap_2500us,100001,99221,0.99220007799922,69619,29602,21,17,13.311135867749813,0.006159775446264359,,gaussian_hmm,3,8812.207595275184,3557.521155694139,29602,14,-17468.304091384336,0.12017840536768255,3532.365558756953,2.352185572843459,0.0008497938293759255,state_0_mean=-0.014547551;state_1_mean=7.4085335;state_2_mean=228.98095
interference,host,host_cpu3-interf_io-run4,cap_2500us,100001,99221,0.99220007799922,69619,29602,21,17,13.311135867749813,0.006159775446264359,,gaussian_gmm,4,34668.26475938161,14425.107361227772,29602,11,-69213.8707979899,0.4873017823534819,14425.107361227772,0.0,0.0,"component_0_mean=-0.15744122,weight=0.51462575;component_1_mean=0.13784126,weight=0.48420986;component_2_mean=9.5564497,weight=0.0011500242;component_3_mean=228.98095,weight=1.4363895e-05"
interference,host,host_cpu3-interf_io-run4,cap_2500us,100001,99221,0.99220007799922,69619,29602,21,17,13.311135867749813,0.006159775446264359,,gaussian_hmm,4,8849.63389373394,3564.3555729690474,29602,23,-17442.79955312369,0.12040928224339732,3538.5568301079047,1.9423704584977972,0.0008715202642099429,state_0_mean=-0.014584471;state_1_mean=6.0108865;state_2_mean=47.193954;state_3_mean=228.98095
interference,host,host_cpu3-interf_io-run4,cap_2500us,100001,99221,0.99220007799922,69619,29602,21,17,13.311135867749813,0.006159775446264359,,gaussian_gmm,5,34701.320001593194,14445.192451512223,29602,14,-69246.52890402036,0.4879802868560308,14445.192451512223,0.0,0.0,"component_0_mean=-0.15757106,weight=0.51357454;component_1_mean=0.13733324,weight=0.48525873;component_2_mean=8.0769883,weight=0.0011092754;component_3_mean=47.193954,weight=4.3091685e-05;component_4_mean=228.98095,weight=1.4363895e-05"
interference,host,host_cpu3-interf_io-run4,cap_2500us,100001,99221,0.99220007799922,69619,29602,21,17,13.311135867749813,0.006159775446264359,,gaussian_hmm,5,34996.76745010466,14973.033109609369,29602,34,-69614.4079450918,0.5058115367072957,14537.23611105067,13.982320518906377,0.014721876851520125,state_0_mean=-0.1591956;state_1_mean=0.13184987;state_2_mean=7.1653713;state_3_mean=47.193954;state_4_mean=228.98095
interference,host,host_cpu3-interf_io-run4,cap_2000us,100001,99220,0.992190078099219,69618,29602,22,17,13.311115607598165,0.003060424226006044,,iid_gaussian,1,-98783.1628046429,-39806.03812233414,29602,2,197588.62716615293,-1.3447077265838165,-39806.03812233414,0.0,0.0,mean=-1.605934e-13;sd=1
interference,host,host_cpu3-interf_io-run4,cap_2000us,100001,99220,0.992190078099219,69618,29602,22,17,13.311115607598165,0.003060424226006044,,ar1_gaussian,1,,-39764.45792248409,29585,3,,-1.344074967804093,,,,intercept=-4.9698834e-05;phi=0.055825427;sd=0.99845534
interference,host,host_cpu3-interf_io-run4,cap_2000us,100001,99220,0.992190078099219,69618,29602,22,17,13.311115607598165,0.003060424226006044,,gaussian_gmm,2,-39952.99334288178,-17167.667646750808,29602,5,79961.74057793144,-0.5799495860668471,-17167.667646750808,0.0,0.0,"component_0_mean=-0.022573381,weight=0.99860784;component_1_mean=16.192067,weight=0.0013921605"
interference,host,host_cpu3-interf_io-run4,cap_2000us,100001,99220,0.992190078099219,69618,29602,22,17,13.311115607598165,0.003060424226006044,,gaussian_hmm,2,-39903.9994760041,-17147.193659459743,29602,7,79886.05440104323,-0.5792579440395832,-17172.731949868008,2.022097205265694,0.0008627217893475208,state_0_mean=-0.022594648;state_1_mean=15.049963
interference,host,host_cpu3-interf_io-run4,cap_2000us,100001,99220,0.992190078099219,69618,29602,22,17,13.311115607598165,0.003060424226006044,,gaussian_gmm,3,-14021.632485948785,-6275.518422589259,29602,8,28132.471199366173,-0.2119964334365671,-6275.518422589259,0.0,0.0,"component_0_mean=-0.31035106,weight=0.514304;component_1_mean=0.28374332,weight=0.4845459;component_2_mean=19.240135,weight=0.0011501025"
interference,host,host_cpu3-interf_io-run4,cap_2000us,100001,99220,0.992190078099219,69618,29602,22,17,13.311115607598165,0.003060424226006044,,gaussian_hmm,3,-39836.50731378985,-17141.40382914515,29602,14,79829.12552564975,-0.579062354879574,-17167.00184632544,1.4725366288847794,0.0008647394493712442,state_0_mean=-0.022734473;state_1_mean=12.103953;state_2_mean=94.99481
interference,host,host_cpu3-interf_io-run4,cap_2000us,100001,99220,0.992190078099219,69618,29602,22,17,13.311115607598165,0.003060424226006044,,gaussian_gmm,4,-13989.788170262224,-6264.4907509915665,29602,11,28102.23490329378,-0.21162390213470597,-6264.4907509915665,0.0,0.0,"component_0_mean=-0.31046615,weight=0.51384229;component_1_mean=0.2832884,weight=0.48500537;component_2_mean=16.263907,weight=0.0011092474;component_3_mean=94.99481,weight=4.3092303e-05"
interference,host,host_cpu3-interf_io-run4,cap_2000us,100001,99220,0.992190078099219,69618,29602,22,17,13.311115607598165,0.003060424226006044,,gaussian_hmm,4,-13690.315951494209,-5732.767649749161,29602,23,27637.099806960658,-0.1936614975254767,-6169.070134460471,8.206446803968388,0.014738952932616383,state_0_mean=-0.31379527;state_1_mean=0.27199781;state_2_mean=14.42814;state_3_mean=94.99481
interference,host,host_cpu3-interf_io-run4,cap_2000us,100001,99220,0.992190078099219,69618,29602,22,17,13.311115607598165,0.003060424226006044,,gaussian_gmm,5,-9675.040144241191,-3441.988280156501,29602,14,19506.19118655244,-0.11627553138830149,-3441.988280156501,0.0,0.0,"component_0_mean=-0.32107274,weight=0.49547271;component_1_mean=0.058218342,weight=0.3661137;component_2_mean=0.84198082,weight=0.13720877;component_3_mean=15.621227,weight=0.0011617235;component_4_mean=94.99481,weight=4.3092303e-05"
interference,host,host_cpu3-interf_io-run4,cap_2000us,100001,99220,0.992190078099219,69618,29602,22,17,13.311115607598165,0.003060424226006044,,gaussian_hmm,5,-13678.54123626467,-5729.530371974584,29602,34,27736.20893927091,-0.1935521374222885,-6161.0536882529705,14.122165194154187,0.014577505448226002,state_0_mean=-0.31379534;state_1_mean=0.27195957;state_2_mean=6.5738555;state_3_mean=21.501368;state_4_mean=94.99481
interference,host,host_cpu3-interf_io-run4,cap_1500us,100001,99220,0.992190078099219,69618,29602,22,17,13.311115607598165,0.003060424226006044,,iid_gaussian,1,-98783.1628046429,-39806.03812233414,29602,2,197588.62716615293,-1.3447077265838165,-39806.03812233414,0.0,0.0,mean=-1.605934e-13;sd=1
interference,host,host_cpu3-interf_io-run4,cap_1500us,100001,99220,0.992190078099219,69618,29602,22,17,13.311115607598165,0.003060424226006044,,ar1_gaussian,1,,-39764.45792248409,29585,3,,-1.344074967804093,,,,intercept=-4.9698834e-05;phi=0.055825427;sd=0.99845534
interference,host,host_cpu3-interf_io-run4,cap_1500us,100001,99220,0.992190078099219,69618,29602,22,17,13.311115607598165,0.003060424226006044,,gaussian_gmm,2,-39952.99334288178,-17167.667646750808,29602,5,79961.74057793144,-0.5799495860668471,-17167.667646750808,0.0,0.0,"component_0_mean=-0.022573381,weight=0.99860784;component_1_mean=16.192067,weight=0.0013921605"
interference,host,host_cpu3-interf_io-run4,cap_1500us,100001,99220,0.992190078099219,69618,29602,22,17,13.311115607598165,0.003060424226006044,,gaussian_hmm,2,-39903.9994760041,-17147.193659459743,29602,7,79886.05440104323,-0.5792579440395832,-17173.117242766577,0.8330314638335233,0.0008757375618821089,state_0_mean=-0.022594648;state_1_mean=15.049963
interference,host,host_cpu3-interf_io-run4,cap_1500us,100001,99220,0.992190078099219,69618,29602,22,17,13.311115607598165,0.003060424226006044,,gaussian_gmm,3,-14021.632485948785,-6275.518422589259,29602,8,28132.471199366173,-0.2119964334365671,-6275.518422589259,0.0,0.0,"component_0_mean=-0.31035106,weight=0.514304;component_1_mean=0.28374332,weight=0.4845459;component_2_mean=19.240135,weight=0.0011501025"
interference,host,host_cpu3-interf_io-run4,cap_1500us,100001,99220,0.992190078099219,69618,29602,22,17,13.311115607598165,0.003060424226006044,,gaussian_hmm,3,-39836.50731378985,-17141.40382914515,29602,14,79829.12552564975,-0.579062354879574,-17168.153669279534,0.6499459007146269,0.0009036497579347241,state_0_mean=-0.022734473;state_1_mean=12.103953;state_2_mean=94.99481
interference,host,host_cpu3-interf_io-run4,cap_1500us,100001,99220,0.992190078099219,69618,29602,22,17,13.311115607598165,0.003060424226006044,,gaussian_gmm,4,-13989.788170262224,-6264.4907509915665,29602,11,28102.23490329378,-0.21162390213470597,-6264.4907509915665,0.0,0.0,"component_0_mean=-0.31046615,weight=0.51384229;component_1_mean=0.2832884,weight=0.48500537;component_2_mean=16.263907,weight=0.0011092474;component_3_mean=94.99481,weight=4.3092303e-05"
interference,host,host_cpu3-interf_io-run4,cap_1500us,100001,99220,0.992190078099219,69618,29602,22,17,13.311115607598165,0.003060424226006044,,gaussian_hmm,4,-13690.315951494209,-5732.767649749161,29602,23,27637.099806960658,-0.1936614975254767,-6168.6869676998995,22.708912287449998,0.0147260089842152,state_0_mean=-0.31379527;state_1_mean=0.27199781;state_2_mean=14.42814;state_3_mean=94.99481
interference,host,host_cpu3-interf_io-run4,cap_1500us,100001,99220,0.992190078099219,69618,29602,22,17,13.311115607598165,0.003060424226006044,,gaussian_gmm,5,-9675.040144241191,-3441.988280156501,29602,14,19506.19118655244,-0.11627553138830149,-3441.988280156501,0.0,0.0,"component_0_mean=-0.32107274,weight=0.49547271;component_1_mean=0.058218342,weight=0.3661137;component_2_mean=0.84198082,weight=0.13720877;component_3_mean=15.621227,weight=0.0011617235;component_4_mean=94.99481,weight=4.3092303e-05"
interference,host,host_cpu3-interf_io-run4,cap_1500us,100001,99220,0.992190078099219,69618,29602,22,17,13.311115607598165,0.003060424226006044,,gaussian_hmm,5,-13678.54123626467,-5729.530371974584,29602,34,27736.20893927091,-0.1935521374222885,-6156.5345783064495,12.30802362750002,0.014424843129919098,state_0_mean=-0.31379534;state_1_mean=0.27195957;state_2_mean=6.5738555;state_3_mean=21.501368;state_4_mean=94.99481
interference,host,host_cpu3-interf_io-run4,cap_1000us,100001,99220,0.992190078099219,69618,29602,22,17,13.311115607598165,0.003060424226006044,,iid_gaussian,1,-98783.1628046429,-39806.03812233414,29602,2,197588.62716615293,-1.3447077265838165,-39806.03812233414,0.0,0.0,mean=-1.605934e-13;sd=1
interference,host,host_cpu3-interf_io-run4,cap_1000us,100001,99220,0.992190078099219,69618,29602,22,17,13.311115607598165,0.003060424226006044,,ar1_gaussian,1,,-39764.45792248409,29585,3,,-1.344074967804093,,,,intercept=-4.9698834e-05;phi=0.055825427;sd=0.99845534
interference,host,host_cpu3-interf_io-run4,cap_1000us,100001,99220,0.992190078099219,69618,29602,22,17,13.311115607598165,0.003060424226006044,,gaussian_gmm,2,-39952.99334288178,-17167.667646750808,29602,5,79961.74057793144,-0.5799495860668471,-17167.667646750808,0.0,0.0,"component_0_mean=-0.022573381,weight=0.99860784;component_1_mean=16.192067,weight=0.0013921605"
interference,host,host_cpu3-interf_io-run4,cap_1000us,100001,99220,0.992190078099219,69618,29602,22,17,13.311115607598165,0.003060424226006044,,gaussian_hmm,2,-39903.9994760041,-17147.193659459743,29602,7,79886.05440104323,-0.5792579440395832,-17173.515952874895,0.7373074154958583,0.0008892065879046238,state_0_mean=-0.022594648;state_1_mean=15.049963
interference,host,host_cpu3-interf_io-run4,cap_1000us,100001,99220,0.992190078099219,69618,29602,22,17,13.311115607598165,0.003060424226006044,,gaussian_gmm,3,-14021.632485948785,-6275.518422589259,29602,8,28132.471199366173,-0.2119964334365671,-6275.518422589259,0.0,0.0,"component_0_mean=-0.31035106,weight=0.514304;component_1_mean=0.28374332,weight=0.4845459;component_2_mean=19.240135,weight=0.0011501025"
interference,host,host_cpu3-interf_io-run4,cap_1000us,100001,99220,0.992190078099219,69618,29602,22,17,13.311115607598165,0.003060424226006044,,gaussian_hmm,3,-39836.50731378985,-17141.40382914515,29602,14,79829.12552564975,-0.579062354879574,-17167.4642959156,2.099977628586967,0.0008803616907793443,state_0_mean=-0.022734473;state_1_mean=12.103953;state_2_mean=94.99481
interference,host,host_cpu3-interf_io-run4,cap_1000us,100001,99220,0.992190078099219,69618,29602,22,17,13.311115607598165,0.003060424226006044,,gaussian_gmm,4,-13989.788170262224,-6264.4907509915665,29602,11,28102.23490329378,-0.21162390213470597,-6264.4907509915665,0.0,0.0,"component_0_mean=-0.31046615,weight=0.51384229;component_1_mean=0.2832884,weight=0.48500537;component_2_mean=16.263907,weight=0.0011092474;component_3_mean=94.99481,weight=4.3092303e-05"
interference,host,host_cpu3-interf_io-run4,cap_1000us,100001,99220,0.992190078099219,69618,29602,22,17,13.311115607598165,0.003060424226006044,,gaussian_hmm,4,-13690.315951494209,-5732.767649749161,29602,23,27637.099806960658,-0.1936614975254767,-6160.087307479191,13.019775732358275,0.014435499551720478,state_0_mean=-0.31379527;state_1_mean=0.27199781;state_2_mean=14.42814;state_3_mean=94.99481
interference,host,host_cpu3-interf_io-run4,cap_1000us,100001,99220,0.992190078099219,69618,29602,22,17,13.311115607598165,0.003060424226006044,,gaussian_gmm,5,-9675.040144241191,-3441.988280156501,29602,14,19506.19118655244,-0.11627553138830149,-3441.988280156501,0.0,0.0,"component_0_mean=-0.32107274,weight=0.49547271;component_1_mean=0.058218342,weight=0.3661137;component_2_mean=0.84198082,weight=0.13720877;component_3_mean=15.621227,weight=0.0011617235;component_4_mean=94.99481,weight=4.3092303e-05"
interference,host,host_cpu3-interf_io-run4,cap_1000us,100001,99220,0.992190078099219,69618,29602,22,17,13.311115607598165,0.003060424226006044,,gaussian_hmm,5,-13678.54123626467,-5729.530371974584,29602,34,27736.20893927091,-0.1935521374222885,-6168.615732667392,8.414549291025997,0.014832962661063698,state_0_mean=-0.31379534;state_1_mean=0.27195957;state_2_mean=6.5738555;state_3_mean=21.501368;state_4_mean=94.99481
interference,host,host_cpu3-interf_io-run4,train_q_0.999,100001,99135,0.991340086599134,69550,29585,80,30,13.311049150992142,0.0013029517367171982,,iid_gaussian,1,-98686.67498438498,-42219.854314753065,29585,2,197395.64957116466,-1.427069606718035,-42219.854314753065,0.0,0.0,mean=-3.0206209e-13;sd=1
interference,host,host_cpu3-interf_io-run4,train_q_0.999,100001,99135,0.991340086599134,69550,29585,80,30,13.311049150992142,0.0013029517367171982,,ar1_gaussian,1,,-42093.85552859152,29555,3,,-1.4242549662862973,,,,intercept=-0.00074181491;phi=0.050415711;sd=0.99718875
interference,host,host_cpu3-interf_io-run4,train_q_0.999,100001,99135,0.991340086599134,69550,29585,80,30,13.311049150992142,0.0013029517367171982,,gaussian_gmm,2,-72695.58719356846,-31313.169366357753,29585,5,145446.92339312367,-1.0584137017528394,-31313.169366357753,0.0,0.0,"component_0_mean=-0.67799596,weight=0.51437046;component_1_mean=0.71812167,weight=0.48562954"
interference,host,host_cpu3-interf_io-run4,train_q_0.999,100001,99135,0.991340086599134,69550,29585,80,30,13.311049150992142,0.0013029517367171982,,gaussian_hmm,2,-72475.98640490882,-30807.21506510752,29585,7,145030.0214181991,-1.0413119846242191,-31211.270706629548,14.483414248584285,0.013657449434579251,state_0_mean=-0.68581418;state_1_mean=0.69206088
interference,host,host_cpu3-interf_io-run4,train_q_0.999,100001,99135,0.991340086599134,69550,29585,80,30,13.311049150992142,0.0013029517367171982,,gaussian_gmm,3,-68463.27416725692,-28460.727464817533,29585,8,137015.74674409267,-0.961998562272014,-28460.727464817533,0.0,0.0,"component_0_mean=-0.704169,weight=0.49363795;component_1_mean=0.17290401,weight=0.36259202;component_2_mean=1.9817129,weight=0.14377003"
interference,host,host_cpu3-interf_io-run4,train_q_0.999,100001,99135,0.991340086599134,69550,29585,80,30,13.311049150992142,0.0013029517367171982,,gaussian_hmm,3,-66897.18916514871,-27521.706114829576,29585,14,133950.47554706034,-0.9302587836683988,-30390.204532748256,52.21069512605242,0.09695786438798984,state_0_mean=-0.80929684;state_1_mean=-0.51818464;state_2_mean=0.79557994
interference,host,host_cpu3-interf_io-run4,train_q_0.999,100001,99135,0.991340086599134,69550,29585,80,30,13.311049150992142,0.0013029517367171982,,gaussian_gmm,4,-67607.1712513933,-27952.733136627357,29585,11,135336.99031595746,-0.9448278903710448,-27952.733136627357,0.0,0.0,"component_0_mean=-0.72997515,weight=0.45498107;component_1_mean=-0.23936549,weight=0.22537153;component_2_mean=0.55749857,weight=0.17187429;component_3_mean=1.9641691,weight=0.14777311"
interference,host,host_cpu3-interf_io-run4,train_q_0.999,100001,99135,0.991340086599134,69550,29585,80,30,13.311049150992142,0.0013029517367171982,,gaussian_hmm,4,-60926.52326247239,-24729.50197903596,29585,23,122109.49195248386,-0.8358797356442778,-30120.350066437844,22.213181047609574,0.18221558517498349,state_0_mean=-0.81627816;state_1_mean=-0.54180769;state_2_mean=0.65060334;state_3_mean=0.82879616
interference,host,host_cpu3-interf_io-run4,train_q_0.999,100001,99135,0.991340086599134,69550,29585,80,30,13.311049150992142,0.0013029517367171982,,gaussian_gmm,5,-67266.2056413767,-27690.89456457459,29585,14,134688.50849951632,-0.9359775076753284,-27690.89456457459,0.0,0.0,"component_0_mean=-0.73556341,weight=0.44175036;component_1_mean=-0.29082577,weight=0.21342555;component_2_mean=0.55837667,weight=0.22742688;component_3_mean=1.7527214,weight=0.034196792;component_4_mean=2.4047686,weight=0.083200413"
interference,host,host_cpu3-interf_io-run4,train_q_0.999,100001,99135,0.991340086599134,69550,29585,80,30,13.311049150992142,0.0013029517367171982,,gaussian_hmm,5,-58432.02145654532,-23475.395872691905,29585,34,117243.1361538006,-0.7934898047217138,-30065.72265923773,31.190773938776935,0.22275905987986566,state_0_mean=-0.81826997;state_1_mean=-0.57056422;state_2_mean=0.21942102;state_3_mean=0.65309755;state_4_mean=1.9447947
interference,host,host_cpu3-interf_io-run4,train_q_0.9995,100001,99178,0.991770082299177,69585,29593,54,26,13.311067014741262,0.0015477680535327274,,iid_gaussian,1,-98736.33783304715,-39590.287309377294,29593,2,197494.976274706,-1.3378260841880611,-39590.287309377294,0.0,0.0,mean=3.7794645e-13;sd=1
interference,host,host_cpu3-interf_io-run4,train_q_0.9995,100001,99178,0.991770082299177,69585,29593,54,26,13.311067014741262,0.0015477680535327274,,ar1_gaussian,1,,-39084.24683026994,29567,3,,-1.3218874701616647,,,,intercept=-0.00068416693;phi=0.093208893;sd=0.99216903
interference,host,host_cpu3-interf_io-run4,train_q_0.9995,100001,99178,0.991770082299177,69585,29593,54,26,13.311067014741262,0.0015477680535327274,,gaussian_gmm,2,-70577.69609655872,-28638.114695916636,29593,5,141211.14371464672,-0.9677327305753602,-28638.114695916636,0.0,0.0,"component_0_mean=-0.5746021,weight=0.51463967;component_1_mean=0.60926495,weight=0.48536033"
interference,host,host_cpu3-interf_io-run4,train_q_0.9995,100001,99178,0.991770082299177,69585,29593,54,26,13.311067014741262,0.0015477680535327274,,gaussian_hmm,2,-70391.61703731358,-28173.237104712858,29593,7,140861.28620476814,-0.9520236915727658,-28522.62058272426,20.135740146194852,0.011806287906308964,state_0_mean=-0.58146062;state_1_mean=0.59039546
interference,host,host_cpu3-interf_io-run4,train_q_0.9995,100001,99178,0.991770082299177,69585,29593,54,26,13.311067014741262,0.0015477680535327274,,gaussian_gmm,3,-61024.97476939607,-26316.110115616208,29593,8,122139.15197323897,-0.889268074058602,-26316.110115616208,0.0,0.0,"component_0_mean=-0.58238842,weight=0.51430844;component_1_mean=0.59194967,weight=0.48501519;component_2_mean=18.366615,weight=0.00067637352"
interference,host,host_cpu3-interf_io-run4,train_q_0.9995,100001,99178,0.991770082299177,69585,29593,54,26,13.311067014741262,0.0015477680535327274,,gaussian_hmm,3,-60736.768648709454,-25780.02221375751,29593,14,121629.64155770086,-0.871152712254841,-26207.718592411744,10.233684623679151,0.014452619830846242,state_0_mean=-0.58905679;state_1_mean=0.56930131;state_2_mean=14.98074
interference,host,host_cpu3-interf_io-run4,train_q_0.9995,100001,99178,0.991770082299177,69585,29593,54,26,13.311067014741262,0.0015477680535327274,,gaussian_gmm,4,-56705.135065836264,-23484.88729364386,29593,11,113532.92347903692,-0.7935960292516426,-23484.88729364386,0.0,0.0,"component_0_mean=-0.60377532,weight=0.49415609;component_1_mean=0.14964747,weight=0.37117477;component_2_mean=1.717961,weight=0.133891;component_3_mean=16.442334,weight=0.00077813636"
interference,host,host_cpu3-interf_io-run4,train_q_0.9995,100001,99178,0.991770082299177,69585,29593,54,26,13.311067014741262,0.0015477680535327274,,gaussian_hmm,4,-55154.83722188281,-22501.27711746631,29593,23,110566.13144280025,-0.7603580954099385,-25384.819574044315,48.71274298149863,0.09744001813192325,state_0_mean=-0.6928893;state_1_mean=-0.44806156;state_2_mean=0.65650239;state_3_mean=15.168737
interference,host,host_cpu3-interf_io-run4,train_q_0.9995,100001,99178,0.991770082299177,69585,29593,54,26,13.311067014741262,0.0015477680535327274,,gaussian_gmm,5,-55847.997713317054,-22959.317540546774,29593,14,111852.09968691606,-0.7758360943651125,-22959.317540546774,0.0,0.0,"component_0_mean=-0.62559139,weight=0.45604612;component_1_mean=-0.21086716,weight=0.22415975;component_2_mean=0.46690126,weight=0.18011274;component_3_mean=1.6967129,weight=0.13890457;component_4_mean=16.465133,weight=0.00077681781"
interference,host,host_cpu3-interf_io-run4,train_q_0.9995,100001,99178,0.991770082299177,69585,29593,54,26,13.311067014741262,0.0015477680535327274,,gaussian_hmm,5,-49186.98283707595,-19705.06767470758,29593,34,98753.07602055093,-0.6658692148382246,-25152.904596745288,30.680386101945885,0.184092079952614,state_0_mean=-0.69869712;state_1_mean=-0.46781217;state_2_mean=0.53619133;state_3_mean=0.68345596;state_4_mean=15.708654
interference,host,host_cpu3-interf_io-run4,train_q_0.9999,100001,99214,0.992130078699213,69613,29601,27,18,13.311098539648844,0.0022357188963424653,,iid_gaussian,1,-98776.06811197687,-37597.47420851946,29601,2,197574.43763717473,-1.270142029273317,-37597.47420851946,0.0,0.0,mean=-4.1382773e-13;sd=1
interference,host,host_cpu3-interf_io-run4,train_q_0.9999,100001,99214,0.992130078699213,69613,29601,27,18,13.311098539648844,0.0022357188963424653,,ar1_gaussian,1,,-37435.280587768124,29583,3,,-1.2654321937520916,,,,intercept=-0.00012353091;phi=0.10055231;sd=0.99480741
interference,host,host_cpu3-interf_io-run4,train_q_0.9999,100001,99214,0.992130078699213,69613,29601,27,18,13.311098539648844,0.0022357188963424653,,gaussian_gmm,2,-61418.594882212725,-24666.099183788512,29601,5,122892.9432974779,-0.8332860100600828,-24666.099183788512,0.0,0.0,"component_0_mean=-0.23803703,weight=0.79759779;component_1_mean=0.93802239,weight=0.20240221"
interference,host,host_cpu3-interf_io-run4,train_q_0.9999,100001,99214,0.992130078699213,69613,29601,27,18,13.311098539648844,0.0022357188963424653,,gaussian_hmm,2,-61618.09929928345,-26407.127181139338,29601,7,123314.25354484034,-0.8921025364392872,-26434.387107759998,0.6596909912095372,0.0009209123550102978,state_0_mean=-0.023514919;state_1_mean=15.361028
interference,host,host_cpu3-interf_io-run4,train_q_0.9999,100001,99214,0.992130078699213,69613,29601,27,18,13.311098539648844,0.0022357188963424653,,gaussian_gmm,3,-35773.85587584271,-15532.602796796344,29601,8,71636.91740456934,-0.5247323670415305,-15532.602796796344,0.0,0.0,"component_0_mean=-0.41730173,weight=0.51404065;component_1_mean=0.39564065,weight=0.48488224;component_2_mean=21.047961,weight=0.0010771082"
interference,host,host_cpu3-interf_io-run4,train_q_0.9999,100001,99214,0.992130078699213,69613,29601,27,18,13.311098539648844,0.0022357188963424653,,gaussian_hmm,3,-35473.3019564708,-14999.554440141423,29601,14,71102.71380548847,-0.5067245849850148,-15428.72969412494,11.214102048912881,0.014498674165856488,state_0_mean=-0.42189147;state_1_mean=0.38003702;state_2_mean=18.511004
interference,host,host_cpu3-interf_io-run4,train_q_0.9999,100001,99214,0.992130078699213,69613,29601,27,18,13.311098539648844,0.0022357188963424653,,gaussian_gmm,4,-31456.062180194127,-12696.35364221938,29601,11,63034.78213310365,-0.42891637587309145,-12696.35364221938,0.0,0.0,"component_0_mean=-0.43210512,weight=0.49437758;component_1_mean=0.08676308,weight=0.36785934;component_2_mean=1.1628408,weight=0.13662794;component_3_mean=20.112077,weight=0.0011351351"
interference,host,host_cpu3-interf_io-run4,train_q_0.9999,100001,99214,0.992130078699213,69613,29601,27,18,13.311098539648844,0.0022357188963424653,,gaussian_hmm,4,-29887.315542047385,-11715.82653357339,29601,23,60031.097336136045,-0.395791579121428,-14670.824815288977,47.87125455623188,0.0998276504751727,state_0_mean=-0.4938017;state_1_mean=-0.32434506;state_2_mean=0.44036667;state_3_mean=18.56888
interference,host,host_cpu3-interf_io-run4,train_q_0.9999,100001,99214,0.992130078699213,69613,29601,27,18,13.311098539648844,0.0022357188963424653,,gaussian_gmm,5,-31392.902361255503,-12636.962663887265,29601,14,62941.91461505787,-0.42690999168566146,-12636.962663887265,0.0,0.0,"component_0_mean=-0.43272335,weight=0.4933036;component_1_mean=0.068429772,weight=0.35405051;component_2_mean=0.81513224,weight=0.078284343;component_3_mean=1.3980773,weight=0.073027616;component_4_mean=17.486687,weight=0.0013339321"
interference,host,host_cpu3-interf_io-run4,train_q_0.9999,100001,99214,0.992130078699213,69613,29601,27,18,13.311098539648844,0.0022357188963424653,,gaussian_hmm,5,-29880.40209277975,-11713.03928247765,29601,34,60139.92821031617,-0.3956974184141634,-14606.976660264405,65.5880067000985,0.09776485178834346,state_0_mean=-0.49380004;state_1_mean=-0.32432515;state_2_mean=0.44044337;state_3_mean=14.146369;state_4_mean=24.545548
interference,container,docker_cpu3-interf_io-run7,base_stable,100001,94586,0.945850541494585,66099,28487,40,17,13.305623864439102,0.0053436022889246605,,iid_gaussian,1,-93789.91810629566,-26548.497077312466,28487,2,187602.03403038558,-0.9319513138383285,-26548.497077312466,0.0,0.0,mean=-4.1405166e-14;sd=1
interference,container,docker_cpu3-interf_io-run7,base_stable,100001,94586,0.945850541494585,66099,28487,40,17,13.305623864439102,0.0053436022889246605,,ar1_gaussian,1,,-26538.596223973225,28470,3,,-0.9321600359667448,,,,intercept=1.6897111e-06;phi=0.0093211309;sd=1.0002564
interference,container,docker_cpu3-interf_io-run7,base_stable,100001,94586,0.945850541494585,66099,28487,40,17,13.305623864439102,0.0053436022889246605,,gaussian_gmm,2,27316.498484205193,11609.02454740821,28487,5,-54577.50242392472,0.4075200809986383,11609.02454740821,0.0,0.0,"component_0_mean=-0.0038394412,weight=0.99998487;component_1_mean=253.77939,weight=1.5128822e-05"
interference,container,docker_cpu3-interf_io-run7,base_stable,100001,94586,0.945850541494585,66099,28487,40,17,13.305623864439102,0.0053436022889246605,,gaussian_hmm,2,27311.894039489627,11609.019045055029,28487,7,-54546.095716699325,0.4075198878455095,11609.01904505506,2.1012630230159577e-11,-1.0855063664225633e-15,state_0_mean=-0.0038394412;state_1_mean=253.77939
interference,container,docker_cpu3-interf_io-run7,base_stable,100001,94586,0.945850541494585,66099,28487,40,17,13.305623864439102,0.0053436022889246605,,gaussian_gmm,3,79736.69899770533,34428.22125479681,28487,8,-159384.6067242336,1.208559035868881,34428.22125479681,0.0,0.0,"component_0_mean=-0.065247992,weight=0.77517472;component_1_mean=0.20790525,weight=0.22481015;component_2_mean=253.77939,weight=1.5128822e-05"
interference,container,docker_cpu3-interf_io-run7,base_stable,100001,94586,0.945850541494585,66099,28487,40,17,13.305623864439102,0.0053436022889246605,,gaussian_hmm,3,90865.39482911145,38742.66856729482,28487,14,-181575.40493366306,1.3600122360127365,30394.84018857099,84.69467128290229,0.2930399262373656,state_0_mean=-0.065398304;state_1_mean=0.22801152;state_2_mean=253.77939
interference,container,docker_cpu3-interf_io-run7,base_stable,100001,94586,0.945850541494585,66099,28487,40,17,13.305623864439102,0.0053436022889246605,,gaussian_gmm,4,82276.77441127872,36352.53101210132,28487,11,-164431.46082468898,1.276109488963433,36352.53101210132,0.0,0.0,"component_0_mean=-0.065403538,weight=0.78209121;component_1_mean=0.20905476,weight=0.21547621;component_2_mean=0.9372763,weight=0.0024174539;component_3_mean=253.77939,weight=1.5128822e-05"
interference,container,docker_cpu3-interf_io-run7,base_stable,100001,94586,0.945850541494585,66099,28487,40,17,13.305623864439102,0.0053436022889246605,,gaussian_hmm,4,99901.64016358012,42825.05798794192,28487,23,-199548.00542252618,1.5033193382224144,22640.897737068106,153.0668251549746,0.7085393425377825,state_0_mean=-0.064813488;state_1_mean=0.19426892;state_2_mean=0.43421863;state_3_mean=253.77939
interference,container,docker_cpu3-interf_io-run7,base_stable,100001,94586,0.945850541494585,66099,28487,40,17,13.305623864439102,0.0053436022889246605,,gaussian_gmm,5,83534.53292415765,37078.089762863165,28487,14,-166913.68112375546,1.3015793085569967,37078.089762863165,0.0,0.0,"component_0_mean=-0.065718103,weight=0.78905935;component_1_mean=0.14268186,weight=0.15547929;component_2_mean=0.43356029,weight=0.042244437;component_3_mean=0.56935565,weight=0.013201792;component_4_mean=253.77939,weight=1.5128822e-05"
interference,container,docker_cpu3-interf_io-run7,base_stable,100001,94586,0.945850541494585,66099,28487,40,17,13.305623864439102,0.0053436022889246605,,gaussian_hmm,5,105050.64334663167,46097.235445126214,28487,34,-209723.92379076083,1.6181849771870052,22921.34095442657,107.38366065465341,0.8135603780917486,state_0_mean=-0.064745279;state_1_mean=0.16243187;state_2_mean=0.43413409;state_3_mean=0.50764211;state_4_mean=253.77939
interference,container,docker_cpu3-interf_io-run7,cap_2500us,100001,94586,0.945850541494585,66099,28487,40,17,13.305623864439102,0.0053436022889246605,,iid_gaussian,1,-93789.91810629566,-26548.497077312466,28487,2,187602.03403038558,-0.9319513138383285,-26548.497077312466,0.0,0.0,mean=-4.1405166e-14;sd=1
interference,container,docker_cpu3-interf_io-run7,cap_2500us,100001,94586,0.945850541494585,66099,28487,40,17,13.305623864439102,0.0053436022889246605,,ar1_gaussian,1,,-26538.596223973225,28470,3,,-0.9321600359667448,,,,intercept=1.6897111e-06;phi=0.0093211309;sd=1.0002564
interference,container,docker_cpu3-interf_io-run7,cap_2500us,100001,94586,0.945850541494585,66099,28487,40,17,13.305623864439102,0.0053436022889246605,,gaussian_gmm,2,27316.498484205193,11609.02454740821,28487,5,-54577.50242392472,0.4075200809986383,11609.02454740821,0.0,0.0,"component_0_mean=-0.0038394412,weight=0.99998487;component_1_mean=253.77939,weight=1.5128822e-05"
interference,container,docker_cpu3-interf_io-run7,cap_2500us,100001,94586,0.945850541494585,66099,28487,40,17,13.305623864439102,0.0053436022889246605,,gaussian_hmm,2,27311.894039489627,11609.019045055029,28487,7,-54546.095716699325,0.4075198878455095,11609.019045055074,1.476509552580673e-11,-1.596332891797887e-15,state_0_mean=-0.0038394412;state_1_mean=253.77939
interference,container,docker_cpu3-interf_io-run7,cap_2500us,100001,94586,0.945850541494585,66099,28487,40,17,13.305623864439102,0.0053436022889246605,,gaussian_gmm,3,79736.69899770533,34428.22125479681,28487,8,-159384.6067242336,1.208559035868881,34428.22125479681,0.0,0.0,"component_0_mean=-0.065247992,weight=0.77517472;component_1_mean=0.20790525,weight=0.22481015;component_2_mean=253.77939,weight=1.5128822e-05"
interference,container,docker_cpu3-interf_io-run7,cap_2500us,100001,94586,0.945850541494585,66099,28487,40,17,13.305623864439102,0.0053436022889246605,,gaussian_hmm,3,90865.39482911145,38742.66856729482,28487,14,-181575.40493366306,1.3600122360127365,30377.74015394995,87.48581149895806,0.29364020126179907,state_0_mean=-0.065398304;state_1_mean=0.22801152;state_2_mean=253.77939
interference,container,docker_cpu3-interf_io-run7,cap_2500us,100001,94586,0.945850541494585,66099,28487,40,17,13.305623864439102,0.0053436022889246605,,gaussian_gmm,4,82276.77441127872,36352.53101210132,28487,11,-164431.46082468898,1.276109488963433,36352.53101210132,0.0,0.0,"component_0_mean=-0.065403538,weight=0.78209121;component_1_mean=0.20905476,weight=0.21547621;component_2_mean=0.9372763,weight=0.0024174539;component_3_mean=253.77939,weight=1.5128822e-05"
interference,container,docker_cpu3-interf_io-run7,cap_2500us,100001,94586,0.945850541494585,66099,28487,40,17,13.305623864439102,0.0053436022889246605,,gaussian_hmm,4,99901.64016358012,42825.05798794192,28487,23,-199548.00542252618,1.5033193382224144,22613.06783946477,144.02676843720602,0.7095162757916645,state_0_mean=-0.064813488;state_1_mean=0.19426892;state_2_mean=0.43421863;state_3_mean=253.77939
interference,container,docker_cpu3-interf_io-run7,cap_2500us,100001,94586,0.945850541494585,66099,28487,40,17,13.305623864439102,0.0053436022889246605,,gaussian_gmm,5,83534.53292415765,37078.089762863165,28487,14,-166913.68112375546,1.3015793085569967,37078.089762863165,0.0,0.0,"component_0_mean=-0.065718103,weight=0.78905935;component_1_mean=0.14268186,weight=0.15547929;component_2_mean=0.43356029,weight=0.042244437;component_3_mean=0.56935565,weight=0.013201792;component_4_mean=253.77939,weight=1.5128822e-05"
interference,container,docker_cpu3-interf_io-run7,cap_2500us,100001,94586,0.945850541494585,66099,28487,40,17,13.305623864439102,0.0053436022889246605,,gaussian_hmm,5,105050.64334663167,46097.235445126214,28487,34,-209723.92379076083,1.6181849771870052,22927.727944339487,116.5706645017313,0.8133361709125821,state_0_mean=-0.064745279;state_1_mean=0.16243187;state_2_mean=0.43413409;state_3_mean=0.50764211;state_4_mean=253.77939
interference,container,docker_cpu3-interf_io-run7,cap_2000us,100001,94585,0.9458405415945841,66098,28487,41,17,13.305603347992243,0.000855220377449751,,iid_gaussian,1,-93788.49916776246,-40587.16753220189,28487,2,187599.19612306132,-1.4247610324780389,-40587.16753220189,0.0,0.0,mean=-1.9493978e-12;sd=1
interference,container,docker_cpu3-interf_io-run7,cap_2000us,100001,94585,0.9458405415945841,66098,28487,41,17,13.305603347992243,0.000855220377449751,,ar1_gaussian,1,,-40460.08439335267,28470,3,,-1.4211480292712564,,,,intercept=-7.4575697e-05;phi=0.33484015;sd=0.94214524
interference,container,docker_cpu3-interf_io-run7,cap_2000us,100001,94585,0.9458405415945841,66098,28487,41,17,13.305603347992243,0.000855220377449751,,gaussian_gmm,2,-41368.178277807034,-17768.30108837243,28487,5,82791.85102445504,-0.6237336710911093,-17768.30108837243,0.0,0.0,"component_0_mean=-0.38370681,weight=0.77515333;component_1_mean=1.3228198,weight=0.22484667"
interference,container,docker_cpu3-interf_io-run7,cap_2000us,100001,94585,0.9458405415945841,66098,28487,41,17,13.305603347992243,0.000855220377449751,,gaussian_hmm,2,-30236.67199743865,-13453.543622617379,28487,7,60551.03625125467,-0.47226958341058656,-21826.25405710831,97.9956983532904,0.29391337924284516,state_0_mean=-0.38463465;state_1_mean=1.448626
interference,container,docker_cpu3-interf_io-run7,cap_2000us,100001,94585,0.9458405415945841,66098,28487,41,17,13.305603347992243,0.000855220377449751,,gaussian_gmm,3,-39593.39967080686,-18136.60476363221,28487,8,79275.59049175929,-0.6366625044277112,-18136.60476363221,0.0,0.0,"component_0_mean=-0.38433141,weight=0.77829619;component_1_mean=1.3437049,weight=0.22168868;component_2_mean=81.927973,weight=1.5129051e-05"
interference,container,docker_cpu3-interf_io-run7,cap_2000us,100001,94585,0.9458405415945841,66098,28487,41,17,13.305603347992243,0.000855220377449751,,gaussian_hmm,3,-21418.942421100648,-8866.677888403821,28487,14,42993.26935495604,-0.3112534801279117,-21529.176622158502,47.04926941388573,0.44450095600641276,state_0_mean=-0.38280748;state_1_mean=1.0578773;state_2_mean=2.6113889
interference,container,docker_cpu3-interf_io-run7,cap_2000us,100001,94585,0.9458405415945841,66098,28487,41,17,13.305603347992243,0.000855220377449751,,gaussian_gmm,4,-37569.86312315555,-15118.491755768235,28487,11,75261.81407776126,-0.5307154756825301,-15118.491755768235,0.0,0.0,"component_0_mean=-0.38666972,weight=0.78892553;component_1_mean=0.91485405,weight=0.15565537;component_2_mean=2.7331378,weight=0.042197918;component_3_mean=3.5790264,weight=0.013221177"
interference,container,docker_cpu3-interf_io-run7,cap_2000us,100001,94585,0.9458405415945841,66098,28487,41,17,13.305603347992243,0.000855220377449751,,gaussian_hmm,4,-16089.808931001402,-6104.0085780460895,28487,23,32434.892418671312,-0.21427347836016744,-29297.88770244774,84.25316175585971,0.8141917058448292,state_0_mean=-0.38056254;state_1_mean=1.0398081;state_2_mean=2.7365404;state_3_mean=3.2049615
interference,container,docker_cpu3-interf_io-run7,cap_2000us,100001,94585,0.9458405415945841,66098,28487,41,17,13.305603347992243,0.000855220377449751,,gaussian_gmm,5,-37173.26746522001,-15477.693843072584,28487,14,74501.91944319475,-0.5433248093190783,-15477.693843072584,0.0,0.0,"component_0_mean=-0.38675294,weight=0.78892165;component_1_mean=0.90892352,weight=0.15459852;component_2_mean=2.7304776,weight=0.04048511;component_3_mean=3.3052377,weight=0.015979594;component_4_mean=81.927973,weight=1.5129051e-05"
interference,container,docker_cpu3-interf_io-run7,cap_2000us,100001,94585,0.9458405415945841,66098,28487,41,17,13.305603347992243,0.000855220377449751,,gaussian_hmm,5,-15499.054978765362,-5679.502286686603,28487,34,31375.472345649385,-0.19937172347690535,-28131.820340903265,112.57428833782106,0.7881601451264318,state_0_mean=-0.38062965;state_1_mean=1.0165876;state_2_mean=2.7360258;state_3_mean=2.763823;state_4_mean=22.292401
interference,container,docker_cpu3-interf_io-run7,cap_1500us,100001,94585,0.9458405415945841,66098,28487,41,17,13.305603347992243,0.000855220377449751,,iid_gaussian,1,-93788.49916776246,-40587.16753220189,28487,2,187599.19612306132,-1.4247610324780389,-40587.16753220189,0.0,0.0,mean=-1.9493978e-12;sd=1
interference,container,docker_cpu3-interf_io-run7,cap_1500us,100001,94585,0.9458405415945841,66098,28487,41,17,13.305603347992243,0.000855220377449751,,ar1_gaussian,1,,-40460.08439335267,28470,3,,-1.4211480292712564,,,,intercept=-7.4575697e-05;phi=0.33484015;sd=0.94214524
interference,container,docker_cpu3-interf_io-run7,cap_1500us,100001,94585,0.9458405415945841,66098,28487,41,17,13.305603347992243,0.000855220377449751,,gaussian_gmm,2,-41368.178277807034,-17768.30108837243,28487,5,82791.85102445504,-0.6237336710911093,-17768.30108837243,0.0,0.0,"component_0_mean=-0.38370681,weight=0.77515333;component_1_mean=1.3228198,weight=0.22484667"
interference,container,docker_cpu3-interf_io-run7,cap_1500us,100001,94585,0.9458405415945841,66098,28487,41,17,13.305603347992243,0.000855220377449751,,gaussian_hmm,2,-30236.67199743865,-13453.543622617379,28487,7,60551.03625125467,-0.47226958341058656,-21792.721691228573,78.54522839656644,0.29273626807354913,state_0_mean=-0.38463465;state_1_mean=1.448626
interference,container,docker_cpu3-interf_io-run7,cap_1500us,100001,94585,0.9458405415945841,66098,28487,41,17,13.305603347992243,0.000855220377449751,,gaussian_gmm,3,-39593.39967080686,-18136.60476363221,28487,8,79275.59049175929,-0.6366625044277112,-18136.60476363221,0.0,0.0,"component_0_mean=-0.38433141,weight=0.77829619;component_1_mean=1.3437049,weight=0.22168868;component_2_mean=81.927973,weight=1.5129051e-05"
interference,container,docker_cpu3-interf_io-run7,cap_1500us,100001,94585,0.9458405415945841,66098,28487,41,17,13.305603347992243,0.000855220377449751,,gaussian_hmm,3,-21418.942421100648,-8866.677888403821,28487,14,42993.26935495604,-0.3112534801279117,-21509.417344574475,48.185288655117716,0.4438073316309423,state_0_mean=-0.38280748;state_1_mean=1.0578773;state_2_mean=2.6113889
interference,container,docker_cpu3-interf_io-run7,cap_1500us,100001,94585,0.9458405415945841,66098,28487,41,17,13.305603347992243,0.000855220377449751,,gaussian_gmm,4,-37569.86312315555,-15118.491755768235,28487,11,75261.81407776126,-0.5307154756825301,-15118.491755768235,0.0,0.0,"component_0_mean=-0.38666972,weight=0.78892553;component_1_mean=0.91485405,weight=0.15565537;component_2_mean=2.7331378,weight=0.042197918;component_3_mean=3.5790264,weight=0.013221177"
interference,container,docker_cpu3-interf_io-run7,cap_1500us,100001,94585,0.9458405415945841,66098,28487,41,17,13.305603347992243,0.000855220377449751,,gaussian_hmm,4,-16089.808931001402,-6104.0085780460895,28487,23,32434.892418671312,-0.21427347836016744,-29285.54888837342,110.59004832231287,0.813758567428207,state_0_mean=-0.38056254;state_1_mean=1.0398081;state_2_mean=2.7365404;state_3_mean=3.2049615
interference,container,docker_cpu3-interf_io-run7,cap_1500us,100001,94585,0.9458405415945841,66098,28487,41,17,13.305603347992243,0.000855220377449751,,gaussian_gmm,5,-37173.26746522001,-15477.693843072584,28487,14,74501.91944319475,-0.5433248093190783,-15477.693843072584,0.0,0.0,"component_0_mean=-0.38675294,weight=0.78892165;component_1_mean=0.90892352,weight=0.15459852;component_2_mean=2.7304776,weight=0.04048511;component_3_mean=3.3052377,weight=0.015979594;component_4_mean=81.927973,weight=1.5129051e-05"
interference,container,docker_cpu3-interf_io-run7,cap_1500us,100001,94585,0.9458405415945841,66098,28487,41,17,13.305603347992243,0.000855220377449751,,gaussian_hmm,5,-15499.054978765362,-5679.502286686603,28487,34,31375.472345649385,-0.19937172347690535,-28199.389134089415,103.80115848259048,0.790532061902019,state_0_mean=-0.38062965;state_1_mean=1.0165876;state_2_mean=2.7360258;state_3_mean=2.763823;state_4_mean=22.292401
interference,container,docker_cpu3-interf_io-run7,cap_1000us,100001,94585,0.9458405415945841,66098,28487,41,17,13.305603347992243,0.000855220377449751,,iid_gaussian,1,-93788.49916776246,-40587.16753220189,28487,2,187599.19612306132,-1.4247610324780389,-40587.16753220189,0.0,0.0,mean=-1.9493978e-12;sd=1
interference,container,docker_cpu3-interf_io-run7,cap_1000us,100001,94585,0.9458405415945841,66098,28487,41,17,13.305603347992243,0.000855220377449751,,ar1_gaussian,1,,-40460.08439335267,28470,3,,-1.4211480292712564,,,,intercept=-7.4575697e-05;phi=0.33484015;sd=0.94214524
interference,container,docker_cpu3-interf_io-run7,cap_1000us,100001,94585,0.9458405415945841,66098,28487,41,17,13.305603347992243,0.000855220377449751,,gaussian_gmm,2,-41368.178277807034,-17768.30108837243,28487,5,82791.85102445504,-0.6237336710911093,-17768.30108837243,0.0,0.0,"component_0_mean=-0.38370681,weight=0.77515333;component_1_mean=1.3228198,weight=0.22484667"
interference,container,docker_cpu3-interf_io-run7,cap_1000us,100001,94585,0.9458405415945841,66098,28487,41,17,13.305603347992243,0.000855220377449751,,gaussian_hmm,2,-30236.67199743865,-13453.543622617379,28487,7,60551.03625125467,-0.47226958341058656,-21793.35504767679,62.96272124118636,0.29275850124826797,state_0_mean=-0.38463465;state_1_mean=1.448626
interference,container,docker_cpu3-interf_io-run7,cap_1000us,100001,94585,0.9458405415945841,66098,28487,41,17,13.305603347992243,0.000855220377449751,,gaussian_gmm,3,-39593.39967080686,-18136.60476363221,28487,8,79275.59049175929,-0.6366625044277112,-18136.60476363221,0.0,0.0,"component_0_mean=-0.38433141,weight=0.77829619;component_1_mean=1.3437049,weight=0.22168868;component_2_mean=81.927973,weight=1.5129051e-05"
interference,container,docker_cpu3-interf_io-run7,cap_1000us,100001,94585,0.9458405415945841,66098,28487,41,17,13.305603347992243,0.000855220377449751,,gaussian_hmm,3,-21418.942421100648,-8866.677888403821,28487,14,42993.26935495604,-0.3112534801279117,-21507.768537578635,53.54764064349641,0.4437494523528211,state_0_mean=-0.38280748;state_1_mean=1.0578773;state_2_mean=2.6113889
interference,container,docker_cpu3-interf_io-run7,cap_1000us,100001,94585,0.9458405415945841,66098,28487,41,17,13.305603347992243,0.000855220377449751,,gaussian_gmm,4,-37569.86312315555,-15118.491755768235,28487,11,75261.81407776126,-0.5307154756825301,-15118.491755768235,0.0,0.0,"component_0_mean=-0.38666972,weight=0.78892553;component_1_mean=0.91485405,weight=0.15565537;component_2_mean=2.7331378,weight=0.042197918;component_3_mean=3.5790264,weight=0.013221177"
interference,container,docker_cpu3-interf_io-run7,cap_1000us,100001,94585,0.9458405415945841,66098,28487,41,17,13.305603347992243,0.000855220377449751,,gaussian_hmm,4,-16089.808931001402,-6104.0085780460895,28487,23,32434.892418671312,-0.21427347836016744,-29257.5221093543,135.54611341388326,0.8127747229019626,state_0_mean=-0.38056254;state_1_mean=1.0398081;state_2_mean=2.7365404;state_3_mean=3.2049615
interference,container,docker_cpu3-interf_io-run7,cap_1000us,100001,94585,0.9458405415945841,66098,28487,41,17,13.305603347992243,0.000855220377449751,,gaussian_gmm,5,-37173.26746522001,-15477.693843072584,28487,14,74501.91944319475,-0.5433248093190783,-15477.693843072584,0.0,0.0,"component_0_mean=-0.38675294,weight=0.78892165;component_1_mean=0.90892352,weight=0.15459852;component_2_mean=2.7304776,weight=0.04048511;component_3_mean=3.3052377,weight=0.015979594;component_4_mean=81.927973,weight=1.5129051e-05"
interference,container,docker_cpu3-interf_io-run7,cap_1000us,100001,94585,0.9458405415945841,66098,28487,41,17,13.305603347992243,0.000855220377449751,,gaussian_hmm,5,-15499.054978765362,-5679.502286686603,28487,34,31375.472345649385,-0.19937172347690535,-28212.760180633486,88.34850802226653,0.7910014355301325,state_0_mean=-0.38062965;state_1_mean=1.0165876;state_2_mean=2.7360258;state_3_mean=2.763823;state_4_mean=22.292401
interference,container,docker_cpu3-interf_io-run7,train_q_0.999,100001,94503,0.945020549794502,66032,28471,105,33,13.305595808686004,0.0007761811065291135,,iid_gaussian,1,-93694.84922457095,-38620.95168447607,28471,2,187411.89423864588,-1.356501411417796,-38620.95168447607,0.0,0.0,mean=-2.9157905e-13;sd=1
interference,container,docker_cpu3-interf_io-run7,train_q_0.999,100001,94503,0.945020549794502,66032,28471,105,33,13.305595808686004,0.0007761811065291135,,ar1_gaussian,1,,-37739.51733993723,28438,3,,-1.327080573174528,,,,intercept=-0.00091621986;phi=0.33313361;sd=0.94184388
interference,container,docker_cpu3-interf_io-run7,train_q_0.999,100001,94503,0.945020549794502,66032,28471,105,33,13.305595808686004,0.0007761811065291135,,gaussian_gmm,2,-44530.7534328581,-18370.379417445965,28471,5,89116.99633947617,-0.6452312675159273,-18370.379417445965,0.0,0.0,"component_0_mean=-0.41402095,weight=0.78259257;component_1_mean=1.4903342,weight=0.21740743"
interference,container,docker_cpu3-interf_io-run7,train_q_0.999,100001,94503,0.945020549794502,66032,28471,105,33,13.305595808686004,0.0007761811065291135,,gaussian_hmm,2,-33253.83627663928,-13954.106539687727,28471,7,66585.35781654251,-0.4901164883456053,-22590.149738970962,80.5685462453991,0.3033277088715969,state_0_mean=-0.41418029;state_1_mean=1.6036036
interference,container,docker_cpu3-interf_io-run7,train_q_0.999,100001,94503,0.945020549794502,66032,28471,105,33,13.305595808686004,0.0007761811065291135,,gaussian_gmm,3,-43912.53715375531,-17761.31928852165,28471,8,87913.85746552655,-0.6238389690745547,-17761.31928852165,0.0,0.0,"component_0_mean=-0.41687485,weight=0.79158393;component_1_mean=0.85169503,weight=0.12666201;component_2_mean=2.7168562,weight=0.081754062"
interference,container,docker_cpu3-interf_io-run7,train_q_0.999,100001,94503,0.945020549794502,66032,28471,105,33,13.305595808686004,0.0007761811065291135,,gaussian_hmm,3,-23594.487043333374,-9440.433700905027,28471,14,47344.34461319464,-0.33158068564170656,-31151.24689181777,182.40648286113708,0.7625588560610004,state_0_mean=-0.40996307;state_1_mean=1.3253103;state_2_mean=3.0267555
interference,container,docker_cpu3-interf_io-run7,train_q_0.999,100001,94503,0.945020549794502,66032,28471,105,33,13.305595808686004,0.0007761811065291135,,gaussian_gmm,4,-42776.52138831487,-17305.67854794964,28471,11,85675.11961890165,-0.6078352902233726,-17305.67854794964,0.0,0.0,"component_0_mean=-0.41645617,weight=0.78998477;component_1_mean=1.0218526,weight=0.15940783;component_2_mean=3.0190849,weight=0.042484241;component_3_mean=4.6581877,weight=0.0081231595"
interference,container,docker_cpu3-interf_io-run7,train_q_0.999,100001,94503,0.945020549794502,66032,28471,105,33,13.305595808686004,0.0007761811065291135,,gaussian_hmm,4,-22409.1273339574,-8895.645433592255,28471,23,45073.50624721062,-0.3124458372938167,-31597.076176677016,165.58087388320385,0.7973527709980247,state_0_mean=-0.43051249;state_1_mean=-0.38736144;state_2_mean=1.3308279;state_3_mean=3.0271971
interference,container,docker_cpu3-interf_io-run7,train_q_0.999,100001,94503,0.945020549794502,66032,28471,105,33,13.305595808686004,0.0007761811065291135,,gaussian_gmm,5,-42776.17166255987,-17309.592130732715,28471,14,85707.71385164764,-0.6079727487876335,-17309.592130732715,0.0,0.0,"component_0_mean=-0.49149778,weight=0.5213619;component_1_mean=-0.26856388,weight=0.2695966;component_2_mean=1.0292021,weight=0.15873199;component_3_mean=3.020101,weight=0.042038429;component_4_mean=4.6335631,weight=0.0082710716"
interference,container,docker_cpu3-interf_io-run7,train_q_0.999,100001,94503,0.945020549794502,66032,28471,105,33,13.305595808686004,0.0007761811065291135,,gaussian_hmm,5,-18677.994167488,-7768.327052613693,28471,34,37733.31675654374,-0.27285051640664865,-30789.421906835178,140.91922685606195,0.8085804802859571,state_0_mean=-0.41031047;state_1_mean=0.83353569;state_2_mean=1.834996;state_3_mean=3.0267892;state_4_mean=4.6967943
interference,container,docker_cpu3-interf_io-run7,train_q_0.9995,100001,94543,0.945420545794542,66065,28478,72,26,13.305598470915289,0.0007850791726467794,,iid_gaussian,1,-93741.67419616671,-38516.301347769026,28478,2,187505.54518110314,-1.3524931999357057,-38516.301347769026,0.0,0.0,mean=7.3008064e-14;sd=1
interference,container,docker_cpu3-interf_io-run7,train_q_0.9995,100001,94543,0.945420545794542,66065,28478,72,26,13.305598470915289,0.0007850791726467794,,ar1_gaussian,1,,-37650.8897053642,28452,3,,-1.3233125862984747,,,,intercept=-0.00032543747;phi=0.33372171;sd=0.94229296
interference,container,docker_cpu3-interf_io-run7,train_q_0.9995,100001,94543,0.945420545794542,66065,28478,72,26,13.305598470915289,0.0007850791726467794,,gaussian_gmm,2,-44157.73983996955,-18132.732395501545,28478,5,88370.97165186335,-0.6367277335312012,-18132.732395501545,0.0,0.0,"component_0_mean=-0.4126489,weight=0.78157916;component_1_mean=1.4765889,weight=0.21842084"
interference,container,docker_cpu3-interf_io-run7,train_q_0.9995,100001,94543,0.945420545794542,66065,28478,72,26,13.305598470915289,0.0007850791726467794,,gaussian_hmm,2,-32865.22697707887,-13713.616109576898,28478,7,65808.14271485168,-0.481551236378148,-22350.59690835334,64.47344063034235,0.3032860734172498,state_0_mean=-0.41285141;state_1_mean=1.5921185
interference,container,docker_cpu3-interf_io-run7,train_q_0.9995,100001,94543,0.945420545794542,66065,28478,72,26,13.305598470915289,0.0007850791726467794,,gaussian_gmm,3,-43511.20471453102,-17530.3735602767,28478,8,87111.19658414082,-0.6155760081563558,-17530.3735602767,0.0,0.0,"component_0_mean=-0.41580712,weight=0.7899649;component_1_mean=0.81683702,weight=0.12128934;component_2_mean=2.5849054,weight=0.088745765"
interference,container,docker_cpu3-interf_io-run7,train_q_0.9995,100001,94543,0.945420545794542,66065,28478,72,26,13.305598470915289,0.0007850791726467794,,gaussian_hmm,3,-23364.773420360045,-9275.406616750253,28478,14,46884.924362107966,-0.3257042845968907,-30617.085027069832,108.96882519340164,0.7494093128140873,state_0_mean=-0.40875098;state_1_mean=1.3243832;state_2_mean=2.989015
interference,container,docker_cpu3-interf_io-run7,train_q_0.9995,100001,94543,0.945420545794542,66065,28478,72,26,13.305598470915289,0.0007850791726467794,,gaussian_gmm,4,-42301.684592995894,-17051.584927453205,28478,11,84725.45152422512,-0.5987634288732778,-17051.584927453205,0.0,0.0,"component_0_mean=-0.41512679,weight=0.78959353;component_1_mean=1.0064385,weight=0.15925011;component_2_mean=2.9802202,weight=0.041861478;component_3_mean=4.5992595,weight=0.0092948815"
interference,container,docker_cpu3-interf_io-run7,train_q_0.9995,100001,94543,0.945420545794542,66065,28478,72,26,13.305598470915289,0.0007850791726467794,,gaussian_hmm,4,-22224.38775436964,-9155.730372228629,28478,23,44704.03857959079,-0.3215018741564937,-26011.65150810261,43.9255669091561,0.5918927289793517,state_0_mean=-0.40890018;state_1_mean=0.83243474;state_2_mean=1.811723;state_3_mean=3.1538657
interference,container,docker_cpu3-interf_io-run7,train_q_0.9995,100001,94543,0.945420545794542,66065,28478,72,26,13.305598470915289,0.0007850791726467794,,gaussian_gmm,5,-42298.78685395811,-17055.880077862905,28478,14,84752.9512293041,-0.5989142523303218,-17055.880077862905,0.0,0.0,"component_0_mean=-0.48502359,weight=0.5360545;component_1_mean=-0.264591,weight=0.25522228;component_2_mean=1.018029,weight=0.15778268;component_3_mean=2.9811693,weight=0.041395733;component_4_mean=4.5567789,weight=0.0095448066"
interference,container,docker_cpu3-interf_io-run7,train_q_0.9995,100001,94543,0.945420545794542,66065,28478,72,26,13.305598470915289,0.0007850791726467794,,gaussian_hmm,5,-18193.381921322452,-7525.220113339637,28478,34,36764.10925172975,-0.2642467909733702,-30498.350679076917,150.29718449917468,0.8066974705294361,state_0_mean=-0.40903462;state_1_mean=0.82105689;state_2_mean=1.8092216;state_3_mean=2.9887232;state_4_mean=4.7199901
interference,container,docker_cpu3-interf_io-run7,train_q_0.9999,100001,94578,0.945770542294577,66092,28486,46,18,13.305601157944498,0.0007963872343179308,,iid_gaussian,1,-93779.98553656322,-38423.277961853164,28486,2,187582.168679106,-1.3488477835376382,-38423.277961853164,0.0,0.0,mean=-1.1138771e-12;sd=1
interference,container,docker_cpu3-interf_io-run7,train_q_0.9999,100001,94578,0.945770542294577,66092,28486,46,18,13.305601157944498,0.0007963872343179308,,ar1_gaussian,1,,-37595.61999298835,28468,3,,-1.3206273708370224,,,,intercept=-0.00011556952;phi=0.33115905;sd=0.94334327
interference,container,docker_cpu3-interf_io-run7,train_q_0.9999,100001,94578,0.945770542294577,66092,28486,46,18,13.305601157944498,0.0007963872343179308,,gaussian_gmm,2,-43681.87714352672,-17852.18521535214,28486,5,87419.24830200229,-0.6267003164836109,-17852.18521535214,0.0,0.0,"component_0_mean=-0.41007398,weight=0.78030258;component_1_mean=1.4564659,weight=0.21969742"
interference,container,docker_cpu3-interf_io-run7,train_q_0.9999,100001,94578,0.945770542294577,66092,28486,46,18,13.305601157944498,0.0007963872343179308,,gaussian_hmm,2,-32393.64157346827,-13441.100192304631,28486,7,64864.97476786494,-0.47184933624603775,-22064.92858429702,73.6901377260478,0.3027391838795334,state_0_mean=-0.41036558;state_1_mean=1.5748177
interference,container,docker_cpu3-interf_io-run7,train_q_0.9999,100001,94578,0.945770542294577,66092,28486,46,18,13.305601157944498,0.0007963872343179308,,gaussian_gmm,3,-42975.84586324627,-17250.184659128558,28486,8,86040.48215041071,-0.6055671087245861,-17250.184659128558,0.0,0.0,"component_0_mean=-0.4135132,weight=0.78758214;component_1_mean=0.78517572,weight=0.11331505;component_2_mean=2.3884631,weight=0.099102803"
interference,container,docker_cpu3-interf_io-run7,train_q_0.9999,100001,94578,0.945770542294577,66092,28486,46,18,13.305601157944498,0.0007963872343179308,,gaussian_hmm,3,-23060.181999074448,-9108.152070677119,28486,14,46275.74724000569,-0.31974134910753066,-30022.593559082954,116.19091413281024,0.7342007122237533,state_0_mean=-0.4063925;state_1_mean=1.3190844;state_2_mean=2.9428809
interference,container,docker_cpu3-interf_io-run7,train_q_0.9999,100001,94578,0.945770542294577,66092,28486,46,18,13.305601157944498,0.0007963872343179308,,gaussian_gmm,4,-41641.26697069749,-16729.648597117317,28486,11,83404.62077428246,-0.587293709089283,-16729.648597117317,0.0,0.0,"component_0_mean=-0.41262096,weight=0.78930449;component_1_mean=0.98292277,weight=0.15791435;component_2_mean=2.9339029,weight=0.040743205;component_3_mean=4.2307289,weight=0.012037964"
interference,container,docker_cpu3-interf_io-run7,train_q_0.9999,100001,94578,0.945770542294577,66092,28486,46,18,13.305601157944498,0.0007963872343179308,,gaussian_hmm,4,-20181.37099085451,-7689.348568319202,28486,23,40618.01445047375,-0.26993430345851305,-31130.872561205186,153.2478847599401,0.8229138521689947,state_0_mean=-0.40579791;state_1_mean=1.098149;state_2_mean=2.942385;state_3_mean=4.1845767
interference,container,docker_cpu3-interf_io-run7,train_q_0.9999,100001,94578,0.945770542294577,66092,28486,46,18,13.305601157944498,0.0007963872343179308,,gaussian_gmm,5,-41631.705638187275,-16732.87314436188,28486,14,83418.79451823134,-0.58740690670371,-16732.87314436188,0.0,0.0,"component_0_mean=-0.47706682,weight=0.54921278;component_1_mean=-0.26197305,weight=0.24183725;component_2_mean=0.99393393,weight=0.15608834;component_3_mean=2.935444,weight=0.040094903;component_4_mean=4.1144611,weight=0.012766726"
interference,container,docker_cpu3-interf_io-run7,train_q_0.9999,100001,94578,0.945770542294577,66092,28486,46,18,13.305601157944498,0.0007963872343179308,,gaussian_hmm,5,-17551.206363266025,-7241.831821576491,28486,34,35479.77202818426,-0.25422424424547113,-30109.43250239973,160.0712749345706,0.8027662950510158,state_0_mean=-0.40660065;state_1_mean=0.80545919;state_2_mean=1.7779385;state_3_mean=2.9426827;state_4_mean=4.6763186
interference,container,docker_cpu3-interf_io-run10,base_stable,100001,94471,0.9447005529944701,67640,26831,40,20,13.302417558153762,0.0011227403782492393,,iid_gaussian,1,-95976.50238596406,-30331.244682916094,26831,2,191975.24868153414,-1.1304552451610486,-30331.244682916094,0.0,0.0,mean=4.9826736e-13;sd=1
interference,container,docker_cpu3-interf_io-run10,base_stable,100001,94471,0.9447005529944701,67640,26831,40,20,13.302417558153762,0.0011227403782492393,,ar1_gaussian,1,,-29876.287284211736,26811,3,,-1.1143294649290119,,,,intercept=-0.00012113468;phi=0.15026042;sd=0.9884025
interference,container,docker_cpu3-interf_io-run10,base_stable,100001,94471,0.9447005529944701,67640,26831,40,20,13.302417558153762,0.0011227403782492393,,gaussian_gmm,2,-26544.20520337712,-12064.800464969778,26831,5,53144.02018076931,-0.44965899388654085,-12064.800464969778,0.0,0.0,"component_0_mean=-0.26294328,weight=0.80986998;component_1_mean=1.1200223,weight=0.19013002"
interference,container,docker_cpu3-interf_io-run10,base_stable,100001,94471,0.9447005529944701,67640,26831,40,20,13.302417558153762,0.0011227403782492393,,gaussian_hmm,2,-51173.052582722936,-17348.902945849964,26831,7,102423.95884906696,-0.6465991929428633,-18092.610737321065,126.84099801154873,0.027718228596440714,state_0_mean=-0.17215552;state_1_mean=1.7464387
interference,container,docker_cpu3-interf_io-run10,base_stable,100001,94471,0.9447005529944701,67640,26831,40,20,13.302417558153762,0.0011227403782492393,,gaussian_gmm,3,-17591.39297689643,-9821.837932476512,26831,8,35271.76159221696,-0.3660630588675976,-9821.837932476512,0.0,0.0,"component_0_mean=-0.26595692,weight=0.81080095;component_1_mean=1.0881971,weight=0.18843053;component_2_mean=13.777874,weight=0.00076851998"
interference,container,docker_cpu3-interf_io-run10,base_stable,100001,94471,0.9447005529944701,67640,26831,40,20,13.302417558153762,0.0011227403782492393,,gaussian_hmm,3,-8057.775609541585,-4917.397830031434,26831,14,16271.258586325346,-0.18327299877125094,-13772.67985449221,59.72414062554553,0.3300392092900293,state_0_mean=-0.26876754;state_1_mean=1.1118936;state_2_mean=11.363917
interference,container,docker_cpu3-interf_io-run10,base_stable,100001,94471,0.9447005529944701,67640,26831,40,20,13.302417558153762,0.0011227403782492393,,gaussian_gmm,4,-16828.286133975722,-8784.940232312478,26831,11,33778.91377078458,-0.3274175480717259,-8784.940232312478,0.0,0.0,"component_0_mean=-0.26876878,weight=0.81651537;component_1_mean=0.53301402,weight=0.10342902;component_2_mean=1.921952,weight=0.07865155;component_3_mean=9.3729771,weight=0.0014040604"
interference,container,docker_cpu3-interf_io-run10,base_stable,100001,94471,0.9447005529944701,67640,26831,40,20,13.302417558153762,0.0011227403782492393,,gaussian_hmm,4,2170.379463659217,392.98806891250376,26831,23,-4084.953966849146,0.014646791730181647,-23226.1612351854,104.88947241416034,0.8802932914948344,state_0_mean=-0.26646156;state_1_mean=0.76966435;state_2_mean=2.117074;state_3_mean=4.1185652
interference,container,docker_cpu3-interf_io-run10,base_stable,100001,94471,0.9447005529944701,67640,26831,40,20,13.302417558153762,0.0011227403782492393,,gaussian_gmm,5,-15737.626750499696,-8388.242004664588,26831,14,31630.960868241567,-0.3126324775321303,-8388.242004664588,0.0,0.0,"component_0_mean=-0.26892502,weight=0.8092653;component_1_mean=0.62836335,weight=0.13505215;component_2_mean=2.0987685,weight=0.04492341;component_3_mean=2.9002726,weight=0.010509545;component_4_mean=32.074474,weight=0.00024959041"
interference,container,docker_cpu3-interf_io-run10,base_stable,100001,94471,0.9447005529944701,67640,26831,40,20,13.302417558153762,0.0011227403782492393,,gaussian_hmm,5,4558.151733047439,1164.6934296262264,26831,34,-8738.157002792452,0.04340849873751356,-22131.53307258476,214.49685056871243,0.8682578548026904,state_0_mean=-0.2673416;state_1_mean=0.44606381;state_2_mean=1.1983876;state_3_mean=2.1165435;state_4_mean=3.9046321
interference,container,docker_cpu3-interf_io-run10,cap_2500us,100001,94471,0.9447005529944701,67640,26831,40,20,13.302417558153762,0.0011227403782492393,,iid_gaussian,1,-95976.50238596406,-30331.244682916094,26831,2,191975.24868153414,-1.1304552451610486,-30331.244682916094,0.0,0.0,mean=4.9826736e-13;sd=1
interference,container,docker_cpu3-interf_io-run10,cap_2500us,100001,94471,0.9447005529944701,67640,26831,40,20,13.302417558153762,0.0011227403782492393,,ar1_gaussian,1,,-29876.287284211736,26811,3,,-1.1143294649290119,,,,intercept=-0.00012113468;phi=0.15026042;sd=0.9884025
interference,container,docker_cpu3-interf_io-run10,cap_2500us,100001,94471,0.9447005529944701,67640,26831,40,20,13.302417558153762,0.0011227403782492393,,gaussian_gmm,2,-26544.20520337712,-12064.800464969778,26831,5,53144.02018076931,-0.44965899388654085,-12064.800464969778,0.0,0.0,"component_0_mean=-0.26294328,weight=0.80986998;component_1_mean=1.1200223,weight=0.19013002"
interference,container,docker_cpu3-interf_io-run10,cap_2500us,100001,94471,0.9447005529944701,67640,26831,40,20,13.302417558153762,0.0011227403782492393,,gaussian_hmm,2,-51173.052582722936,-17348.902945849964,26831,7,102423.95884906696,-0.6465991929428633,-18039.115307734657,126.87409561394927,0.02572443672933147,state_0_mean=-0.17215552;state_1_mean=1.7464387
interference,container,docker_cpu3-interf_io-run10,cap_2500us,100001,94471,0.9447005529944701,67640,26831,40,20,13.302417558153762,0.0011227403782492393,,gaussian_gmm,3,-17591.39297689643,-9821.837932476512,26831,8,35271.76159221696,-0.3660630588675976,-9821.837932476512,0.0,0.0,"component_0_mean=-0.26595692,weight=0.81080095;component_1_mean=1.0881971,weight=0.18843053;component_2_mean=13.777874,weight=0.00076851998"
interference,container,docker_cpu3-interf_io-run10,cap_2500us,100001,94471,0.9447005529944701,67640,26831,40,20,13.302417558153762,0.0011227403782492393,,gaussian_hmm,3,-8057.775609541585,-4917.397830031434,26831,14,16271.258586325346,-0.18327299877125094,-13791.379158420485,126.19571137250585,0.330736138361934,state_0_mean=-0.26876754;state_1_mean=1.1118936;state_2_mean=11.363917
interference,container,docker_cpu3-interf_io-run10,cap_2500us,100001,94471,0.9447005529944701,67640,26831,40,20,13.302417558153762,0.0011227403782492393,,gaussian_gmm,4,-16828.286133975722,-8784.940232312478,26831,11,33778.91377078458,-0.3274175480717259,-8784.940232312478,0.0,0.0,"component_0_mean=-0.26876878,weight=0.81651537;component_1_mean=0.53301402,weight=0.10342902;component_2_mean=1.921952,weight=0.07865155;component_3_mean=9.3729771,weight=0.0014040604"
interference,container,docker_cpu3-interf_io-run10,cap_2500us,100001,94471,0.9447005529944701,67640,26831,40,20,13.302417558153762,0.0011227403782492393,,gaussian_hmm,4,2170.379463659217,392.98806891250376,26831,23,-4084.953966849146,0.014646791730181647,-23282.802970275254,173.6403106698437,0.8824043471800438,state_0_mean=-0.26646156;state_1_mean=0.76966435;state_2_mean=2.117074;state_3_mean=4.1185652
interference,container,docker_cpu3-interf_io-run10,cap_2500us,100001,94471,0.9447005529944701,67640,26831,40,20,13.302417558153762,0.0011227403782492393,,gaussian_gmm,5,-15737.626750499696,-8388.242004664588,26831,14,31630.960868241567,-0.3126324775321303,-8388.242004664588,0.0,0.0,"component_0_mean=-0.26892502,weight=0.8092653;component_1_mean=0.62836335,weight=0.13505215;component_2_mean=2.0987685,weight=0.04492341;component_3_mean=2.9002726,weight=0.010509545;component_4_mean=32.074474,weight=0.00024959041"
interference,container,docker_cpu3-interf_io-run10,cap_2500us,100001,94471,0.9447005529944701,67640,26831,40,20,13.302417558153762,0.0011227403782492393,,gaussian_hmm,5,4558.151733047439,1164.6934296262264,26831,34,-8738.157002792452,0.04340849873751356,-22109.2369477416,192.00207682038578,0.8674268710583961,state_0_mean=-0.2673416;state_1_mean=0.44606381;state_2_mean=1.1983876;state_3_mean=2.1165435;state_4_mean=3.9046321
interference,container,docker_cpu3-interf_io-run10,cap_2000us,100001,94471,0.9447005529944701,67640,26831,40,20,13.302417558153762,0.0011227403782492393,,iid_gaussian,1,-95976.50238596406,-30331.244682916094,26831,2,191975.24868153414,-1.1304552451610486,-30331.244682916094,0.0,0.0,mean=4.9826736e-13;sd=1
interference,container,docker_cpu3-interf_io-run10,cap_2000us,100001,94471,0.9447005529944701,67640,26831,40,20,13.302417558153762,0.0011227403782492393,,ar1_gaussian,1,,-29876.287284211736,26811,3,,-1.1143294649290119,,,,intercept=-0.00012113468;phi=0.15026042;sd=0.9884025
interference,container,docker_cpu3-interf_io-run10,cap_2000us,100001,94471,0.9447005529944701,67640,26831,40,20,13.302417558153762,0.0011227403782492393,,gaussian_gmm,2,-26544.20520337712,-12064.800464969778,26831,5,53144.02018076931,-0.44965899388654085,-12064.800464969778,0.0,0.0,"component_0_mean=-0.26294328,weight=0.80986998;component_1_mean=1.1200223,weight=0.19013002"
interference,container,docker_cpu3-interf_io-run10,cap_2000us,100001,94471,0.9447005529944701,67640,26831,40,20,13.302417558153762,0.0011227403782492393,,gaussian_hmm,2,-51173.052582722936,-17348.902945849964,26831,7,102423.95884906696,-0.6465991929428633,-18052.650186649276,119.03327346841944,0.026228886019876704,state_0_mean=-0.17215552;state_1_mean=1.7464387
interference,container,docker_cpu3-interf_io-run10,cap_2000us,100001,94471,0.9447005529944701,67640,26831,40,20,13.302417558153762,0.0011227403782492393,,gaussian_gmm,3,-17591.39297689643,-9821.837932476512,26831,8,35271.76159221696,-0.3660630588675976,-9821.837932476512,0.0,0.0,"component_0_mean=-0.26595692,weight=0.81080095;component_1_mean=1.0881971,weight=0.18843053;component_2_mean=13.777874,weight=0.00076851998"
interference,container,docker_cpu3-interf_io-run10,cap_2000us,100001,94471,0.9447005529944701,67640,26831,40,20,13.302417558153762,0.0011227403782492393,,gaussian_hmm,3,-8057.775609541585,-4917.397830031434,26831,14,16271.258586325346,-0.18327299877125094,-13804.924113286103,133.5510021011089,0.3312409631864138,state_0_mean=-0.26876754;state_1_mean=1.1118936;state_2_mean=11.363917
interference,container,docker_cpu3-interf_io-run10,cap_2000us,100001,94471,0.9447005529944701,67640,26831,40,20,13.302417558153762,0.0011227403782492393,,gaussian_gmm,4,-16828.286133975722,-8784.940232312478,26831,11,33778.91377078458,-0.3274175480717259,-8784.940232312478,0.0,0.0,"component_0_mean=-0.26876878,weight=0.81651537;component_1_mean=0.53301402,weight=0.10342902;component_2_mean=1.921952,weight=0.07865155;component_3_mean=9.3729771,weight=0.0014040604"
interference,container,docker_cpu3-interf_io-run10,cap_2000us,100001,94471,0.9447005529944701,67640,26831,40,20,13.302417558153762,0.0011227403782492393,,gaussian_hmm,4,2170.379463659217,392.98806891250376,26831,23,-4084.953966849146,0.014646791730181647,-23335.99579202929,117.48103080269277,0.884386860755909,state_0_mean=-0.26646156;state_1_mean=0.76966435;state_2_mean=2.117074;state_3_mean=4.1185652
interference,container,docker_cpu3-interf_io-run10,cap_2000us,100001,94471,0.9447005529944701,67640,26831,40,20,13.302417558153762,0.0011227403782492393,,gaussian_gmm,5,-15737.626750499696,-8388.242004664588,26831,14,31630.960868241567,-0.3126324775321303,-8388.242004664588,0.0,0.0,"component_0_mean=-0.26892502,weight=0.8092653;component_1_mean=0.62836335,weight=0.13505215;component_2_mean=2.0987685,weight=0.04492341;component_3_mean=2.9002726,weight=0.010509545;component_4_mean=32.074474,weight=0.00024959041"
interference,container,docker_cpu3-interf_io-run10,cap_2000us,100001,94471,0.9447005529944701,67640,26831,40,20,13.302417558153762,0.0011227403782492393,,gaussian_hmm,5,4558.151733047439,1164.6934296262264,26831,34,-8738.157002792452,0.04340849873751356,-22201.712688527536,105.93112179344995,0.8708734716616512,state_0_mean=-0.2673416;state_1_mean=0.44606381;state_2_mean=1.1983876;state_3_mean=2.1165435;state_4_mean=3.9046321
interference,container,docker_cpu3-interf_io-run10,cap_1500us,100001,94471,0.9447005529944701,67640,26831,40,20,13.302417558153762,0.0011227403782492393,,iid_gaussian,1,-95976.50238596406,-30331.244682916094,26831,2,191975.24868153414,-1.1304552451610486,-30331.244682916094,0.0,0.0,mean=4.9826736e-13;sd=1
interference,container,docker_cpu3-interf_io-run10,cap_1500us,100001,94471,0.9447005529944701,67640,26831,40,20,13.302417558153762,0.0011227403782492393,,ar1_gaussian,1,,-29876.287284211736,26811,3,,-1.1143294649290119,,,,intercept=-0.00012113468;phi=0.15026042;sd=0.9884025
interference,container,docker_cpu3-interf_io-run10,cap_1500us,100001,94471,0.9447005529944701,67640,26831,40,20,13.302417558153762,0.0011227403782492393,,gaussian_gmm,2,-26544.20520337712,-12064.800464969778,26831,5,53144.02018076931,-0.44965899388654085,-12064.800464969778,0.0,0.0,"component_0_mean=-0.26294328,weight=0.80986998;component_1_mean=1.1200223,weight=0.19013002"
interference,container,docker_cpu3-interf_io-run10,cap_1500us,100001,94471,0.9447005529944701,67640,26831,40,20,13.302417558153762,0.0011227403782492393,,gaussian_hmm,2,-51173.052582722936,-17348.902945849964,26831,7,102423.95884906696,-0.6465991929428633,-18078.549231143537,170.96330252787115,0.027194151738420963,state_0_mean=-0.17215552;state_1_mean=1.7464387
interference,container,docker_cpu3-interf_io-run10,cap_1500us,100001,94471,0.9447005529944701,67640,26831,40,20,13.302417558153762,0.0011227403782492393,,gaussian_gmm,3,-17591.39297689643,-9821.837932476512,26831,8,35271.76159221696,-0.3660630588675976,-9821.837932476512,0.0,0.0,"component_0_mean=-0.26595692,weight=0.81080095;component_1_mean=1.0881971,weight=0.18843053;component_2_mean=13.777874,weight=0.00076851998"
interference,container,docker_cpu3-interf_io-run10,cap_1500us,100001,94471,0.9447005529944701,67640,26831,40,20,13.302417558153762,0.0011227403782492393,,gaussian_hmm,3,-8057.775609541585,-4917.397830031434,26831,14,16271.258586325346,-0.18327299877125094,-13812.849586450926,62.44114181709613,0.33153634812043875,state_0_mean=-0.26876754;state_1_mean=1.1118936;state_2_mean=11.363917
interference,container,docker_cpu3-interf_io-run10,cap_1500us,100001,94471,0.9447005529944701,67640,26831,40,20,13.302417558153762,0.0011227403782492393,,gaussian_gmm,4,-16828.286133975722,-8784.940232312478,26831,11,33778.91377078458,-0.3274175480717259,-8784.940232312478,0.0,0.0,"component_0_mean=-0.26876878,weight=0.81651537;component_1_mean=0.53301402,weight=0.10342902;component_2_mean=1.921952,weight=0.07865155;component_3_mean=9.3729771,weight=0.0014040604"
interference,container,docker_cpu3-interf_io-run10,cap_1500us,100001,94471,0.9447005529944701,67640,26831,40,20,13.302417558153762,0.0011227403782492393,,gaussian_hmm,4,2170.379463659217,392.98806891250376,26831,23,-4084.953966849146,0.014646791730181647,-23261.30489187088,235.53834905549218,0.8816031068832091,state_0_mean=-0.26646156;state_1_mean=0.76966435;state_2_mean=2.117074;state_3_mean=4.1185652
interference,container,docker_cpu3-interf_io-run10,cap_1500us,100001,94471,0.9447005529944701,67640,26831,40,20,13.302417558153762,0.0011227403782492393,,gaussian_gmm,5,-15737.626750499696,-8388.242004664588,26831,14,31630.960868241567,-0.3126324775321303,-8388.242004664588,0.0,0.0,"component_0_mean=-0.26892502,weight=0.8092653;component_1_mean=0.62836335,weight=0.13505215;component_2_mean=2.0987685,weight=0.04492341;component_3_mean=2.9002726,weight=0.010509545;component_4_mean=32.074474,weight=0.00024959041"
interference,container,docker_cpu3-interf_io-run10,cap_1500us,100001,94471,0.9447005529944701,67640,26831,40,20,13.302417558153762,0.0011227403782492393,,gaussian_hmm,5,4558.151733047439,1164.6934296262264,26831,34,-8738.157002792452,0.04340849873751356,-22170.958296445817,201.9550791932738,0.8697272455768343,state_0_mean=-0.2673416;state_1_mean=0.44606381;state_2_mean=1.1983876;state_3_mean=2.1165435;state_4_mean=3.9046321
interference,container,docker_cpu3-interf_io-run10,cap_1000us,100001,94471,0.9447005529944701,67640,26831,40,20,13.302417558153762,0.0011227403782492393,,iid_gaussian,1,-95976.50238596406,-30331.244682916094,26831,2,191975.24868153414,-1.1304552451610486,-30331.244682916094,0.0,0.0,mean=4.9826736e-13;sd=1
interference,container,docker_cpu3-interf_io-run10,cap_1000us,100001,94471,0.9447005529944701,67640,26831,40,20,13.302417558153762,0.0011227403782492393,,ar1_gaussian,1,,-29876.287284211736,26811,3,,-1.1143294649290119,,,,intercept=-0.00012113468;phi=0.15026042;sd=0.9884025
interference,container,docker_cpu3-interf_io-run10,cap_1000us,100001,94471,0.9447005529944701,67640,26831,40,20,13.302417558153762,0.0011227403782492393,,gaussian_gmm,2,-26544.20520337712,-12064.800464969778,26831,5,53144.02018076931,-0.44965899388654085,-12064.800464969778,0.0,0.0,"component_0_mean=-0.26294328,weight=0.80986998;component_1_mean=1.1200223,weight=0.19013002"
interference,container,docker_cpu3-interf_io-run10,cap_1000us,100001,94471,0.9447005529944701,67640,26831,40,20,13.302417558153762,0.0011227403782492393,,gaussian_hmm,2,-51173.052582722936,-17348.902945849964,26831,7,102423.95884906696,-0.6465991929428633,-18082.2549513145,115.61489018320167,0.027332265121111185,state_0_mean=-0.17215552;state_1_mean=1.7464387
interference,container,docker_cpu3-interf_io-run10,cap_1000us,100001,94471,0.9447005529944701,67640,26831,40,20,13.302417558153762,0.0011227403782492393,,gaussian_gmm,3,-17591.39297689643,-9821.837932476512,26831,8,35271.76159221696,-0.3660630588675976,-9821.837932476512,0.0,0.0,"component_0_mean=-0.26595692,weight=0.81080095;component_1_mean=1.0881971,weight=0.18843053;component_2_mean=13.777874,weight=0.00076851998"
interference,container,docker_cpu3-interf_io-run10,cap_1000us,100001,94471,0.9447005529944701,67640,26831,40,20,13.302417558153762,0.0011227403782492393,,gaussian_hmm,3,-8057.775609541585,-4917.397830031434,26831,14,16271.258586325346,-0.18327299877125094,-13790.59768018008,61.29443100381662,0.3307070124165572,state_0_mean=-0.26876754;state_1_mean=1.1118936;state_2_mean=11.363917
interference,container,docker_cpu3-interf_io-run10,cap_1000us,100001,94471,0.9447005529944701,67640,26831,40,20,13.302417558153762,0.0011227403782492393,,gaussian_gmm,4,-16828.286133975722,-8784.940232312478,26831,11,33778.91377078458,-0.3274175480717259,-8784.940232312478,0.0,0.0,"component_0_mean=-0.26876878,weight=0.81651537;component_1_mean=0.53301402,weight=0.10342902;component_2_mean=1.921952,weight=0.07865155;component_3_mean=9.3729771,weight=0.0014040604"
interference,container,docker_cpu3-interf_io-run10,cap_1000us,100001,94471,0.9447005529944701,67640,26831,40,20,13.302417558153762,0.0011227403782492393,,gaussian_hmm,4,2170.379463659217,392.98806891250376,26831,23,-4084.953966849146,0.014646791730181647,-23202.763187989003,217.89406791195265,0.8794212387500095,state_0_mean=-0.26646156;state_1_mean=0.76966435;state_2_mean=2.117074;state_3_mean=4.1185652
interference,container,docker_cpu3-interf_io-run10,cap_1000us,100001,94471,0.9447005529944701,67640,26831,40,20,13.302417558153762,0.0011227403782492393,,gaussian_gmm,5,-15737.626750499696,-8388.242004664588,26831,14,31630.960868241567,-0.3126324775321303,-8388.242004664588,0.0,0.0,"component_0_mean=-0.26892502,weight=0.8092653;component_1_mean=0.62836335,weight=0.13505215;component_2_mean=2.0987685,weight=0.04492341;component_3_mean=2.9002726,weight=0.010509545;component_4_mean=32.074474,weight=0.00024959041"
interference,container,docker_cpu3-interf_io-run10,cap_1000us,100001,94471,0.9447005529944701,67640,26831,40,20,13.302417558153762,0.0011227403782492393,,gaussian_hmm,5,4558.151733047439,1164.6934296262264,26831,34,-8738.157002792452,0.04340849873751356,-22237.140876503592,114.77323976709451,0.8721938916227431,state_0_mean=-0.2673416;state_1_mean=0.44606381;state_2_mean=1.1983876;state_3_mean=2.1165435;state_4_mean=3.9046321
interference,container,docker_cpu3-interf_io-run10,train_q_0.999,100001,94392,0.9439105608943911,67572,26820,107,31,13.302404206869603,0.0007501086388042053,,iid_gaussian,1,-95880.01456570615,-37072.152555844295,26820,2,191782.2710293624,-1.3822577388457977,-37072.152555844295,0.0,0.0,mean=1.9551808e-14;sd=1
interference,container,docker_cpu3-interf_io-run10,train_q_0.999,100001,94392,0.9439105608943911,67572,26820,107,31,13.302404206869603,0.0007501086388042053,,ar1_gaussian,1,,-36393.44422230401,26789,3,,-1.3585219389415062,,,,intercept=-0.0014566492;phi=0.28220926;sd=0.95750383
interference,container,docker_cpu3-interf_io-run10,train_q_0.999,100001,94392,0.9439105608943911,67572,26820,107,31,13.302404206869603,0.0007501086388042053,,gaussian_gmm,2,-44047.957769866945,-20494.82418742811,26820,5,88151.5202846091,-0.7641619756684604,-20494.82418742811,0.0,0.0,"component_0_mean=-0.38043008,weight=0.81142038;component_1_mean=1.6369145,weight=0.18857962"
interference,container,docker_cpu3-interf_io-run10,train_q_0.999,100001,94392,0.9439105608943911,67572,26820,107,31,13.302404206869603,0.0007501086388042053,,gaussian_hmm,2,-34621.79186629194,-15617.290205168549,26820,7,69321.43037540918,-0.5823001567922651,-24459.77215981307,108.11497553114387,0.329697313745135,state_0_mean=-0.38449697;state_1_mean=1.6794955
interference,container,docker_cpu3-interf_io-run10,train_q_0.999,100001,94392,0.9439105608943911,67572,26820,107,31,13.302404206869603,0.0007501086388042053,,gaussian_gmm,3,-43274.357291203916,-19434.10460370039,26820,8,86637.68217420817,-0.7246124013311107,-19434.10460370039,0.0,0.0,"component_0_mean=-0.38468145,weight=0.81582485;component_1_mean=0.83753744,weight=0.10998508;component_2_mean=2.9884872,weight=0.074190066"
interference,container,docker_cpu3-interf_io-run10,train_q_0.999,100001,94392,0.9439105608943911,67572,26820,107,31,13.302404206869603,0.0007501086388042053,,gaussian_hmm,3,-24852.841282394093,-10989.462090801699,26820,14,49861.37585043878,-0.4097487729605406,-33035.09607633922,156.30965529865054,0.8219848615040091,state_0_mean=-0.38131771;state_1_mean=1.3198758;state_2_mean=3.1851451
interference,container,docker_cpu3-interf_io-run10,train_q_0.999,100001,94392,0.9439105608943911,67572,26820,107,31,13.302404206869603,0.0007501086388042053,,gaussian_gmm,4,-43287.509035537616,-19443.604789846417,26820,11,86697.34850980071,-0.7249666215453549,-19443.604789846417,0.0,0.0,"component_0_mean=-0.45537356,weight=0.55984705;component_1_mean=-0.2285085,weight=0.25642478;component_2_mean=0.8269198,weight=0.10788746;component_3_mean=2.9577849,weight=0.07584071"
interference,container,docker_cpu3-interf_io-run10,train_q_0.999,100001,94392,0.9439105608943911,67572,26820,107,31,13.302404206869603,0.0007501086388042053,,gaussian_hmm,4,-22679.2369963127,-9749.14048101827,26820,23,45614.255819051374,-0.3635026279276014,-32877.80575250227,168.70746953194038,0.8623663412186426,state_0_mean=-0.38241366;state_1_mean=0.65169666;state_2_mean=2.0077779;state_3_mean=3.1863902
interference,container,docker_cpu3-interf_io-run10,train_q_0.999,100001,94392,0.9439105608943911,67572,26820,107,31,13.302404206869603,0.0007501086388042053,,gaussian_gmm,5,-43220.488101916904,-19452.78835918714,26820,14,86596.66948948441,-0.7253090365095876,-19452.78835918714,0.0,0.0,"component_0_mean=-0.49732644,weight=0.4404958;component_1_mean=-0.26018531,weight=0.37168227;component_2_mean=0.50434269,weight=0.076551213;component_3_mean=1.470955,weight=0.036418576;component_4_mean=2.9872001,weight=0.074852146"
interference,container,docker_cpu3-interf_io-run10,train_q_0.999,100001,94392,0.9439105608943911,67572,26820,107,31,13.302404206869603,0.0007501086388042053,,gaussian_hmm,5,-20874.43159255727,-9090.223969930375,26820,34,42126.97545026599,-0.3389345253516173,-32084.674535011534,158.42630729465006,0.8573620643206994,state_0_mean=-0.38249279;state_1_mean=0.68788873;state_2_mean=1.7872596;state_3_mean=3.1811094;state_4_mean=4.5160567
interference,container,docker_cpu3-interf_io-run10,train_q_0.9995,100001,94436,0.944350556494435,67606,26830,73,21,13.302406878627991,0.0007593474244642278,,iid_gaussian,1,-95928.2584758351,-37020.698491422714,26830,2,191878.75985570118,-1.3798247667321175,-37020.698491422714,0.0,0.0,mean=5.2731213e-13;sd=1
interference,container,docker_cpu3-interf_io-run10,train_q_0.9995,100001,94436,0.944350556494435,67606,26830,73,21,13.302406878627991,0.0007593474244642278,,ar1_gaussian,1,,-36347.72139210578,26809,3,,-1.3558029539373262,,,,intercept=-0.00068412073;phi=0.28772184;sd=0.95688174
interference,container,docker_cpu3-interf_io-run10,train_q_0.9995,100001,94436,0.944350556494435,67606,26830,73,21,13.302406878627991,0.0007593474244642278,,gaussian_gmm,2,-43595.66160937464,-20287.97448009846,26830,5,87246.93047882673,-0.7561675169622981,-20287.97448009846,0.0,0.0,"component_0_mean=-0.37924779,weight=0.81043024;component_1_mean=1.6213233,weight=0.18956976"
interference,container,docker_cpu3-interf_io-run10,train_q_0.9995,100001,94436,0.944350556494435,67606,26830,73,21,13.302406878627991,0.0007593474244642278,,gaussian_hmm,2,-34134.08786922878,-15399.893757861917,26830,7,68346.02590256598,-0.5739803860552336,-24251.55675091921,101.64815160984311,0.32991662292423757,state_0_mean=-0.3833013;state_1_mean=1.6674961
interference,container,docker_cpu3-interf_io-run10,train_q_0.9995,100001,94436,0.944350556494435,67606,26830,73,21,13.302406878627991,0.0007593474244642278,,gaussian_gmm,3,-42877.058442266585,-19239.272128121578,26830,8,85843.08850065708,-0.7170805862139984,-19239.272128121578,0.0,0.0,"component_0_mean=-0.38409862,weight=0.81359107;component_1_mean=0.76670472,weight=0.10433709;component_2_mean=2.8329264,weight=0.082071836"
interference,container,docker_cpu3-interf_io-run10,train_q_0.9995,100001,94436,0.944350556494435,67606,26830,73,21,13.302406878627991,0.0007593474244642278,,gaussian_hmm,3,-24497.128878550695,-10855.235954440115,26830,14,49149.958085318234,-0.4045932148505447,-32730.679852722515,156.3559172058759,0.8153352179754901,state_0_mean=-0.38022036;state_1_mean=1.3211541;state_2_mean=3.1425114
interference,container,docker_cpu3-interf_io-run10,train_q_0.9995,100001,94436,0.944350556494435,67606,26830,73,21,13.302406878627991,0.0007593474244642278,,gaussian_gmm,4,-41774.62667857185,-18860.841130348083,26830,11,83671.58932931407,-0.7029758155180054,-18860.841130348083,0.0,0.0,"component_0_mean=-0.38324788,weight=0.81117179;component_1_mean=0.96161296,weight=0.13445674;component_2_mean=3.1164209,weight=0.045306702;component_3_mean=4.4556874,weight=0.009064768"
interference,container,docker_cpu3-interf_io-run10,train_q_0.9995,100001,94436,0.944350556494435,67606,26830,73,21,13.302406878627991,0.0007593474244642278,,gaussian_hmm,4,-24145.21638614747,-10397.919599558942,26830,23,48546.22616865118,-0.3875482519403258,-29551.36461789317,104.16562384566096,0.7138816630016485,state_0_mean=-0.38074351;state_1_mean=0.68088723;state_2_mean=1.7715946;state_3_mean=3.3114425
interference,container,docker_cpu3-interf_io-run10,train_q_0.9995,100001,94436,0.944350556494435,67606,26830,73,21,13.302406878627991,0.0007593474244642278,,gaussian_gmm,5,-41779.71700815001,-18861.313681185253,26830,14,83715.13434451686,-0.7029934282961332,-18861.313681185253,0.0,0.0,"component_0_mean=-0.45733954,weight=0.54197425;component_1_mean=-0.23172609,weight=0.26903491;component_2_mean=0.95992284,weight=0.13487576;component_3_mean=3.1184717,weight=0.044448323;component_4_mean=4.3579765,weight=0.0096667567"
interference,container,docker_cpu3-interf_io-run10,train_q_0.9995,100001,94436,0.944350556494435,67606,26830,73,21,13.302406878627991,0.0007593474244642278,,gaussian_hmm,5,-20293.660107013908,-8853.359466675967,26830,34,40965.449582554436,-0.3299798533982843,-31813.03374962944,155.03898710884482,0.8557463392826491,state_0_mean=-0.38136832;state_1_mean=0.67293164;state_2_mean=1.7568363;state_3_mean=3.1393912;state_4_mean=4.514037
interference,container,docker_cpu3-interf_io-run10,train_q_0.9999,100001,94464,0.944630553694463,67633,26831,47,20,13.302410127859721,0.0007804099037795757,,iid_gaussian,1,-95966.56981623164,-36405.4626976445,26831,2,191955.38333508046,-1.3568433042989265,-36405.4626976445,0.0,0.0,mean=4.4232018e-13;sd=1
interference,container,docker_cpu3-interf_io-run10,train_q_0.9999,100001,94464,0.944630553694463,67633,26831,47,20,13.302410127859721,0.0007804099037795757,,ar1_gaussian,1,,-35707.40084893291,26811,3,,-1.331819061166421,,,,intercept=-0.00031060465;phi=0.28791246;sd=0.95658388
interference,container,docker_cpu3-interf_io-run10,train_q_0.9999,100001,94464,0.944630553694463,67633,26831,47,20,13.302410127859721,0.0007804099037795757,,gaussian_gmm,2,-42585.47795421915,-19616.272612723522,26831,5,85226.5651649813,-0.7311047897105408,-19616.272612723522,0.0,0.0,"component_0_mean=-0.37291491,weight=0.80846747;component_1_mean=1.5740907,weight=0.19153253"
interference,container,docker_cpu3-interf_io-run10,train_q_0.9999,100001,94464,0.944630553694463,67633,26831,47,20,13.302410127859721,0.0007804099037795757,,gaussian_hmm,2,-33117.61362593922,-14729.66940897715,26831,7,66313.08021103863,-0.5489795165658063,-23568.979755106495,75.13027604016528,0.3294439397014403,state_0_mean=-0.37708252;state_1_mean=1.6265523
interference,container,docker_cpu3-interf_io-run10,train_q_0.9999,100001,94464,0.944630553694463,67633,26831,47,20,13.302410127859721,0.0007804099037795757,,gaussian_gmm,3,-41878.583956233764,-18570.81336239494,26831,8,83846.1427229363,-0.6921401871862748,-18570.81336239494,0.0,0.0,"component_0_mean=-0.37848446,weight=0.8084067;component_1_mean=0.65610422,weight=0.083461436;component_2_mean=2.3231818,weight=0.10813186"
interference,container,docker_cpu3-interf_io-run10,train_q_0.9999,100001,94464,0.944630553694463,67633,26831,47,20,13.302410127859721,0.0007804099037795757,,gaussian_hmm,3,-25836.243128225997,-10574.072775614892,26831,14,51828.19217477236,-0.3940990934223432,-26502.048542061577,104.34464409200038,0.5936407799353988,state_0_mean=-0.37461594;state_1_mean=1.1198859;state_2_mean=3.090601
interference,container,docker_cpu3-interf_io-run10,train_q_0.9999,100001,94464,0.944630553694463,67633,26831,47,20,13.302410127859721,0.0007804099037795757,,gaussian_gmm,4,-41887.216257305365,-18590.976005815493,26831,11,83896.77287900531,-0.6928916553917295,-18590.976005815493,0.0,0.0,"component_0_mean=-0.4440368,weight=0.56017588;component_1_mean=-0.22795396,weight=0.25094799;component_2_mean=0.67818977,weight=0.076658121;component_3_mean=2.2630461,weight=0.11221801"
interference,container,docker_cpu3-interf_io-run10,train_q_0.9999,100001,94464,0.944630553694463,67633,26831,47,20,13.302410127859721,0.0007804099037795757,,gaussian_hmm,4,-21235.734734530673,-8666.644214600998,26831,23,42727.27204915909,-0.3230086174425477,-32967.52752341468,142.93474552370614,0.9057017371254774,state_0_mean=-0.37366851;state_1_mean=1.0284769;state_2_mean=2.8716422;state_3_mean=3.0493347
interference,container,docker_cpu3-interf_io-run10,train_q_0.9999,100001,94464,0.944630553694463,67633,26831,47,20,13.302410127859721,0.0007804099037795757,,gaussian_gmm,5,-40363.907985477395,-18186.4023700497,26831,14,80883.52188927516,-0.6778130658585106,-18186.4023700497,0.0,0.0,"component_0_mean=-0.45140821,weight=0.5339807;component_1_mean=-0.23152282,weight=0.27633296;component_2_mean=0.91702886,weight=0.13066805;component_3_mean=3.0328456,weight=0.044150651;component_4_mean=3.4499228,weight=0.014867631"
interference,container,docker_cpu3-interf_io-run10,train_q_0.9999,100001,94464,0.944630553694463,67633,26831,47,20,13.302410127859721,0.0007804099037795757,,gaussian_hmm,5,-18847.794057575597,-8211.190378721853,26831,34,38073.731059643505,-0.30603370648585043,-31277.772717560398,112.18528641835792,0.8596989429703905,state_0_mean=-0.37520329;state_1_mean=0.64058343;state_2_mean=1.7027582;state_3_mean=3.0515379;state_4_mean=4.1376177
interference,container,docker_cpu3-interf_io-run6,base_stable,100001,97217,0.9721602783972161,68259,28958,44,18,13.309937635104557,0.0015830096305509416,,iid_gaussian,1,-96854.82533801775,-26804.40634115814,28958,2,193731.91280518047,-0.9256304420594703,-26804.40634115814,0.0,0.0,mean=-1.1986317e-12;sd=1
interference,container,docker_cpu3-interf_io-run6,base_stable,100001,97217,0.9721602783972161,68259,28958,44,18,13.309937635104557,0.0015830096305509416,,ar1_gaussian,1,,-26780.675145194364,28940,3,,-0.925386148762763,,,,intercept=-0.00013225036;phi=0.011207999;sd=0.99980292
interference,container,docker_cpu3-interf_io-run6,base_stable,100001,97217,0.9721602783972161,68259,28958,44,18,13.309937635104557,0.0015830096305509416,,gaussian_gmm,2,47042.92336842428,23014.395284064078,28958,5,-94030.19141398613,0.7947508558624241,23014.395284064078,0.0,0.0,"component_0_mean=-0.013493479,weight=0.99079903;component_1_mean=1.4530342,weight=0.0092009712"
interference,container,docker_cpu3-interf_io-run6,base_stable,100001,97217,0.9721602783972161,68259,28958,44,18,13.309937635104557,0.0015830096305509416,,gaussian_hmm,2,44021.179311611595,22757.20839423156,28958,7,-87964.44117121579,0.7858694797372594,22757.20218377523,0.03178887893619081,2.1446426995741974e-07,state_0_mean=-0.010593459;state_1_mean=2.6039723
interference,container,docker_cpu3-interf_io-run6,base_stable,100001,97217,0.9721602783972161,68259,28958,44,18,13.309937635104557,0.0015830096305509416,,gaussian_gmm,3,47090.352223483926,23016.00603933725,28958,8,-94091.65593038796,0.7948064797063765,23016.00603933725,0.0,0.0,"component_0_mean=-0.013575967,weight=0.99059856;component_1_mean=1.2020894,weight=0.0093721391;component_2_mean=74.476872,weight=2.9300166e-05"
interference,container,docker_cpu3-interf_io-run6,base_stable,100001,97217,0.9721602783972161,68259,28958,44,18,13.309937635104557,0.0015830096305509416,,gaussian_hmm,3,44038.65098264587,22759.843211593085,28958,14,-87921.46706127696,0.7859604672834134,22759.84882790743,0.006356450933228568,-1.9394690052450699e-07,state_0_mean=-0.010623115;state_1_mean=2.0563963;state_2_mean=74.476875
interference,container,docker_cpu3-interf_io-run6,base_stable,100001,97217,0.9721602783972161,68259,28958,44,18,13.309937635104557,0.0015830096305509416,,gaussian_gmm,4,52076.589028455805,24285.131918061452,28958,11,-104030.73634661427,0.8386329138083242,24285.131918061452,0.0,0.0,"component_0_mean=-0.038703262,weight=0.81397699;component_1_mean=0.12454187,weight=0.18550566;component_2_mean=13.233916,weight=0.00049198121;component_3_mean=74.47944,weight=2.5369483e-05"
interference,container,docker_cpu3-interf_io-run6,base_stable,100001,97217,0.9721602783972161,68259,28958,44,18,13.309937635104557,0.0015830096305509416,,gaussian_hmm,4,61783.051008885064,28528.33773412219,28958,23,-123310.08753260296,0.9851625711071963,21251.403190563804,59.68846990868159,0.2512927185426613,state_0_mean=-0.040028556;state_1_mean=0.16483708;state_2_mean=14.040259;state_3_mean=74.477614
interference,container,docker_cpu3-interf_io-run6,base_stable,100001,97217,0.9721602783972161,68259,28958,44,18,13.309937635104557,0.0015830096305509416,,gaussian_gmm,5,52112.65900151216,24453.23959733508,28958,14,-104069.48309900954,0.8444381379009283,24453.23959733508,0.0,0.0,"component_0_mean=-0.045718705,weight=0.76185683;component_1_mean=0.10041783,weight=0.23133923;component_2_mean=0.67209153,weight=0.0067453418;component_3_mean=74.476872,weight=2.9300166e-05;component_4_mean=166.71759,weight=2.9300166e-05"
interference,container,docker_cpu3-interf_io-run6,base_stable,100001,97217,0.9721602783972161,68259,28958,44,18,13.309937635104557,0.0015830096305509416,,gaussian_hmm,5,64734.39092195272,29188.061487441595,28958,34,-129090.32564844094,1.0079446607998341,21020.737428613254,32.85940514501024,0.28204033630873476,state_0_mean=-0.040362533;state_1_mean=0.13582233;state_2_mean=0.62175981;state_3_mean=74.476872;state_4_mean=166.71759
interference,container,docker_cpu3-interf_io-run6,cap_2500us,100001,97217,0.9721602783972161,68259,28958,44,18,13.309937635104557,0.0015830096305509416,,iid_gaussian,1,-96854.82533801775,-26804.40634115814,28958,2,193731.91280518047,-0.9256304420594703,-26804.40634115814,0.0,0.0,mean=-1.1986317e-12;sd=1
interference,container,docker_cpu3-interf_io-run6,cap_2500us,100001,97217,0.9721602783972161,68259,28958,44,18,13.309937635104557,0.0015830096305509416,,ar1_gaussian,1,,-26780.675145194364,28940,3,,-0.925386148762763,,,,intercept=-0.00013225036;phi=0.011207999;sd=0.99980292
interference,container,docker_cpu3-interf_io-run6,cap_2500us,100001,97217,0.9721602783972161,68259,28958,44,18,13.309937635104557,0.0015830096305509416,,gaussian_gmm,2,47042.92336842428,23014.395284064078,28958,5,-94030.19141398613,0.7947508558624241,23014.395284064078,0.0,0.0,"component_0_mean=-0.013493479,weight=0.99079903;component_1_mean=1.4530342,weight=0.0092009712"
interference,container,docker_cpu3-interf_io-run6,cap_2500us,100001,97217,0.9721602783972161,68259,28958,44,18,13.309937635104557,0.0015830096305509416,,gaussian_hmm,2,44021.179311611595,22757.20839423156,28958,7,-87964.44117121579,0.7858694797372594,22757.21425976306,0.0009885879576370913,-2.025530596244056e-07,state_0_mean=-0.010593459;state_1_mean=2.6039723
interference,container,docker_cpu3-interf_io-run6,cap_2500us,100001,97217,0.9721602783972161,68259,28958,44,18,13.309937635104557,0.0015830096305509416,,gaussian_gmm,3,47090.352223483926,23016.00603933725,28958,8,-94091.65593038796,0.7948064797063765,23016.00603933725,0.0,0.0,"component_0_mean=-0.013575967,weight=0.99059856;component_1_mean=1.2020894,weight=0.0093721391;component_2_mean=74.476872,weight=2.9300166e-05"
interference,container,docker_cpu3-interf_io-run6,cap_2500us,100001,97217,0.9721602783972161,68259,28958,44,18,13.309937635104557,0.0015830096305509416,,gaussian_hmm,3,44038.65098264587,22759.843211593085,28958,14,-87921.46706127696,0.7859604672834134,22759.84938999646,0.004554832193795448,-2.133573926061274e-07,state_0_mean=-0.010623115;state_1_mean=2.0563963;state_2_mean=74.476875
interference,container,docker_cpu3-interf_io-run6,cap_2500us,100001,97217,0.9721602783972161,68259,28958,44,18,13.309937635104557,0.0015830096305509416,,gaussian_gmm,4,52076.589028455805,24285.131918061452,28958,11,-104030.73634661427,0.8386329138083242,24285.131918061452,0.0,0.0,"component_0_mean=-0.038703262,weight=0.81397699;component_1_mean=0.12454187,weight=0.18550566;component_2_mean=13.233916,weight=0.00049198121;component_3_mean=74.47944,weight=2.5369483e-05"
interference,container,docker_cpu3-interf_io-run6,cap_2500us,100001,97217,0.9721602783972161,68259,28958,44,18,13.309937635104557,0.0015830096305509416,,gaussian_hmm,4,61783.051008885064,28528.33773412219,28958,23,-123310.08753260296,0.9851625711071963,21253.709945735514,42.42188747879988,0.25121305989317894,state_0_mean=-0.040028556;state_1_mean=0.16483708;state_2_mean=14.040259;state_3_mean=74.477614
interference,container,docker_cpu3-interf_io-run6,cap_2500us,100001,97217,0.9721602783972161,68259,28958,44,18,13.309937635104557,0.0015830096305509416,,gaussian_gmm,5,52112.65900151216,24453.23959733508,28958,14,-104069.48309900954,0.8444381379009283,24453.23959733508,0.0,0.0,"component_0_mean=-0.045718705,weight=0.76185683;component_1_mean=0.10041783,weight=0.23133923;component_2_mean=0.67209153,weight=0.0067453418;component_3_mean=74.476872,weight=2.9300166e-05;component_4_mean=166.71759,weight=2.9300166e-05"
interference,container,docker_cpu3-interf_io-run6,cap_2500us,100001,97217,0.9721602783972161,68259,28958,44,18,13.309937635104557,0.0015830096305509416,,gaussian_hmm,5,64734.39092195272,29188.061487441595,28958,34,-129090.32564844094,1.0079446607998341,21017.994685255737,45.59196935470238,0.282135050838658,state_0_mean=-0.040362533;state_1_mean=0.13582233;state_2_mean=0.62175981;state_3_mean=74.476872;state_4_mean=166.71759
interference,container,docker_cpu3-interf_io-run6,cap_2000us,100001,97217,0.9721602783972161,68259,28958,44,18,13.309937635104557,0.0015830096305509416,,iid_gaussian,1,-96854.82533801775,-26804.40634115814,28958,2,193731.91280518047,-0.9256304420594703,-26804.40634115814,0.0,0.0,mean=-1.1986317e-12;sd=1
interference,container,docker_cpu3-interf_io-run6,cap_2000us,100001,97217,0.9721602783972161,68259,28958,44,18,13.309937635104557,0.0015830096305509416,,ar1_gaussian,1,,-26780.675145194364,28940,3,,-0.925386148762763,,,,intercept=-0.00013225036;phi=0.011207999;sd=0.99980292
interference,container,docker_cpu3-interf_io-run6,cap_2000us,100001,97217,0.9721602783972161,68259,28958,44,18,13.309937635104557,0.0015830096305509416,,gaussian_gmm,2,47042.92336842428,23014.395284064078,28958,5,-94030.19141398613,0.7947508558624241,23014.395284064078,0.0,0.0,"component_0_mean=-0.013493479,weight=0.99079903;component_1_mean=1.4530342,weight=0.0092009712"
interference,container,docker_cpu3-interf_io-run6,cap_2000us,100001,97217,0.9721602783972161,68259,28958,44,18,13.309937635104557,0.0015830096305509416,,gaussian_hmm,2,44021.179311611595,22757.20839423156,28958,7,-87964.44117121579,0.7858694797372594,22757.21340465768,0.003531730115514915,-1.7302390085163568e-07,state_0_mean=-0.010593459;state_1_mean=2.6039723
interference,container,docker_cpu3-interf_io-run6,cap_2000us,100001,97217,0.9721602783972161,68259,28958,44,18,13.309937635104557,0.0015830096305509416,,gaussian_gmm,3,47090.352223483926,23016.00603933725,28958,8,-94091.65593038796,0.7948064797063765,23016.00603933725,0.0,0.0,"component_0_mean=-0.013575967,weight=0.99059856;component_1_mean=1.2020894,weight=0.0093721391;component_2_mean=74.476872,weight=2.9300166e-05"
interference,container,docker_cpu3-interf_io-run6,cap_2000us,100001,97217,0.9721602783972161,68259,28958,44,18,13.309937635104557,0.0015830096305509416,,gaussian_hmm,3,44038.65098264587,22759.843211593085,28958,14,-87921.46706127696,0.7859604672834134,22759.8514359257,0.0004795828467175035,-2.8400899973032127e-07,state_0_mean=-0.010623115;state_1_mean=2.0563963;state_2_mean=74.476875
interference,container,docker_cpu3-interf_io-run6,cap_2000us,100001,97217,0.9721602783972161,68259,28958,44,18,13.309937635104557,0.0015830096305509416,,gaussian_gmm,4,52076.589028455805,24285.131918061452,28958,11,-104030.73634661427,0.8386329138083242,24285.131918061452,0.0,0.0,"component_0_mean=-0.038703262,weight=0.81397699;component_1_mean=0.12454187,weight=0.18550566;component_2_mean=13.233916,weight=0.00049198121;component_3_mean=74.47944,weight=2.5369483e-05"
interference,container,docker_cpu3-interf_io-run6,cap_2000us,100001,97217,0.9721602783972161,68259,28958,44,18,13.309937635104557,0.0015830096305509416,,gaussian_hmm,4,61783.051008885064,28528.33773412219,28958,23,-123310.08753260296,0.9851625711071963,21239.411417471078,39.73852804202214,0.2517068277039544,state_0_mean=-0.040028556;state_1_mean=0.16483708;state_2_mean=14.040259;state_3_mean=74.477614
interference,container,docker_cpu3-interf_io-run6,cap_2000us,100001,97217,0.9721602783972161,68259,28958,44,18,13.309937635104557,0.0015830096305509416,,gaussian_gmm,5,52112.65900151216,24453.23959733508,28958,14,-104069.48309900954,0.8444381379009283,24453.23959733508,0.0,0.0,"component_0_mean=-0.045718705,weight=0.76185683;component_1_mean=0.10041783,weight=0.23133923;component_2_mean=0.67209153,weight=0.0067453418;component_3_mean=74.476872,weight=2.9300166e-05;component_4_mean=166.71759,weight=2.9300166e-05"
interference,container,docker_cpu3-interf_io-run6,cap_2000us,100001,97217,0.9721602783972161,68259,28958,44,18,13.309937635104557,0.0015830096305509416,,gaussian_hmm,5,64734.39092195272,29188.061487441595,28958,34,-129090.32564844094,1.0079446607998341,21009.452365600555,38.418047383400506,0.2824300408122467,state_0_mean=-0.040362533;state_1_mean=0.13582233;state_2_mean=0.62175981;state_3_mean=74.476872;state_4_mean=166.71759
interference,container,docker_cpu3-interf_io-run6,cap_1500us,100001,97217,0.9721602783972161,68259,28958,44,18,13.309937635104557,0.0015830096305509416,,iid_gaussian,1,-96854.82533801775,-26804.40634115814,28958,2,193731.91280518047,-0.9256304420594703,-26804.40634115814,0.0,0.0,mean=-1.1986317e-12;sd=1
interference,container,docker_cpu3-interf_io-run6,cap_1500us,100001,97217,0.9721602783972161,68259,28958,44,18,13.309937635104557,0.0015830096305509416,,ar1_gaussian,1,,-26780.675145194364,28940,3,,-0.925386148762763,,,,intercept=-0.00013225036;phi=0.011207999;sd=0.99980292
interference,container,docker_cpu3-interf_io-run6,cap_1500us,100001,97217,0.9721602783972161,68259,28958,44,18,13.309937635104557,0.0015830096305509416,,gaussian_gmm,2,47042.92336842428,23014.395284064078,28958,5,-94030.19141398613,0.7947508558624241,23014.395284064078,0.0,0.0,"component_0_mean=-0.013493479,weight=0.99079903;component_1_mean=1.4530342,weight=0.0092009712"
interference,container,docker_cpu3-interf_io-run6,cap_1500us,100001,97217,0.9721602783972161,68259,28958,44,18,13.309937635104557,0.0015830096305509416,,gaussian_hmm,2,44021.179311611595,22757.20839423156,28958,7,-87964.44117121579,0.7858694797372594,22757.21293427872,0.003819955934913728,-1.5678041165980218e-07,state_0_mean=-0.010593459;state_1_mean=2.6039723
interference,container,docker_cpu3-interf_io-run6,cap_1500us,100001,97217,0.9721602783972161,68259,28958,44,18,13.309937635104557,0.0015830096305509416,,gaussian_gmm,3,47090.352223483926,23016.00603933725,28958,8,-94091.65593038796,0.7948064797063765,23016.00603933725,0.0,0.0,"component_0_mean=-0.013575967,weight=0.99059856;component_1_mean=1.2020894,weight=0.0093721391;component_2_mean=74.476872,weight=2.9300166e-05"
interference,container,docker_cpu3-interf_io-run6,cap_1500us,100001,97217,0.9721602783972161,68259,28958,44,18,13.309937635104557,0.0015830096305509416,,gaussian_hmm,3,44038.65098264587,22759.843211593085,28958,14,-87921.46706127696,0.7859604672834134,22759.850407123573,0.0011056325571542375,-2.484816108981495e-07,state_0_mean=-0.010623115;state_1_mean=2.0563963;state_2_mean=74.476875
interference,container,docker_cpu3-interf_io-run6,cap_1500us,100001,97217,0.9721602783972161,68259,28958,44,18,13.309937635104557,0.0015830096305509416,,gaussian_gmm,4,52076.589028455805,24285.131918061452,28958,11,-104030.73634661427,0.8386329138083242,24285.131918061452,0.0,0.0,"component_0_mean=-0.038703262,weight=0.81397699;component_1_mean=0.12454187,weight=0.18550566;component_2_mean=13.233916,weight=0.00049198121;component_3_mean=74.47944,weight=2.5369483e-05"
interference,container,docker_cpu3-interf_io-run6,cap_1500us,100001,97217,0.9721602783972161,68259,28958,44,18,13.309937635104557,0.0015830096305509416,,gaussian_hmm,4,61783.051008885064,28528.33773412219,28958,23,-123310.08753260296,0.9851625711071963,21260.167065842805,39.179385285939006,0.25099007763931847,state_0_mean=-0.040028556;state_1_mean=0.16483708;state_2_mean=14.040259;state_3_mean=74.477614
interference,container,docker_cpu3-interf_io-run6,cap_1500us,100001,97217,0.9721602783972161,68259,28958,44,18,13.309937635104557,0.0015830096305509416,,gaussian_gmm,5,52112.65900151216,24453.23959733508,28958,14,-104069.48309900954,0.8444381379009283,24453.23959733508,0.0,0.0,"component_0_mean=-0.045718705,weight=0.76185683;component_1_mean=0.10041783,weight=0.23133923;component_2_mean=0.67209153,weight=0.0067453418;component_3_mean=74.476872,weight=2.9300166e-05;component_4_mean=166.71759,weight=2.9300166e-05"
interference,container,docker_cpu3-interf_io-run6,cap_1500us,100001,97217,0.9721602783972161,68259,28958,44,18,13.309937635104557,0.0015830096305509416,,gaussian_hmm,5,64734.39092195272,29188.061487441595,28958,34,-129090.32564844094,1.0079446607998341,21030.082821898148,36.97933643329558,0.28171761397691303,state_0_mean=-0.040362533;state_1_mean=0.13582233;state_2_mean=0.62175981;state_3_mean=74.476872;state_4_mean=166.71759
interference,container,docker_cpu3-interf_io-run6,cap_1000us,100001,97217,0.9721602783972161,68259,28958,44,18,13.309937635104557,0.0015830096305509416,,iid_gaussian,1,-96854.82533801775,-26804.40634115814,28958,2,193731.91280518047,-0.9256304420594703,-26804.40634115814,0.0,0.0,mean=-1.1986317e-12;sd=1
interference,container,docker_cpu3-interf_io-run6,cap_1000us,100001,97217,0.9721602783972161,68259,28958,44,18,13.309937635104557,0.0015830096305509416,,ar1_gaussian,1,,-26780.675145194364,28940,3,,-0.925386148762763,,,,intercept=-0.00013225036;phi=0.011207999;sd=0.99980292
interference,container,docker_cpu3-interf_io-run6,cap_1000us,100001,97217,0.9721602783972161,68259,28958,44,18,13.309937635104557,0.0015830096305509416,,gaussian_gmm,2,47042.92336842428,23014.395284064078,28958,5,-94030.19141398613,0.7947508558624241,23014.395284064078,0.0,0.0,"component_0_mean=-0.013493479,weight=0.99079903;component_1_mean=1.4530342,weight=0.0092009712"
interference,container,docker_cpu3-interf_io-run6,cap_1000us,100001,97217,0.9721602783972161,68259,28958,44,18,13.309937635104557,0.0015830096305509416,,gaussian_hmm,2,44021.179311611595,22757.20839423156,28958,7,-87964.44117121579,0.7858694797372594,22757.212738173963,0.004204715159088435,-1.50008370894931e-07,state_0_mean=-0.010593459;state_1_mean=2.6039723
interference,container,docker_cpu3-interf_io-run6,cap_1000us,100001,97217,0.9721602783972161,68259,28958,44,18,13.309937635104557,0.0015830096305509416,,gaussian_gmm,3,47090.352223483926,23016.00603933725,28958,8,-94091.65593038796,0.7948064797063765,23016.00603933725,0.0,0.0,"component_0_mean=-0.013575967,weight=0.99059856;component_1_mean=1.2020894,weight=0.0093721391;component_2_mean=74.476872,weight=2.9300166e-05"
interference,container,docker_cpu3-interf_io-run6,cap_1000us,100001,97217,0.9721602783972161,68259,28958,44,18,13.309937635104557,0.0015830096305509416,,gaussian_hmm,3,44038.65098264587,22759.843211593085,28958,14,-87921.46706127696,0.7859604672834134,22759.84942420515,0.0039424793554463,-2.1453871347126206e-07,state_0_mean=-0.010623115;state_1_mean=2.0563963;state_2_mean=74.476875
interference,container,docker_cpu3-interf_io-run6,cap_1000us,100001,97217,0.9721602783972161,68259,28958,44,18,13.309937635104557,0.0015830096305509416,,gaussian_gmm,4,52076.589028455805,24285.131918061452,28958,11,-104030.73634661427,0.8386329138083242,24285.131918061452,0.0,0.0,"component_0_mean=-0.038703262,weight=0.81397699;component_1_mean=0.12454187,weight=0.18550566;component_2_mean=13.233916,weight=0.00049198121;component_3_mean=74.47944,weight=2.5369483e-05"
interference,container,docker_cpu3-interf_io-run6,cap_1000us,100001,97217,0.9721602783972161,68259,28958,44,18,13.309937635104557,0.0015830096305509416,,gaussian_hmm,4,61783.051008885064,28528.33773412219,28958,23,-123310.08753260296,0.9851625711071963,21246.187290550264,29.284555335937227,0.2514728380265186,state_0_mean=-0.040028556;state_1_mean=0.16483708;state_2_mean=14.040259;state_3_mean=74.477614
interference,container,docker_cpu3-interf_io-run6,cap_1000us,100001,97217,0.9721602783972161,68259,28958,44,18,13.309937635104557,0.0015830096305509416,,gaussian_gmm,5,52112.65900151216,24453.23959733508,28958,14,-104069.48309900954,0.8444381379009283,24453.23959733508,0.0,0.0,"component_0_mean=-0.045718705,weight=0.76185683;component_1_mean=0.10041783,weight=0.23133923;component_2_mean=0.67209153,weight=0.0067453418;component_3_mean=74.476872,weight=2.9300166e-05;component_4_mean=166.71759,weight=2.9300166e-05"
interference,container,docker_cpu3-interf_io-run6,cap_1000us,100001,97217,0.9721602783972161,68259,28958,44,18,13.309937635104557,0.0015830096305509416,,gaussian_hmm,5,64734.39092195272,29188.061487441595,28958,34,-129090.32564844094,1.0079446607998341,21017.384671831558,33.593184058197,0.28215611629290827,state_0_mean=-0.040362533;state_1_mean=0.13582233;state_2_mean=0.62175981;state_3_mean=74.476872;state_4_mean=166.71759
interference,container,docker_cpu3-interf_io-run6,train_q_0.999,100001,97145,0.971440285597144,68191,28954,107,22,13.309923693187487,0.00019417435956007274,,iid_gaussian,1,-96758.33751775984,-37925.18436170526,28954,2,193538.9351712603,-1.3098426594496533,-37925.18436170526,0.0,0.0,mean=6.1011542e-12;sd=1
interference,container,docker_cpu3-interf_io-run6,train_q_0.999,100001,97145,0.971440285597144,68191,28954,107,22,13.309923693187487,0.00019417435956007274,,ar1_gaussian,1,,-35704.716232019695,28932,3,,-1.2340908416984548,,,,intercept=-0.0017853601;phi=0.4705213;sd=0.87702752
interference,container,docker_cpu3-interf_io-run6,train_q_0.999,100001,97145,0.971440285597144,68191,28954,107,22,13.309923693187487,0.00019417435956007274,,gaussian_gmm,2,-90267.64686617945,-36349.975798919244,28954,5,180590.94407171046,-1.2554388270677366,-36349.975798919244,0.0,0.0,"component_0_mean=-0.25496582,weight=0.79992945;component_1_mean=1.0194137,weight=0.20007055"
interference,container,docker_cpu3-interf_io-run6,train_q_0.999,100001,97145,0.971440285597144,68191,28954,107,22,13.309923693187487,0.00019417435956007274,,gaussian_hmm,2,-79472.12990506411,-31867.727478537083,28954,7,159022.17028522043,-1.1006329860653825,-39477.104661784215,49.20537356760944,0.26280918640765116,state_0_mean=-0.25532758;state_1_mean=1.3892074
interference,container,docker_cpu3-interf_io-run6,train_q_0.999,100001,97145,0.971440285597144,68191,28954,107,22,13.309923693187487,0.00019417435956007274,,gaussian_gmm,3,-89797.31438271794,-36324.307310977725,28954,8,179683.6693083984,-1.2545523005794614,-36324.307310977725,0.0,0.0,"component_0_mean=-0.52871797,weight=0.4810436;component_1_mean=0.26035532,weight=0.42065785;component_2_mean=1.473225,weight=0.098298552"
interference,container,docker_cpu3-interf_io-run6,train_q_0.999,100001,97145,0.971440285597144,68191,28954,107,22,13.309923693187487,0.00019417435956007274,,gaussian_hmm,3,-76824.86680732493,-31503.165774183017,28954,14,153805.55456483425,-1.088041920777199,-39669.90850533679,34.173119555522874,0.28205922259977106,state_0_mean=-0.25722421;state_1_mean=1.181841;state_2_mean=4.4449824
interference,container,docker_cpu3-interf_io-run6,train_q_0.999,100001,97145,0.971440285597144,68191,28954,107,22,13.309923693187487,0.00019417435956007274,,gaussian_gmm,4,-89570.46318141781,-36229.07392102615,28954,11,179263.3571094091,-1.251263173344828,-36229.07392102615,0.0,0.0,"component_0_mean=-0.76035717,weight=0.37466922;component_1_mean=0.027542541,weight=0.4213685;component_2_mean=1.0866627,weight=0.17529653;component_3_mean=2.8880692,weight=0.02866575"
interference,container,docker_cpu3-interf_io-run6,train_q_0.999,100001,97145,0.971440285597144,68191,28954,107,22,13.309923693187487,0.00019417435956007274,,gaussian_hmm,4,-76291.52091049714,-31364.0994335964,28954,23,152839.03338201152,-1.0832389111555019,-38126.379319581945,46.400423833897925,0.2335525276640722,state_0_mean=-0.29876485;state_1_mean=0.2594542;state_2_mean=1.2655779;state_3_mean=4.4648483
interference,container,docker_cpu3-interf_io-run6,train_q_0.999,100001,97145,0.971440285597144,68191,28954,107,22,13.309923693187487,0.00019417435956007274,,gaussian_gmm,5,-89572.12362500088,-36220.01836154025,28954,14,179300.06820018616,-1.2509504165759566,-36220.01836154025,0.0,0.0,"component_0_mean=-0.91238456,weight=0.27262097;component_1_mean=-0.24755124,weight=0.36698378;component_2_mean=0.48011635,weight=0.23716226;component_3_mean=1.5199575,weight=0.10556935;component_4_mean=3.6943715,weight=0.01766364"
interference,container,docker_cpu3-interf_io-run6,train_q_0.999,100001,97145,0.971440285597144,68191,28954,107,22,13.309923693187487,0.00019417435956007274,,gaussian_hmm,5,-76017.34232834206,-31203.8380100426,28954,34,152413.1069642748,-1.0777038754590937,-38086.898046257484,16.83010407894721,0.23772397721264363,state_0_mean=-0.46528147;state_1_mean=-0.34616725;state_2_mean=0.012673245;state_3_mean=1.2091712;state_4_mean=4.4602768
interference,container,docker_cpu3-interf_io-run6,train_q_0.9995,100001,97178,0.971770282297177,68224,28954,77,22,13.309924326836132,0.00019625800414971265,,iid_gaussian,1,-96805.16248935559,-37691.633708550464,28954,2,193632.58608208733,-1.301776393885144,-37691.633708550464,0.0,0.0,mean=4.8269881e-12;sd=1
interference,container,docker_cpu3-interf_io-run6,train_q_0.9995,100001,97178,0.971770282297177,68224,28954,77,22,13.309924326836132,0.00019625800414971265,,ar1_gaussian,1,,-35464.52550956492,28932,3,,-1.2257889364566887,,,,intercept=-0.00067102476;phi=0.48284904;sd=0.87443413
interference,container,docker_cpu3-interf_io-run6,train_q_0.9995,100001,97178,0.971770282297177,68224,28954,77,22,13.309924326836132,0.00019625800414971265,,gaussian_gmm,2,-89883.46421480684,-36094.815819557894,28954,5,179822.58118805412,-1.2466262284851106,-36094.815819557894,0.0,0.0,"component_0_mean=-0.24541579,weight=0.81240426;component_1_mean=1.0628005,weight=0.18759574"
interference,container,docker_cpu3-interf_io-run6,train_q_0.9995,100001,97178,0.971770282297177,68224,28954,77,22,13.309924326836132,0.00019625800414971265,,gaussian_hmm,2,-79079.33285045634,-31616.142874702873,28954,7,158236.57956272928,-1.091943872166294,-39160.52857060697,51.45153497869084,0.26056454016384945,state_0_mean=-0.25549817;state_1_mean=1.3900029
interference,container,docker_cpu3-interf_io-run6,train_q_0.9995,100001,97178,0.971770282297177,68224,28954,77,22,13.309924326836132,0.00019625800414971265,,gaussian_gmm,3,-89270.35632408141,-36034.65723286314,28954,8,178629.7570616675,-1.2445484987519215,-36034.65723286314,0.0,0.0,"component_0_mean=-0.48761907,weight=0.50030932;component_1_mean=0.2795583,weight=0.42592612;component_2_mean=1.6930784,weight=0.073764561"
interference,container,docker_cpu3-interf_io-run6,train_q_0.9995,100001,97178,0.971770282297177,68224,28954,77,22,13.309924326836132,0.00019625800414971265,,gaussian_hmm,3,-78530.60063948305,-31440.64771362549,28954,14,157217.0290025993,-1.0858827006156486,-38582.662940458584,49.08646949358146,0.24666765306462296,state_0_mean=-0.41677169;state_1_mean=-0.11863636;state_2_mean=1.4213245
interference,container,docker_cpu3-interf_io-run6,train_q_0.9995,100001,97178,0.971770282297177,68224,28954,77,22,13.309924326836132,0.00019625800414971265,,gaussian_gmm,4,-89093.71961495765,-35932.31168590633,28954,11,178309.87529848423,-1.2410137350938153,-35932.31168590633,0.0,0.0,"component_0_mean=-0.74127094,weight=0.38671686;component_1_mean=0.048121608,weight=0.42268761;component_2_mean=1.13698,weight=0.1665001;component_3_mean=3.1962176,weight=0.024095443"
interference,container,docker_cpu3-interf_io-run6,train_q_0.9995,100001,97178,0.971770282297177,68224,28954,77,22,13.309924326836132,0.00019625800414971265,,gaussian_hmm,4,-75664.60175672542,-31049.15868314067,28954,23,151585.2062022768,-1.0723616316619697,-37791.14958737272,42.994760703659885,0.23285179609836454,state_0_mean=-0.29875208;state_1_mean=0.2544081;state_2_mean=1.2466454;state_3_mean=4.511485
interference,container,docker_cpu3-interf_io-run6,train_q_0.9995,100001,97178,0.971770282297177,68224,28954,77,22,13.309924326836132,0.00019625800414971265,,gaussian_gmm,5,-89106.62852397747,-35924.3945156859,28954,14,178369.08477158815,-1.2407402954923636,-35924.3945156859,0.0,0.0,"component_0_mean=-0.89975688,weight=0.27648555;component_1_mean=-0.23749863,weight=0.3696948;component_2_mean=0.48765476,weight=0.23377446;component_3_mean=1.5228923,weight=0.10143461;component_4_mean=3.6590232,weight=0.018610585"
interference,container,docker_cpu3-interf_io-run6,train_q_0.9995,100001,97178,0.971770282297177,68224,28954,77,22,13.309924326836132,0.00019625800414971265,,gaussian_hmm,5,-75413.31889028441,-30991.789726460327,28954,34,151205.07653796373,-1.0703802488934284,-37764.19311258979,18.018651803013174,0.2339021684786027,state_0_mean=-0.30459836;state_1_mean=0.21525591;state_2_mean=1.0806257;state_3_mean=1.7148462;state_4_mean=4.531174
interference,container,docker_cpu3-interf_io-run6,train_q_0.9999,100001,97210,0.972090279097209,68252,28958,50,18,13.309925798649779,0.00021338425667051644,,iid_gaussian,1,-96844.89276828532,-37135.67517728063,28958,2,193712.04746060394,-1.282397789118055,-37135.67517728063,0.0,0.0,mean=-1.8486987e-12;sd=1
interference,container,docker_cpu3-interf_io-run6,train_q_0.9999,100001,97210,0.972090279097209,68252,28958,50,18,13.309925798649779,0.00021338425667051644,,ar1_gaussian,1,,-35304.159156200476,28940,3,,-1.219908747622684,,,,intercept=-0.00046521349;phi=0.41781253;sd=0.90762888
interference,container,docker_cpu3-interf_io-run6,train_q_0.9999,100001,97210,0.972090279097209,68252,28958,50,18,13.309925798649779,0.00021338425667051644,,gaussian_gmm,2,-86016.24313494537,-34507.65568800447,28958,5,172088.14107997398,-1.1916449923338792,-34507.65568800447,0.0,0.0,"component_0_mean=-0.15513114,weight=0.90183037;component_1_mean=1.4251044,weight=0.098169633"
interference,container,docker_cpu3-interf_io-run6,train_q_0.9999,100001,97210,0.972090279097209,68252,28958,50,18,13.309925798649779,0.00021338425667051644,,gaussian_hmm,2,-76287.1861306009,-30354.695665595336,28958,7,152652.28899531832,-1.048231772415061,-37150.741702710155,56.12435779512777,0.23468630558446088,state_0_mean=-0.24075814;state_1_mean=1.3162787
interference,container,docker_cpu3-interf_io-run6,train_q_0.9999,100001,97210,0.972090279097209,68252,28958,50,18,13.309925798649779,0.00021338425667051644,,gaussian_gmm,3,-84265.69862829067,-33613.637927871176,28958,8,168620.44495271452,-1.1607720812166302,-33613.637927871176,0.0,0.0,"component_0_mean=-0.2991134,weight=0.75211976;component_1_mean=0.76015791,weight=0.23504712;component_2_mean=3.6075548,weight=0.012833118"
interference,container,docker_cpu3-interf_io-run6,train_q_0.9999,100001,97210,0.972090279097209,68252,28958,50,18,13.309925798649779,0.00021338425667051644,,gaussian_hmm,3,-71581.11551986709,-28886.14779656606,28958,14,143318.06450796724,-0.9975187442698411,-37035.92921046752,43.602380148071596,0.28143454015821046,state_0_mean=-0.2441159;state_1_mean=1.05855;state_2_mean=4.2732469
interference,container,docker_cpu3-interf_io-run6,train_q_0.9999,100001,97210,0.972090279097209,68252,28958,50,18,13.309925798649779,0.00021338425667051644,,gaussian_gmm,4,-83891.37407390679,-33667.27100864697,28958,11,167905.1887299967,-1.1626241801452781,-33667.27100864697,0.0,0.0,"component_0_mean=-0.44883252,weight=0.51060283;component_1_mean=0.26261161,weight=0.41671238;component_2_mean=1.5612216,weight=0.072205722;component_3_mean=14.637666,weight=0.00047907341"
interference,container,docker_cpu3-interf_io-run6,train_q_0.9999,100001,97210,0.972090279097209,68252,28958,50,18,13.309925798649779,0.00021338425667051644,,gaussian_hmm,4,-70732.20703440846,-28805.56476591824,28958,23,141720.4261951998,-0.9947359888776242,-36842.14333107781,42.93659311697013,0.2775253320381093,state_0_mean=-0.24512457;state_1_mean=1.0633775;state_2_mean=4.1618209;state_3_mean=6.5075923
interference,container,docker_cpu3-interf_io-run6,train_q_0.9999,100001,97210,0.972090279097209,68252,28958,50,18,13.309925798649779,0.00021338425667051644,,gaussian_gmm,5,-83716.05304741321,-33565.06260106627,28958,14,167587.93956305948,-1.1590946405506688,-33565.06260106627,0.0,0.0,"component_0_mean=-0.67465669,weight=0.39850048;component_1_mean=0.056158424,weight=0.42194974;component_2_mean=1.0867371,weight=0.15708251;component_3_mean=3.0746713,weight=0.022051106;component_4_mean=15.973381,weight=0.00041617339"
interference,container,docker_cpu3-interf_io-run6,train_q_0.9999,100001,97210,0.972090279097209,68252,28958,50,18,13.309925798649779,0.00021338425667051644,,gaussian_hmm,5,-70207.2464296597,-28604.647188290935,28958,34,140792.9455678854,-0.9877977480589452,-36348.74701153005,21.93365273920437,0.26742523044544225,state_0_mean=-0.39724544;state_1_mean=-0.12818317;state_2_mean=1.0892784;state_3_mean=4.1633288;state_4_mean=6.416097
interference,host,host_cpu3-interf_io-run3,base_stable,100001,99659,0.996580034199658,69737,29922,14,8,13.311547724987786,0.014659287455727837,,iid_gaussian,1,-98952.01649009426,-30593.37156219049,29922,2,197926.33795279328,-1.0224373892851577,-30593.37156219049,0.0,0.0,mean=-9.4037764e-14;sd=1
interference,host,host_cpu3-interf_io-run3,base_stable,100001,99659,0.996580034199658,69737,29922,14,8,13.311547724987786,0.014659287455727837,,ar1_gaussian,1,,-30588.243017400244,29914,3,,-1.0225393801363991,,,,intercept=-5.3847094e-06;phi=0.0027849513;sd=1.0000984
interference,host,host_cpu3-interf_io-run3,base_stable,100001,99659,0.996580034199658,69737,29922,14,8,13.311547724987786,0.014659287455727837,,gaussian_gmm,2,67013.75181178894,28344.006492062195,29922,5,-133971.74119206597,0.9472631004632777,28344.006492062195,0.0,0.0,"component_0_mean=-0.015056857,weight=0.99854167;component_1_mean=10.309692,weight=0.0014583268"
interference,host,host_cpu3-interf_io-run3,base_stable,100001,99659,0.996580034199658,69737,29922,14,8,13.311547724987786,0.014659287455727837,,gaussian_hmm,2,63849.592869170425,28308.635142246192,29922,7,-127621.11833422416,0.9460809819613057,28056.36859723201,559.9157239885917,0.008430804926615302,state_0_mean=-0.014792425;state_1_mean=11.346486
interference,host,host_cpu3-interf_io-run3,base_stable,100001,99659,0.996580034199658,69737,29922,14,8,13.311547724987786,0.014659287455727837,,gaussian_gmm,3,67104.60818524365,28385.690000567443,29922,8,-134119.99648006822,0.9486561727346916,28385.690000567443,0.0,0.0,"component_0_mean=-0.015091726,weight=0.99843698;component_1_mean=3.8875833,weight=0.0014626394;component_2_mean=93.461869,weight=0.00010038323"
interference,host,host_cpu3-interf_io-run3,base_stable,100001,99659,0.996580034199658,69737,29922,14,8,13.311547724987786,0.014659287455727837,,gaussian_hmm,3,63928.71879340631,28349.74975097405,29922,14,-127701.30277857924,0.9474550414736331,28182.333000319242,529.4418027448002,0.0055951056297977204,state_0_mean=-0.014823489;state_1_mean=4.2094028;state_2_mean=93.464055
interference,host,host_cpu3-interf_io-run3,base_stable,100001,99659,0.996580034199658,69737,29922,14,8,13.311547724987786,0.014659287455727837,,gaussian_gmm,4,79503.55751174389,33285.478532194364,29922,11,-158884.43767416154,1.1124082124254517,33285.478532194364,0.0,0.0,"component_0_mean=-0.085322791,weight=0.43746602;component_1_mean=0.039731077,weight=0.56106543;component_2_mean=4.1312542,weight=0.0013681698;component_3_mean=93.463382,weight=0.00010037975"
interference,host,host_cpu3-interf_io-run3,base_stable,100001,99659,0.996580034199658,69737,29922,14,8,13.311547724987786,0.014659287455727837,,gaussian_hmm,4,76452.4272788712,33266.59022748469,29922,23,-152648.34737278754,1.1117769610147947,32839.57686629848,892.2403470367022,0.014270883002012269,state_0_mean=-0.087548207;state_1_mean=0.033447511;state_2_mean=4.4930403;state_3_mean=93.464401
interference,host,host_cpu3-interf_io-run3,base_stable,100001,99659,0.996580034199658,69737,29922,14,8,13.311547724987786,0.014659287455727837,,gaussian_gmm,5,79598.09307549609,33314.17256884659,29922,14,-159040.0513427588,1.1133671736129467,33314.17256884659,0.0,0.0,"component_0_mean=-0.085343297,weight=0.43736599;component_1_mean=0.039667917,weight=0.56103277;component_2_mean=2.0690671,weight=0.0013784527;component_3_mean=23.188647,weight=0.00012243314;component_4_mean=93.465555,weight=0.00010035873"
interference,host,host_cpu3-interf_io-run3,base_stable,100001,99659,0.996580034199658,69737,29922,14,8,13.311547724987786,0.014659287455727837,,gaussian_hmm,5,79828.90880528299,33416.80004087343,29922,34,-159278.63307628492,1.1167970069137567,33260.15093829208,8.41848855260263,0.00523524839854796,state_0_mean=-0.087986103;state_1_mean=0.034806607;state_2_mean=1.9872526;state_3_mean=22.456641;state_4_mean=93.465216
interference,host,host_cpu3-interf_io-run3,cap_2500us,100001,99657,0.996560034399656,69735,29922,16,8,13.311504323865814,0.012214869840744632,,iid_gaussian,1,-98949.17861302785,-31956.40419714748,29922,2,197920.6621413013,-1.0679902478827445,-31956.40419714748,0.0,0.0,mean=-8.6486608e-14;sd=1
interference,host,host_cpu3-interf_io-run3,cap_2500us,100001,99657,0.996560034399656,69735,29922,16,8,13.311504323865814,0.012214869840744632,,ar1_gaussian,1,,-31951.13356324162,29914,3,,-1.0680996711653947,,,,intercept=-8.8585418e-06;phi=0.0037145425;sd=1.0001071
interference,host,host_cpu3-interf_io-run3,cap_2500us,100001,99657,0.996560034399656,69735,29922,16,8,13.311504323865814,0.012214869840744632,,gaussian_gmm,2,54331.97368087497,22893.245594730804,29922,5,-108608.18507363598,0.7650974398345968,22893.245594730804,0.0,0.0,"component_0_mean=-0.014522371,weight=0.99855768;component_1_mean=10.054213,weight=0.0014423232"
interference,host,host_cpu3-interf_io-run3,cap_2500us,100001,99657,0.996560034399656,69735,29922,16,8,13.311504323865814,0.012214869840744632,,gaussian_hmm,2,51166.08780267726,22857.851503591228,29922,7,-102254.10840199498,0.7639145613124533,22857.854893873497,0.00203293954518926,-1.133039993586843e-07,state_0_mean=-0.01420477;state_1_mean=11.044686
interference,host,host_cpu3-interf_io-run3,cap_2500us,100001,99657,0.996560034399656,69735,29922,16,8,13.311504323865814,0.012214869840744632,,gaussian_gmm,3,54414.441367393534,22908.728770267473,29922,8,-108739.66307380472,0.7656148910590025,22908.728770267473,0.0,0.0,"component_0_mean=-0.014558731,weight=0.99846558;component_1_mean=4.6692494,weight=0.0014627197;component_2_mean=107.4838,weight=7.1700007e-05"
interference,host,host_cpu3-interf_io-run3,cap_2500us,100001,99657,0.996560034399656,69735,29922,16,8,13.311504323865814,0.012214869840744632,,gaussian_hmm,3,51238.54907750326,22876.193571407264,29922,14,-102320.96374828742,0.7645275573627185,22876.02508609763,0.562983455638461,5.630817112291269e-06,state_0_mean=-0.014236801;state_1_mean=5.0553806;state_2_mean=107.4838
interference,host,host_cpu3-interf_io-run3,cap_2500us,100001,99657,0.996560034399656,69735,29922,16,8,13.311504323865814,0.012214869840744632,,gaussian_gmm,4,66811.98999856449,27808.986735201986,29922,11,-133501.30296327826,0.929382619316957,27808.986735201986,0.0,0.0,"component_0_mean=-0.09878444,weight=0.43815676;component_1_mean=0.051370006,weight=0.5604034;component_2_mean=4.9619015,weight=0.0013681358;component_3_mean=107.4838,weight=7.1700007e-05"
interference,host,host_cpu3-interf_io-run3,cap_2500us,100001,99657,0.996560034399656,69735,29922,16,8,13.311504323865814,0.012214869840744632,,gaussian_hmm,4,63734.52993503648,27792.617747753036,29922,23,-127212.55334474873,0.9288355640583195,27479.417424060433,557.3942630728402,0.010467225576251687,state_0_mean=-0.1015143;state_1_mean=0.043701698;state_2_mean=5.4568623;state_3_mean=107.4838
interference,host,host_cpu3-interf_io-run3,cap_2500us,100001,99657,0.996560034399656,69735,29922,16,8,13.311504323865814,0.012214869840744632,,gaussian_gmm,5,66908.18649884581,27856.627314393292,29922,14,-133660.23859097253,0.9309747782365247,27856.627314393292,0.0,0.0,"component_0_mean=-0.098877531,weight=0.43732533;component_1_mean=0.051151766,weight=0.56110197;component_2_mean=2.4865084,weight=0.0013785774;component_3_mean=27.830044,weight=0.00012244125;component_4_mean=107.48456,weight=7.1683806e-05"
interference,host,host_cpu3-interf_io-run3,cap_2500us,100001,99657,0.996560034399656,69735,29922,16,8,13.311504323865814,0.012214869840744632,,gaussian_hmm,5,67138.09591702062,27959.272732335405,29922,34,-133897.00827486627,0.9344052112938775,27804.1657549101,11.399797979336068,0.005183710227434819,state_0_mean=-0.10204323;state_1_mean=0.045324677;state_2_mean=2.3886181;state_3_mean=26.959462;state_4_mean=107.48405
interference,host,host_cpu3-interf_io-run3,cap_2000us,100001,99652,0.996510034899651,69730,29922,21,8,13.311410182134852,0.005053200641065356,,iid_gaussian,1,-98942.08392036184,-53557.865793588564,29922,2,197906.4726125641,-1.7899159746537185,-53557.865793588564,0.0,0.0,mean=1.4441636e-13;sd=1
interference,host,host_cpu3-interf_io-run3,cap_2000us,100001,99652,0.996510034899651,69730,29922,21,8,13.311410182134852,0.005053200641065356,,ar1_gaussian,1,,-53556.59516679707,29914,3,,-1.7903521818144372,,,,intercept=-3.0374727e-05;phi=0.019044239;sd=0.99992641
interference,host,host_cpu3-interf_io-run3,cap_2000us,100001,99652,0.996510034899651,69730,29922,21,8,13.311410182134852,0.005053200641065356,,gaussian_gmm,2,-7067.013871694267,-3499.2706634104393,29922,5,14189.78967298961,-0.11694641612894992,-3499.2706634104393,0.0,0.0,"component_0_mean=-0.016562108,weight=0.99853711;component_1_mean=11.304926,weight=0.0014628913"
interference,host,host_cpu3-interf_io-run3,cap_2000us,100001,99652,0.996510034899651,69730,29922,21,8,13.311410182134852,0.005053200641065356,,gaussian_hmm,2,-10242.914142807851,-3531.773673190188,29922,7,20563.894987057207,-0.11803267405889273,-3533.735586752888,6.215481990098779,6.556759450237015e-05,state_0_mean=-0.015783847;state_1_mean=12.238755
interference,host,host_cpu3-interf_io-run3,cap_2000us,100001,99652,0.996510034899651,69730,29922,21,8,13.311410182134852,0.005053200641065356,,gaussian_gmm,3,5333.4291063902365,1402.8204878937995,29922,8,-10577.639125418753,0.04688257763163557,1402.8204878937995,0.0,0.0,"component_0_mean=-0.22043969,weight=0.43701197;component_1_mean=0.14226373,weight=0.56161948;component_2_mean=12.010304,weight=0.0013685499"
interference,host,host_cpu3-interf_io-run3,cap_2000us,100001,99652,0.996510034899651,69730,29922,21,8,13.311410182134852,0.005053200641065356,,gaussian_hmm,3,-6935.209414831525,-3456.7788119410907,29922,14,14026.55223254606,-0.11552632885305429,-3465.279022958787,1.4838343130924891,0.0002840789725852727,state_0_mean=-0.016811053;state_1_mean=4.3679917;state_2_mean=48.191537
interference,host,host_cpu3-interf_io-run3,cap_2000us,100001,99652,0.996510034899651,69730,29922,21,8,13.311410182134852,0.005053200641065356,,gaussian_gmm,4,5427.108132639386,1448.5159357596235,29922,11,-10731.540020156406,0.04840972982286022,1448.5159357596235,0.0,0.0,"component_0_mean=-0.22041107,weight=0.4373015;component_1_mean=0.14226368,weight=0.56119722;component_2_mean=6.028225,weight=0.0013788089;component_3_mean=67.254717,weight=0.00012246492"
interference,host,host_cpu3-interf_io-run3,cap_2000us,100001,99652,0.996510034899651,69730,29922,21,8,13.311410182134852,0.005053200641065356,,gaussian_hmm,4,5656.270193654244,1551.4214313165435,29922,23,-11056.035511143542,0.05184885473285688,1397.0235704905165,12.253301373940587,0.005160011390482822,state_0_mean=-0.22805451;state_1_mean=0.12816736;state_2_mean=5.7912351;state_3_mean=65.147337
interference,host,host_cpu3-interf_io-run3,cap_2000us,100001,99652,0.996510034899651,69730,29922,21,8,13.311410182134852,0.005053200641065356,,gaussian_gmm,5,5535.377483893147,1505.6015063754876,29922,14,-10914.621564903282,0.050317542489656024,1505.6015063754876,0.0,0.0,"component_0_mean=-0.22267966,weight=0.42790649;component_1_mean=0.13644744,weight=0.56919777;component_2_mean=0.95079662,weight=0.0019465109;component_3_mean=9.9992832,weight=0.00087889044;component_4_mean=99.258198,weight=7.033661e-05"
interference,host,host_cpu3-interf_io-run3,cap_2000us,100001,99652,0.996510034899651,69730,29922,21,8,13.311410182134852,0.005053200641065356,,gaussian_hmm,5,5656.811829224091,1535.3093924144546,29922,34,-10934.442537160869,0.05131038675270552,1375.8273784806674,12.794822163442305,0.005329924935959733,state_0_mean=-0.22805575;state_1_mean=0.12819769;state_2_mean=6.8709821;state_3_mean=75.415012;state_4_mean=126.81732
interference,host,host_cpu3-interf_io-run3,cap_1500us,100001,99651,0.99650003499965,69730,29921,21,9,13.311410182134852,0.005053200641065356,,iid_gaussian,1,-98942.08392036184,-35578.42715865873,29921,2,197906.4726125641,-1.1890788128290741,-35578.42715865873,0.0,0.0,mean=1.4441636e-13;sd=1
interference,host,host_cpu3-interf_io-run3,cap_1500us,100001,99651,0.99650003499965,69730,29921,21,9,13.311410182134852,0.005053200641065356,,ar1_gaussian,1,,-35567.016501597784,29912,3,,-1.189055111714288,,,,intercept=-3.0374727e-05;phi=0.019044239;sd=0.99992641
interference,host,host_cpu3-interf_io-run3,cap_1500us,100001,99651,0.99650003499965,69730,29921,21,9,13.311410182134852,0.005053200641065356,,gaussian_gmm,2,-7067.013871694267,-3457.427543888214,29921,5,14189.78967298961,-0.1155518713909366,-3457.427543888214,0.0,0.0,"component_0_mean=-0.016562108,weight=0.99853711;component_1_mean=11.304926,weight=0.0014628913"
interference,host,host_cpu3-interf_io-run3,cap_1500us,100001,99651,0.99650003499965,69730,29921,21,9,13.311410182134852,0.005053200641065356,,gaussian_hmm,2,-10242.914142807851,-3493.298925969104,29921,7,20563.894987057207,-0.11675074115066689,-3767.48630957197,824.8561250572053,0.009163710557898006,state_0_mean=-0.015783847;state_1_mean=12.238755
interference,host,host_cpu3-interf_io-run3,cap_1500us,100001,99651,0.99650003499965,69730,29921,21,9,13.311410182134852,0.005053200641065356,,gaussian_gmm,3,5333.4291063902365,1442.9267126987584,29921,8,-10577.639125418753,0.04822454840074725,1442.9267126987584,0.0,0.0,"component_0_mean=-0.22043969,weight=0.43701197;component_1_mean=0.14226373,weight=0.56161948;component_2_mean=12.010304,weight=0.0013685499"
interference,host,host_cpu3-interf_io-run3,cap_1500us,100001,99651,0.99650003499965,69730,29921,21,9,13.311410182134852,0.005053200641065356,,gaussian_hmm,3,-6935.209414831525,-3438.5595527407318,29921,14,14026.55223254606,-0.11492127778953684,-3446.671079402662,1.5645471497100858,0.00027109811376392444,state_0_mean=-0.016811053;state_1_mean=4.3679917;state_2_mean=48.191537
interference,host,host_cpu3-interf_io-run3,cap_1500us,100001,99651,0.99650003499965,69730,29921,21,9,13.311410182134852,0.005053200641065356,,gaussian_gmm,4,5427.108132639386,1465.598594762665,29921,11,-10731.540020156406,0.04898227314470322,1465.598594762665,0.0,0.0,"component_0_mean=-0.22041107,weight=0.4373015;component_1_mean=0.14226368,weight=0.56119722;component_2_mean=6.028225,weight=0.0013788089;component_3_mean=67.254717,weight=0.00012246492"
interference,host,host_cpu3-interf_io-run3,cap_1500us,100001,99651,0.99650003499965,69730,29921,21,9,13.311410182134852,0.005053200641065356,,gaussian_hmm,4,5656.270193654244,1568.432017903965,29921,23,-11056.035511143542,0.05241910423795879,1405.9814496002423,11.172118828620713,0.005429316142633026,state_0_mean=-0.22805451;state_1_mean=0.12816736;state_2_mean=5.7912351;state_3_mean=65.147337
interference,host,host_cpu3-interf_io-run3,cap_1500us,100001,99651,0.99650003499965,69730,29921,21,9,13.311410182134852,0.005053200641065356,,gaussian_gmm,5,5535.377483893147,1522.4759312035599,29921,14,-10914.621564903282,0.050883190107401485,1522.4759312035599,0.0,0.0,"component_0_mean=-0.22267966,weight=0.42790649;component_1_mean=0.13644744,weight=0.56919777;component_2_mean=0.95079662,weight=0.0019465109;component_3_mean=9.9992832,weight=0.00087889044;component_4_mean=99.258198,weight=7.033661e-05"
interference,host,host_cpu3-interf_io-run3,cap_1500us,100001,99651,0.99650003499965,69730,29921,21,9,13.311410182134852,0.005053200641065356,,gaussian_hmm,5,5656.811829224091,1558.978114752373,29921,34,-10934.442537160869,0.05210314209927385,1403.713025449233,16.136327119353187,0.005189167785272545,state_0_mean=-0.22805575;state_1_mean=0.12819769;state_2_mean=6.8709821;state_3_mean=75.415012;state_4_mean=126.81732
interference,host,host_cpu3-interf_io-run3,cap_1000us,100001,99648,0.996470035299647,69727,29921,24,9,13.311382610270183,0.0027647704835913932,,iid_gaussian,1,-98937.82710476221,-54501.190874265536,29921,2,197897.9588953168,-1.8215029870079722,-54501.190874265536,0.0,0.0,mean=-2.8113961e-13;sd=1
interference,host,host_cpu3-interf_io-run3,cap_1000us,100001,99648,0.996470035299647,69727,29921,24,9,13.311382610270183,0.0027647704835913932,,ar1_gaussian,1,,-54590.34814382576,29912,3,,-1.82503169777433,,,,intercept=-7.4956002e-05;phi=0.06182217;sd=0.99809482
interference,host,host_cpu3-interf_io-run3,cap_1000us,100001,99648,0.996470035299647,69727,29921,24,9,13.311382610270183,0.0027647704835913932,,gaussian_gmm,2,-49000.877923802225,-21492.768590648346,29921,5,98057.51756208546,-0.718317188284093,-21492.768590648346,0.0,0.0,"component_0_mean=-0.020495523,weight=0.99845196;component_1_mean=13.21917,weight=0.0015480393"
interference,host,host_cpu3-interf_io-run3,cap_1000us,100001,99648,0.996470035299647,69727,29921,24,9,13.311382610270183,0.0027647704835913932,,gaussian_hmm,2,-49009.07785269092,-21495.187356920866,29921,7,98096.22210565524,-0.7183980267010082,-21500.965457599814,0.252026678425416,0.0001931118839259466,state_0_mean=-0.020444306;state_1_mean=12.978292
interference,host,host_cpu3-interf_io-run3,cap_1000us,100001,99648,0.996470035299647,69727,29921,24,9,13.311382610270183,0.0027647704835913932,,gaussian_gmm,3,-36606.546906743446,-16592.739316790263,29921,8,73302.3125566565,-0.554551629851618,-16592.739316790263,0.0,0.0,"component_0_mean=-0.39281582,weight=0.43741374;component_1_mean=0.27017353,weight=0.56118302;component_2_mean=14.399667,weight=0.0014032436"
interference,host,host_cpu3-interf_io-run3,cap_1000us,100001,99648,0.996470035299647,69727,29921,24,9,13.311382610270183,0.0027647704835913932,,gaussian_hmm,3,-36380.02911994319,-16492.304464608496,29921,14,72916.19104043319,-0.551194962220798,-16652.770638593804,6.889147449463639,0.005362995019728861,state_0_mean=-0.40679649;state_1_mean=0.24440645;state_2_mean=14.13123
interference,host,host_cpu3-interf_io-run3,cap_1000us,100001,99648,0.996470035299647,69727,29921,24,9,13.311382610270183,0.0027647704835913932,,gaussian_gmm,4,-36489.75167755036,-16532.91542521309,29921,11,73102.17912695893,-0.5525522350594262,-16532.91542521309,0.0,0.0,"component_0_mean=-0.39665389,weight=0.42882172;component_1_mean=0.26019853,weight=0.56835801;component_2_mean=1.7572893,weight=0.0019204006;component_3_mean=20.928884,weight=0.00089986567"
interference,host,host_cpu3-interf_io-run3,cap_1000us,100001,99648,0.996470035299647,69727,29921,24,9,13.311382610270183,0.0027647704835913932,,gaussian_hmm,4,-36348.924492163336,-16514.558943731092,29921,23,72954.35287093928,-0.5519387367979376,-16676.425354587936,13.649833959971192,0.005409792816311106,state_0_mean=-0.40686747;state_1_mean=0.24423212;state_2_mean=12.568302;state_3_mean=137.8468
interference,host,host_cpu3-interf_io-run3,cap_1000us,100001,99648,0.996470035299647,69727,29921,24,9,13.311382610270183,0.0027647704835913932,,gaussian_gmm,5,-33588.105638743924,-15325.341237014272,29921,14,67332.34407803466,-0.5121934840752072,-15325.341237014272,0.0,0.0,"component_0_mean=-0.43317937,weight=0.38455499;component_1_mean=-0.011311373,weight=0.39612395;component_2_mean=0.69217492,weight=0.2179028;component_3_mean=13.005185,weight=0.0014039164;component_4_mean=137.8468,weight=1.4341647e-05"
interference,host,host_cpu3-interf_io-run3,cap_1000us,100001,99648,0.996470035299647,69727,29921,24,9,13.311382610270183,0.0027647704835913932,,gaussian_hmm,5,-33061.97789466734,-15096.000287661729,29921,34,66503.1354478055,-0.5045286015728662,-15492.52065435505,13.321456125742786,0.01325224313001976,state_0_mean=-0.45073258;state_1_mean=-0.073698647;state_2_mean=0.60298858;state_3_mean=13.129172;state_4_mean=137.8468
interference,host,host_cpu3-interf_io-run3,train_q_0.999,100001,99551,0.99550004499955,69667,29884,76,46,13.311330565576982,0.0013423425094144265,,iid_gaussian,1,-98852.69079276995,-42727.12427942212,29884,2,197727.6845495938,-1.4297659041434252,-42727.12427942212,0.0,0.0,mean=8.4354142e-13;sd=1
interference,host,host_cpu3-interf_io-run3,train_q_0.999,100001,99551,0.99550004499955,69667,29884,76,46,13.311330565576982,0.0013423425094144265,,ar1_gaussian,1,,-42582.93900256507,29838,3,,-1.427137844445508,,,,intercept=-0.0001735763;phi=0.06661208;sd=0.9977643
interference,host,host_cpu3-interf_io-run3,train_q_0.999,100001,99551,0.99550004499955,69667,29884,76,46,13.311330565576982,0.0013423425094144265,,gaussian_gmm,2,-86414.84600490528,-37816.3701824655,29884,5,172885.44941994533,-1.2654387023981228,-37816.3701824655,0.0,0.0,"component_0_mean=-0.76926284,weight=0.43690566;component_1_mean=0.59687207,weight=0.56309434"
interference,host,host_cpu3-interf_io-run3,train_q_0.999,100001,99551,0.99550004499955,69667,29884,76,46,13.311330565576982,0.0013423425094144265,,gaussian_hmm,2,-86222.10128993125,-37711.07941085717,29884,7,172522.2629540512,-1.2619153865231285,-37864.49475794753,17.179406947091998,0.005133695191084017,state_0_mean=-0.7978324;state_1_mean=0.54524444
interference,host,host_cpu3-interf_io-run3,train_q_0.999,100001,99551,0.99550004499955,69667,29884,76,46,13.311330565576982,0.0013423425094144265,,gaussian_gmm,3,-83411.89581507708,-36518.12434728927,29884,8,166913.0034863698,-1.221995862243651,-36518.12434728927,0.0,0.0,"component_0_mean=-0.8569758,weight=0.3789156;component_1_mean=-0.0085881284,weight=0.37949609;component_2_mean=1.3576015,weight=0.24158831"
interference,host,host_cpu3-interf_io-run3,train_q_0.999,100001,99551,0.99550004499955,69667,29884,76,46,13.311330565576982,0.0013423425094144265,,gaussian_hmm,3,-82908.73833187782,-36279.224870385624,29884,14,165973.597412133,-1.214001635336154,-36681.99853373101,14.392661300508404,0.013477903337752298,state_0_mean=-0.89126274;state_1_mean=-0.12898805;state_2_mean=1.1991605
interference,host,host_cpu3-interf_io-run3,train_q_0.999,100001,99551,0.99550004499955,69667,29884,76,46,13.311330565576982,0.0013423425094144265,,gaussian_gmm,4,-82814.94665136546,-36227.34785015341,29884,11,165752.55960502743,-1.2122656890025905,-36227.34785015341,0.0,0.0,"component_0_mean=-0.9073742,weight=0.33150764;component_1_mean=-0.35544983,weight=0.26531975;component_2_mean=0.38974136,weight=0.16722782;component_3_mean=1.3983514,weight=0.23594479"
interference,host,host_cpu3-interf_io-run3,train_q_0.999,100001,99551,0.99550004499955,69667,29884,76,46,13.311330565576982,0.0013423425094144265,,gaussian_hmm,4,-78063.2959820669,-33674.38049994069,29884,23,156383.07605075382,-1.1268364509416642,-39343.67483526432,22.13036375459499,0.18971002326742156,state_0_mean=-1.0634618;state_1_mean=-0.69555423;state_2_mean=0.32535655;state_3_mean=0.6278518
interference,host,host_cpu3-interf_io-run3,train_q_0.999,100001,99551,0.99550004499955,69667,29884,76,46,13.311330565576982,0.0013423425094144265,,gaussian_gmm,5,-82787.9672666388,-36214.64236418327,29884,14,165732.055281655,-1.2118405288509997,-36214.64236418327,0.0,0.0,"component_0_mean=-0.90962282,weight=0.33085342;component_1_mean=-0.36966016,weight=0.26136017;component_2_mean=0.39525288,weight=0.22245801;component_3_mean=1.4532928,weight=0.092802458;component_4_mean=1.8888748,weight=0.092525955"
interference,host,host_cpu3-interf_io-run3,train_q_0.999,100001,99551,0.99550004499955,69667,29884,76,46,13.311330565576982,0.0013423425094144265,,gaussian_hmm,5,-75367.88695395945,-32538.788641379684,29884,34,151114.9242968354,-1.088836455674598,-39208.948789349335,28.747301966500363,0.22320171824286075,state_0_mean=-1.064225;state_1_mean=-0.76810086;state_2_mean=-0.0089418064;state_3_mean=0.3256819;state_4_mean=1.3285413
interference,host,host_cpu3-interf_io-run3,train_q_0.9995,100001,99602,0.996010039899601,69702,29900,46,30,13.311345520807073,0.0015201644177437357,,iid_gaussian,1,-98902.3536414321,-42494.345583921546,29900,2,197827.01125144569,-1.4212155713686137,-42494.345583921546,0.0,0.0,mean=-6.92103e-13;sd=1
interference,host,host_cpu3-interf_io-run3,train_q_0.9995,100001,99602,0.996010039899601,69702,29900,46,30,13.311345520807073,0.0015201644177437357,,ar1_gaussian,1,,-42406.43245791901,29870,3,,-1.4196997809815537,,,,intercept=-0.00055417765;phi=0.071162072;sd=0.99315582
interference,host,host_cpu3-interf_io-run3,train_q_0.9995,100001,99602,0.996010039899601,69702,29900,46,30,13.311345520807073,0.0015201644177437357,,gaussian_gmm,2,-86041.32501255767,-37531.64233974576,29900,5,172138.40994656907,-1.2552388742389886,-37531.64233974576,0.0,0.0,"component_0_mean=-0.6565851,weight=0.44463555;component_1_mean=0.52567476,weight=0.55536445"
interference,host,host_cpu3-interf_io-run3,train_q_0.9995,100001,99602,0.996010039899601,69702,29900,46,30,13.311345520807073,0.0015201644177437357,,gaussian_hmm,2,-85898.10778985132,-37447.16795879848,29900,7,171874.2794697378,-1.2524136441069726,-37542.653353227,8.603541802657904,0.003193491452458637,state_0_mean=-0.68828459;state_1_mean=0.48222024
interference,host,host_cpu3-interf_io-run3,train_q_0.9995,100001,99602,0.996010039899601,69702,29900,46,30,13.311345520807073,0.0015201644177437357,,gaussian_gmm,3,-77910.70794724081,-34152.793164749564,29900,8,155910.63176880754,-1.142233885108681,-34152.793164749564,0.0,0.0,"component_0_mean=-0.71407963,weight=0.40541328;component_1_mean=0.46592047,weight=0.59327378;component_2_mean=9.9616104,weight=0.0013129369"
interference,host,host_cpu3-interf_io-run3,train_q_0.9995,100001,99602,0.996010039899601,69702,29900,46,30,13.311345520807073,0.0015201644177437357,,gaussian_hmm,3,-77705.51267366282,-34083.01361688899,29900,14,155567.153127396,-1.139900120966187,-34241.42763478319,12.392666717899482,0.005298127688769345,state_0_mean=-0.71582356;state_1_mean=0.46766912;state_2_mean=9.8382686
interference,host,host_cpu3-interf_io-run3,train_q_0.9995,100001,99602,0.996010039899601,69702,29900,46,30,13.311345520807073,0.0015201644177437357,,gaussian_gmm,4,-74941.70826388607,-32897.91879866939,29900,11,150006.0883549703,-1.1002648427648625,-32897.91879866939,0.0,0.0,"component_0_mean=-0.7634921,weight=0.38431713;component_1_mean=0.0063495238,weight=0.40017019;component_2_mean=1.2975368,weight=0.21431793;component_3_mean=10.710881,weight=0.0011947488"
interference,host,host_cpu3-interf_io-run3,train_q_0.9995,100001,99602,0.996010039899601,69702,29900,46,30,13.311345520807073,0.0015201644177437357,,gaussian_hmm,4,-74424.52230562165,-32669.102252894027,29900,23,149105.54024993035,-1.0926121154814055,-33061.90567668048,18.051027084827822,0.013137238253727498,state_0_mean=-0.79549054;state_1_mean=-0.11017051;state_2_mean=1.1210682;state_3_mean=10.779562
interference,host,host_cpu3-interf_io-run3,train_q_0.9995,100001,99602,0.996010039899601,69702,29900,46,30,13.311345520807073,0.0015201644177437357,,gaussian_gmm,5,-74338.13652041543,-32605.684569651123,29900,14,148832.40082090124,-1.0904911227308067,-32605.684569651123,0.0,0.0,"component_0_mean=-0.80841124,weight=0.33479887;component_1_mean=-0.30821945,weight=0.27628557;component_2_mean=0.35681882,weight=0.17893428;component_3_mean=1.33658,weight=0.2087298;component_4_mean=10.372104,weight=0.0012514879"
interference,host,host_cpu3-interf_io-run3,train_q_0.9995,100001,99602,0.996010039899601,69702,29900,46,30,13.311345520807073,0.0015201644177437357,,gaussian_hmm,5,-69543.01966270304,-30041.8102655775,29900,34,139465.20679129128,-1.004742818246739,-35767.66707688013,27.984251208368825,0.19150022780276343,state_0_mean=-0.94893737;state_1_mean=-0.62577006;state_2_mean=0.27747199;state_3_mean=0.53846514;state_4_mean=10.171245
interference,host,host_cpu3-interf_io-run3,train_q_0.9999,100001,99651,0.99650003499965,69730,29921,21,9,13.311410182134852,0.005053200641065356,,iid_gaussian,1,-98942.08392036184,-35578.42715865873,29921,2,197906.4726125641,-1.1890788128290741,-35578.42715865873,0.0,0.0,mean=1.4441636e-13;sd=1
interference,host,host_cpu3-interf_io-run3,train_q_0.9999,100001,99651,0.99650003499965,69730,29921,21,9,13.311410182134852,0.005053200641065356,,ar1_gaussian,1,,-35567.016501597784,29912,3,,-1.189055111714288,,,,intercept=-3.0374727e-05;phi=0.019044239;sd=0.99992641
interference,host,host_cpu3-interf_io-run3,train_q_0.9999,100001,99651,0.99650003499965,69730,29921,21,9,13.311410182134852,0.005053200641065356,,gaussian_gmm,2,-7067.013871694267,-3457.427543888214,29921,5,14189.78967298961,-0.1155518713909366,-3457.427543888214,0.0,0.0,"component_0_mean=-0.016562108,weight=0.99853711;component_1_mean=11.304926,weight=0.0014628913"
interference,host,host_cpu3-interf_io-run3,train_q_0.9999,100001,99651,0.99650003499965,69730,29921,21,9,13.311410182134852,0.005053200641065356,,gaussian_hmm,2,-10242.914142807851,-3493.298925969104,29921,7,20563.894987057207,-0.11675074115066689,-3495.2547439668315,6.218526959337004,6.536606389250145e-05,state_0_mean=-0.015783847;state_1_mean=12.238755
interference,host,host_cpu3-interf_io-run3,train_q_0.9999,100001,99651,0.99650003499965,69730,29921,21,9,13.311410182134852,0.005053200641065356,,gaussian_gmm,3,5333.4291063902365,1442.9267126987584,29921,8,-10577.639125418753,0.04822454840074725,1442.9267126987584,0.0,0.0,"component_0_mean=-0.22043969,weight=0.43701197;component_1_mean=0.14226373,weight=0.56161948;component_2_mean=12.010304,weight=0.0013685499"
interference,host,host_cpu3-interf_io-run3,train_q_0.9999,100001,99651,0.99650003499965,69730,29921,21,9,13.311410182134852,0.005053200641065356,,gaussian_hmm,3,-6935.209414831525,-3438.5595527407318,29921,14,14026.55223254606,-0.11492127778953684,-3448.974250047247,3.6259624385022367,0.0003480731695636956,state_0_mean=-0.016811053;state_1_mean=4.3679917;state_2_mean=48.191537
interference,host,host_cpu3-interf_io-run3,train_q_0.9999,100001,99651,0.99650003499965,69730,29921,21,9,13.311410182134852,0.005053200641065356,,gaussian_gmm,4,5427.108132639386,1465.598594762665,29921,11,-10731.540020156406,0.04898227314470322,1465.598594762665,0.0,0.0,"component_0_mean=-0.22041107,weight=0.4373015;component_1_mean=0.14226368,weight=0.56119722;component_2_mean=6.028225,weight=0.0013788089;component_3_mean=67.254717,weight=0.00012246492"
interference,host,host_cpu3-interf_io-run3,train_q_0.9999,100001,99651,0.99650003499965,69730,29921,21,9,13.311410182134852,0.005053200641065356,,gaussian_hmm,4,5656.270193654244,1568.432017903965,29921,23,-11056.035511143542,0.05241910423795879,1408.4294415038605,10.540484946173233,0.005347500965880303,state_0_mean=-0.22805451;state_1_mean=0.12816736;state_2_mean=5.7912351;state_3_mean=65.147337
interference,host,host_cpu3-interf_io-run3,train_q_0.9999,100001,99651,0.99650003499965,69730,29921,21,9,13.311410182134852,0.005053200641065356,,gaussian_gmm,5,5535.377483893147,1522.4759312035599,29921,14,-10914.621564903282,0.050883190107401485,1522.4759312035599,0.0,0.0,"component_0_mean=-0.22267966,weight=0.42790649;component_1_mean=0.13644744,weight=0.56919777;component_2_mean=0.95079662,weight=0.0019465109;component_3_mean=9.9992832,weight=0.00087889044;component_4_mean=99.258198,weight=7.033661e-05"
interference,host,host_cpu3-interf_io-run3,train_q_0.9999,100001,99651,0.99650003499965,69730,29921,21,9,13.311410182134852,0.005053200641065356,,gaussian_hmm,5,5656.811829224091,1558.978114752373,29921,34,-10934.442537160869,0.05210314209927385,1399.0889258626369,16.25540331520195,0.005343711403019151,state_0_mean=-0.22805575;state_1_mean=0.12819769;state_2_mean=6.8709821;state_3_mean=75.415012;state_4_mean=126.81732
interference,container,docker_cpu3-interf_io-run4,base_stable,100001,97442,0.974410255897441,67643,29799,38,6,13.309930689796644,0.002303675851243654,,iid_gaussian,1,-95980.75920156368,-296783.04731221334,29799,2,191983.7624014363,-9.959496872788126,-296783.04731221334,0.0,0.0,mean=1.0490864e-12;sd=1
interference,container,docker_cpu3-interf_io-run4,base_stable,100001,97442,0.974410255897441,67643,29799,38,6,13.309930689796644,0.002303675851243654,,ar1_gaussian,1,,-296767.7462127993,29793,3,,-9.960989031410039,,,,intercept=-9.6432639e-05;phi=0.0064822441;sd=0.99996701
interference,container,docker_cpu3-interf_io-run4,base_stable,100001,97442,0.974410255897441,67643,29799,38,6,13.309930689796644,0.002303675851243654,,gaussian_gmm,2,22253.618044400282,-8861716.646720693,29799,5,-44451.62609302815,-297.383021132276,-8861716.646720693,0.0,0.0,"component_0_mean=-0.0037861989,weight=0.99998522;component_1_mean=256.10606,weight=1.4783496e-05"
interference,container,docker_cpu3-interf_io-run4,base_stable,100001,97442,0.974410255897441,67643,29799,38,6,13.309930689796644,0.002303675851243654,,gaussian_hmm,2,22249.01354169023,-8787150.095751997,29799,7,-44420.17308929908,-294.88070390791626,-8787150.095753781,2.608235338958248e-07,5.988167565902402e-11,state_0_mean=-0.0037861989;state_1_mean=256.10606
interference,container,docker_cpu3-interf_io-run4,base_stable,100001,97442,0.974410255897441,67643,29799,38,6,13.309930689796644,0.002303675851243654,,gaussian_gmm,3,67604.84429714188,-748416.7489603405,29799,8,-135120.7126010479,-25.115498807353955,-748416.7489603405,0.0,0.0,"component_0_mean=-0.020930923,weight=0.94110425;component_1_mean=0.27024075,weight=0.05888097;component_2_mean=256.10606,weight=1.4783496e-05"
interference,container,docker_cpu3-interf_io-run4,base_stable,100001,97442,0.974410255897441,67643,29799,38,6,13.309930689796644,0.002303675851243654,,gaussian_hmm,3,55175.23132533599,-10051841.19966607,29799,14,-110194.75466250922,-337.32142688231386,-9972719.774774376,1.867907036582298e-06,-2.655170471884745,state_0_mean=-0.0043143662;state_1_mean=35.721984;state_2_mean=256.10606
interference,container,docker_cpu3-interf_io-run4,base_stable,100001,97442,0.974410255897441,67643,29799,38,6,13.309930689796644,0.002303675851243654,,gaussian_gmm,4,72558.62148863205,-7266424.652735093,29799,11,-144994.90098656478,-243.8479362641395,-7266424.652735093,0.0,0.0,"component_0_mean=-0.026698098,weight=0.89119852;component_1_mean=0.17908177,weight=0.10877191;component_2_mean=35.721984,weight=1.4783496e-05;component_3_mean=256.10606,weight=1.4783496e-05"
interference,container,docker_cpu3-interf_io-run4,base_stable,100001,97442,0.974410255897441,67643,29799,38,6,13.309930689796644,0.002303675851243654,,gaussian_hmm,4,84151.10714589883,-8891791.290646156,29799,23,-168046.40831124454,-298.39227123883876,-8908076.242229743,50.07069694387978,0.5464932240540499,state_0_mean=-0.030586903;state_1_mean=0.16849921;state_2_mean=35.721984;state_3_mean=256.10606
interference,container,docker_cpu3-interf_io-run4,base_stable,100001,97442,0.974410255897441,67643,29799,38,6,13.309930689796644,0.002303675851243654,,gaussian_gmm,5,73214.2206389515,-6024944.74621913,29799,14,-146272.73328974025,-202.18613866972484,-6024944.74621913,0.0,0.0,"component_0_mean=-0.047440072,weight=0.60890499;component_1_mean=0.025517057,weight=0.31164421;component_2_mean=0.20926413,weight=0.079421233;component_3_mean=35.721984,weight=1.4783496e-05;component_4_mean=256.10606,weight=1.4783496e-05"
interference,container,docker_cpu3-interf_io-run4,base_stable,100001,97442,0.974410255897441,67643,29799,38,6,13.309930689796644,0.002303675851243654,,gaussian_hmm,5,88526.00278478867,-6107389.268941329,29799,34,-176673.85759832492,-204.95282623381084,-6136605.155765492,179.08870084914935,0.9804317871124091,state_0_mean=-0.031454324;state_1_mean=0.096973814;state_2_mean=0.37392422;state_3_mean=35.721984;state_4_mean=256.10606
interference,container,docker_cpu3-interf_io-run4,cap_2500us,100001,97441,0.9744002559974401,67643,29798,38,7,13.309930689796644,0.002303675851243654,,iid_gaussian,1,-95980.75920156368,-68350.88008141796,29798,2,191983.7624014363,-2.293807640828846,-68350.88008141796,0.0,0.0,mean=1.0490864e-12;sd=1
interference,container,docker_cpu3-interf_io-run4,cap_2500us,100001,97441,0.9744002559974401,67643,29798,38,7,13.309930689796644,0.002303675851243654,,ar1_gaussian,1,,-68311.37057843663,29791,3,,-2.2930203946976144,,,,intercept=-9.6432639e-05;phi=0.0064822441;sd=0.99996701
interference,container,docker_cpu3-interf_io-run4,cap_2500us,100001,97441,0.9744002559974401,67643,29798,38,7,13.309930689796644,0.002303675851243654,,gaussian_gmm,2,22253.618044400282,-1327169.0912558383,29798,5,-44451.62609302815,-44.538864731050346,-1327169.0912558383,0.0,0.0,"component_0_mean=-0.0037861989,weight=0.99998522;component_1_mean=256.10606,weight=1.4783496e-05"
interference,container,docker_cpu3-interf_io-run4,cap_2500us,100001,97441,0.9744002559974401,67643,29798,38,7,13.309930689796644,0.002303675851243654,,gaussian_hmm,2,22249.01354169023,-1252390.7583674896,29798,7,-44420.17308929908,-42.02935627785387,-1252390.7583675967,1.0352486999978913e-07,3.5942712960863154e-12,state_0_mean=-0.0037861989;state_1_mean=256.10606
interference,container,docker_cpu3-interf_io-run4,cap_2500us,100001,97441,0.9744002559974401,67643,29798,38,7,13.309930689796644,0.002303675851243654,,gaussian_gmm,3,67604.84429714188,-118265.45185544525,29798,8,-135120.7126010479,-3.968905693517862,-118265.45185544525,0.0,0.0,"component_0_mean=-0.020930923,weight=0.94110425;component_1_mean=0.27024075,weight=0.05888097;component_2_mean=256.10606,weight=1.4783496e-05"
interference,container,docker_cpu3-interf_io-run4,cap_2500us,100001,97441,0.9744002559974401,67643,29798,38,7,13.309930689796644,0.002303675851243654,,gaussian_hmm,3,55175.23132533599,-1239810.5165720966,29798,14,-110194.75466250922,-41.607172178404475,-1160689.0916775505,1.2745851601926012e-07,-2.655259577640988,state_0_mean=-0.0043143662;state_1_mean=35.721984;state_2_mean=256.10606
interference,container,docker_cpu3-interf_io-run4,cap_2500us,100001,97441,0.9744002559974401,67643,29798,38,7,13.309930689796644,0.002303675851243654,,gaussian_gmm,4,72558.62148863205,-1083290.9862270458,29798,11,-144994.90098656478,-36.354486416103285,-1083290.9862270458,0.0,0.0,"component_0_mean=-0.026698098,weight=0.89119852;component_1_mean=0.17908177,weight=0.10877191;component_2_mean=35.721984,weight=1.4783496e-05;component_3_mean=256.10606,weight=1.4783496e-05"
interference,container,docker_cpu3-interf_io-run4,cap_2500us,100001,97441,0.9744002559974401,67643,29798,38,7,13.309930689796644,0.002303675851243654,,gaussian_hmm,4,84151.10714589883,-938880.2177870699,29798,23,-168046.40831124454,-31.508162218506943,-955163.9695332395,41.4144668877329,0.546471298280745,state_0_mean=-0.030586903;state_1_mean=0.16849921;state_2_mean=35.721984;state_3_mean=256.10606
interference,container,docker_cpu3-interf_io-run4,cap_2500us,100001,97441,0.9744002559974401,67643,29798,38,7,13.309930689796644,0.002303675851243654,,gaussian_gmm,5,73214.2206389515,-897071.1965295423,29798,14,-146272.73328974025,-30.10508076144514,-897071.1965295423,0.0,0.0,"component_0_mean=-0.047440072,weight=0.60890499;component_1_mean=0.025517057,weight=0.31164421;component_2_mean=0.20926413,weight=0.079421233;component_3_mean=35.721984,weight=1.4783496e-05;component_4_mean=256.10606,weight=1.4783496e-05"
interference,container,docker_cpu3-interf_io-run4,cap_2500us,100001,97441,0.9744002559974401,67643,29798,38,7,13.309930689796644,0.002303675851243654,,gaussian_hmm,5,88526.00278478867,-726990.9262782829,29798,34,-176673.85759832492,-24.397306070148428,-756175.43754252,189.01041981362127,0.979411747910501,state_0_mean=-0.031454324;state_1_mean=0.096973814;state_2_mean=0.37392422;state_3_mean=35.721984;state_4_mean=256.10606
interference,container,docker_cpu3-interf_io-run4,cap_2000us,100001,97441,0.9744002559974401,67643,29798,38,7,13.309930689796644,0.002303675851243654,,iid_gaussian,1,-95980.75920156368,-68350.88008141796,29798,2,191983.7624014363,-2.293807640828846,-68350.88008141796,0.0,0.0,mean=1.0490864e-12;sd=1
interference,container,docker_cpu3-interf_io-run4,cap_2000us,100001,97441,0.9744002559974401,67643,29798,38,7,13.309930689796644,0.002303675851243654,,ar1_gaussian,1,,-68311.37057843663,29791,3,,-2.2930203946976144,,,,intercept=-9.6432639e-05;phi=0.0064822441;sd=0.99996701
interference,container,docker_cpu3-interf_io-run4,cap_2000us,100001,97441,0.9744002559974401,67643,29798,38,7,13.309930689796644,0.002303675851243654,,gaussian_gmm,2,22253.618044400282,-1327169.0912558383,29798,5,-44451.62609302815,-44.538864731050346,-1327169.0912558383,0.0,0.0,"component_0_mean=-0.0037861989,weight=0.99998522;component_1_mean=256.10606,weight=1.4783496e-05"
interference,container,docker_cpu3-interf_io-run4,cap_2000us,100001,97441,0.9744002559974401,67643,29798,38,7,13.309930689796644,0.002303675851243654,,gaussian_hmm,2,22249.01354169023,-1252390.7583674896,29798,7,-44420.17308929908,-42.02935627785387,-1252390.7583674886,1.703517514106462e-07,-3.125453300944622e-14,state_0_mean=-0.0037861989;state_1_mean=256.10606
interference,container,docker_cpu3-interf_io-run4,cap_2000us,100001,97441,0.9744002559974401,67643,29798,38,7,13.309930689796644,0.002303675851243654,,gaussian_gmm,3,67604.84429714188,-118265.45185544525,29798,8,-135120.7126010479,-3.968905693517862,-118265.45185544525,0.0,0.0,"component_0_mean=-0.020930923,weight=0.94110425;component_1_mean=0.27024075,weight=0.05888097;component_2_mean=256.10606,weight=1.4783496e-05"
interference,container,docker_cpu3-interf_io-run4,cap_2000us,100001,97441,0.9744002559974401,67643,29798,38,7,13.309930689796644,0.002303675851243654,,gaussian_hmm,3,55175.23132533599,-1239810.5165720966,29798,14,-110194.75466250922,-41.607172178404475,-1160689.091677486,9.113270182322615e-08,-2.6552595776431525,state_0_mean=-0.0043143662;state_1_mean=35.721984;state_2_mean=256.10606
interference,container,docker_cpu3-interf_io-run4,cap_2000us,100001,97441,0.9744002559974401,67643,29798,38,7,13.309930689796644,0.002303675851243654,,gaussian_gmm,4,72558.62148863205,-1083290.9862270458,29798,11,-144994.90098656478,-36.354486416103285,-1083290.9862270458,0.0,0.0,"component_0_mean=-0.026698098,weight=0.89119852;component_1_mean=0.17908177,weight=0.10877191;component_2_mean=35.721984,weight=1.4783496e-05;component_3_mean=256.10606,weight=1.4783496e-05"
interference,container,docker_cpu3-interf_io-run4,cap_2000us,100001,97441,0.9744002559974401,67643,29798,38,7,13.309930689796644,0.002303675851243654,,gaussian_hmm,4,84151.10714589883,-938880.2177870699,29798,23,-168046.40831124454,-31.508162218506943,-955136.0675170744,30.876986322995545,0.5455349261696945,state_0_mean=-0.030586903;state_1_mean=0.16849921;state_2_mean=35.721984;state_3_mean=256.10606
interference,container,docker_cpu3-interf_io-run4,cap_2000us,100001,97441,0.9744002559974401,67643,29798,38,7,13.309930689796644,0.002303675851243654,,gaussian_gmm,5,73214.2206389515,-897071.1965295423,29798,14,-146272.73328974025,-30.10508076144514,-897071.1965295423,0.0,0.0,"component_0_mean=-0.047440072,weight=0.60890499;component_1_mean=0.025517057,weight=0.31164421;component_2_mean=0.20926413,weight=0.079421233;component_3_mean=35.721984,weight=1.4783496e-05;component_4_mean=256.10606,weight=1.4783496e-05"
interference,container,docker_cpu3-interf_io-run4,cap_2000us,100001,97441,0.9744002559974401,67643,29798,38,7,13.309930689796644,0.002303675851243654,,gaussian_hmm,5,88526.00278478867,-726990.9262782829,29798,34,-176673.85759832492,-24.397306070148428,-756286.281441323,111.29357414834114,0.9831315914839958,state_0_mean=-0.031454324;state_1_mean=0.096973814;state_2_mean=0.37392422;state_3_mean=35.721984;state_4_mean=256.10606
interference,container,docker_cpu3-interf_io-run4,cap_1500us,100001,97441,0.9744002559974401,67643,29798,38,7,13.309930689796644,0.002303675851243654,,iid_gaussian,1,-95980.75920156368,-68350.88008141796,29798,2,191983.7624014363,-2.293807640828846,-68350.88008141796,0.0,0.0,mean=1.0490864e-12;sd=1
interference,container,docker_cpu3-interf_io-run4,cap_1500us,100001,97441,0.9744002559974401,67643,29798,38,7,13.309930689796644,0.002303675851243654,,ar1_gaussian,1,,-68311.37057843663,29791,3,,-2.2930203946976144,,,,intercept=-9.6432639e-05;phi=0.0064822441;sd=0.99996701
interference,container,docker_cpu3-interf_io-run4,cap_1500us,100001,97441,0.9744002559974401,67643,29798,38,7,13.309930689796644,0.002303675851243654,,gaussian_gmm,2,22253.618044400282,-1327169.0912558383,29798,5,-44451.62609302815,-44.538864731050346,-1327169.0912558383,0.0,0.0,"component_0_mean=-0.0037861989,weight=0.99998522;component_1_mean=256.10606,weight=1.4783496e-05"
interference,container,docker_cpu3-interf_io-run4,cap_1500us,100001,97441,0.9744002559974401,67643,29798,38,7,13.309930689796644,0.002303675851243654,,gaussian_hmm,2,22249.01354169023,-1252390.7583674896,29798,7,-44420.17308929908,-42.02935627785387,-1252390.7583675315,9.612086953356234e-08,1.40645398542508e-12,state_0_mean=-0.0037861989;state_1_mean=256.10606
interference,container,docker_cpu3-interf_io-run4,cap_1500us,100001,97441,0.9744002559974401,67643,29798,38,7,13.309930689796644,0.002303675851243654,,gaussian_gmm,3,67604.84429714188,-118265.45185544525,29798,8,-135120.7126010479,-3.968905693517862,-118265.45185544525,0.0,0.0,"component_0_mean=-0.020930923,weight=0.94110425;component_1_mean=0.27024075,weight=0.05888097;component_2_mean=256.10606,weight=1.4783496e-05"
interference,container,docker_cpu3-interf_io-run4,cap_1500us,100001,97441,0.9744002559974401,67643,29798,38,7,13.309930689796644,0.002303675851243654,,gaussian_hmm,3,55175.23132533599,-1239810.5165720966,29798,14,-110194.75466250922,-41.607172178404475,-1161358.525546075,2116.9357674526973,-2.6327938460977762,state_0_mean=-0.0043143662;state_1_mean=35.721984;state_2_mean=256.10606
interference,container,docker_cpu3-interf_io-run4,cap_1500us,100001,97441,0.9744002559974401,67643,29798,38,7,13.309930689796644,0.002303675851243654,,gaussian_gmm,4,72558.62148863205,-1083290.9862270458,29798,11,-144994.90098656478,-36.354486416103285,-1083290.9862270458,0.0,0.0,"component_0_mean=-0.026698098,weight=0.89119852;component_1_mean=0.17908177,weight=0.10877191;component_2_mean=35.721984,weight=1.4783496e-05;component_3_mean=256.10606,weight=1.4783496e-05"
interference,container,docker_cpu3-interf_io-run4,cap_1500us,100001,97441,0.9744002559974401,67643,29798,38,7,13.309930689796644,0.002303675851243654,,gaussian_hmm,4,84151.10714589883,-938880.2177870699,29798,23,-168046.40831124454,-31.508162218506943,-955155.2476091243,33.93626163686105,0.5461785966190494,state_0_mean=-0.030586903;state_1_mean=0.16849921;state_2_mean=35.721984;state_3_mean=256.10606
interference,container,docker_cpu3-interf_io-run4,cap_1500us,100001,97441,0.9744002559974401,67643,29798,38,7,13.309930689796644,0.002303675851243654,,gaussian_gmm,5,73214.2206389515,-897071.1965295423,29798,14,-146272.73328974025,-30.10508076144514,-897071.1965295423,0.0,0.0,"component_0_mean=-0.047440072,weight=0.60890499;component_1_mean=0.025517057,weight=0.31164421;component_2_mean=0.20926413,weight=0.079421233;component_3_mean=35.721984,weight=1.4783496e-05;component_4_mean=256.10606,weight=1.4783496e-05"
interference,container,docker_cpu3-interf_io-run4,cap_1500us,100001,97441,0.9744002559974401,67643,29798,38,7,13.309930689796644,0.002303675851243654,,gaussian_hmm,5,88526.00278478867,-726990.9262782829,29798,34,-176673.85759832492,-24.397306070148428,-756247.9153249757,156.34849558527605,0.9818440515032166,state_0_mean=-0.031454324;state_1_mean=0.096973814;state_2_mean=0.37392422;state_3_mean=35.721984;state_4_mean=256.10606
interference,container,docker_cpu3-interf_io-run4,cap_1000us,100001,97440,0.974390256097439,67642,29798,39,7,13.309921967621774,0.00040111508381052315,,iid_gaussian,1,-95979.34026303046,-1379280.2739035417,29798,2,191980.9244948027,-46.28767950545479,-1379280.2739035417,0.0,0.0,mean=-8.4384939e-13;sd=1
interference,container,docker_cpu3-interf_io-run4,cap_1000us,100001,97440,0.974390256097439,67642,29798,39,7,13.309921967621774,0.00040111508381052315,,ar1_gaussian,1,,-1496335.5959636264,29791,3,,-50.22777335314781,,,,intercept=-0.00058668916;phi=0.2149149;sd=0.96671398
interference,container,docker_cpu3-interf_io-run4,cap_1000us,100001,97440,0.974390256097439,67642,29798,39,7,13.309921967621774,0.00040111508381052315,,gaussian_gmm,2,-50627.79015074412,-169999.50586295009,29798,5,101311.19022334264,-5.705064295018125,-169999.50586295009,0.0,0.0,"component_0_mean=-0.098306048,weight=0.94134865;component_1_mean=1.5778028,weight=0.058651351"
interference,container,docker_cpu3-interf_io-run4,cap_1000us,100001,97440,0.974390256097439,67642,29798,39,7,13.309921967621774,0.00040111508381052315,,gaussian_hmm,2,-63051.374475122066,-3366088.2288764617,29798,7,126180.60284084028,-112.96356228191361,-3366088.2288763775,2.524322784774298e-07,-2.828535237354883e-12,state_0_mean=-0.00303336;state_1_mean=205.1795
interference,container,docker_cpu3-interf_io-run4,cap_1000us,100001,97440,0.974390256097439,67642,29798,39,7,13.309921967621774,0.00040111508381052315,,gaussian_gmm,3,-45672.18238196113,-1139649.9725975401,29798,8,91433.34063888929,-38.245854506931344,-1139649.9725975401,0.0,0.0,"component_0_mean=-0.13242268,weight=0.88910775;component_1_mean=1.0345178,weight=0.11087746;component_2_mean=205.1795,weight=1.4783714e-05"
interference,container,docker_cpu3-interf_io-run4,cap_1000us,100001,97440,0.974390256097439,67642,29798,39,7,13.309921967621774,0.00040111508381052315,,gaussian_hmm,3,-34075.83909250662,-1365929.5876682485,29798,14,68307.38596620553,-45.83963983046676,-1382185.6110662504,48.6862427929783,0.5455407543459934,state_0_mean=-0.15392181;state_1_mean=0.98945984;state_2_mean=205.1795
interference,container,docker_cpu3-interf_io-run4,cap_1000us,100001,97440,0.974390256097439,67642,29798,39,7,13.309921967621774,0.00040111508381052315,,gaussian_gmm,4,-45018.24499037943,-949568.5723261621,29798,11,90158.83180883853,-31.866855907314655,-949568.5723261621,0.0,0.0,"component_0_mean=-0.2519275,weight=0.60077844;component_1_mean=0.15983073,weight=0.31971449;component_2_mean=1.2230004,weight=0.079492287;component_3_mean=205.1795,weight=1.4783714e-05"
interference,container,docker_cpu3-interf_io-run4,cap_1000us,100001,97440,0.974390256097439,67642,29798,39,7,13.309921967621774,0.00040111508381052315,,gaussian_hmm,4,-29700.954920617212,-932280.3552984088,29798,23,59657.71548176462,-31.286675458031034,-961604.1206734758,107.04296788149686,0.9840850182920671,state_0_mean=-0.15889946;state_1_mean=0.57868179;state_2_mean=2.1692208;state_3_mean=205.1795
interference,container,docker_cpu3-interf_io-run4,cap_1000us,100001,97440,0.974390256097439,67642,29798,39,7,13.309921967621774,0.00040111508381052315,,gaussian_gmm,5,-44068.306990815894,-73029.35515743497,29798,14,88292.32176282408,-2.4508139860874882,-73029.35515743497,0.0,0.0,"component_0_mean=-0.26263043,weight=0.59279952;component_1_mean=0.14918468,weight=0.33679046;component_2_mean=1.4209427,weight=0.070051322;component_3_mean=8.347969,weight=0.00034391455;component_4_mean=205.1795,weight=1.4783714e-05"
interference,container,docker_cpu3-interf_io-run4,cap_1000us,100001,97440,0.974390256097439,67642,29798,39,7,13.309921967621774,0.00040111508381052315,,gaussian_hmm,5,-28075.17675649655,-80094.52582221081,29798,34,56528.500981602956,-2.6879161629039134,-112519.76492490659,89.8441688450245,1.0881683033322966,state_0_mean=-0.1588572;state_1_mean=0.58486884;state_2_mean=2.1441635;state_3_mean=3.5750503;state_4_mean=205.1795
interference,container,docker_cpu3-interf_io-run4,train_q_0.999,100001,96853,0.9685203147968521,67575,29278,101,488,13.309918637342095,0.00022867650975900644,,iid_gaussian,1,-95884.27138130575,-82062.48997676723,29278,2,191790.7847493538,-2.80287212161921,-82062.48997676723,0.0,0.0,mean=2.3784817e-13;sd=1
interference,container,docker_cpu3-interf_io-run4,train_q_0.999,100001,96853,0.9685203147968521,67575,29278,101,488,13.309918637342095,0.00022867650975900644,,ar1_gaussian,1,,-53450.74849680934,28790,3,,-1.8565734107957395,,,,intercept=-0.0011373004;phi=0.61226438;sd=0.78724572
interference,container,docker_cpu3-interf_io-run4,train_q_0.999,100001,96853,0.9685203147968521,67575,29278,101,488,13.309918637342095,0.00022867650975900644,,gaussian_gmm,2,-81915.33443396249,-63522.66648090362,29278,5,163886.2738347807,-2.169638174769575,-63522.66648090362,0.0,0.0,"component_0_mean=-0.23450216,weight=0.88378018;component_1_mean=1.7832446,weight=0.11621982"
interference,container,docker_cpu3-interf_io-run4,train_q_0.999,100001,96853,0.9685203147968521,67575,29278,101,488,13.309918637342095,0.00022867650975900644,,gaussian_hmm,2,-70015.05548124628,-42835.33261559906,29278,7,140107.95791609059,-1.463055284363654,-60280.04273165646,39.45564003198682,0.5958299786890294,state_0_mean=-0.25654979;state_1_mean=1.6847289
interference,container,docker_cpu3-interf_io-run4,train_q_0.999,100001,96853,0.9685203147968521,67575,29278,101,488,13.309918637342095,0.00022867650975900644,,gaussian_gmm,3,-81490.70225264592,-63387.545380170544,29278,8,163070.37245226098,-2.165023067838327,-63387.545380170544,0.0,0.0,"component_0_mean=-0.45931552,weight=0.57561665;component_1_mean=0.25408883,weight=0.35317924;component_2_mean=2.4528187,weight=0.071204105"
interference,container,docker_cpu3-interf_io-run4,train_q_0.999,100001,96853,0.9685203147968521,67575,29278,101,488,13.309918637342095,0.00022867650975900644,,gaussian_hmm,3,-65698.7389080649,-41120.61361758445,29278,14,131553.17172332582,-1.4044884765894,-74816.95959459683,118.2711940851156,1.1509101023639723,state_0_mean=-0.2641662;state_1_mean=1.0448581;state_2_mean=3.7311459
interference,container,docker_cpu3-interf_io-run4,train_q_0.999,100001,96853,0.9685203147968521,67575,29278,101,488,13.309918637342095,0.00022867650975900644,,gaussian_gmm,4,-81349.9406456184,-63309.832541649106,29278,11,162822.2122183194,-2.162368759534432,-63309.832541649106,0.0,0.0,"component_0_mean=-0.68055218,weight=0.39755567;component_1_mean=0.011074524,weight=0.42896796;component_2_mean=0.96493567,weight=0.13112679;component_3_mean=3.2887654,weight=0.042349584"
interference,container,docker_cpu3-interf_io-run4,train_q_0.999,100001,96853,0.9685203147968521,67575,29278,101,488,13.309918637342095,0.00022867650975900644,,gaussian_hmm,4,-65102.5575271462,-40942.37162905731,29278,23,130460.89790182872,-1.3984005611400132,-76636.49485080982,176.18633953974225,1.2191448603645232,state_0_mean=-0.31243323;state_1_mean=0.30874302;state_2_mean=1.0993568;state_3_mean=3.7337616
interference,container,docker_cpu3-interf_io-run4,train_q_0.999,100001,96853,0.9685203147968521,67575,29278,101,488,13.309918637342095,0.00022867650975900644,,gaussian_gmm,5,-81372.0288809459,-63319.895646593635,29278,14,162899.75166908783,-2.1627124682899663,-63319.895646593635,0.0,0.0,"component_0_mean=-0.83045323,weight=0.27817946;component_1_mean=-0.24251997,weight=0.37190911;component_2_mean=0.36508059,weight=0.22938464;component_3_mean=1.2945453,weight=0.083306482;component_4_mean=3.4825746,weight=0.037220312"
interference,container,docker_cpu3-interf_io-run4,train_q_0.999,100001,96853,0.9685203147968521,67575,29278,101,488,13.309918637342095,0.00022867650975900644,,gaussian_hmm,5,-64620.35404502612,-39610.41424815602,29278,34,129618.82186467116,-1.352907105955189,-78102.15760531428,207.5270195340436,1.3146985230261035,state_0_mean=-0.32156197;state_1_mean=0.41563145;state_2_mean=0.72139016;state_3_mean=1.4262434;state_4_mean=3.7334792
interference,container,docker_cpu3-interf_io-run4,train_q_0.9995,100001,97018,0.9701702982970171,67610,29408,70,370,13.309919357780247,0.00023080022502913373,,iid_gaussian,1,-95933.93422996793,-83410.10889882916,29408,2,191890.11148229602,-2.836306749824169,-83410.10889882916,0.0,0.0,mean=-5.0463437e-13;sd=1
interference,container,docker_cpu3-interf_io-run4,train_q_0.9995,100001,97018,0.9701702982970171,67610,29408,70,370,13.309919357780247,0.00023080022502913373,,ar1_gaussian,1,,-54737.024880588404,29038,3,,-1.8850135987529584,,,,intercept=-0.00060669855;phi=0.61759731;sd=0.78497005
interference,container,docker_cpu3-interf_io-run4,train_q_0.9995,100001,97018,0.9701702982970171,67610,29408,70,370,13.309919357780247,0.00023080022502913373,,gaussian_gmm,2,-81552.53355860735,-64111.496529311626,29408,5,163160.6746731151,-2.1800699309477567,-64111.496529311626,0.0,0.0,"component_0_mean=-0.23317334,weight=0.88672992;component_1_mean=1.8253875,weight=0.11327008"
interference,container,docker_cpu3-interf_io-run4,train_q_0.9995,100001,97018,0.9701702982970171,67610,29408,70,370,13.309919357780247,0.00023080022502913373,,gaussian_hmm,2,-69614.139821085,-43286.30871211748,29408,7,139306.13022043058,-1.4719229023434943,-60781.80317746755,79.23255706950746,0.5949229619610332,state_0_mean=-0.25720838;state_1_mean=1.6842712
interference,container,docker_cpu3-interf_io-run4,train_q_0.9995,100001,97018,0.9701702982970171,67610,29408,70,370,13.309919357780247,0.00023080022502913373,,gaussian_gmm,3,-81101.60774241011,-63935.95852179917,29408,8,162292.1875742609,-2.1741008746531274,-63935.95852179917,0.0,0.0,"component_0_mean=-0.44801843,weight=0.58918155;component_1_mean=0.26582147,weight=0.34096927;component_2_mean=2.48145,weight=0.069849176"
interference,container,docker_cpu3-interf_io-run4,train_q_0.9995,100001,97018,0.9701702982970171,67610,29408,70,370,13.309919357780247,0.00023080022502913373,,gaussian_hmm,3,-65236.5101298429,-41515.659852979166,29408,14,130628.72141620699,-1.4117131342824798,-75901.28513738877,104.88291833188272,1.1692609250683352,state_0_mean=-0.26474066;state_1_mean=1.0324208;state_2_mean=3.7323467
interference,container,docker_cpu3-interf_io-run4,train_q_0.9995,100001,97018,0.9701702982970171,67610,29408,70,370,13.309919357780247,0.00023080022502913373,,gaussian_gmm,4,-80986.3889301152,-63905.019031028016,29408,11,162095.1144832113,-2.173048797301007,-63905.019031028016,0.0,0.0,"component_0_mean=-0.67501685,weight=0.40113918;component_1_mean=0.01426703,weight=0.42854394;component_2_mean=0.97002176,weight=0.12689562;component_3_mean=3.260388,weight=0.043421257"
interference,container,docker_cpu3-interf_io-run4,train_q_0.9995,100001,97018,0.9701702982970171,67610,29408,70,370,13.309919357780247,0.00023080022502913373,,gaussian_hmm,4,-64631.97836632625,-41301.71732691388,29408,23,129519.75148979445,-1.4044381571991935,-77530.54129510003,178.74663750063664,1.2319377029443062,state_0_mean=-0.29990402;state_1_mean=0.28381353;state_2_mean=1.1191318;state_3_mean=3.7369698
interference,container,docker_cpu3-interf_io-run4,train_q_0.9995,100001,97018,0.9701702982970171,67610,29408,70,370,13.309919357780247,0.00023080022502913373,,gaussian_gmm,5,-81009.68973268408,-63917.695002712775,29408,14,162175.08062188936,-2.1734798355111797,-63917.695002712775,0.0,0.0,"component_0_mean=-0.8259182,weight=0.27805083;component_1_mean=-0.24357904,weight=0.37169509;component_2_mean=0.35771838,weight=0.22896944;component_3_mean=1.2697759,weight=0.081960532;component_4_mean=3.4128252,weight=0.039324102"
interference,container,docker_cpu3-interf_io-run4,train_q_0.9995,100001,97018,0.9701702982970171,67610,29408,70,370,13.309919357780247,0.00023080022502913373,,gaussian_hmm,5,-64153.70119604302,-40077.384968676015,29408,34,128685.53377220892,-1.362805528042574,-78952.21252391013,118.21191736779016,1.3219133417857085,state_0_mean=-0.32127718;state_1_mean=0.42344135;state_2_mean=0.7057739;state_3_mean=1.4077228;state_4_mean=3.7359885
interference,container,docker_cpu3-interf_io-run4,train_q_0.9999,100001,97311,0.9731002689973101,67636,29675,44,127,13.309920145897534,0.000234439576583107,,iid_gaussian,1,-95970.82663183124,-93560.50188958448,29675,2,191963.8970549918,-3.152839153819191,-93560.50188958448,0.0,0.0,mean=-2.076975e-12;sd=1
interference,container,docker_cpu3-interf_io-run4,train_q_0.9999,100001,97311,0.9731002689973101,67636,29675,44,127,13.309920145897534,0.000234439576583107,,ar1_gaussian,1,,-70166.61674705968,29548,3,,-2.3746655187173307,,,,intercept=-0.00028287929;phi=0.60794107;sd=0.79350982
interference,container,docker_cpu3-interf_io-run4,train_q_0.9999,100001,97311,0.9731002689973101,67636,29675,44,127,13.309920145897534,0.000234439576583107,,gaussian_gmm,2,-80881.09085735318,-67709.72091577333,29675,5,161817.79119302964,-2.2817092136739117,-67709.72091577333,0.0,0.0,"component_0_mean=-0.2295497,weight=0.88769572;component_1_mean=1.8144481,weight=0.11230428"
interference,container,docker_cpu3-interf_io-run4,train_q_0.9999,100001,97311,0.9731002689973101,67636,29675,44,127,13.309920145897534,0.000234439576583107,,gaussian_hmm,2,-69006.8420301284,-46872.677086643074,29675,7,138091.53732990942,-1.5795341899458493,-64210.03890548218,55.95131253855483,0.5842413418311408,state_0_mean=-0.25652418;state_1_mean=1.6771608
interference,container,docker_cpu3-interf_io-run4,train_q_0.9999,100001,97311,0.9731002689973101,67636,29675,44,127,13.309920145897534,0.000234439576583107,,gaussian_gmm,3,-80399.94599105231,-67261.16023940622,29675,8,160888.8671474219,-2.266593436879738,-67261.16023940622,0.0,0.0,"component_0_mean=-0.43909796,weight=0.59497931;component_1_mean=0.26530345,weight=0.33019169;component_2_mean=2.320667,weight=0.074829004"
interference,container,docker_cpu3-interf_io-run4,train_q_0.9999,100001,97311,0.9731002689973101,67636,29675,44,127,13.309920145897534,0.000234439576583107,,gaussian_hmm,3,-64744.84353613984,-45239.62048926308,29675,14,129645.39361158489,-1.524502796605327,-79202.84204876453,106.93188927002063,1.1445062025105799,state_0_mean=-0.26400905;state_1_mean=1.0026786;state_2_mean=3.7038916
interference,container,docker_cpu3-interf_io-run4,train_q_0.9999,100001,97311,0.9731002689973101,67636,29675,44,127,13.309920145897534,0.000234439576583107,,gaussian_gmm,4,-80317.77842507415,-67528.0628653732,29675,11,160757.89770245954,-2.2755876281507397,-67528.0628653732,0.0,0.0,"component_0_mean=-0.662048,weight=0.40448627;component_1_mean=0.012391992,weight=0.42559268;component_2_mean=0.9397545,weight=0.11794407;component_3_mean=2.9181557,weight=0.051976977"
interference,container,docker_cpu3-interf_io-run4,train_q_0.9999,100001,97311,0.9731002689973101,67636,29675,44,127,13.309920145897534,0.000234439576583107,,gaussian_hmm,4,-64143.97346340452,-44421.38456995868,29675,23,128543.75052709618,-1.4969295558537046,-81033.67615196724,171.66298932661465,1.233775621971645,state_0_mean=-0.27111248;state_1_mean=0.64822485;state_2_mean=1.3624092;state_3_mean=3.7199883
interference,container,docker_cpu3-interf_io-run4,train_q_0.9999,100001,97311,0.9731002689973101,67636,29675,44,127,13.309920145897534,0.000234439576583107,,gaussian_gmm,5,-80338.25761626495,-67567.41559151089,29675,14,160832.22177183512,-2.2769137520306955,-67567.41559151089,0.0,0.0,"component_0_mean=-0.79372097,weight=0.29306339;component_1_mean=-0.2093261,weight=0.38484017;component_2_mean=0.39407892,weight=0.20733709;component_3_mean=1.2755334,weight=0.065286133;component_4_mean=2.9952737,weight=0.04947322"
interference,container,docker_cpu3-interf_io-run4,train_q_0.9999,100001,97311,0.9731002689973101,67636,29675,44,127,13.309920145897534,0.000234439576583107,,gaussian_hmm,5,-63640.0120199923,-42688.477625559804,29675,34,127658.16849258298,-1.4385333656464971,-73848.04570592959,125.47210873356799,1.0500275679989817,state_0_mean=-0.2717964;state_1_mean=0.64924409;state_2_mean=1.3671437;state_3_mean=2.3278568;state_4_mean=3.6779568
interference,container,docker_cpu3-interf_io-run2,base_stable,100001,99955,0.999540004599954,69978,29977,4,4,13.30455804758399,0.015599040423851112,,iid_gaussian,1,-99293.98067659659,-34052.07121628299,29977,2,198610.27322556503,-1.1359399278207623,-34052.07121628299,0.0,0.0,mean=-2.671912e-14;sd=1
interference,container,docker_cpu3-interf_io-run2,base_stable,100001,99955,0.999540004599954,69978,29977,4,4,13.30455804758399,0.015599040423851112,,ar1_gaussian,1,,-34048.60850813741,29973,3,,-1.135975995333714,,,,intercept=-4.4384122e-06;phi=0.0028996262;sd=1.000031
interference,container,docker_cpu3-interf_io-run2,base_stable,100001,99955,0.999540004599954,69978,29977,4,4,13.30455804758399,0.015599040423851112,,gaussian_gmm,2,78403.80754277643,30964.124093924278,29977,5,-156751.83540462327,1.0329293823239243,30964.124093924278,0.0,0.0,"component_0_mean=-0.020173347,weight=0.99531826;component_1_mean=4.2887681,weight=0.0046817407"
interference,container,docker_cpu3-interf_io-run2,base_stable,100001,99955,0.999540004599954,69978,29977,4,4,13.30455804758399,0.015599040423851112,,gaussian_hmm,2,67377.23561137902,29774.07374315139,29977,7,-134676.3796694566,0.9932306015662472,30803.01267411122,212.10842053611256,-0.0343242796463899,state_0_mean=-0.019115367;state_1_mean=8.2043798
interference,container,docker_cpu3-interf_io-run2,base_stable,100001,99955,0.999540004599954,69978,29977,4,4,13.30455804758399,0.015599040423851112,,gaussian_gmm,3,84489.25692243251,32652.8303147349,29977,8,-168889.26635537768,1.0892627786214397,32652.8303147349,0.0,0.0,"component_0_mean=-0.035050721,weight=0.89906199;component_1_mean=0.12585259,weight=0.099201437;component_2_mean=10.957234,weight=0.0017365708"
interference,container,docker_cpu3-interf_io-run2,base_stable,100001,99955,0.999540004599954,69978,29977,4,4,13.30455804758399,0.015599040423851112,,gaussian_hmm,3,81264.11149365308,32033.21112661774,29977,14,-162372.0398807033,1.0685929588223553,32175.958620852023,12.817295818176039,-0.004761900598268054,state_0_mean=-0.030002279;state_1_mean=0.1221863;state_2_mean=12.491412
interference,container,docker_cpu3-interf_io-run2,base_stable,100001,99955,0.999540004599954,69978,29977,4,4,13.30455804758399,0.015599040423851112,,gaussian_gmm,4,84652.16347635756,32761.45599244805,29977,11,-169181.61165467,1.0928864126646445,32761.45599244805,0.0,0.0,"component_0_mean=-0.034984888,weight=0.90096582;component_1_mean=0.12795244,weight=0.097125161;component_2_mean=3.0487339,weight=0.0015839098;component_3_mean=43.873603,weight=0.00032511273"
interference,container,docker_cpu3-interf_io-run2,base_stable,100001,99955,0.999540004599954,69978,29977,4,4,13.30455804758399,0.015599040423851112,,gaussian_hmm,4,86266.08047037938,33817.559435685806,29977,23,-172275.57440848261,1.1281168707904663,31204.75244320999,55.078777726972646,0.0871603893810527,state_0_mean=-0.052264573;state_1_mean=0.031771268;state_2_mean=1.9568232;state_3_mean=44.74739
interference,container,docker_cpu3-interf_io-run2,base_stable,100001,99955,0.999540004599954,69978,29977,4,4,13.30455804758399,0.015599040423851112,,gaussian_gmm,5,84661.26605213503,32763.326269966197,29977,14,-169166.3489976672,1.0929488030812355,32763.326269966197,0.0,0.0,"component_0_mean=-0.035049284,weight=0.9000263;component_1_mean=0.12698497,weight=0.098065352;component_2_mean=3.0040263,weight=0.0015653896;component_3_mean=21.967401,weight=0.00023420032;component_4_mean=85.004326,weight=0.00010876161"
interference,container,docker_cpu3-interf_io-run2,base_stable,100001,99955,0.999540004599954,69978,29977,4,4,13.30455804758399,0.015599040423851112,,gaussian_hmm,5,86266.04192957429,33818.43243185489,29977,34,-172152.78202882732,1.1281459929897886,31217.078627061543,41.86174290968208,0.08677832354115979,state_0_mean=-0.052230446;state_1_mean=0.031880576;state_2_mean=2.0572367;state_3_mean=44.871936;state_4_mean=70.92997
interference,container,docker_cpu3-interf_io-run2,cap_2500us,100001,99952,0.999510004899951,69976,29976,6,5,13.30451295661026,0.013122270734029596,,iid_gaussian,1,-99291.14279953018,-30236.400353680296,29976,2,198604.59741427057,-1.00868696135843,-30236.400353680296,0.0,0.0,mean=-3.5120973e-15;sd=1
interference,container,docker_cpu3-interf_io-run2,cap_2500us,100001,99952,0.999510004899951,69976,29976,6,5,13.30451295661026,0.013122270734029596,,ar1_gaussian,1,,-30231.99768841722,29971,3,,-1.0087083410102173,,,,intercept=-4.7804499e-06;phi=0.0046511435;sd=1.0000382
interference,container,docker_cpu3-interf_io-run2,cap_2500us,100001,99952,0.999510004899951,69976,29976,6,5,13.30451295661026,0.013122270734029596,,gaussian_gmm,2,66383.25239807105,25833.601675271515,29976,5,-132710.7252581166,0.86180950344514,25833.601675271515,0.0,0.0,"component_0_mean=-0.020648959,weight=0.99506711;component_1_mean=4.1653284,weight=0.0049328883"
interference,container,docker_cpu3-interf_io-run2,cap_2500us,100001,99952,0.999510004899951,69976,29976,6,5,13.30451295661026,0.013122270734029596,,gaussian_hmm,2,55327.227734422304,24628.391262145447,29976,7,-110576.36411560891,0.8216036583315135,25733.370079660963,127.3874149622767,-0.03686211694407244,state_0_mean=-0.019312646;state_1_mean=8.1879755
interference,container,docker_cpu3-interf_io-run2,cap_2500us,100001,99952,0.999510004899951,69976,29976,6,5,13.30451295661026,0.013122270734029596,,gaussian_gmm,3,72431.73748514167,27499.078761694534,29976,8,-144774.22770944255,0.9173698546068366,27499.078761694534,0.0,0.0,"component_0_mean=-0.038219117,weight=0.89932474;component_1_mean=0.15335989,weight=0.098955417;component_2_mean=11.161282,weight=0.0017198388"
interference,container,docker_cpu3-interf_io-run2,cap_2500us,100001,99952,0.999510004899951,69976,29976,6,5,13.30451295661026,0.013122270734029596,,gaussian_hmm,3,67843.87836374936,26142.663814744064,29976,14,-135531.57402102734,0.8721198230165487,26399.983968434157,23.964705252441348,-0.008584205820993208,state_0_mean=-0.027557006;state_1_mean=0.2432037;state_2_mean=14.762511
interference,container,docker_cpu3-interf_io-run2,cap_2500us,100001,99952,0.999510004899951,69976,29976,6,5,13.30451295661026,0.013122270734029596,,gaussian_gmm,4,72582.06794134609,27593.182964294065,29976,11,-145041.42089903608,0.9205091728147206,27593.182964294065,0.0,0.0,"component_0_mean=-0.038152624,weight=0.90099728;component_1_mean=0.15555558,weight=0.097121799;component_2_mean=3.6146148,weight=0.0015806367;component_3_mean=45.137128,weight=0.00030028892"
interference,container,docker_cpu3-interf_io-run2,cap_2500us,100001,99952,0.999510004899951,69976,29976,6,5,13.30451295661026,0.013122270734029596,,gaussian_hmm,4,74192.63090182812,28649.934935567933,29976,23,-148128.67592873893,0.9557624411385086,26049.978311952967,45.42450928526476,0.08673460847394468,state_0_mean=-0.058658213;state_1_mean=0.041305959;state_2_mean=2.4485136;state_3_mean=49.284136
interference,container,docker_cpu3-interf_io-run2,cap_2500us,100001,99952,0.999510004899951,69976,29976,6,5,13.30451295661026,0.013122270734029596,,gaussian_gmm,5,72587.44058496444,27594.37339925612,29976,14,-145018.6984634575,0.9205488857504711,27594.37339925612,0.0,0.0,"component_0_mean=-0.038148493,weight=0.90105868;component_1_mean=0.15563336,weight=0.097058526;component_2_mean=3.5375301,weight=0.0015586801;component_3_mean=23.969199,weight=0.00023741531;component_4_mean=93.015144,weight=8.6695067e-05"
interference,container,docker_cpu3-interf_io-run2,cap_2500us,100001,99952,0.999510004899951,69976,29976,6,5,13.30451295661026,0.013122270734029596,,gaussian_hmm,5,74954.51003856189,29683.036639482092,29976,34,-149529.7192185504,0.9902267360382336,25403.8027870139,70.50863033436072,0.14275533268175175,state_0_mean=-0.065164739;state_1_mean=0.0068676964;state_2_mean=0.1558011;state_3_mean=4.7151472;state_4_mean=53.369118
interference,container,docker_cpu3-interf_io-run2,cap_2000us,100001,99949,0.999480005199948,69973,29976,9,5,13.304454188762753,0.009567747366521039,,iid_gaussian,1,-99286.88598393055,-32604.345619381977,29976,2,198596.08369732578,-1.0876816659788489,-32604.345619381977,0.0,0.0,mean=-1.7967421e-14;sd=1
interference,container,docker_cpu3-interf_io-run2,cap_2000us,100001,99949,0.999480005199948,69973,29976,9,5,13.304454188762753,0.009567747366521039,,ar1_gaussian,1,,-32597.378504352782,29971,3,,-1.0876306597828829,,,,intercept=-5.5715322e-06;phi=0.010325006;sd=1.0000162
interference,container,docker_cpu3-interf_io-run2,cap_2000us,100001,99949,0.999480005199948,69973,29976,9,5,13.304454188762753,0.009567747366521039,,gaussian_gmm,2,44427.101480865414,16403.04803464603,29976,5,-88798.42363806913,0.5472060326476526,16403.04803464603,0.0,0.0,"component_0_mean=-0.022505022,weight=0.99444978;component_1_mean=4.0322947,weight=0.0055502179"
interference,container,docker_cpu3-interf_io-run2,cap_2000us,100001,99949,0.999480005199948,69973,29976,9,5,13.304454188762753,0.009567747366521039,,gaussian_hmm,2,33306.97688968596,15189.215742552056,29976,7,-66535.86272624556,0.5067125614675759,16217.760628141972,257.76588167178426,-0.03431227934313837,state_0_mean=-0.020421761;state_1_mean=8.3560311
interference,container,docker_cpu3-interf_io-run2,cap_2000us,100001,99949,0.999480005199948,69973,29976,9,5,13.304454188762753,0.009567747366521039,,gaussian_gmm,3,50395.585917022574,18048.94411907,29976,8,-100701.92491618644,0.6021131611645985,18048.94411907,0.0,0.0,"component_0_mean=-0.046239125,weight=0.89987618;component_1_mean=0.21739776,weight=0.098421417;component_2_mean=11.873179,weight=0.0017023994"
interference,container,docker_cpu3-interf_io-run2,cap_2000us,100001,99949,0.999480005199948,69973,29976,9,5,13.304454188762753,0.009567747366521039,,gaussian_hmm,3,47165.240287445566,17427.248999267278,29976,14,-94174.29846863839,0.5813733986945315,17560.101935610444,53.91117768492628,-0.004431976792873172,state_0_mean=-0.038067462;state_1_mean=0.20995017;state_2_mean=13.679948
interference,container,docker_cpu3-interf_io-run2,cap_2000us,100001,99949,0.999480005199948,69973,29976,9,5,13.304454188762753,0.009567747366521039,,gaussian_gmm,4,50439.06757342471,18070.00888222876,29976,11,-100755.4206347937,0.602815882113316,18070.00888222876,0.0,0.0,"component_0_mean=-0.04623867,weight=0.90010057;component_1_mean=0.21783345,weight=0.098157474;component_2_mean=9.0552947,weight=0.0016990789;component_3_mean=113.16527,weight=4.287368e-05"
interference,container,docker_cpu3-interf_io-run2,cap_2000us,100001,99949,0.999480005199948,69973,29976,9,5,13.304454188762753,0.009567747366521039,,gaussian_hmm,4,47202.80285998476,17446.862966814842,29976,23,-94149.02083112573,0.5820277210706847,17586.385339813238,35.3642096355208,-0.004654469342086851,state_0_mean=-0.038066874;state_1_mean=0.20994254;state_2_mean=10.529764;state_3_mean=113.16527
interference,container,docker_cpu3-interf_io-run2,cap_2000us,100001,99949,0.999480005199948,69973,29976,9,5,13.304454188762753,0.009567747366521039,,gaussian_gmm,5,50527.56468642769,18125.365078121868,29976,14,-100898.94726660264,0.6046625659901878,18125.365078121868,0.0,0.0,"component_0_mean=-0.046198385,weight=0.90093899;component_1_mean=0.21934472,weight=0.097221161;component_2_mean=4.8592912,weight=0.0015588955;component_3_mean=33.104549,weight=0.00023822323;component_4_mean=113.1766,weight=4.2725955e-05"
interference,container,docker_cpu3-interf_io-run2,cap_2000us,100001,99949,0.999480005199948,69973,29976,9,5,13.304454188762753,0.009567747366521039,,gaussian_hmm,5,52137.7007349425,19181.576076670386,29976,34,-103896.10206898548,0.6398977874523081,16570.638538471805,40.775420552762014,0.08710093201890115,state_0_mean=-0.074319735;state_1_mean=0.06270443;state_2_mean=3.3176585;state_3_mean=37.028462;state_4_mean=113.17897
interference,container,docker_cpu3-interf_io-run2,cap_1500us,100001,99946,0.999450005499945,69970,29976,12,5,13.304407765863774,0.006421064653805222,,iid_gaussian,1,-99282.62916833094,-38774.45924482593,29976,2,198587.56998037736,-1.2935167882581375,-38774.45924482593,0.0,0.0,mean=2.0990064e-13;sd=1
interference,container,docker_cpu3-interf_io-run2,cap_1500us,100001,99946,0.999450005499945,69970,29976,12,5,13.304407765863774,0.006421064653805222,,ar1_gaussian,1,,-38758.64249191858,29971,3,,-1.2932048477501112,,,,intercept=-1.6292516e-05;phi=0.023407459;sd=0.99981378
interference,container,docker_cpu3-interf_io-run2,cap_1500us,100001,99946,0.999450005499945,69970,29976,12,5,13.304407765863774,0.006421064653805222,,gaussian_gmm,2,16738.03060663094,4482.971867702869,29976,5,-33420.28210397318,0.1495520372198715,4482.971867702869,0.0,0.0,"component_0_mean=-0.027236623,weight=0.99315446;component_1_mean=3.9515022,weight=0.0068455419"
interference,container,docker_cpu3-interf_io-run2,cap_1500us,100001,99946,0.999450005499945,69970,29976,12,5,13.304407765863774,0.006421064653805222,,gaussian_hmm,2,5509.886927134999,3270.064240681821,29976,7,-10941.683101265817,0.1090894128863698,4318.469014759132,340.44296812445555,-0.0349748056470947,state_0_mean=-0.023389052;state_1_mean=8.9185381
interference,container,docker_cpu3-interf_io-run2,cap_1500us,100001,99946,0.999450005499945,69970,29976,12,5,13.304407765863774,0.006421064653805222,,gaussian_gmm,3,22575.342000208446,6116.178302829562,29976,8,-45061.43742555497,0.20403583876533102,6116.178302829562,0.0,0.0,"component_0_mean=-0.061673688,weight=0.90011777;component_1_mean=0.33177587,weight=0.09818303;component_2_mean=13.499779,weight=0.0016991999"
interference,container,docker_cpu3-interf_io-run2,cap_1500us,100001,99946,0.999450005499945,69970,29976,12,5,13.304407765863774,0.006421064653805222,,gaussian_hmm,3,19339.05565044134,5493.292019575149,29976,14,-38521.92979487432,0.183256339057084,5637.058197473728,19.098580554608667,-0.004796042764163947,state_0_mean=-0.049500316;state_1_mean=0.31995479;state_2_mean=15.697056
interference,container,docker_cpu3-interf_io-run2,cap_1500us,100001,99946,0.999450005499945,69970,29976,12,5,13.304407765863774,0.006421064653805222,,gaussian_gmm,4,22663.78040257695,6171.539089059677,29976,11,-45204.846764718764,0.20588267577594332,6171.539089059677,0.0,0.0,"component_0_mean=-0.061611286,weight=0.90097074;component_1_mean=0.33406361,weight=0.097232108;component_2_mean=7.2467672,weight=0.0015589845;component_3_mean=49.253695,weight=0.00023816809"
interference,container,docker_cpu3-interf_io-run2,cap_1500us,100001,99946,0.999450005499945,69970,29976,12,5,13.304407765863774,0.006421064653805222,,gaussian_hmm,4,24273.30840045886,7227.32986636656,29976,23,-48290.032898189704,0.24110387864847077,4622.693401846225,48.82271376949954,0.08689072806646433,state_0_mean=-0.10352277;state_1_mean=0.10056856;state_2_mean=4.9488838;state_3_mean=55.061541
interference,container,docker_cpu3-interf_io-run2,cap_1500us,100001,99946,0.999450005499945,69970,29976,12,5,13.304407765863774,0.006421064653805222,,gaussian_gmm,5,22680.044290393256,6093.877723222169,29976,14,-45203.90707477815,0.20329189095350178,6093.877723222169,0.0,0.0,"component_0_mean=-0.071994665,weight=0.80871098;component_1_mean=0.18562602,weight=0.18946597;component_2_mean=6.9901993,weight=0.0015623744;component_3_mean=34.168654,weight=0.00021795709;component_4_mean=109.67833,weight=4.2710827e-05"
interference,container,docker_cpu3-interf_io-run2,cap_1500us,100001,99946,0.999450005499945,69970,29976,12,5,13.304407765863774,0.006421064653805222,,gaussian_hmm,5,24275.15069142553,7230.630970225889,29976,34,-48171.0034396879,0.2412140035436979,4631.088865557726,47.076921582750124,0.08672078011302917,state_0_mean=-0.10343955;state_1_mean=0.10083874;state_2_mean=5.0164524;state_3_mean=38.513127;state_4_mean=109.63856
interference,container,docker_cpu3-interf_io-run2,cap_1000us,100001,99942,0.999410005899941,69967,29975,15,6,13.304377579912703,0.004457170051220907,,iid_gaussian,1,-99278.37235273133,-38768.093610128315,29975,2,198579.05626342527,-1.2933475766514868,-38768.093610128315,0.0,0.0,mean=7.5861636e-14;sd=1
interference,container,docker_cpu3-interf_io-run2,cap_1000us,100001,99942,0.999410005899941,69967,29975,15,6,13.304377579912703,0.004457170051220907,,ar1_gaussian,1,,-38711.0537705961,29969,3,,-1.2917032190128501,,,,intercept=-3.4018432e-05;phi=0.049224677;sd=0.99889004
interference,container,docker_cpu3-interf_io-run2,cap_1000us,100001,99942,0.999410005899941,69967,29975,15,6,13.304377579912703,0.004457170051220907,,gaussian_gmm,2,-8548.937495817047,-6360.554918913137,29975,5,17153.653886540607,-0.21219532673605127,-6360.554918913137,0.0,0.0,"component_0_mean=-0.034115868,weight=0.99141615;component_1_mean=3.9403105,weight=0.0085838471"
interference,container,docker_cpu3-interf_io-run2,cap_1000us,100001,99942,0.999410005899941,69967,29975,15,6,13.304377579912703,0.004457170051220907,,gaussian_hmm,2,-8547.075244887274,-6368.788503931927,29975,7,17172.240942643664,-0.2124700084714571,-6370.004945373023,0.6886053671563477,4.058186625839574e-05,state_0_mean=-0.034704035;state_1_mean=3.7213931
interference,container,docker_cpu3-interf_io-run2,cap_1000us,100001,99942,0.999410005899941,69967,29975,15,6,13.304377579912703,0.004457170051220907,,gaussian_gmm,3,-2881.8800776585886,-4778.168139957578,29975,8,5853.006387167598,-0.1594051089226882,-4778.168139957578,0.0,0.0,"component_0_mean=-0.081970218,weight=0.90081784;component_1_mean=0.48723822,weight=0.097481306;component_2_mean=15.488429,weight=0.0017008578"
interference,container,docker_cpu3-interf_io-run2,cap_1000us,100001,99942,0.999410005899941,69967,29975,15,6,13.304377579912703,0.004457170051220907,,gaussian_hmm,3,-1288.4154349874286,-3726.609626893184,29975,14,2733.0117757130947,-0.1243239241665783,-6300.550813803895,73.07569660167034,0.0858695975616584,state_0_mean=-0.14146668;state_1_mean=0.15428095;state_2_mean=11.195534
interference,container,docker_cpu3-interf_io-run2,cap_1000us,100001,99942,0.999410005899941,69967,29975,15,6,13.304377579912703,0.004457170051220907,,gaussian_gmm,4,-2821.5691827590244,-4836.664012020492,29975,11,5765.851934312378,-0.16135659756532084,-4836.664012020492,0.0,0.0,"component_0_mean=-0.097125845,weight=0.8075462;component_1_mean=0.27260738,weight=0.19067109;component_2_mean=10.061835,weight=0.0015649037;component_3_mean=49.17058,weight=0.00021780211"
interference,container,docker_cpu3-interf_io-run2,cap_1000us,100001,99942,0.999410005899941,69967,29975,15,6,13.304377579912703,0.004457170051220907,,gaussian_hmm,4,-1224.6172502152363,-3698.277877418077,29975,23,2705.817417000434,-0.12337874486799257,-6296.67088327228,35.40829392660918,0.08668533797678742,state_0_mean=-0.14224204;state_1_mean=0.15198657;state_2_mean=7.2334227;state_3_mean=55.489926
interference,container,docker_cpu3-interf_io-run2,cap_1000us,100001,99942,0.999410005899941,69967,29975,15,6,13.304377579912703,0.004457170051220907,,gaussian_gmm,5,-2815.191394963224,-4834.242707389132,29975,14,5786.563695664686,-0.16127582009638472,-4834.242707389132,0.0,0.0,"component_0_mean=-0.097029328,weight=0.80965167;component_1_mean=0.27631222,weight=0.18856416;component_2_mean=9.9167551,weight=0.0015655164;component_3_mean=39.689319,weight=0.00017597135;component_4_mean=92.513449,weight=4.2678649e-05"
interference,container,docker_cpu3-interf_io-run2,cap_1000us,100001,99942,0.999410005899941,69967,29975,15,6,13.304377579912703,0.004457170051220907,,gaussian_hmm,5,2331.129831928652,-1777.277703960343,29975,34,-4282.9631784930125,-0.05929200013212153,-6391.595826535392,30.343376186706262,0.15393888649124432,state_0_mean=-0.23322371;state_1_mean=-0.029661514;state_2_mean=0.36116346;state_3_mean=11.675129;state_4_mean=66.031745
interference,container,docker_cpu3-interf_io-run2,train_q_0.999,100001,99849,0.998480015199848,69908,29941,72,40,13.304279068762725,0.001430523569630673,,iid_gaussian,1,-99194.65497927225,-48770.930934258125,29941,2,198411.61982928627,-1.6289012035088382,-48770.930934258125,0.0,0.0,mean=6.7835141e-14;sd=1
interference,container,docker_cpu3-interf_io-run2,train_q_0.999,100001,99849,0.998480015199848,69908,29941,72,40,13.304279068762725,0.001430523569630673,,ar1_gaussian,1,,-47303.995562856486,29901,3,,-1.5820205198105912,,,,intercept=-0.00020277079;phi=0.16840008;sd=0.98569772
interference,container,docker_cpu3-interf_io-run2,train_q_0.999,100001,99849,0.998480015199848,69908,29941,72,40,13.304279068762725,0.001430523569630673,,gaussian_gmm,2,-84514.73038948808,-40034.95445968515,29941,5,169085.23545583058,-1.3371281673853628,-40034.95445968515,0.0,0.0,"component_0_mean=-0.12687572,weight=0.93360523;component_1_mean=1.7840538,weight=0.066394766"
interference,container,docker_cpu3-interf_io-run2,train_q_0.999,100001,99849,0.998480015199848,69908,29941,72,40,13.304279068762725,0.001430523569630673,,gaussian_hmm,2,-84504.94018414507,-40119.32804646975,29941,7,169087.96491588635,-1.3399461623349171,-40122.18025601246,0.7873482137146631,9.526099805319211e-05,state_0_mean=-0.13386972;state_1_mean=1.6658695
interference,container,docker_cpu3-interf_io-run2,train_q_0.999,100001,99849,0.998480015199848,69908,29941,72,40,13.304279068762725,0.001430523569630673,,gaussian_gmm,3,-81565.54296100077,-38489.822037472084,29941,8,163220.32540496864,-1.2855222616970736,-38489.822037472084,0.0,0.0,"component_0_mean=-0.23477932,weight=0.80857627;component_1_mean=0.92191482,weight=0.19029999;component_2_mean=12.811384,weight=0.0011237351"
interference,container,docker_cpu3-interf_io-run2,train_q_0.999,100001,99849,0.998480015199848,69908,29941,72,40,13.304279068762725,0.001430523569630673,,gaussian_hmm,3,-78939.30857040184,-37216.19687638561,29941,14,158034.7862359961,-1.2429844319289807,-41575.21324048714,13.42160728329987,0.14558686630712148,state_0_mean=-0.43977287;state_1_mean=0.2168918;state_2_mean=1.751233
interference,container,docker_cpu3-interf_io-run2,train_q_0.999,100001,99849,0.998480015199848,69908,29941,72,40,13.304279068762725,0.001430523569630673,,gaussian_gmm,4,-81420.5529147114,-38537.86357030741,29941,11,162963.81011850256,-1.287126801720297,-38537.86357030741,0.0,0.0,"component_0_mean=-0.49693766,weight=0.4925283;component_1_mean=0.19490543,weight=0.40460186;component_2_mean=1.4930085,weight=0.10190242;component_3_mean=14.218801,weight=0.00096742276"
interference,container,docker_cpu3-interf_io-run2,train_q_0.999,100001,99849,0.998480015199848,69908,29941,72,40,13.304279068762725,0.001430523569630673,,gaussian_hmm,4,-76339.61523310494,-35301.52188482529,29941,23,152935.79397974027,-1.1790361672898464,-40455.28780715207,32.9504261164011,0.17213072116251216,state_0_mean=-0.72148216;state_1_mean=-0.10097388;state_2_mean=0.7382938;state_3_mean=10.455782
interference,container,docker_cpu3-interf_io-run2,train_q_0.999,100001,99849,0.998480015199848,69908,29941,72,40,13.304279068762725,0.001430523569630673,,gaussian_gmm,5,-81224.30238467571,-38227.81142869519,29941,14,162604.77386454382,-1.276771364640299,-38227.81142869519,0.0,0.0,"component_0_mean=-0.83352961,weight=0.24892204;component_1_mean=-0.16480774,weight=0.45261737;component_2_mean=0.5919752,weight=0.22278281;component_3_mean=1.8245607,weight=0.074662638;component_4_mean=13.76189,weight=0.0010151459"
interference,container,docker_cpu3-interf_io-run2,train_q_0.999,100001,99849,0.998480015199848,69908,29941,72,40,13.304279068762725,0.001430523569630673,,gaussian_hmm,5,-73413.53999716332,-33116.74392496851,29941,34,147206.34779693675,-1.1060667287321235,-41298.48154143205,53.03684398743783,0.27326200248700894,state_0_mean=-0.76906733;state_1_mean=-0.18405173;state_2_mean=0.41732217;state_3_mean=1.0442653;state_4_mean=5.8490822
interference,container,docker_cpu3-interf_io-run2,train_q_0.9995,100001,99906,0.999050009499905,69943,29963,38,18,13.304315086249435,0.00217318510644724,,iid_gaussian,1,-99244.31782793443,-47449.58541747577,29963,2,198510.94652767607,-1.5836059612680897,-47449.58541747577,0.0,0.0,mean=-7.7455386e-14;sd=1
interference,container,docker_cpu3-interf_io-run2,train_q_0.9995,100001,99906,0.999050009499905,69943,29963,38,18,13.304315086249435,0.00217318510644724,,ar1_gaussian,1,,-47083.09182819803,29945,3,,-1.572318979068226,,,,intercept=-0.00045668152;phi=0.073840059;sd=0.99219819
interference,container,docker_cpu3-interf_io-run2,train_q_0.9995,100001,99906,0.999050009499905,69943,29963,38,18,13.304315086249435,0.00217318510644724,,gaussian_gmm,2,-57725.672935609815,-27765.22033957559,29963,5,115507.12305073766,-0.9266502132488599,-27765.22033957559,0.0,0.0,"component_0_mean=-0.064245144,weight=0.97561296;component_1_mean=2.5701513,weight=0.024387044"
interference,container,docker_cpu3-interf_io-run2,train_q_0.9995,100001,99906,0.999050009499905,69943,29963,38,18,13.304315086249435,0.00217318510644724,,gaussian_hmm,2,-57718.937694956934,-27729.780563572353,29963,7,115515.96344123912,-0.9254674286143695,-27733.163286870276,1.4295762298477104,0.00011289668250588404,state_0_mean=-0.061788297;state_1_mean=2.7054017
interference,container,docker_cpu3-interf_io-run2,train_q_0.9995,100001,99906,0.999050009499905,69943,29963,38,18,13.304315086249435,0.00217318510644724,,gaussian_gmm,3,-52754.06475012484,-26209.298287664937,29963,8,105597.37298747853,-0.874722100179052,-26209.298287664937,0.0,0.0,"component_0_mean=-0.17013992,weight=0.80936809;component_1_mean=0.59256129,weight=0.18917455;component_2_mean=17.57167,weight=0.0014573633"
interference,container,docker_cpu3-interf_io-run2,train_q_0.9995,100001,99906,0.999050009499905,69943,29963,38,18,13.304315086249435,0.00217318510644724,,gaussian_hmm,3,-51131.35678059159,-25062.746810451637,29963,14,102418.88966383367,-0.8364565233939071,-27708.959437039,39.28154977510264,0.08831601063269243,state_0_mean=-0.26558627;state_1_mean=0.33214021;state_2_mean=9.7518961
interference,container,docker_cpu3-interf_io-run2,train_q_0.9995,100001,99906,0.999050009499905,69943,29963,38,18,13.304315086249435,0.00217318510644724,,gaussian_gmm,4,-52597.63420989973,-26259.539484853485,29963,11,105317.97821473912,-0.8763988747740041,-26259.539484853485,0.0,0.0,"component_0_mean=-0.33130003,weight=0.51708336;component_1_mean=0.12856974,weight=0.38345745;component_2_mean=0.98568524,weight=0.098095877;component_3_mean=18.570321,weight=0.0013633072"
interference,container,docker_cpu3-interf_io-run2,train_q_0.9995,100001,99906,0.999050009499905,69943,29963,38,18,13.304315086249435,0.00217318510644724,,gaussian_hmm,4,-47423.60673687545,-22407.265142773424,29963,23,95103.78849953385,-0.7478311631937197,-28507.792600357963,42.164014578741714,0.2036020244162647,state_0_mean=-0.50546464;state_1_mean=-0.10280196;state_2_mean=0.3277238;state_3_mean=13.416643
interference,container,docker_cpu3-interf_io-run2,train_q_0.9995,100001,99906,0.999050009499905,69943,29963,38,18,13.304315086249435,0.00217318510644724,,gaussian_gmm,5,-52434.00616358662,-25989.386987759637,29963,14,105024.18842982374,-0.8673826715535706,-25989.386987759637,0.0,0.0,"component_0_mean=-0.5403558,weight=0.2722126;component_1_mean=-0.10324699,weight=0.45526857;component_2_mean=0.41119105,weight=0.1996687;component_3_mean=1.211331,weight=0.071447242;component_4_mean=18.140029,weight=0.0014028932"
interference,container,docker_cpu3-interf_io-run2,train_q_0.9995,100001,99906,0.999050009499905,69943,29963,38,18,13.304315086249435,0.00217318510644724,,gaussian_hmm,5,-44653.99253956578,-21270.29693817546,29963,34,89687.26989985417,-0.7098854232945786,-28995.08859089265,113.73237361440913,0.2578110220177282,state_0_mean=-0.52086822;state_1_mean=-0.13295989;state_2_mean=0.27705194;state_3_mean=0.68969125;state_4_mean=13.395256
interference,container,docker_cpu3-interf_io-run2,train_q_0.9999,100001,99947,0.999460005399946,69971,29976,11,5,13.304422561356416,0.007519747064746947,,iid_gaussian,1,-99284.04810686414,-35733.49386960101,29976,2,198590.40788602724,-1.1920701184147653,-35733.49386960101,0.0,0.0,mean=-2.4001114e-14;sd=1
interference,container,docker_cpu3-interf_io-run2,train_q_0.9999,100001,99947,0.999460005399946,69971,29976,11,5,13.304422561356416,0.007519747064746947,,ar1_gaussian,1,,-35721.874621465504,29971,3,,-1.1918813059779623,,,,intercept=-1.0094933e-05;phi=0.017096963;sd=0.99993625
interference,container,docker_cpu3-interf_io-run2,train_q_0.9999,100001,99947,0.999460005399946,69971,29976,11,5,13.304422561356416,0.007519747064746947,,gaussian_gmm,2,27699.15395126317,9209.286356261237,29976,5,-55342.52872177896,0.3072219894669481,9209.286356261237,0.0,0.0,"component_0_mean=-0.02480851,weight=0.99385024;component_1_mean=4.0092561,weight=0.0061497552"
interference,container,docker_cpu3-interf_io-run2,train_q_0.9999,100001,99947,0.999460005399946,69971,29976,11,5,13.304422561356416,0.007519747064746947,,gaussian_hmm,2,16518.820646968066,7991.504473649474,29976,7,-32959.55044088979,0.26659675986287273,8723.259028819186,1061.2640983003832,-0.02441134758372405,state_0_mean=-0.021868828;state_1_mean=8.6135018
interference,container,docker_cpu3-interf_io-run2,train_q_0.9999,100001,99947,0.999460005399946,69971,29976,11,5,13.304422561356416,0.007519747064746947,,gaussian_gmm,3,33592.39502490322,10842.955386650934,29976,8,-67095.54336061062,0.361721223200258,10842.955386650934,0.0,0.0,"component_0_mean=-0.054553013,weight=0.90056473;component_1_mean=0.28228295,weight=0.097738023;component_2_mean=12.690381,weight=0.0016972494"
interference,container,docker_cpu3-interf_io-run2,train_q_0.9999,100001,99947,0.999460005399946,69971,29976,11,5,13.304422561356416,0.007519747064746947,,gaussian_hmm,3,30360.359365264205,10220.068419294334,29976,14,-60564.53702443573,0.3409417006703474,10348.308941296646,43.47184045415232,-0.0042781065519853214,state_0_mean=-0.04423252;state_1_mean=0.27128863;state_2_mean=14.705046
interference,container,docker_cpu3-interf_io-run2,train_q_0.9999,100001,99947,0.999460005399946,69971,29976,11,5,13.304422561356416,0.007519747064746947,,gaussian_gmm,4,33708.03522515921,10822.872429699291,29976,11,-67293.35625267417,0.36105125532757176,10822.872429699291,0.0,0.0,"component_0_mean=-0.063548882,weight=0.80764241;component_1_mean=0.15576298,weight=0.19052007;component_2_mean=6.1319816,weight=0.0015910526;component_3_mean=48.252688,weight=0.0002464628"
interference,container,docker_cpu3-interf_io-run2,train_q_0.9999,100001,99947,0.999460005399946,69971,29976,11,5,13.304422561356416,0.007519747064746947,,gaussian_hmm,4,35308.19972295371,11961.707642308256,29976,23,-70359.81521446945,0.3990428223348097,9352.947600350642,33.895488592520366,0.08702829069781204,state_0_mean=-0.090358075;state_1_mean=0.083944849;state_2_mean=4.2426137;state_3_mean=53.913297
interference,container,docker_cpu3-interf_io-run2,train_q_0.9999,100001,99947,0.999460005399946,69971,29976,11,5,13.304422561356416,0.007519747064746947,,gaussian_gmm,5,33709.30344316143,10905.853899994963,29976,14,-67262.42518023017,0.3638195189483241,10905.853899994963,0.0,0.0,"component_0_mean=-0.054577717,weight=0.90094995;component_1_mean=0.28326637,weight=0.097238678;component_2_mean=6.1861807,weight=0.0015589137;component_3_mean=42.055676,weight=0.00023816291;component_4_mean=137.66961,weight=1.4291608e-05"
interference,container,docker_cpu3-interf_io-run2,train_q_0.9999,100001,99947,0.999460005399946,69971,29976,11,5,13.304422561356416,0.007519747064746947,,gaussian_hmm,5,35314.26994287389,11961.750698962276,29976,34,-70249.24145666556,0.3990442587057071,9362.034034922719,21.058833210762927,0.08672660341738582,state_0_mean=-0.090358564;state_1_mean=0.083948369;state_2_mean=4.2246715;state_3_mean=47.017512;state_4_mean=137.66961
interference,host,host_cpu3-interf_io-run10,base_stable,100001,96644,0.966430335696643,68170,28474,41,15,13.29605374187877,0.0013531686408895932,,iid_gaussian,1,-96728.53980856252,-52033.64765688532,28474,2,193479.33913685376,-1.8274091331349764,-52033.64765688532,0.0,0.0,mean=-5.3690806e-13;sd=1
interference,host,host_cpu3-interf_io-run10,base_stable,100001,96644,0.966430335696643,68170,28474,41,15,13.29605374187877,0.0013531686408895932,,ar1_gaussian,1,,-52054.13052939886,28459,3,,-1.8290920457289035,,,,intercept=-5.1012233e-05;phi=0.15078374;sd=0.98829143
interference,host,host_cpu3-interf_io-run10,base_stable,100001,96644,0.966430335696643,68170,28474,41,15,13.29605374187877,0.0013531686408895932,,gaussian_gmm,2,-55094.514571271866,-29590.059170030017,28474,5,110244.67794186552,-1.039195728384843,-29590.059170030017,0.0,0.0,"component_0_mean=-0.41228037,weight=0.73072047;component_1_mean=1.1187694,weight=0.26927953"
interference,host,host_cpu3-interf_io-run10,base_stable,100001,96644,0.966430335696643,68170,28474,41,15,13.29605374187877,0.0013531686408895932,,gaussian_hmm,2,-52603.09054211406,-29028.011367640207,28474,7,105284.08940327863,-1.019456745369116,-30571.244767963108,59.02630677659866,0.05419798413720941,state_0_mean=-0.41366515;state_1_mean=1.1142614
interference,host,host_cpu3-interf_io-run10,base_stable,100001,96644,0.966430335696643,68170,28474,41,15,13.29605374187877,0.0013531686408895932,,gaussian_gmm,3,-49422.761271144314,-20689.283894299573,28474,8,98934.56062120348,-0.7266026513415598,-20689.283894299573,0.0,0.0,"component_0_mean=-0.4133751,weight=0.74472526;component_1_mean=1.1878979,weight=0.25481108;component_2_mean=11.131859,weight=0.00046365502"
interference,host,host_cpu3-interf_io-run10,base_stable,100001,96644,0.966430335696643,68170,28474,41,15,13.29605374187877,0.0013531686408895932,,gaussian_hmm,3,-46911.96286421045,-21051.110811279,28474,14,93979.7423665219,-0.7393099252398327,-21643.386576298723,36.10033975167045,0.020800581759490188,state_0_mean=-0.41424087;state_1_mean=1.1778401;state_2_mean=9.6655731
interference,host,host_cpu3-interf_io-run10,base_stable,100001,96644,0.966430335696643,68170,28474,41,15,13.29605374187877,0.0013531686408895932,,gaussian_gmm,4,-47280.18173290504,-19465.55811732484,28474,11,94682.790824318,-0.683625697735648,-19465.55811732484,0.0,0.0,"component_0_mean=-0.49898707,weight=0.57022084;component_1_mean=-0.10019819,weight=0.21148947;component_2_mean=1.3796825,weight=0.21783037;component_3_mean=11.29259,weight=0.0004593228"
interference,host,host_cpu3-interf_io-run10,base_stable,100001,96644,0.966430335696643,68170,28474,41,15,13.29605374187877,0.0013531686408895932,,gaussian_hmm,4,-41095.50317004883,-18612.3470449805,28474,23,82446.99081697788,-0.6536611310311337,-21726.442376254876,6.194397695364896,0.10936627559438003,state_0_mean=-0.41022752;state_1_mean=0.97422766;state_2_mean=1.4966825;state_3_mean=6.8785429
interference,host,host_cpu3-interf_io-run10,base_stable,100001,96644,0.966430335696643,68170,28474,41,15,13.29605374187877,0.0013531686408895932,,gaussian_gmm,5,-46963.57570468444,-19317.460375390685,28474,14,94082.96804746987,-0.67842454082288,-19317.460375390685,0.0,0.0,"component_0_mean=-0.497937,weight=0.55287927;component_1_mean=-0.11107323,weight=0.25327094;component_2_mean=1.4639341,weight=0.18149367;component_3_mean=2.8222903,weight=0.012296208;component_4_mean=50.616276,weight=5.991021e-05"
interference,host,host_cpu3-interf_io-run10,base_stable,100001,96644,0.966430335696643,68170,28474,41,15,13.29605374187877,0.0013531686408895932,,gaussian_hmm,5,-38770.14059097346,-17741.86103112636,28474,34,77918.69301733506,-0.6230898725548345,-20465.638486610133,8.657443781232383,0.09565840610675613,state_0_mean=-0.53096941;state_1_mean=-0.23201722;state_2_mean=0.9954879;state_3_mean=1.6680813;state_4_mean=6.8583573
interference,host,host_cpu3-interf_io-run10,cap_2500us,100001,96644,0.966430335696643,68170,28474,41,15,13.29605374187877,0.0013531686408895932,,iid_gaussian,1,-96728.53980856252,-52033.64765688532,28474,2,193479.33913685376,-1.8274091331349764,-52033.64765688532,0.0,0.0,mean=-5.3690806e-13;sd=1
interference,host,host_cpu3-interf_io-run10,cap_2500us,100001,96644,0.966430335696643,68170,28474,41,15,13.29605374187877,0.0013531686408895932,,ar1_gaussian,1,,-52054.13052939886,28459,3,,-1.8290920457289035,,,,intercept=-5.1012233e-05;phi=0.15078374;sd=0.98829143
interference,host,host_cpu3-interf_io-run10,cap_2500us,100001,96644,0.966430335696643,68170,28474,41,15,13.29605374187877,0.0013531686408895932,,gaussian_gmm,2,-55094.514571271866,-29590.059170030017,28474,5,110244.67794186552,-1.039195728384843,-29590.059170030017,0.0,0.0,"component_0_mean=-0.41228037,weight=0.73072047;component_1_mean=1.1187694,weight=0.26927953"
interference,host,host_cpu3-interf_io-run10,cap_2500us,100001,96644,0.966430335696643,68170,28474,41,15,13.29605374187877,0.0013531686408895932,,gaussian_hmm,2,-52603.09054211406,-29028.011367640207,28474,7,105284.08940327863,-1.019456745369116,-30544.12579433893,44.49410404908212,0.05324557233612141,state_0_mean=-0.41366515;state_1_mean=1.1142614
interference,host,host_cpu3-interf_io-run10,cap_2500us,100001,96644,0.966430335696643,68170,28474,41,15,13.29605374187877,0.0013531686408895932,,gaussian_gmm,3,-49422.761271144314,-20689.283894299573,28474,8,98934.56062120348,-0.7266026513415598,-20689.283894299573,0.0,0.0,"component_0_mean=-0.4133751,weight=0.74472526;component_1_mean=1.1878979,weight=0.25481108;component_2_mean=11.131859,weight=0.00046365502"
interference,host,host_cpu3-interf_io-run10,cap_2500us,100001,96644,0.966430335696643,68170,28474,41,15,13.29605374187877,0.0013531686408895932,,gaussian_hmm,3,-46911.96286421045,-21051.110811279,28474,14,93979.7423665219,-0.7393099252398327,-21645.69049072653,44.3209784739654,0.020881494677513938,state_0_mean=-0.41424087;state_1_mean=1.1778401;state_2_mean=9.6655731
interference,host,host_cpu3-interf_io-run10,cap_2500us,100001,96644,0.966430335696643,68170,28474,41,15,13.29605374187877,0.0013531686408895932,,gaussian_gmm,4,-47280.18173290504,-19465.55811732484,28474,11,94682.790824318,-0.683625697735648,-19465.55811732484,0.0,0.0,"component_0_mean=-0.49898707,weight=0.57022084;component_1_mean=-0.10019819,weight=0.21148947;component_2_mean=1.3796825,weight=0.21783037;component_3_mean=11.29259,weight=0.0004593228"
interference,host,host_cpu3-interf_io-run10,cap_2500us,100001,96644,0.966430335696643,68170,28474,41,15,13.29605374187877,0.0013531686408895932,,gaussian_hmm,4,-41095.50317004883,-18612.3470449805,28474,23,82446.99081697788,-0.6536611310311337,-21725.751560977864,5.6986480079195845,0.10934201432876887,state_0_mean=-0.41022752;state_1_mean=0.97422766;state_2_mean=1.4966825;state_3_mean=6.8785429
interference,host,host_cpu3-interf_io-run10,cap_2500us,100001,96644,0.966430335696643,68170,28474,41,15,13.29605374187877,0.0013531686408895932,,gaussian_gmm,5,-46963.57570468444,-19317.460375390685,28474,14,94082.96804746987,-0.67842454082288,-19317.460375390685,0.0,0.0,"component_0_mean=-0.497937,weight=0.55287927;component_1_mean=-0.11107323,weight=0.25327094;component_2_mean=1.4639341,weight=0.18149367;component_3_mean=2.8222903,weight=0.012296208;component_4_mean=50.616276,weight=5.991021e-05"
interference,host,host_cpu3-interf_io-run10,cap_2500us,100001,96644,0.966430335696643,68170,28474,41,15,13.29605374187877,0.0013531686408895932,,gaussian_hmm,5,-38770.14059097346,-17741.86103112636,28474,34,77918.69301733506,-0.6230898725548345,-20469.278979464325,10.573474773175608,0.09578625933616515,state_0_mean=-0.53096941;state_1_mean=-0.23201722;state_2_mean=0.9954879;state_3_mean=1.6680813;state_4_mean=6.8583573
interference,host,host_cpu3-interf_io-run10,cap_2000us,100001,96644,0.966430335696643,68170,28474,41,15,13.29605374187877,0.0013531686408895932,,iid_gaussian,1,-96728.53980856252,-52033.64765688532,28474,2,193479.33913685376,-1.8274091331349764,-52033.64765688532,0.0,0.0,mean=-5.3690806e-13;sd=1
interference,host,host_cpu3-interf_io-run10,cap_2000us,100001,96644,0.966430335696643,68170,28474,41,15,13.29605374187877,0.0013531686408895932,,ar1_gaussian,1,,-52054.13052939886,28459,3,,-1.8290920457289035,,,,intercept=-5.1012233e-05;phi=0.15078374;sd=0.98829143
interference,host,host_cpu3-interf_io-run10,cap_2000us,100001,96644,0.966430335696643,68170,28474,41,15,13.29605374187877,0.0013531686408895932,,gaussian_gmm,2,-55094.514571271866,-29590.059170030017,28474,5,110244.67794186552,-1.039195728384843,-29590.059170030017,0.0,0.0,"component_0_mean=-0.41228037,weight=0.73072047;component_1_mean=1.1187694,weight=0.26927953"
interference,host,host_cpu3-interf_io-run10,cap_2000us,100001,96644,0.966430335696643,68170,28474,41,15,13.29605374187877,0.0013531686408895932,,gaussian_hmm,2,-52603.09054211406,-29028.011367640207,28474,7,105284.08940327863,-1.019456745369116,-30532.445948734978,46.128761912934316,0.05283537898064096,state_0_mean=-0.41366515;state_1_mean=1.1142614
interference,host,host_cpu3-interf_io-run10,cap_2000us,100001,96644,0.966430335696643,68170,28474,41,15,13.29605374187877,0.0013531686408895932,,gaussian_gmm,3,-49422.761271144314,-20689.283894299573,28474,8,98934.56062120348,-0.7266026513415598,-20689.283894299573,0.0,0.0,"component_0_mean=-0.4133751,weight=0.74472526;component_1_mean=1.1878979,weight=0.25481108;component_2_mean=11.131859,weight=0.00046365502"
interference,host,host_cpu3-interf_io-run10,cap_2000us,100001,96644,0.966430335696643,68170,28474,41,15,13.29605374187877,0.0013531686408895932,,gaussian_hmm,3,-46911.96286421045,-21051.110811279,28474,14,93979.7423665219,-0.7393099252398327,-21659.43109400446,40.25621006832323,0.021364061344576135,state_0_mean=-0.41424087;state_1_mean=1.1778401;state_2_mean=9.6655731
interference,host,host_cpu3-interf_io-run10,cap_2000us,100001,96644,0.966430335696643,68170,28474,41,15,13.29605374187877,0.0013531686408895932,,gaussian_gmm,4,-47280.18173290504,-19465.55811732484,28474,11,94682.790824318,-0.683625697735648,-19465.55811732484,0.0,0.0,"component_0_mean=-0.49898707,weight=0.57022084;component_1_mean=-0.10019819,weight=0.21148947;component_2_mean=1.3796825,weight=0.21783037;component_3_mean=11.29259,weight=0.0004593228"
interference,host,host_cpu3-interf_io-run10,cap_2000us,100001,96644,0.966430335696643,68170,28474,41,15,13.29605374187877,0.0013531686408895932,,gaussian_hmm,4,-41095.50317004883,-18612.3470449805,28474,23,82446.99081697788,-0.6536611310311337,-21754.43051344999,88.59233500282853,0.11034921221006845,state_0_mean=-0.41022752;state_1_mean=0.97422766;state_2_mean=1.4966825;state_3_mean=6.8785429
interference,host,host_cpu3-interf_io-run10,cap_2000us,100001,96644,0.966430335696643,68170,28474,41,15,13.29605374187877,0.0013531686408895932,,gaussian_gmm,5,-46963.57570468444,-19317.460375390685,28474,14,94082.96804746987,-0.67842454082288,-19317.460375390685,0.0,0.0,"component_0_mean=-0.497937,weight=0.55287927;component_1_mean=-0.11107323,weight=0.25327094;component_2_mean=1.4639341,weight=0.18149367;component_3_mean=2.8222903,weight=0.012296208;component_4_mean=50.616276,weight=5.991021e-05"
interference,host,host_cpu3-interf_io-run10,cap_2000us,100001,96644,0.966430335696643,68170,28474,41,15,13.29605374187877,0.0013531686408895932,,gaussian_hmm,5,-38770.14059097346,-17741.86103112636,28474,34,77918.69301733506,-0.6230898725548345,-20462.325593842368,11.772376925133184,0.09554205811322644,state_0_mean=-0.53096941;state_1_mean=-0.23201722;state_2_mean=0.9954879;state_3_mean=1.6680813;state_4_mean=6.8583573
interference,host,host_cpu3-interf_io-run10,cap_1500us,100001,96644,0.966430335696643,68170,28474,41,15,13.29605374187877,0.0013531686408895932,,iid_gaussian,1,-96728.53980856252,-52033.64765688532,28474,2,193479.33913685376,-1.8274091331349764,-52033.64765688532,0.0,0.0,mean=-5.3690806e-13;sd=1
interference,host,host_cpu3-interf_io-run10,cap_1500us,100001,96644,0.966430335696643,68170,28474,41,15,13.29605374187877,0.0013531686408895932,,ar1_gaussian,1,,-52054.13052939886,28459,3,,-1.8290920457289035,,,,intercept=-5.1012233e-05;phi=0.15078374;sd=0.98829143
interference,host,host_cpu3-interf_io-run10,cap_1500us,100001,96644,0.966430335696643,68170,28474,41,15,13.29605374187877,0.0013531686408895932,,gaussian_gmm,2,-55094.514571271866,-29590.059170030017,28474,5,110244.67794186552,-1.039195728384843,-29590.059170030017,0.0,0.0,"component_0_mean=-0.41228037,weight=0.73072047;component_1_mean=1.1187694,weight=0.26927953"
interference,host,host_cpu3-interf_io-run10,cap_1500us,100001,96644,0.966430335696643,68170,28474,41,15,13.29605374187877,0.0013531686408895932,,gaussian_hmm,2,-52603.09054211406,-29028.011367640207,28474,7,105284.08940327863,-1.019456745369116,-30523.391996267845,38.65056617540865,0.052517406357646894,state_0_mean=-0.41366515;state_1_mean=1.1142614
interference,host,host_cpu3-interf_io-run10,cap_1500us,100001,96644,0.966430335696643,68170,28474,41,15,13.29605374187877,0.0013531686408895932,,gaussian_gmm,3,-49422.761271144314,-20689.283894299573,28474,8,98934.56062120348,-0.7266026513415598,-20689.283894299573,0.0,0.0,"component_0_mean=-0.4133751,weight=0.74472526;component_1_mean=1.1878979,weight=0.25481108;component_2_mean=11.131859,weight=0.00046365502"
interference,host,host_cpu3-interf_io-run10,cap_1500us,100001,96644,0.966430335696643,68170,28474,41,15,13.29605374187877,0.0013531686408895932,,gaussian_hmm,3,-46911.96286421045,-21051.110811279,28474,14,93979.7423665219,-0.7393099252398327,-21660.76789459594,44.02825150658358,0.02141100945834595,state_0_mean=-0.41424087;state_1_mean=1.1778401;state_2_mean=9.6655731
interference,host,host_cpu3-interf_io-run10,cap_1500us,100001,96644,0.966430335696643,68170,28474,41,15,13.29605374187877,0.0013531686408895932,,gaussian_gmm,4,-47280.18173290504,-19465.55811732484,28474,11,94682.790824318,-0.683625697735648,-19465.55811732484,0.0,0.0,"component_0_mean=-0.49898707,weight=0.57022084;component_1_mean=-0.10019819,weight=0.21148947;component_2_mean=1.3796825,weight=0.21783037;component_3_mean=11.29259,weight=0.0004593228"
interference,host,host_cpu3-interf_io-run10,cap_1500us,100001,96644,0.966430335696643,68170,28474,41,15,13.29605374187877,0.0013531686408895932,,gaussian_hmm,4,-41095.50317004883,-18612.3470449805,28474,23,82446.99081697788,-0.6536611310311337,-21724.116937754592,11.566557081556507,0.10928460675613166,state_0_mean=-0.41022752;state_1_mean=0.97422766;state_2_mean=1.4966825;state_3_mean=6.8785429
interference,host,host_cpu3-interf_io-run10,cap_1500us,100001,96644,0.966430335696643,68170,28474,41,15,13.29605374187877,0.0013531686408895932,,gaussian_gmm,5,-46963.57570468444,-19317.460375390685,28474,14,94082.96804746987,-0.67842454082288,-19317.460375390685,0.0,0.0,"component_0_mean=-0.497937,weight=0.55287927;component_1_mean=-0.11107323,weight=0.25327094;component_2_mean=1.4639341,weight=0.18149367;component_3_mean=2.8222903,weight=0.012296208;component_4_mean=50.616276,weight=5.991021e-05"
interference,host,host_cpu3-interf_io-run10,cap_1500us,100001,96644,0.966430335696643,68170,28474,41,15,13.29605374187877,0.0013531686408895932,,gaussian_hmm,5,-38770.14059097346,-17741.86103112636,28474,34,77918.69301733506,-0.6230898725548345,-20463.358705885996,7.173745390647134,0.09557834075857405,state_0_mean=-0.53096941;state_1_mean=-0.23201722;state_2_mean=0.9954879;state_3_mean=1.6680813;state_4_mean=6.8583573
interference,host,host_cpu3-interf_io-run10,cap_1000us,100001,96644,0.966430335696643,68170,28474,41,15,13.29605374187877,0.0013531686408895932,,iid_gaussian,1,-96728.53980856252,-52033.64765688532,28474,2,193479.33913685376,-1.8274091331349764,-52033.64765688532,0.0,0.0,mean=-5.3690806e-13;sd=1
interference,host,host_cpu3-interf_io-run10,cap_1000us,100001,96644,0.966430335696643,68170,28474,41,15,13.29605374187877,0.0013531686408895932,,ar1_gaussian,1,,-52054.13052939886,28459,3,,-1.8290920457289035,,,,intercept=-5.1012233e-05;phi=0.15078374;sd=0.98829143
interference,host,host_cpu3-interf_io-run10,cap_1000us,100001,96644,0.966430335696643,68170,28474,41,15,13.29605374187877,0.0013531686408895932,,gaussian_gmm,2,-55094.514571271866,-29590.059170030017,28474,5,110244.67794186552,-1.039195728384843,-29590.059170030017,0.0,0.0,"component_0_mean=-0.41228037,weight=0.73072047;component_1_mean=1.1187694,weight=0.26927953"
interference,host,host_cpu3-interf_io-run10,cap_1000us,100001,96644,0.966430335696643,68170,28474,41,15,13.29605374187877,0.0013531686408895932,,gaussian_hmm,2,-52603.09054211406,-29028.011367640207,28474,7,105284.08940327863,-1.019456745369116,-30530.911097849814,39.49368845645881,0.05278147538841072,state_0_mean=-0.41366515;state_1_mean=1.1142614
interference,host,host_cpu3-interf_io-run10,cap_1000us,100001,96644,0.966430335696643,68170,28474,41,15,13.29605374187877,0.0013531686408895932,,gaussian_gmm,3,-49422.761271144314,-20689.283894299573,28474,8,98934.56062120348,-0.7266026513415598,-20689.283894299573,0.0,0.0,"component_0_mean=-0.4133751,weight=0.74472526;component_1_mean=1.1878979,weight=0.25481108;component_2_mean=11.131859,weight=0.00046365502"
interference,host,host_cpu3-interf_io-run10,cap_1000us,100001,96644,0.966430335696643,68170,28474,41,15,13.29605374187877,0.0013531686408895932,,gaussian_hmm,3,-46911.96286421045,-21051.110811279,28474,14,93979.7423665219,-0.7393099252398327,-21653.62290600184,47.73760864143659,0.02116007918532143,state_0_mean=-0.41424087;state_1_mean=1.1778401;state_2_mean=9.6655731
interference,host,host_cpu3-interf_io-run10,cap_1000us,100001,96644,0.966430335696643,68170,28474,41,15,13.29605374187877,0.0013531686408895932,,gaussian_gmm,4,-47280.18173290504,-19465.55811732484,28474,11,94682.790824318,-0.683625697735648,-19465.55811732484,0.0,0.0,"component_0_mean=-0.49898707,weight=0.57022084;component_1_mean=-0.10019819,weight=0.21148947;component_2_mean=1.3796825,weight=0.21783037;component_3_mean=11.29259,weight=0.0004593228"
interference,host,host_cpu3-interf_io-run10,cap_1000us,100001,96644,0.966430335696643,68170,28474,41,15,13.29605374187877,0.0013531686408895932,,gaussian_hmm,4,-41095.50317004883,-18612.3470449805,28474,23,82446.99081697788,-0.6536611310311337,-21725.55082092183,5.069073550748545,0.10933496438650461,state_0_mean=-0.41022752;state_1_mean=0.97422766;state_2_mean=1.4966825;state_3_mean=6.8785429
interference,host,host_cpu3-interf_io-run10,cap_1000us,100001,96644,0.966430335696643,68170,28474,41,15,13.29605374187877,0.0013531686408895932,,gaussian_gmm,5,-46963.57570468444,-19317.460375390685,28474,14,94082.96804746987,-0.67842454082288,-19317.460375390685,0.0,0.0,"component_0_mean=-0.497937,weight=0.55287927;component_1_mean=-0.11107323,weight=0.25327094;component_2_mean=1.4639341,weight=0.18149367;component_3_mean=2.8222903,weight=0.012296208;component_4_mean=50.616276,weight=5.991021e-05"
interference,host,host_cpu3-interf_io-run10,cap_1000us,100001,96644,0.966430335696643,68170,28474,41,15,13.29605374187877,0.0013531686408895932,,gaussian_hmm,5,-38770.14059097346,-17741.86103112636,28474,34,77918.69301733506,-0.6230898725548345,-20495.77405070358,89.51143103566878,0.0967167598362444,state_0_mean=-0.53096941;state_1_mean=-0.23201722;state_2_mean=0.9954879;state_3_mean=1.6680813;state_4_mean=6.8583573
interference,host,host_cpu3-interf_io-run10,train_q_0.999,100001,96541,0.96540034599654,68101,28440,109,48,13.296042993296027,0.0011645752653827823,,iid_gaussian,1,-96630.63304977142,-38603.942634784136,28440,2,193283.5235938955,-1.3573819491836898,-38603.942634784136,0.0,0.0,mean=-2.3117987e-13;sd=1
interference,host,host_cpu3-interf_io-run10,train_q_0.999,100001,96541,0.96540034599654,68101,28440,109,48,13.296042993296027,0.0011645752653827823,,ar1_gaussian,1,,-38583.45589256759,28392,3,,-1.3589551948636092,,,,intercept=-0.00091040389;phi=0.17714093;sd=0.98333226
interference,host,host_cpu3-interf_io-run10,train_q_0.999,100001,96541,0.96540034599654,68101,28440,109,48,13.296042993296027,0.0011645752653827823,,gaussian_gmm,2,-58923.04008570323,-24556.32316562743,28440,5,117901.72390728805,-0.8634431492836648,-24556.32316562743,0.0,0.0,"component_0_mean=-0.46943285,weight=0.74966123;component_1_mean=1.4057575,weight=0.25033877"
interference,host,host_cpu3-interf_io-run10,train_q_0.999,100001,96541,0.96540034599654,68101,28440,109,48,13.296042993296027,0.0011645752653827823,,gaussian_hmm,2,-56443.29155970227,-23974.57051522595,28440,7,112964.48434963876,-0.8429877115058351,-25490.049650879555,41.580773848302826,0.053286889439296915,state_0_mean=-0.47209593;state_1_mean=1.3743858
interference,host,host_cpu3-interf_io-run10,train_q_0.999,100001,96541,0.96540034599654,68101,28440,109,48,13.296042993296027,0.0011645752653827823,,gaussian_gmm,3,-56760.901858925514,-23317.717215102028,28440,8,113610.83369526156,-0.819891603906541,-23317.717215102028,0.0,0.0,"component_0_mean=-0.57085474,weight=0.56858604;component_1_mean=-0.10974303,weight=0.21732649;component_2_mean=1.6275128,weight=0.21408747"
interference,host,host_cpu3-interf_io-run10,train_q_0.999,100001,96541,0.96540034599654,68101,28440,109,48,13.296042993296027,0.0011645752653827823,,gaussian_hmm,3,-50658.7047019661,-21396.622328043908,28440,14,101473.21186440064,-0.7523425572448631,-25539.343091495404,3.566919661958996,0.14566528704119186,state_0_mean=-0.46687405;state_1_mean=1.1478574;state_2_mean=1.7572959
interference,host,host_cpu3-interf_io-run10,train_q_0.999,100001,96541,0.96540034599654,68101,28440,109,48,13.296042993296027,0.0011645752653827823,,gaussian_gmm,4,-56687.72730990485,-23306.370137895152,28440,11,113497.8708387492,-0.8194926208823893,-23306.370137895152,0.0,0.0,"component_0_mean=-0.57843947,weight=0.54603244;component_1_mean=-0.13693557,weight=0.24383728;component_2_mean=1.4042889,weight=0.12111379;component_3_mean=2.0126378,weight=0.089016489"
interference,host,host_cpu3-interf_io-run10,train_q_0.999,100001,96541,0.96540034599654,68101,28440,109,48,13.296042993296027,0.0011645752653827823,,gaussian_hmm,4,-48304.584849847655,-20501.480768017514,28440,23,96865.13088475062,-0.7208678188473107,-24251.59226065475,7.036220516976077,0.13186046035995905,state_0_mean=-0.60658524;state_1_mean=-0.25746816;state_2_mean=1.1727267;state_3_mean=1.9525669
interference,host,host_cpu3-interf_io-run10,train_q_0.999,100001,96541,0.96540034599654,68101,28440,109,48,13.296042993296027,0.0011645752653827823,,gaussian_gmm,5,-56073.56464366475,-22949.431052357253,28440,14,112302.93174779795,-0.8069420201250792,-22949.431052357253,0.0,0.0,"component_0_mean=-0.59555643,weight=0.51747126;component_1_mean=-0.18048226,weight=0.2621538;component_2_mean=0.65222835,weight=0.08102993;component_3_mean=2.0615019,weight=0.11520843;component_4_mean=2.6990168,weight=0.024136576"
interference,host,host_cpu3-interf_io-run10,train_q_0.999,100001,96541,0.96540034599654,68101,28440,109,48,13.296042993296027,0.0011645752653827823,,gaussian_hmm,5,-46795.85278756865,-19425.31937373658,28440,34,93970.0829791321,-0.683028107374704,-24268.208739893864,7.695087008987925,0.17028443622212672,state_0_mean=-0.60407467;state_1_mean=-0.24624838;state_2_mean=0.59308849;state_3_mean=1.953928;state_4_mean=2.1417205
interference,host,host_cpu3-interf_io-run10,train_q_0.9995,100001,96586,0.965850341496585,68135,28451,75,37,13.29604610965419,0.0011726130384917515,,iid_gaussian,1,-96678.87695990037,-38604.14197002155,28451,2,193380.0124124211,-1.356864151348689,-38604.14197002155,0.0,0.0,mean=9.564144e-14;sd=1
interference,host,host_cpu3-interf_io-run10,train_q_0.9995,100001,96586,0.965850341496585,68135,28451,75,37,13.29604610965419,0.0011726130384917515,,ar1_gaussian,1,,-38606.54295509988,28414,3,,-1.358715525976627,,,,intercept=-0.00058504239;phi=0.17872768;sd=0.98331898
interference,host,host_cpu3-interf_io-run10,train_q_0.9995,100001,96586,0.965850341496585,68135,28451,75,37,13.29604610965419,0.0011726130384917515,,gaussian_gmm,2,-58760.62404720615,-24464.502734336776,28451,5,117576.8943259632,-0.8598819983247259,-24464.502734336776,0.0,0.0,"component_0_mean=-0.46911473,weight=0.74823149;component_1_mean=1.3941633,weight=0.25176851"
interference,host,host_cpu3-interf_io-run10,train_q_0.9995,100001,96586,0.965850341496585,68135,28451,75,37,13.29604610965419,0.0011726130384917515,,gaussian_hmm,2,-56272.13233197482,-23883.8579899178,28451,7,112622.16938812092,-0.8394734100705704,-25378.290895274808,42.21576521619462,0.05252655110038337,state_0_mean=-0.47153535;state_1_mean=1.3660526
interference,host,host_cpu3-interf_io-run10,train_q_0.9995,100001,96586,0.965850341496585,68135,28451,75,37,13.29604610965419,0.0011726130384917515,,gaussian_gmm,3,-56610.90562326857,-23238.302455588524,28451,8,113310.8452170186,-0.8167833276717347,-23238.302455588524,0.0,0.0,"component_0_mean=-0.56933485,weight=0.57034379;component_1_mean=-0.10932772,weight=0.21235596;component_2_mean=1.6011624,weight=0.21730025"
interference,host,host_cpu3-interf_io-run10,train_q_0.9995,100001,96586,0.965850341496585,68135,28451,75,37,13.29604610965419,0.0011726130384917515,,gaussian_hmm,3,-50491.045802293964,-21331.130494905537,28451,14,101137.90105293051,-0.7497497625709303,-25415.035663717157,2.7589051046710407,0.14354170921273837,state_0_mean=-0.46685719;state_1_mean=1.1491141;state_2_mean=1.7351945
interference,host,host_cpu3-interf_io-run10,train_q_0.9995,100001,96586,0.965850341496585,68135,28451,75,37,13.29604610965419,0.0011726130384917515,,gaussian_gmm,4,-56471.902662062916,-23209.914962102273,28451,11,113066.22703353786,-0.815785559808171,-23209.914962102273,0.0,0.0,"component_0_mean=-0.57823067,weight=0.54204751;component_1_mean=-0.14191359,weight=0.24752428;component_2_mean=1.4805635,weight=0.12822116;component_3_mean=1.9306858,weight=0.08220705"
interference,host,host_cpu3-interf_io-run10,train_q_0.9995,100001,96586,0.965850341496585,68135,28451,75,37,13.29604610965419,0.0011726130384917515,,gaussian_hmm,4,-48162.94298429004,-20445.390886841615,28451,23,96581.85863371432,-0.7186176544529758,-24148.939276971607,5.7327748188838035,0.13017287231134203,state_0_mean=-0.60589345;state_1_mean=-0.25998669;state_2_mean=1.1745189;state_3_mean=1.9322399
interference,host,host_cpu3-interf_io-run10,train_q_0.9995,100001,96586,0.965850341496585,68135,28451,75,37,13.29604610965419,0.0011726130384917515,,gaussian_gmm,5,-55845.782151219595,-22854.854652595543,28451,14,111847.37375078177,-0.8033058469858895,-22854.854652595543,0.0,0.0,"component_0_mean=-0.58916586,weight=0.52901252;component_1_mean=-0.16663727,weight=0.25387619;component_2_mean=0.73149896,weight=0.088012336;component_3_mean=2.1061797,weight=0.11745579;component_4_mean=3.6259405,weight=0.011643164"
interference,host,host_cpu3-interf_io-run10,train_q_0.9995,100001,96586,0.965850341496585,68135,28451,75,37,13.29604610965419,0.0011726130384917515,,gaussian_hmm,5,-46610.4597982026,-19340.15917933923,28451,34,93599.31397095147,-0.6797708052208791,-24165.274956399233,5.44561537414111,0.1695938904453272,state_0_mean=-0.60607955;state_1_mean=-0.26076958;state_2_mean=0.58963254;state_3_mean=1.9334669;state_4_mean=2.1453186
interference,host,host_cpu3-interf_io-run10,train_q_0.9999,100001,96625,0.9662403375966241,68163,28462,47,26,13.29604918598517,0.0011822976453437603,,iid_gaussian,1,-96718.60723883013,-38646.25596531,28462,2,193459.4737920095,-1.3578194071151009,-38646.25596531,0.0,0.0,mean=-1.9668492e-13;sd=1
interference,host,host_cpu3-interf_io-run10,train_q_0.9999,100001,96625,0.9662403375966241,68163,28462,47,26,13.29604918598517,0.0011822976453437603,,ar1_gaussian,1,,-38666.9430690776,28436,3,,-1.3597884044548318,,,,intercept=-8.4238989e-05;phi=0.18340203;sd=0.9829286
interference,host,host_cpu3-interf_io-run10,train_q_0.9999,100001,96625,0.9662403375966241,68163,28462,47,26,13.29604918598517,0.0011822976453437603,,gaussian_gmm,2,-58564.11439566103,-24381.910247765656,28462,5,117183.87707719515,-0.8566478198217151,-24381.910247765656,0.0,0.0,"component_0_mean=-0.46770485,weight=0.74752714;component_1_mean=1.3847907,weight=0.25247286"
interference,host,host_cpu3-interf_io-run10,train_q_0.9999,100001,96625,0.9662403375966241,68163,28462,47,26,13.29604918598517,0.0011822976453437603,,gaussian_hmm,2,-56056.01085495851,-23798.44465427001,28462,7,112189.92931013936,-0.8361480097768959,-25317.38310240883,25.774916548183135,0.0533672422225711,state_0_mean=-0.4703319;state_1_mean=1.3541092
interference,host,host_cpu3-interf_io-run10,train_q_0.9999,100001,96625,0.9662403375966241,68163,28462,47,26,13.29604918598517,0.0011822976453437603,,gaussian_gmm,3,-56437.51066582746,-23174.015502794704,28462,8,112964.05858905187,-0.8142089629258206,-23174.015502794704,0.0,0.0,"component_0_mean=-0.56568958,weight=0.57536042;component_1_mean=-0.10462723,weight=0.20362101;component_2_mean=1.5690071,weight=0.22101857"
interference,host,host_cpu3-interf_io-run10,train_q_0.9999,100001,96625,0.9662403375966241,68163,28462,47,26,13.29604918598517,0.0011822976453437603,,gaussian_hmm,3,-50276.618106214795,-21288.76787547544,28462,14,100709.05141287427,-0.7479716068960524,-25314.738494188296,3.259696112662456,0.14145072794297148,state_0_mean=-0.46596652;state_1_mean=1.1549637;state_2_mean=1.7118548
interference,host,host_cpu3-interf_io-run10,train_q_0.9999,100001,96625,0.9662403375966241,68163,28462,47,26,13.29604918598517,0.0011822976453437603,,gaussian_gmm,4,-56169.457012795836,-23090.54304163668,28462,11,112461.34025451248,-0.8112761942813815,-23090.54304163668,0.0,0.0,"component_0_mean=-0.57323953,weight=0.54645389;component_1_mean=-0.13393695,weight=0.24698829;component_2_mean=1.5844316,weight=0.14406198;component_3_mean=1.8893011,weight=0.062495842"
interference,host,host_cpu3-interf_io-run10,train_q_0.9999,100001,96625,0.9662403375966241,68163,28462,47,26,13.29604918598517,0.0011822976453437603,,gaussian_hmm,4,-47964.765421077114,-20403.43207285521,28462,23,96185.51295717047,-0.716865718250833,-24086.399567147342,5.799870390388905,0.1293994622406062,state_0_mean=-0.60413588;state_1_mean=-0.26196303;state_2_mean=1.1811876;state_3_mean=1.9092561
interference,host,host_cpu3-interf_io-run10,train_q_0.9999,100001,96625,0.9662403375966241,68163,28462,47,26,13.29604918598517,0.0011822976453437603,,gaussian_gmm,5,-55558.35340052672,-22742.125231670387,28462,14,111272.52200149812,-0.7990346859556737,-22742.125231670387,0.0,0.0,"component_0_mean=-0.58354201,weight=0.53436924;component_1_mean=-0.16106198,weight=0.24891708;component_2_mean=0.79910718,weight=0.097088674;component_3_mean=2.1449623,weight=0.10947717;component_4_mean=3.893374,weight=0.010147834"
interference,host,host_cpu3-interf_io-run10,train_q_0.9999,100001,96625,0.9662403375966241,68163,28462,47,26,13.29604918598517,0.0011822976453437603,,gaussian_hmm,5,-46333.47376305476,-19244.04337077855,28462,34,93045.35587004657,-0.6761311000905962,-24104.783222352497,4.020081863578153,0.17077998213667162,state_0_mean=-0.60476231;state_1_mean=-0.264726;state_2_mean=0.58973404;state_3_mean=1.9109156;state_4_mean=2.1582147
interference,host,host_cpu3-interf_io-run1,base_stable,100001,99980,0.999790002099979,69986,29994,3,2,13.297099517111684,0.010699048617464402,,iid_gaussian,1,-99305.3321848622,-40729.045578455516,29994,2,198632.97647072645,-1.3579064339019642,-40729.045578455516,0.0,0.0,mean=-8.080487e-14;sd=1
interference,host,host_cpu3-interf_io-run1,base_stable,100001,99980,0.999790002099979,69986,29994,3,2,13.297099517111684,0.010699048617464402,,ar1_gaussian,1,,-40724.26590033611,29992,3,,-1.3578376200432152,,,,intercept=-3.477684e-06;phi=0.014358915;sd=0.99992284
interference,host,host_cpu3-interf_io-run1,base_stable,100001,99980,0.999790002099979,69986,29994,3,2,13.297099517111684,0.010699048617464402,,gaussian_gmm,2,34540.38091753563,15389.419696081004,29994,5,-69024.98158256612,0.5130832731906716,15389.419696081004,0.0,0.0,"component_0_mean=-0.025319985,weight=0.99522112;component_1_mean=5.2729853,weight=0.0047788838"
interference,host,host_cpu3-interf_io-run1,base_stable,100001,99980,0.999790002099979,69986,29994,3,2,13.297099517111684,0.010699048617464402,,gaussian_hmm,2,25013.119759409397,10292.404048913564,29994,7,-49948.147165311595,0.34314876471672884,14585.531309616175,191.22160454366556,-0.1431328685971398,state_0_mean=-0.023746823;state_1_mean=7.4115412
interference,host,host_cpu3-interf_io-run1,base_stable,100001,99980,0.999790002099979,69986,29994,3,2,13.297099517111684,0.010699048617464402,,gaussian_gmm,3,34949.42479735317,15569.360257803173,29994,8,-69809.6011906981,0.5190824917584574,15569.360257803173,0.0,0.0,"component_0_mean=-0.026160797,weight=0.99353188;component_1_mean=2.9933047,weight=0.0064109668;component_2_mean=119.00176,weight=5.7155539e-05"
interference,host,host_cpu3-interf_io-run1,base_stable,100001,99980,0.999790002099979,69986,29994,3,2,13.297099517111684,0.010699048617464402,,gaussian_hmm,3,34962.99398336584,15578.732880860343,29994,14,-69769.80325971729,0.5193949750236828,15569.297787182819,1.677635753685994,0.00031456603579130797,state_0_mean=-0.026294309;state_1_mean=2.8801238;state_2_mean=118.99778
interference,host,host_cpu3-interf_io-run1,base_stable,100001,99980,0.999790002099979,69986,29994,3,2,13.297099517111684,0.010699048617464402,,gaussian_gmm,4,40227.87410474015,17664.492547604885,29994,11,-80333.03165396898,0.5889342050945151,17664.492547604885,0.0,0.0,"component_0_mean=-0.075914406,weight=0.73653098;component_1_mean=0.12206265,weight=0.26040362;component_2_mean=5.7595532,weight=0.0030082504;component_3_mean=119.00377,weight=5.71543e-05"
interference,host,host_cpu3-interf_io-run1,base_stable,100001,99980,0.999790002099979,69986,29994,3,2,13.297099517111684,0.010699048617464402,,gaussian_hmm,4,41756.7625761956,18176.421134460714,29994,23,-83256.93599086754,0.6060019048629964,16179.732988935784,65.10492751108892,0.06656958543458456,state_0_mean=-0.10770847;state_1_mean=0.048349298;state_2_mean=4.3774266;state_3_mean=119.00372
interference,host,host_cpu3-interf_io-run1,base_stable,100001,99980,0.999790002099979,69986,29994,3,2,13.297099517111684,0.010699048617464402,,gaussian_gmm,5,40540.71377719739,17810.30111119536,29994,14,-80925.24284738037,0.5937954627990718,17810.30111119536,0.0,0.0,"component_0_mean=-0.12384856,weight=0.44627615;component_1_mean=0.0042226745,weight=0.3856146;component_2_mean=0.17918027,weight=0.16515681;component_3_mean=5.9572419,weight=0.0028952851;component_4_mean=119.00377,weight=5.71543e-05"
interference,host,host_cpu3-interf_io-run1,base_stable,100001,99980,0.999790002099979,69986,29994,3,2,13.297099517111684,0.010699048617464402,,gaussian_hmm,5,44987.993193908755,19533.07314115201,29994,34,-89596.68067078253,0.6512326845753154,16332.409469251483,53.90174429439001,0.10671013108956882,state_0_mean=-0.11079923;state_1_mean=0.0049269715;state_2_mean=0.18196395;state_3_mean=6.0670332;state_4_mean=119.00376
interference,host,host_cpu3-interf_io-run1,cap_2500us,100001,99978,0.999770002299977,69985,29993,4,3,13.297077828451982,0.00903047811360431,,iid_gaussian,1,-99303.91324632903,-31643.40963127192,29993,2,198630.13856508277,-1.055026493890972,-31643.40963127192,0.0,0.0,mean=3.9638508e-14;sd=1
interference,host,host_cpu3-interf_io-run1,cap_2500us,100001,99978,0.999770002299977,69985,29993,4,3,13.297077828451982,0.00903047811360431,,ar1_gaussian,1,,-31627.008107028563,29990,3,,-1.0545851319449338,,,,intercept=-2.1553489e-06;phi=0.02064768;sd=0.99981866
interference,host,host_cpu3-interf_io-run1,cap_2500us,100001,99978,0.999770002299977,69985,29993,4,3,13.297077828451982,0.00903047811360431,,gaussian_gmm,2,22749.054650808575,10397.768445282705,29993,5,-45442.329120555376,0.34667317191620395,10397.768445282705,0.0,0.0,"component_0_mean=-0.027764236,weight=0.99496934;component_1_mean=5.491242,weight=0.0050306586"
interference,host,host_cpu3-interf_io-run1,cap_2500us,100001,99978,0.999770002299977,69985,29993,4,3,13.297077828451982,0.00903047811360431,,gaussian_hmm,2,13200.835393369154,5271.194844418581,29993,7,-26323.578533251824,0.1757475025645511,9552.855891902183,297.7403209723002,-0.1427553444965026,state_0_mean=-0.02578202;state_1_mean=7.9066035
interference,host,host_cpu3-interf_io-run1,cap_2500us,100001,99978,0.999770002299977,69985,29993,4,3,13.297077828451982,0.00903047811360431,,gaussian_gmm,3,23099.464507485463,10499.223117117133,29993,8,-46109.68072527209,0.35005578358674133,10499.223117117133,0.0,0.0,"component_0_mean=-0.028592987,weight=0.99354583;component_1_mean=3.5486727,weight=0.0064113073;component_2_mean=131.96398,weight=4.2866328e-05"
interference,host,host_cpu3-interf_io-run1,cap_2500us,100001,99978,0.999770002299977,69985,29993,4,3,13.297077828451982,0.00903047811360431,,gaussian_hmm,3,23113.011601554306,10508.849571422697,29993,14,-46069.838696135645,0.35037674028682353,10499.311848048335,1.7180488664582287,0.0003179983120848875,state_0_mean=-0.028750894;state_1_mean=3.4151335;state_2_mean=131.96398
interference,host,host_cpu3-interf_io-run1,cap_2500us,100001,99978,0.999770002299977,69985,29993,4,3,13.297077828451982,0.00903047811360431,,gaussian_gmm,4,28369.951954630727,12587.322748854069,29993,11,-56617.187510925556,0.41967534920995125,12587.322748854069,0.0,0.0,"component_0_mean=-0.089035614,weight=0.72006455;component_1_mean=0.13692704,weight=0.2768741;component_2_mean=6.8057355,weight=0.0030184874;component_3_mean=131.96398,weight=4.2866328e-05"
interference,host,host_cpu3-interf_io-run1,cap_2500us,100001,99978,0.999770002299977,69985,29993,4,3,13.297077828451982,0.00903047811360431,,gaussian_hmm,4,29905.997732986434,13106.913802424076,29993,23,-59555.40663308871,0.4369990932025498,11150.9640476923,33.43285336723588,0.06521354165077775,state_0_mean=-0.12520716;state_1_mean=0.059700668;state_2_mean=5.1885269;state_3_mean=131.96398
interference,host,host_cpu3-interf_io-run1,cap_2500us,100001,99978,0.999770002299977,69985,29993,4,3,13.297077828451982,0.00903047811360431,,gaussian_gmm,5,28388.013723490734,12602.358727150411,29993,14,-56619.8429400085,0.42017666546028776,12602.358727150411,0.0,0.0,"component_0_mean=-0.08864091,weight=0.72490497;component_1_mean=0.13987885,weight=0.27203171;component_2_mean=6.0098409,weight=0.0027974222;component_3_mean=16.749862,weight=0.00022303945;component_4_mean=131.96398,weight=4.2866328e-05"
interference,host,host_cpu3-interf_io-run1,cap_2500us,100001,99978,0.999770002299977,69985,29993,4,3,13.297077828451982,0.00903047811360431,,gaussian_hmm,5,33137.56901690249,14462.772177433611,29993,34,-65895.83280258492,0.4822049203958794,11261.720893466318,36.53917103027638,0.10672661234178954,state_0_mean=-0.12885486;state_1_mean=0.008256545;state_2_mean=0.21811847;state_3_mean=7.1899542;state_4_mean=131.96398
interference,host,host_cpu3-interf_io-run1,cap_2000us,100001,99977,0.999760002399976,69984,29993,5,3,13.297059509623963,0.007620028617987817,,iid_gaussian,1,-99302.4943077958,-33293.30763314055,29993,2,198627.30065943857,-1.110035929488232,-33293.30763314055,0.0,0.0,mean=-2.4083159e-14;sd=1
interference,host,host_cpu3-interf_io-run1,cap_2000us,100001,99977,0.999760002399976,69984,29993,5,3,13.297059509623963,0.007620028617987817,,ar1_gaussian,1,,-33267.57636821041,29990,3,,-1.1092889752654354,,,,intercept=-1.622692e-05;phi=0.027046101;sd=0.99966523
interference,host,host_cpu3-interf_io-run1,cap_2000us,100001,99977,0.999760002399976,69984,29993,5,3,13.297059509623963,0.007620028617987817,,gaussian_gmm,2,10944.346706935743,5334.6771263163755,29993,5,-21832.913304254103,0.1778640724941278,5334.6771263163755,0.0,0.0,"component_0_mean=-0.030687131,weight=0.99472386;component_1_mean=5.7855258,weight=0.0052761361"
interference,host,host_cpu3-interf_io-run1,cap_2000us,100001,99977,0.999760002399976,69984,29993,5,3,13.297059509623963,0.007620028617987817,,gaussian_hmm,2,1372.677974619013,195.52298563682496,29993,7,-2667.2637957736906,0.006518953943814389,4334.1575296026485,560.4149193386494,-0.13798668169125541,state_0_mean=-0.028215607;state_1_mean=8.477454
interference,host,host_cpu3-interf_io-run1,cap_2000us,100001,99977,0.999760002399976,69984,29993,5,3,13.297059509623963,0.007620028617987817,,gaussian_gmm,3,11228.793912609679,5406.09343918034,29993,8,-22368.339649831545,0.18024517184610878,5406.09343918034,0.0,0.0,"component_0_mean=-0.031481573,weight=0.99355985;component_1_mean=4.2078301,weight=0.0064115766;component_2_mean=150.46566,weight=2.8577961e-05"
interference,host,host_cpu3-interf_io-run1,cap_2000us,100001,99977,0.999760002399976,69984,29993,5,3,13.297059509623963,0.007620028617987817,,gaussian_hmm,3,11243.156970812734,5414.979239957538,29993,14,-22330.129634696797,0.18054143433326236,5405.0999791659215,0.9259453302133587,0.0003293855496821464,state_0_mean=-0.031668738;state_1_mean=4.0488143;state_2_mean=150.46566
interference,host,host_cpu3-interf_io-run1,cap_2000us,100001,99977,0.999760002399976,69984,29993,5,3,13.297059509623963,0.007620028617987817,,gaussian_gmm,4,16507.29186500768,7501.260346312877,29993,11,-32891.86748885712,0.25010036829636506,7501.260346312877,0.0,0.0,"component_0_mean=-0.1013166,weight=0.73674207;component_1_mean=0.17677546,weight=0.2602212;component_2_mean=8.0924856,weight=0.0030081589;component_3_mean=150.46566,weight=2.8577961e-05"
interference,host,host_cpu3-interf_io-run1,cap_2000us,100001,99977,0.999760002399976,69984,29993,5,3,13.297059509623963,0.007620028617987817,,gaussian_hmm,4,18036.125475871002,8012.733113061974,29993,23,-35815.66244750204,0.2671534395712991,6044.015626121423,36.54478401856245,0.06563923205216386,state_0_mean=-0.14600344;state_1_mean=0.073119195;state_2_mean=6.1240527;state_3_mean=150.46566
interference,host,host_cpu3-interf_io-run1,cap_2000us,100001,99977,0.999760002399976,69984,29993,5,3,13.297059509623963,0.007620028617987817,,gaussian_gmm,5,16521.47855301502,7513.30983851282,29993,14,-32886.77279910137,0.2505021117765085,7513.30983851282,0.0,0.0,"component_0_mean=-0.10152024,weight=0.73702092;component_1_mean=0.17759879,weight=0.25992929;component_2_mean=7.125431,weight=0.0028004337;component_3_mean=19.952866,weight=0.00022077601;component_4_mean=150.46566,weight=2.8577961e-05"
interference,host,host_cpu3-interf_io-run1,cap_2000us,100001,99977,0.999760002399976,69984,29993,5,3,13.297059509623963,0.007620028617987817,,gaussian_hmm,5,21267.309050313757,9369.02345279549,29993,34,-42155.313355229315,0.3123736689492712,6155.817383783085,59.31781171558749,0.10713186640257415,state_0_mean=-0.15032375;state_1_mean=0.012167612;state_2_mean=0.26071474;state_3_mean=8.523764;state_4_mean=150.46566
interference,host,host_cpu3-interf_io-run1,cap_1500us,100001,99975,0.999740002599974,69982,29993,7,3,13.297026742550386,0.004513854464669722,,iid_gaussian,1,-99299.6564307294,-43892.037733805686,29993,2,198621.62484814902,-1.4634093866504079,-43892.037733805686,0.0,0.0,mean=2.1273029e-14;sd=1
interference,host,host_cpu3-interf_io-run1,cap_1500us,100001,99975,0.999740002599974,69982,29993,7,3,13.297026742550386,0.004513854464669722,,ar1_gaussian,1,,-43824.995373224345,29990,3,,-1.4613202858694347,,,,intercept=-2.6030125e-05;phi=0.077641969;sd=0.99700349
interference,host,host_cpu3-interf_io-run1,cap_1500us,100001,99975,0.999740002599974,69982,29993,7,3,13.297026742550386,0.004513854464669722,,gaussian_gmm,2,-25385.735095417112,-10298.230832669684,29993,5,50827.25015755976,-0.34335447713365397,-10298.230832669684,0.0,0.0,"component_0_mean=-0.045886499,weight=0.99358796;component_1_mean=7.1104106,weight=0.0064120449"
interference,host,host_cpu3-interf_io-run1,cap_1500us,100001,99975,0.999740002599974,69982,29993,7,3,13.297026742550386,0.004513854464669722,,gaussian_hmm,2,-25381.53176483483,-10288.379327291817,29993,7,50841.15548308541,-0.343026016980356,-10296.931684979978,2.3503549179634535,0.00028514512346749425,state_0_mean=-0.046135132;state_1_mean=6.8878726
interference,host,host_cpu3-interf_io-run1,cap_1500us,100001,99975,0.999740002599974,69982,29993,7,3,13.297026742550386,0.004513854464669722,,gaussian_gmm,3,-20109.217879419262,-8205.117083093022,29993,8,40307.68370559938,-0.2735677352413237,-8205.117083093022,0.0,0.0,"component_0_mean=-0.16478915,weight=0.73229444;component_1_mean=0.3005244,weight=0.26469111;component_2_mean=13.643614,weight=0.0030144535"
interference,host,host_cpu3-interf_io-run1,cap_1500us,100001,99975,0.999740002599974,69982,29993,7,3,13.297026742550386,0.004513854464669722,,gaussian_hmm,3,-18582.75715974202,-7690.817473957615,29993,14,37321.698226315544,-0.25642041389516274,-9689.476694669293,37.30193802384848,0.06663752277903769,state_0_mean=-0.23911058;state_1_mean=0.1308734;state_2_mean=10.437947
interference,host,host_cpu3-interf_io-run1,cap_1500us,100001,99975,0.999740002599974,69982,29993,7,3,13.297026742550386,0.004513854464669722,,gaussian_gmm,4,-20095.381129605856,-8193.40791127089,29993,11,40313.478186007895,-0.27317733842132796,-8193.40791127089,0.0,0.0,"component_0_mean=-0.16530153,weight=0.73166069;component_1_mean=0.30073438,weight=0.26531058;component_2_mean=12.005334,weight=0.0028073233;component_3_mean=33.66419,weight=0.00022141524"
interference,host,host_cpu3-interf_io-run1,cap_1500us,100001,99975,0.999740002599974,69982,29993,7,3,13.297026742550386,0.004513854464669722,,gaussian_hmm,4,-15348.176305807327,-6334.836536063564,29993,23,30952.940458552126,-0.21121050031885988,-9571.974407636382,61.05867880534319,0.10792977933427192,state_0_mean=-0.24650157;state_1_mean=0.027785674;state_2_mean=0.44755288;state_3_mean=14.395796
interference,host,host_cpu3-interf_io-run1,cap_1500us,100001,99975,0.999740002599974,69982,29993,7,3,13.297026742550386,0.004513854464669722,,gaussian_gmm,5,-19780.980344659103,-8045.500777587959,29993,14,39718.14459614971,-0.2682459499745927,-8045.500777587959,0.0,0.0,"component_0_mean=-0.26965502,weight=0.47163903;component_1_mean=0.03968969,weight=0.37365698;component_2_mean=0.47037592,weight=0.15181032;component_3_mean=12.556454,weight=0.0026740339;component_4_mean=33.534076,weight=0.0002196334"
interference,host,host_cpu3-interf_io-run1,cap_1500us,100001,99975,0.999740002599974,69982,29993,7,3,13.297026742550386,0.004513854464669722,,gaussian_hmm,5,-13470.302040122668,-5725.388074946231,29993,34,27319.907853978988,-0.19089081035395697,-9825.06078866983,34.38095893824256,0.13668765090933216,state_0_mean=-0.25813999;state_1_mean=0.013662031;state_2_mean=0.26183541;state_3_mean=0.29010998;state_4_mean=14.093044
interference,host,host_cpu3-interf_io-run1,cap_1000us,100001,99975,0.999740002599974,69982,29993,7,3,13.297026742550386,0.004513854464669722,,iid_gaussian,1,-99299.6564307294,-43892.037733805686,29993,2,198621.62484814902,-1.4634093866504079,-43892.037733805686,0.0,0.0,mean=2.1273029e-14;sd=1
interference,host,host_cpu3-interf_io-run1,cap_1000us,100001,99975,0.999740002599974,69982,29993,7,3,13.297026742550386,0.004513854464669722,,ar1_gaussian,1,,-43824.995373224345,29990,3,,-1.4613202858694347,,,,intercept=-2.6030125e-05;phi=0.077641969;sd=0.99700349
interference,host,host_cpu3-interf_io-run1,cap_1000us,100001,99975,0.999740002599974,69982,29993,7,3,13.297026742550386,0.004513854464669722,,gaussian_gmm,2,-25385.735095417112,-10298.230832669684,29993,5,50827.25015755976,-0.34335447713365397,-10298.230832669684,0.0,0.0,"component_0_mean=-0.045886499,weight=0.99358796;component_1_mean=7.1104106,weight=0.0064120449"
interference,host,host_cpu3-interf_io-run1,cap_1000us,100001,99975,0.999740002599974,69982,29993,7,3,13.297026742550386,0.004513854464669722,,gaussian_hmm,2,-25381.53176483483,-10288.379327291817,29993,7,50841.15548308541,-0.343026016980356,-10306.499656372429,23.826967867110312,0.0006041519381392843,state_0_mean=-0.046135132;state_1_mean=6.8878726
interference,host,host_cpu3-interf_io-run1,cap_1000us,100001,99975,0.999740002599974,69982,29993,7,3,13.297026742550386,0.004513854464669722,,gaussian_gmm,3,-20109.217879419262,-8205.117083093022,29993,8,40307.68370559938,-0.2735677352413237,-8205.117083093022,0.0,0.0,"component_0_mean=-0.16478915,weight=0.73229444;component_1_mean=0.3005244,weight=0.26469111;component_2_mean=13.643614,weight=0.0030144535"
interference,host,host_cpu3-interf_io-run1,cap_1000us,100001,99975,0.999740002599974,69982,29993,7,3,13.297026742550386,0.004513854464669722,,gaussian_hmm,3,-18582.75715974202,-7690.817473957615,29993,14,37321.698226315544,-0.25642041389516274,-9658.942940242607,37.88413830623147,0.06561949342463214,state_0_mean=-0.23911058;state_1_mean=0.1308734;state_2_mean=10.437947
interference,host,host_cpu3-interf_io-run1,cap_1000us,100001,99975,0.999740002599974,69982,29993,7,3,13.297026742550386,0.004513854464669722,,gaussian_gmm,4,-20095.381129605856,-8193.40791127089,29993,11,40313.478186007895,-0.27317733842132796,-8193.40791127089,0.0,0.0,"component_0_mean=-0.16530153,weight=0.73166069;component_1_mean=0.30073438,weight=0.26531058;component_2_mean=12.005334,weight=0.0028073233;component_3_mean=33.66419,weight=0.00022141524"
interference,host,host_cpu3-interf_io-run1,cap_1000us,100001,99975,0.999740002599974,69982,29993,7,3,13.297026742550386,0.004513854464669722,,gaussian_hmm,4,-15348.176305807327,-6334.836536063564,29993,23,30952.940458552126,-0.21121050031885988,-9585.070067836574,60.98717562872275,0.10836640321985161,state_0_mean=-0.24650157;state_1_mean=0.027785674;state_2_mean=0.44755288;state_3_mean=14.395796
interference,host,host_cpu3-interf_io-run1,cap_1000us,100001,99975,0.999740002599974,69982,29993,7,3,13.297026742550386,0.004513854464669722,,gaussian_gmm,5,-19780.980344659103,-8045.500777587959,29993,14,39718.14459614971,-0.2682459499745927,-8045.500777587959,0.0,0.0,"component_0_mean=-0.26965502,weight=0.47163903;component_1_mean=0.03968969,weight=0.37365698;component_2_mean=0.47037592,weight=0.15181032;component_3_mean=12.556454,weight=0.0026740339;component_4_mean=33.534076,weight=0.0002196334"
interference,host,host_cpu3-interf_io-run1,cap_1000us,100001,99975,0.999740002599974,69982,29993,7,3,13.297026742550386,0.004513854464669722,,gaussian_hmm,5,-13470.302040122668,-5725.388074946231,29993,34,27319.907853978988,-0.19089081035395697,-9851.454777905537,43.42697602501746,0.1375676558850167,state_0_mean=-0.25813999;state_1_mean=0.013662031;state_2_mean=0.26183541;state_3_mean=0.29010998;state_4_mean=14.093044
interference,host,host_cpu3-interf_io-run1,train_q_0.999,100001,99879,0.998780012199878,69916,29963,71,32,13.296917714895313,0.002536621253180746,,iid_gaussian,1,-99206.00648753789,-44094.016110190205,29963,2,198434.32307467668,-1.4716155294927145,-44094.016110190205,0.0,0.0,mean=6.1703679e-14;sd=1
interference,host,host_cpu3-interf_io-run1,train_q_0.999,100001,99879,0.998780012199878,69916,29963,71,32,13.296917714895313,0.002536621253180746,,ar1_gaussian,1,,-43129.3379786963,29931,3,,-1.4409588045403194,,,,intercept=-0.00034089203;phi=0.071672928;sd=0.99441065
interference,host,host_cpu3-interf_io-run1,train_q_0.999,100001,99879,0.998780012199878,69916,29963,71,32,13.296917714895313,0.002536621253180746,,gaussian_gmm,2,-64758.162300684344,-27151.123378434073,29963,5,129572.09985037096,-0.9061550371603001,-27151.123378434073,0.0,0.0,"component_0_mean=-0.044840653,weight=0.99101831;component_1_mean=4.9476113,weight=0.0089816895"
interference,host,host_cpu3-interf_io-run1,train_q_0.999,100001,99879,0.998780012199878,69916,29963,71,32,13.296917714895313,0.002536621253180746,,gaussian_hmm,2,-64752.936372558965,-27143.9203214231,29963,7,129583.95809372111,-0.9059146387685846,-27147.351238543593,1.3582075023208628,0.00011450512700647453,state_0_mean=-0.046476309;state_1_mean=4.5937289
interference,host,host_cpu3-interf_io-run1,train_q_0.999,100001,99879,0.998780012199878,69916,29963,71,32,13.296917714895313,0.002536621253180746,,gaussian_gmm,3,-59668.74754104513,-25143.36517900983,29963,8,119426.7354804939,-0.8391471207492518,-25143.36517900983,0.0,0.0,"component_0_mean=-0.25212139,weight=0.73057844;component_1_mean=0.57458858,weight=0.26724103;component_2_mean=14.052014,weight=0.0021805278"
interference,host,host_cpu3-interf_io-run1,train_q_0.999,100001,99879,0.998780012199878,69916,29963,71,32,13.296917714895313,0.002536621253180746,,gaussian_hmm,3,-58108.05120027743,-24622.80818917186,29963,14,116372.27309776122,-0.8217737939849769,-26632.549596734596,38.26100013252337,0.06707410498156843,state_0_mean=-0.38475538;state_1_mean=0.27047207;state_2_mean=8.8094309
interference,host,host_cpu3-interf_io-run1,train_q_0.999,100001,99879,0.998780012199878,69916,29963,71,32,13.296917714895313,0.002536621253180746,,gaussian_gmm,4,-59356.8443600356,-24995.937592750015,29963,11,118836.3942678762,-0.8342267994776896,-24995.937592750015,0.0,0.0,"component_0_mean=-0.43755563,weight=0.47021072;component_1_mean=0.11234431,weight=0.37940735;component_2_mean=0.89605167,weight=0.1483793;component_3_mean=15.061973,weight=0.002002631"
interference,host,host_cpu3-interf_io-run1,train_q_0.999,100001,99879,0.998780012199878,69916,29963,71,32,13.296917714895313,0.002536621253180746,,gaussian_hmm,4,-54915.92311172017,-23277.621791136702,29963,23,110088.41236885081,-0.776878876986173,-26470.811094889137,43.30764906648623,0.1065710811251355,state_0_mean=-0.39573293;state_1_mean=0.092170737;state_2_mean=0.83916309;state_3_mean=15.70981
interference,host,host_cpu3-interf_io-run1,train_q_0.999,100001,99879,0.998780012199878,69916,29963,71,32,13.296917714895313,0.002536621253180746,,gaussian_gmm,5,-59275.51331891516,-24969.44835134234,29963,14,118707.19733503669,-0.8333427344171925,-24969.44835134234,0.0,0.0,"component_0_mean=-0.43841146,weight=0.46783206;component_1_mean=0.10322843,weight=0.38083811;component_2_mean=0.88427437,weight=0.14665156;component_3_mean=2.4024331,weight=0.0031708557;component_4_mean=18.901109,weight=0.0015074051"
interference,host,host_cpu3-interf_io-run1,train_q_0.999,100001,99879,0.998780012199878,69916,29963,71,32,13.296917714895313,0.002536621253180746,,gaussian_hmm,5,-53037.38058750307,-22671.458753142393,29963,34,106454.0328682216,-0.7566484915776922,-26789.344262040908,53.060007644358194,0.13743235019519123,state_0_mean=-0.41620206;state_1_mean=0.066683297;state_2_mean=0.50664638;state_3_mean=0.53182287;state_4_mean=14.964231
interference,host,host_cpu3-interf_io-run1,train_q_0.9995,100001,99935,0.999340006599934,69951,29984,36,12,13.296964304023719,0.0032843994965974376,,iid_gaussian,1,-99255.66933620005,-46004.6265943101,29984,2,198533.64977295193,-1.5343058495967883,-46004.6265943101,0.0,0.0,mean=-5.1269024e-13;sd=1
interference,host,host_cpu3-interf_io-run1,train_q_0.9995,100001,99935,0.999340006599934,69951,29984,36,12,13.296964304023719,0.0032843994965974376,,ar1_gaussian,1,,-45449.19944251649,29972,3,,-1.5163886107872844,,,,intercept=-0.00024228473;phi=0.053935728;sd=0.99674077
interference,host,host_cpu3-interf_io-run1,train_q_0.9995,100001,99935,0.999340006599934,69951,29984,36,12,13.296964304023719,0.0032843994965974376,,gaussian_gmm,2,-47180.791343525394,-19683.767481099596,29984,5,94417.36043843038,-0.656475703078295,-19683.767481099596,0.0,0.0,"component_0_mean=-0.045820775,weight=0.992809;component_1_mean=6.3261412,weight=0.0071909995"
interference,host,host_cpu3-interf_io-run1,train_q_0.9995,100001,99935,0.999340006599934,69951,29984,36,12,13.296964304023719,0.0032843994965974376,,gaussian_hmm,2,-47171.286658107834,-19675.504963814954,29984,7,94420.66216814709,-0.6562001388678946,-19682.545258767062,1.530424094341758,0.00023480172599081258,state_0_mean=-0.046555713;state_1_mean=5.9772537
interference,host,host_cpu3-interf_io-run1,train_q_0.9995,100001,99935,0.999340006599934,69951,29984,36,12,13.296964304023719,0.0032843994965974376,,gaussian_gmm,3,-41980.68762979393,-17620.35055911238,29984,8,84050.6196617952,-0.5876584364698633,-17620.35055911238,0.0,0.0,"component_0_mean=-0.2076704,weight=0.73211329;component_1_mean=0.43119707,weight=0.26529035;component_2_mean=14.499483,weight=0.0025963573"
interference,host,host_cpu3-interf_io-run1,train_q_0.9995,100001,99935,0.999340006599934,69951,29984,36,12,13.296964304023719,0.0032843994965974376,,gaussian_hmm,3,-40439.71019677192,-17103.47523709317,29984,14,81035.59809740668,-0.5704200652712503,-19089.133865394047,36.61547670340781,0.06622394037823094,state_0_mean=-0.31049147;state_1_mean=0.19690608;state_2_mean=10.104438
interference,host,host_cpu3-interf_io-run1,train_q_0.9995,100001,99935,0.999340006599934,69951,29984,36,12,13.296964304023719,0.0032843994965974376,,gaussian_gmm,4,-41671.19867098259,-17475.224132486594,29984,11,83465.10839500026,-0.5828183075135603,-17475.224132486594,0.0,0.0,"component_0_mean=-0.34385549,weight=0.49005553;component_1_mean=0.088114721,weight=0.36588258;component_2_mean=0.69852123,weight=0.14159851;component_3_mean=15.165818,weight=0.0024633735"
interference,host,host_cpu3-interf_io-run1,train_q_0.9995,100001,99935,0.999340006599934,69951,29984,36,12,13.296964304023719,0.0032843994965974376,,gaussian_hmm,4,-37224.31757904476,-15752.525465311282,29984,23,74705.21281443561,-0.5253643765111821,-18979.361779149385,46.43265280612189,0.10761860705169767,state_0_mean=-0.31974405;state_1_mean=0.057150898;state_2_mean=0.63454847;state_3_mean=15.569843
interference,host,host_cpu3-interf_io-run1,train_q_0.9995,100001,99935,0.999340006599934,69951,29984,36,12,13.296964304023719,0.0032843994965974376,,gaussian_gmm,5,-41660.13907896448,-17463.330570188922,29984,14,83476.4558617918,-0.5824216438830351,-17463.330570188922,0.0,0.0,"component_0_mean=-0.35436185,weight=0.46497641;component_1_mean=0.068812278,weight=0.38237175;component_2_mean=0.67269493,weight=0.15012902;component_3_mean=10.674423,weight=0.001855925;component_4_mean=26.474664,weight=0.00066690459"
interference,host,host_cpu3-interf_io-run1,train_q_0.9995,100001,99935,0.999340006599934,69951,29984,36,12,13.296964304023719,0.0032843994965974376,,gaussian_hmm,5,-35347.03755324757,-15144.232075926613,29984,34,71073.36381587632,-0.5050771103230594,-19279.022166167844,41.93705930497715,0.13789988294561203,state_0_mean=-0.33552636;state_1_mean=0.037499699;state_2_mean=0.37683257;state_3_mean=0.39881487;state_4_mean=15.132594
interference,host,host_cpu3-interf_io-run1,train_q_0.9999,100001,99969,0.999680003199968,69979,29990,10,6,13.297016264138358,0.004215693123066026,,iid_gaussian,1,-99295.39961512978,-41298.80050837894,29990,2,198613.1111312116,-1.377085712183359,-41298.80050837894,0.0,0.0,mean=1.3782777e-13;sd=1
interference,host,host_cpu3-interf_io-run1,train_q_0.9999,100001,99969,0.999680003199968,69979,29990,10,6,13.297016264138358,0.004215693123066026,,ar1_gaussian,1,,-41178.60366693811,29984,3,,-1.373352576938971,,,,intercept=-0.0010003536;phi=0.035923551;sd=0.98226362
interference,host,host_cpu3-interf_io-run1,train_q_0.9999,100001,99969,0.999680003199968,69979,29990,10,6,13.297016264138358,0.004215693123066026,,gaussian_gmm,2,-30098.289366881498,-12276.620326380933,29990,5,60252.35848614311,-0.409357129922672,-12276.620326380933,0.0,0.0,"component_0_mean=-0.047098046,weight=0.99324447;component_1_mean=6.9246764,weight=0.006755532"
interference,host,host_cpu3-interf_io-run1,train_q_0.9999,100001,99969,0.999680003199968,69979,29990,10,6,13.297016264138358,0.004215693123066026,,gaussian_hmm,2,-30080.63095684745,-12270.952982391394,29990,7,60239.35356702706,-0.4091681554648681,-12278.526021149848,1.4537349469507381,0.00025251879821452315,state_0_mean=-0.047291259;state_1_mean=6.774798
interference,host,host_cpu3-interf_io-run1,train_q_0.9999,100001,99969,0.999680003199968,69979,29990,10,6,13.297016264138358,0.004215693123066026,,gaussian_gmm,3,-24843.847434025272,-10205.957568853864,29990,8,49776.942471858725,-0.34031202296945195,-10205.957568853864,0.0,0.0,"component_0_mean=-0.17642149,weight=0.72086942;component_1_mean=0.30995471,weight=0.27614837;component_2_mean=13.943795,weight=0.0029822131"
interference,host,host_cpu3-interf_io-run1,train_q_0.9999,100001,99969,0.999680003199968,69979,29990,10,6,13.297016264138358,0.004215693123066026,,gaussian_hmm,3,-23300.094524906544,-9685.694307936632,29990,14,46756.372356477405,-0.32296413164176835,-11678.057991128759,36.6765022918866,0.06643426752891386,state_0_mean=-0.2537879;state_1_mean=0.14213118;state_2_mean=10.446081
interference,host,host_cpu3-interf_io-run1,train_q_0.9999,100001,99969,0.999680003199968,69979,29990,10,6,13.297016264138358,0.004215693123066026,,gaussian_gmm,4,-24831.498486534114,-10200.361053413597,29990,11,49785.712428304476,-0.3401254102505367,-10200.361053413597,0.0,0.0,"component_0_mean=-0.17529161,weight=0.72566274;component_1_mean=0.31508302,weight=0.27124225;component_2_mean=6.8019734,weight=0.0017204442;component_3_mean=21.851509,weight=0.001374566"
interference,host,host_cpu3-interf_io-run1,train_q_0.9999,100001,99969,0.999680003199968,69979,29990,10,6,13.297016264138358,0.004215693123066026,,gaussian_hmm,4,-20073.21304811659,-8331.98086964626,29990,23,40403.0129571817,-0.2778253040895719,-11552.164053901975,36.84139333345327,0.10737523121893014,state_0_mean=-0.26145237;state_1_mean=0.032201586;state_2_mean=0.48179157;state_3_mean=14.72463
interference,host,host_cpu3-interf_io-run1,train_q_0.9999,100001,99969,0.999680003199968,69979,29990,10,6,13.297016264138358,0.004215693123066026,,gaussian_gmm,5,-24519.234473821427,-10052.409791159569,29990,14,49194.65225430717,-0.3351920570576715,-10052.409791159569,0.0,0.0,"component_0_mean=-0.28900185,weight=0.46281737;component_1_mean=0.040079789,weight=0.38306933;component_2_mean=0.50881466,weight=0.15118047;component_3_mean=7.1065594,weight=0.0014668395;component_4_mean=21.18352,weight=0.0014659849"
interference,host,host_cpu3-interf_io-run1,train_q_0.9999,100001,99969,0.999680003199968,69979,29990,10,6,13.297016264138358,0.004215693123066026,,gaussian_hmm,5,-18194.862602541783,-7725.864905977366,29990,34,36769.027521268334,-0.25761470176650103,-11845.407039406897,30.334413368236447,0.13736385906734014,state_0_mean=-0.27371178;state_1_mean=0.016871966;state_2_mean=0.28171732;state_3_mean=0.29772032;state_4_mean=14.429832
interference,container,docker_cpu3-interf_io-run1,base_stable,100001,99971,0.99970000299997,69978,29993,4,2,13.316169876514792,0.010455026592727942,,iid_gaussian,1,-99293.98067659658,-48567.85911563932,29993,2,198610.273225565,-1.6193064753655628,-48567.85911563932,0.0,0.0,mean=-6.6069569e-14;sd=1
interference,container,docker_cpu3-interf_io-run1,base_stable,100001,99971,0.99970000299997,69978,29993,4,2,13.316169876514792,0.010455026592727942,,ar1_gaussian,1,,-48565.88862689637,29991,3,,-1.6193487588575362,,,,intercept=-1.1483373e-05;phi=0.0043014258;sd=1.0000221
interference,container,docker_cpu3-interf_io-run1,base_stable,100001,99971,0.99970000299997,69978,29993,4,2,13.316169876514792,0.010455026592727942,,gaussian_gmm,2,48749.52087298682,20470.835236653358,29993,5,-97443.26206504404,0.6825204293219538,20470.835236653358,0.0,0.0,"component_0_mean=-0.01984739,weight=0.99392918;component_1_mean=3.2494637,weight=0.0060708174"
interference,container,docker_cpu3-interf_io-run1,base_stable,100001,99971,0.99970000299997,69978,29993,4,2,13.316169876514792,0.010455026592727942,,gaussian_hmm,2,46596.34737542452,20448.097397461144,29993,7,-93114.6031975476,0.681762324457745,20450.808281464375,3.1226735207504226,-9.03838896819459e-05,state_0_mean=-0.019215131;state_1_mean=3.7728167
interference,container,docker_cpu3-interf_io-run1,base_stable,100001,99971,0.99970000299997,69978,29993,4,2,13.316169876514792,0.010455026592727942,,gaussian_gmm,3,53700.55641482069,22691.940202773665,29993,8,-107311.86534015402,0.7565745408186465,22691.940202773665,0.0,0.0,"component_0_mean=-0.037006529,weight=0.92534001;component_1_mean=0.230878,weight=0.072828617;component_2_mean=9.5169374,weight=0.0018313766"
interference,container,docker_cpu3-interf_io-run1,base_stable,100001,99971,0.99970000299997,69978,29993,4,2,13.316169876514792,0.010455026592727942,,gaussian_hmm,3,54849.41349984146,23662.675982033023,29993,14,-109542.64389308005,0.7889399520565806,20779.884734675135,62.99596725740262,0.0961154685212512,state_0_mean=-0.074415383;state_1_mean=0.054909631;state_2_mean=6.6492966
interference,container,docker_cpu3-interf_io-run1,base_stable,100001,99971,0.99970000299997,69978,29993,4,2,13.316169876514792,0.010455026592727942,,gaussian_gmm,4,53846.2585604625,22788.623253923128,29993,11,-107569.80182287989,0.7597980613450848,22788.623253923128,0.0,0.0,"component_0_mean=-0.036818056,weight=0.92811801;component_1_mean=0.23744956,weight=0.069777329;component_2_mean=4.3952703,weight=0.0019614466;component_3_mean=62.715116,weight=0.00014321613"
interference,container,docker_cpu3-interf_io-run1,base_stable,100001,99971,0.99970000299997,69978,29993,4,2,13.316169876514792,0.010455026592727942,,gaussian_hmm,4,57862.21508964386,24877.18858836066,29993,23,-115467.84364701158,0.8294331540146254,21039.25048951312,24.714095560957777,0.12796112755801484,state_0_mean=-0.067870305;state_1_mean=0.053731986;state_2_mean=0.18134428;state_3_mean=7.8128792
interference,container,docker_cpu3-interf_io-run1,base_stable,100001,99971,0.99970000299997,69978,29993,4,2,13.316169876514792,0.010455026592727942,,gaussian_gmm,5,53849.687267913534,22791.176267417442,29993,14,-107543.1914292242,0.7598831816563012,22791.176267417442,0.0,0.0,"component_0_mean=-0.036853589,weight=0.9278535;component_1_mean=0.23685285,weight=0.070034672;component_2_mean=4.2511683,weight=0.0019440278;component_3_mean=39.138429,weight=0.00013992582;component_4_mean=138.67467,weight=2.7877862e-05"
interference,container,docker_cpu3-interf_io-run1,base_stable,100001,99971,0.99970000299997,69978,29993,4,2,13.316169876514792,0.010455026592727942,,gaussian_hmm,5,49450.67616307804,20719.313095076133,29993,34,-98522.05049583483,0.6908049576593249,20719.098123945303,0.3429126174773072,7.16737674891594e-06,state_0_mean=-0.022261445;state_1_mean=1.1764211;state_2_mean=57.32206;state_3_mean=99.980149;state_4_mean=138.61357
interference,container,docker_cpu3-interf_io-run1,cap_2500us,100001,99970,0.999690003099969,69977,29993,5,2,13.316148326464928,0.008764163974483005,,iid_gaussian,1,-99292.56173806338,-57455.83552944382,29993,2,198607.43531991797,-1.9156415006649492,-57455.83552944382,0.0,0.0,mean=-1.1087216e-13;sd=1
interference,container,docker_cpu3-interf_io-run1,cap_2500us,100001,99970,0.999690003099969,69977,29993,5,2,13.316148326464928,0.008764163974483005,,ar1_gaussian,1,,-57454.23663436901,29991,3,,-1.9157159359264115,,,,intercept=-1.4932215e-05;phi=0.0064835681;sd=1.0000155
interference,container,docker_cpu3-interf_io-run1,cap_2500us,100001,99970,0.999690003099969,69977,29993,5,2,13.316148326464928,0.008764163974483005,,gaussian_gmm,2,36497.48867451303,15155.584116632608,29993,5,-72939.19773954799,0.5053040414974364,15155.584116632608,0.0,0.0,"component_0_mean=-0.02145407,weight=0.99350038;component_1_mean=3.2793671,weight=0.0064996162"
interference,container,docker_cpu3-interf_io-run1,cap_2500us,100001,99970,0.999690003099969,69977,29993,5,2,13.316148326464928,0.008764163974483005,,gaussian_hmm,2,34328.12847410342,15141.858426315677,29993,7,-68578.16549493755,0.5048464117065874,15106.6979273873,116.47878742288134,0.0011722901653178045,state_0_mean=-0.020672157;state_1_mean=3.7875668
interference,container,docker_cpu3-interf_io-run1,cap_2500us,100001,99970,0.999690003099969,69977,29993,5,2,13.316148326464928,0.008764163974483005,,gaussian_gmm,3,41389.67007733727,17397.300972231995,29993,8,-82690.09277950965,0.5800453763288765,17397.300972231995,0.0,0.0,"component_0_mean=-0.041691072,weight=0.92549813;component_1_mean=0.27834515,weight=0.072655843;component_2_mean=9.9465639,weight=0.0018460252"
interference,container,docker_cpu3-interf_io-run1,cap_2500us,100001,99970,0.999690003099969,69977,29993,5,2,13.316148326464928,0.008764163974483005,,gaussian_hmm,3,42550.18153718789,18364.84990165141,29993,14,-84944.18016783721,0.6123045344464179,15493.907158508333,50.14664840263394,0.0957204262042169,state_0_mean=-0.086391741;state_1_mean=0.067761119;state_2_mean=6.8712757
interference,container,docker_cpu3-interf_io-run1,cap_2500us,100001,99970,0.999690003099969,69977,29993,5,2,13.316148326464928,0.008764163974483005,,gaussian_gmm,4,41519.687898533084,17524.971333911944,29993,11,-82916.66065621444,0.5843020482749957,17524.971333911944,0.0,0.0,"component_0_mean=-0.050098974,weight=0.8345673;component_1_mean=0.14211004,weight=0.1632591;component_2_mean=4.8649333,weight=0.0020136433;component_3_mean=55.102174,weight=0.00015995682"
interference,container,docker_cpu3-interf_io-run1,cap_2500us,100001,99970,0.999690003099969,69977,29993,5,2,13.316148326464928,0.008764163974483005,,gaussian_hmm,4,42555.631333420315,18361.900023705166,29993,23,-84854.67646324157,0.6122061822326932,15337.000543497828,323.9137442222053,0.10085351516044869,state_0_mean=-0.086393524;state_1_mean=0.06774933;state_2_mean=6.5226081;state_3_mean=68.383614
interference,container,docker_cpu3-interf_io-run1,cap_2500us,100001,99970,0.999690003099969,69977,29993,5,2,13.316148326464928,0.008764163974483005,,gaussian_gmm,5,41529.46480347976,17497.761261602544,29993,14,-82902.74670042095,0.5833948341813938,17497.761261602544,0.0,0.0,"component_0_mean=-0.041552981,weight=0.92753127;component_1_mean=0.28409878,weight=0.070372722;component_2_mean=5.0705356,weight=0.0019413554;component_3_mean=45.865678,weight=0.00014036678;component_4_mean=158.64956,weight=1.4290335e-05"
interference,container,docker_cpu3-interf_io-run1,cap_2500us,100001,99970,0.999690003099969,69977,29993,5,2,13.316148326464928,0.008764163974483005,,gaussian_hmm,5,47774.11068939736,19956.362338745228,29993,34,-95168.92003434393,0.6653673303352525,15287.492450717971,154.77811747290437,0.15566531817514942,state_0_mean=-0.090221141;state_1_mean=0.03895206;state_2_mean=0.19344021;state_3_mean=11.317642;state_4_mean=68.383614
interference,container,docker_cpu3-interf_io-run1,cap_2000us,100001,99968,0.999670003299967,69976,29992,6,3,13.316128456356024,0.0070130498335115865,,iid_gaussian,1,-99291.14279953018,-54858.49450922152,29992,2,198604.59741427057,-1.8291042447726567,-54858.49450922152,0.0,0.0,mean=7.3367782e-14;sd=1
interference,container,docker_cpu3-interf_io-run1,cap_2000us,100001,99968,0.999670003299967,69976,29992,6,3,13.316128456356024,0.0070130498335115865,,ar1_gaussian,1,,-54857.51653650168,29989,3,,-1.8292546112408443,,,,intercept=-1.8642836e-05;phi=0.01078467;sd=0.99998191
interference,container,docker_cpu3-interf_io-run1,cap_2000us,100001,99968,0.999670003299967,69976,29992,6,3,13.316128456356024,0.0070130498335115865,,gaussian_gmm,2,21028.405127611033,8539.96098506126,29992,5,-42001.03071719657,0.2847412971812903,8539.96098506126,0.0,0.0,"component_0_mean=-0.024540059,weight=0.99264188;component_1_mean=3.3105589,weight=0.0073581201"
interference,container,docker_cpu3-interf_io-run1,cap_2000us,100001,99968,0.999670003299967,69976,29992,6,3,13.316128456356024,0.0070130498335115865,,gaussian_hmm,2,18834.577287844786,8525.203586818458,29992,7,-37591.06322245387,0.28424925269466716,8223.329771888357,650.7685213333954,0.010065144536213013,state_0_mean=-0.023388271;state_1_mean=3.8803479
interference,container,docker_cpu3-interf_io-run1,cap_2000us,100001,99968,0.999670003299967,69976,29992,6,3,13.316128456356024,0.0070130498335115865,,gaussian_gmm,3,25833.229616682147,10745.820245400531,29992,8,-51577.211972523495,0.3582895520605672,10745.820245400531,0.0,0.0,"component_0_mean=-0.049237087,weight=0.92592081;component_1_mean=0.35216725,weight=0.072205027;component_2_mean=10.757563,weight=0.0018741603"
interference,container,docker_cpu3-interf_io-run1,cap_2000us,100001,99968,0.999670003299967,69976,29992,6,3,13.316128456356024,0.0070130498335115865,,gaussian_hmm,3,27010.540982740356,11722.036483672711,29992,14,-53864.89925900932,0.39083877312859133,8394.892343172669,608.457056518208,0.11093438718658451,state_0_mean=-0.10527991;state_1_mean=0.087120192;state_2_mean=7.316506
interference,container,docker_cpu3-interf_io-run1,cap_2000us,100001,99968,0.999670003299967,69976,29992,6,3,13.316128456356024,0.0070130498335115865,,gaussian_gmm,4,25942.172030143513,10857.15538651148,29992,11,-51761.629076630925,0.3620017133406068,10857.15538651148,0.0,0.0,"component_0_mean=-0.05962228,weight=0.83625423;component_1_mean=0.18209534,weight=0.16157655;component_2_mean=5.7786934,weight=0.0019823796;component_3_mean=48.070988,weight=0.00018683792"
interference,container,docker_cpu3-interf_io-run1,cap_2000us,100001,99968,0.999670003299967,69976,29992,6,3,13.316128456356024,0.0070130498335115865,,gaussian_hmm,4,21537.680570894867,8757.853741057024,29992,23,-42818.77526687244,0.29200632638893786,8757.784651097863,0.1599532177515358,2.3036129354801125e-06,state_0_mean=-0.027280913;state_1_mean=1.7597563;state_2_mean=85.461403;state_3_mean=149.0559
interference,container,docker_cpu3-interf_io-run1,cap_2000us,100001,99968,0.999670003299967,69976,29992,6,3,13.316128456356024,0.0070130498335115865,,gaussian_gmm,5,26069.520134392027,10876.851776271767,29992,14,-51982.85756231266,0.36265843479167004,10876.851776271767,0.0,0.0,"component_0_mean=-0.063650839,weight=0.80850874;component_1_mean=0.14974518,weight=0.18418711;component_2_mean=0.73307046,weight=0.0058139435;component_3_mean=9.756874,weight=0.0014466441;component_4_mean=126.33858,weight=4.3568431e-05"
interference,container,docker_cpu3-interf_io-run1,cap_2000us,100001,99968,0.999670003299967,69976,29992,6,3,13.316128456356024,0.0070130498335115865,,gaussian_hmm,5,28976.872488849025,11807.713408384961,29992,34,-57574.44411912466,0.393695432394804,8534.747508180928,54.546753833694886,0.10912796413056927,state_0_mean=-0.11173553;state_1_mean=0.07833016;state_2_mean=3.4682033;state_3_mean=85.461403;state_4_mean=149.0559
interference,container,docker_cpu3-interf_io-run1,cap_1500us,100001,99965,0.999640003599964,69974,29991,8,4,13.316098578502874,0.004223316381993225,,iid_gaussian,1,-99288.30492246378,-78509.59994561734,29991,2,198598.9216029745,-2.617771996452847,-78509.59994561734,0.0,0.0,mean=3.5736926e-14;sd=1
interference,container,docker_cpu3-interf_io-run1,cap_1500us,100001,99965,0.999640003599964,69974,29991,8,4,13.316098578502874,0.004223316381993225,,ar1_gaussian,1,,-78571.05943186395,29987,3,,-2.620170721708205,,,,intercept=-3.9996336e-05;phi=0.031495028;sd=0.99953845
interference,container,docker_cpu3-interf_io-run1,cap_1500us,100001,99965,0.999640003599964,69974,29991,8,4,13.316098578502874,0.004223316381993225,,gaussian_gmm,2,-14085.036457132102,-6827.035073113164,29991,5,28225.85230938152,-0.22763612660842134,-6827.035073113164,0.0,0.0,"component_0_mean=-0.036182684,weight=0.99009772;component_1_mean=3.6177942,weight=0.009902275"
interference,container,docker_cpu3-interf_io-run1,cap_1500us,100001,99965,0.999640003599964,69974,29991,8,4,13.316098578502874,0.004223316381993225,,gaussian_hmm,2,-14101.600836292735,-6849.683429604439,29991,7,28281.292825749715,-0.22839129837632752,-6854.753923303513,15.828151993825058,0.00016906717678884256,state_0_mean=-0.036717644;state_1_mean=3.4619605
interference,container,docker_cpu3-interf_io-run1,cap_1500us,100001,99965,0.999640003599964,69974,29991,8,4,13.316098578502874,0.004223316381993225,,gaussian_gmm,3,-9554.747418233466,-4485.863136128526,29991,8,19198.74186865464,-0.14957364329727338,-4485.863136128526,0.0,0.0,"component_0_mean=-0.074194086,weight=0.92817372;component_1_mean=0.60474349,weight=0.06985286;component_2_mean=13.490251,weight=0.0019734206"
interference,container,docker_cpu3-interf_io-run1,cap_1500us,100001,99965,0.999640003599964,69974,29991,8,4,13.316098578502874,0.004223316381993225,,gaussian_hmm,3,-13919.390720817684,-7204.38701398318,29991,14,27994.963747963855,-0.24021829928922608,-7203.930672150903,1.49361148553782,-1.5215959196987377e-05,state_0_mean=-0.038227634;state_1_mean=2.929052;state_2_mean=141.92045
interference,container,docker_cpu3-interf_io-run1,cap_1500us,100001,99965,0.999640003599964,69974,29991,8,4,13.316098578502874,0.004223316381993225,,gaussian_gmm,4,-9407.13057950442,-4408.616895114088,29991,11,18936.97582826694,-0.1469979959025737,-4408.616895114088,0.0,0.0,"component_0_mean=-0.10261258,weight=0.79010124;component_1_mean=0.22640549,weight=0.19922305;component_2_mean=1.1228484,weight=0.0091418523;component_3_mean=16.757912,weight=0.0015338556"
interference,container,docker_cpu3-interf_io-run1,cap_1500us,100001,99965,0.999640003599964,69974,29991,8,4,13.316098578502874,0.004223316381993225,,gaussian_hmm,4,-6480.813165343851,-3690.0868369578,29991,23,13218.21154822736,-0.12303980650721218,-6976.193732247576,33.30195026238492,0.10956976743989116,state_0_mean=-0.17847095;state_1_mean=0.13708664;state_2_mean=5.7659809;state_3_mean=141.92045
interference,container,docker_cpu3-interf_io-run1,cap_1500us,100001,99965,0.999640003599964,69974,29991,8,4,13.316098578502874,0.004223316381993225,,gaussian_gmm,5,-9357.096750032195,-4486.7390179007,29991,14,18870.375806392876,-0.149602848117792,-4486.7390179007,0.0,0.0,"component_0_mean=-0.10676622,weight=0.77013912;component_1_mean=0.19983109,weight=0.21584089;component_2_mean=1.0624982,weight=0.01238459;component_3_mean=14.746887,weight=0.0016211102;component_4_mean=141.92045,weight=1.4291022e-05"
interference,container,docker_cpu3-interf_io-run1,cap_1500us,100001,99965,0.999640003599964,69974,29991,8,4,13.316098578502874,0.004223316381993225,,gaussian_hmm,5,-2489.0376169169026,-1949.5743196457984,29991,34,5357.37512063156,-0.06500531224853451,-6482.6036679874,61.20848073741693,0.15114632217470578,state_0_mean=-0.17598836;state_1_mean=0.089570068;state_2_mean=0.43923106;state_3_mean=13.653202;state_4_mean=141.92045
interference,container,docker_cpu3-interf_io-run1,cap_1000us,100001,99961,0.99960000399996,69973,29988,9,7,13.31609001269957,0.0035640400469164855,,iid_gaussian,1,-99286.88598393055,-45138.85512192336,29988,2,198596.08369732578,-1.5052305963026331,-45138.85512192336,0.0,0.0,mean=1.2399409e-13;sd=1
interference,container,docker_cpu3-interf_io-run1,cap_1000us,100001,99961,0.99960000399996,69973,29988,9,7,13.31609001269957,0.0035640400469164855,,ar1_gaussian,1,,-45127.36854019927,29981,3,,-1.505198910650054,,,,intercept=-4.6665423e-05;phi=0.046000432;sd=0.99897079
interference,container,docker_cpu3-interf_io-run1,cap_1000us,100001,99961,0.99960000399996,69973,29988,9,7,13.31609001269957,0.0035640400469164855,,gaussian_gmm,2,-25787.672890818652,-11424.491641829216,29988,5,51631.125105299,-0.38096877557120234,-11424.491641829216,0.0,0.0,"component_0_mean=-0.042184802,weight=0.98848785;component_1_mean=3.622187,weight=0.011512151"
interference,container,docker_cpu3-interf_io-run1,cap_1000us,100001,99961,0.99960000399996,69973,29988,9,7,13.31609001269957,0.0035640400469164855,,gaussian_hmm,2,-25805.27528885299,-11424.96240534317,29988,7,51688.64163083235,-0.38098447396769275,-11425.14543127804,0.35705676550266896,6.103305817989683e-06,state_0_mean=-0.042808542;state_1_mean=3.484915
interference,container,docker_cpu3-interf_io-run1,cap_1000us,100001,99961,0.99960000399996,69973,29988,9,7,13.31609001269957,0.0035640400469164855,,gaussian_gmm,3,-21379.18945854692,-9395.82971604358,29988,8,42847.62583495255,-0.3133196517288108,-9395.82971604358,0.0,0.0,"component_0_mean=-0.10658747,weight=0.83544292;component_1_mean=0.36736901,weight=0.16249182;component_2_mean=14.212872,weight=0.0020652609"
interference,container,docker_cpu3-interf_io-run1,cap_1000us,100001,99961,0.99960000399996,69973,29988,9,7,13.31609001269957,0.0035640400469164855,,gaussian_hmm,3,-18357.601706542504,-8374.24154995038,29988,14,36871.38551933775,-0.2792530862328392,-13388.469027078138,5577.922570367053,0.16720779902386812,state_0_mean=-0.2089549;state_1_mean=0.16510063;state_2_mean=6.8774066
interference,container,docker_cpu3-interf_io-run1,cap_1000us,100001,99961,0.99960000399996,69973,29988,9,7,13.31609001269957,0.0035640400469164855,,gaussian_gmm,4,-21226.688205345912,-9356.223416370914,29988,11,42576.09092274755,-0.3119989134444082,-9356.223416370914,0.0,0.0,"component_0_mean=-0.12433475,weight=0.76919666;component_1_mean=0.23788032,weight=0.21666544;component_2_mean=1.2591132,weight=0.012513395;component_3_mean=17.446312,weight=0.0016245064"
interference,container,docker_cpu3-interf_io-run1,cap_1000us,100001,99961,0.99960000399996,69973,29988,9,7,13.31609001269957,0.0035640400469164855,,gaussian_hmm,4,-14355.484570531691,-6814.3694992804885,29988,23,28967.554029907176,-0.2272365445938538,-11333.175395906019,50.242717473551565,0.15068713807608144,state_0_mean=-0.20612384;state_1_mean=0.10857891;state_2_mean=0.52277623;state_3_mean=16.181495
interference,container,docker_cpu3-interf_io-run1,cap_1000us,100001,99961,0.99960000399996,69973,29988,9,7,13.31609001269957,0.0035640400469164855,,gaussian_gmm,5,-21046.659838036132,-9303.621276436977,29988,14,42249.50178232501,-0.31024480713742086,-9303.621276436977,0.0,0.0,"component_0_mean=-0.21382483,weight=0.57140187;component_1_mean=0.12375726,weight=0.35461825;component_2_mean=0.68023741,weight=0.071803172;component_3_mean=4.8962214,weight=0.0013778268;component_4_mean=28.419732,weight=0.00079888081"
interference,container,docker_cpu3-interf_io-run1,cap_1000us,100001,99961,0.99960000399996,69973,29988,9,7,13.31609001269957,0.0035640400469164855,,gaussian_hmm,5,-13634.879652500373,-6554.5358686013915,29988,34,27649.05870590027,-0.2185719577364743,-11217.660194680657,40.51080317321943,0.1554996774069383,state_0_mean=-0.18898996;state_1_mean=0.1547544;state_2_mean=0.37544447;state_3_mean=0.5168998;state_4_mean=17.947511
interference,container,docker_cpu3-interf_io-run1,train_q_0.999,100001,99854,0.998530014699853,69908,29946,71,49,13.316001016668588,0.0013587618253205025,,iid_gaussian,1,-99194.65497927225,-43237.391225681655,29946,2,198411.61982928627,-1.4438452957216876,-43237.391225681655,0.0,0.0,mean=1.0552314e-13;sd=1
interference,container,docker_cpu3-interf_io-run1,train_q_0.999,100001,99854,0.998530014699853,69908,29946,71,49,13.316001016668588,0.0013587618253205025,,ar1_gaussian,1,,-42609.78310169916,29897,3,,-1.4252193565140034,,,,intercept=-0.00016800701;phi=0.21923683;sd=0.97550003
interference,container,docker_cpu3-interf_io-run1,train_q_0.999,100001,99854,0.998530014699853,69908,29946,71,49,13.316001016668588,0.0013587618253205025,,gaussian_gmm,2,-89318.24438605164,-38547.532839525615,29946,5,178692.2634489577,-1.287234783928592,-38547.532839525615,0.0,0.0,"component_0_mean=-0.14786662,weight=0.91059549;component_1_mean=1.506039,weight=0.089404508"
interference,container,docker_cpu3-interf_io-run1,train_q_0.999,100001,99854,0.998530014699853,69908,29946,71,49,13.316001016668588,0.0013587618253205025,,gaussian_hmm,2,-89168.03207287921,-38824.9910161193,29946,7,178414.14869335463,-1.2965000673251619,-40896.718382116334,48.366517897818966,0.06918210665855333,state_0_mean=-0.38061883;state_1_mean=0.67409907
interference,container,docker_cpu3-interf_io-run1,train_q_0.999,100001,99854,0.998530014699853,69908,29946,71,49,13.316001016668588,0.0013587618253205025,,gaussian_gmm,3,-87969.88217184602,-37791.449924737666,29946,8,176029.00382665914,-1.2619865733232374,-37791.449924737666,0.0,0.0,"component_0_mean=-0.22484696,weight=0.82098057;component_1_mean=0.95429109,weight=0.17667093;component_2_mean=6.8126589,weight=0.0023484944"
interference,container,docker_cpu3-interf_io-run1,train_q_0.999,100001,99854,0.998530014699853,69908,29946,71,49,13.316001016668588,0.0013587618253205025,,gaussian_hmm,3,-82169.17438538832,-35843.30729206051,29946,14,164494.51786596904,-1.1969313862305655,-40512.0103092991,68.14335765892747,0.1559040612181455,state_0_mean=-0.47660727;state_1_mean=0.34526658;state_2_mean=1.5448479
interference,container,docker_cpu3-interf_io-run1,train_q_0.999,100001,99854,0.998530014699853,69908,29946,71,49,13.316001016668588,0.0013587618253205025,,gaussian_gmm,4,-87687.96308530863,-37697.93596868703,29946,11,175498.63045969701,-1.2588638204998006,-37697.93596868703,0.0,0.0,"component_0_mean=-0.53305168,weight=0.52432373;component_1_mean=0.32598805,weight=0.39826918;component_2_mean=1.7973988,weight=0.07573274;component_3_mean=8.0859656,weight=0.0016743474"
interference,container,docker_cpu3-interf_io-run1,train_q_0.999,100001,99854,0.998530014699853,69908,29946,71,49,13.316001016668588,0.0013587618253205025,,gaussian_hmm,4,-78707.99347492529,-34798.88164712419,29946,23,157672.55046338096,-1.162054419525953,-40862.318768497076,37.12527240473595,0.2024790329717788,state_0_mean=-0.90573237;state_1_mean=-0.23456321;state_2_mean=0.55350211;state_3_mean=1.2182195
interference,container,docker_cpu3-interf_io-run1,train_q_0.999,100001,99854,0.998530014699853,69908,29946,71,49,13.316001016668588,0.0013587618253205025,,gaussian_gmm,5,-87528.07118327118,-37640.34285718961,29946,14,175212.31146173476,-1.2569405882985911,-37640.34285718961,0.0,0.0,"component_0_mean=-0.91870307,weight=0.23949653;component_1_mean=-0.21892872,weight=0.43007298;component_2_mean=0.63185478,weight=0.2600295;component_3_mean=1.9773166,weight=0.06851637;component_4_mean=7.6418937,weight=0.0018846223"
interference,container,docker_cpu3-interf_io-run1,train_q_0.999,100001,99854,0.998530014699853,69908,29946,71,49,13.316001016668588,0.0013587618253205025,,gaussian_hmm,5,-76627.5306879709,-33997.69497941617,29946,34,153634.3291785519,-1.135300039384765,-40028.79601018487,32.576912782924694,0.20139921962094112,state_0_mean=-0.89988933;state_1_mean=-0.22530546;state_2_mean=0.57521169;state_3_mean=0.93295394;state_4_mean=1.2952997
interference,container,docker_cpu3-interf_io-run1,train_q_0.9995,100001,99916,0.999150008499915,69943,29973,39,22,13.316030701534983,0.0019236645178767758,,iid_gaussian,1,-99244.31782793443,-51646.88473646024,29973,2,198510.94652767607,-1.7231136268128062,-51646.88473646024,0.0,0.0,mean=-1.9844768e-13;sd=1
interference,container,docker_cpu3-interf_io-run1,train_q_0.9995,100001,99916,0.999150008499915,69943,29973,39,22,13.316030701534983,0.0019236645178767758,,ar1_gaussian,1,,-51855.038660700404,29951,3,,-1.7313291262629096,,,,intercept=-0.00035155029;phi=0.13020351;sd=0.98774352
interference,container,docker_cpu3-interf_io-run1,train_q_0.9995,100001,99916,0.999150008499915,69943,29973,39,22,13.316030701534983,0.0019236645178767758,,gaussian_gmm,2,-67662.32906972684,-29670.13617738278,29973,5,135380.43531897172,-0.9898954451467248,-29670.13617738278,0.0,0.0,"component_0_mean=-0.06752945,weight=0.97551768;component_1_mean=2.6907647,weight=0.024482324"
interference,container,docker_cpu3-interf_io-run1,train_q_0.9995,100001,99916,0.999150008499915,69943,29973,39,22,13.316030701534983,0.0019236645178767758,,gaussian_hmm,2,-67653.45093802485,-29687.57684254449,29973,7,135384.98992737493,-0.9904773243433921,-29696.1925711573,3.0570682052399727,0.0002874496584528505,state_0_mean=-0.069935417;state_1_mean=2.5707568
interference,container,docker_cpu3-interf_io-run1,train_q_0.9995,100001,99916,0.999150008499915,69943,29973,39,22,13.316030701534983,0.0019236645178767758,,gaussian_gmm,3,-64104.097993631476,-27699.72180855649,29973,8,128297.43947449181,-0.9241558005056714,-27699.72180855649,0.0,0.0,"component_0_mean=-0.16775531,weight=0.83439855;component_1_mean=0.70655017,weight=0.16374124;component_2_mean=13.054079,weight=0.0018602144"
interference,container,docker_cpu3-interf_io-run1,train_q_0.9995,100001,99916,0.999150008499915,69943,29973,39,22,13.316030701534983,0.0019236645178767758,,gaussian_hmm,3,-60767.095413453215,-26944.050130605712,29973,14,121690.36692955693,-0.8989440540021256,-30912.092272410526,49.834126244320906,0.13238721989139604,state_0_mean=-0.36431512;state_1_mean=0.25186623;state_2_mean=2.4155324
interference,container,docker_cpu3-interf_io-run1,train_q_0.9995,100001,99916,0.999150008499915,69943,29973,39,22,13.316030701534983,0.0019236645178767758,,gaussian_gmm,4,-63826.4925185089,-27611.8727936822,29973,11,127775.69483195747,-0.9212248621653555,-27611.8727936822,0.0,0.0,"component_0_mean=-0.38432989,weight=0.53526499;component_1_mean=0.22573853,weight=0.38756433;component_2_mean=1.2543237,weight=0.075533076;component_3_mean=14.34245,weight=0.0016376005"
interference,container,docker_cpu3-interf_io-run1,train_q_0.9995,100001,99916,0.999150008499915,69943,29973,39,22,13.316030701534983,0.0019236645178767758,,gaussian_hmm,4,-57087.46127276314,-25111.310246279187,29973,23,114431.49757130923,-0.8377976927994925,-29616.815628856984,48.634883444718696,0.15031879967229833,state_0_mean=-0.35121326;state_1_mean=0.2308691;state_2_mean=1.004301;state_3_mean=14.974257
interference,container,docker_cpu3-interf_io-run1,train_q_0.9995,100001,99916,0.999150008499915,69943,29973,39,22,13.316030701534983,0.0019236645178767758,,gaussian_gmm,5,-63679.28563659472,-27556.637621702746,29973,14,127514.74737583994,-0.919382031218188,-27556.637621702746,0.0,0.0,"component_0_mean=-0.66343178,weight=0.24006834;component_1_mean=-0.16754275,weight=0.43140514;component_2_mean=0.43497124,weight=0.25624576;component_3_mean=1.363027,weight=0.070512077;component_4_mean=13.557094,weight=0.0017686955"
interference,container,docker_cpu3-interf_io-run1,train_q_0.9995,100001,99916,0.999150008499915,69943,29973,39,22,13.316030701534983,0.0019236645178767758,,gaussian_hmm,5,-55874.632425981195,-24738.976175910975,29973,34,112128.54967268501,-0.8253753770363652,-29620.915471981734,26.058112957605115,0.16287789997900642,state_0_mean=-0.32749363;state_1_mean=0.29608747;state_2_mean=0.56171842;state_3_mean=0.98202324;state_4_mean=15.005893
interference,container,docker_cpu3-interf_io-run1,train_q_0.9999,100001,99957,0.999560004399956,69971,29986,11,9,13.316083164416423,0.0033258107328445565,,iid_gaussian,1,-99284.04810686415,-41422.17378336417,29986,2,198590.40788602727,-1.381383771872346,-41422.17378336417,0.0,0.0,mean=-2.3027552e-13;sd=1
interference,container,docker_cpu3-interf_io-run1,train_q_0.9999,100001,99957,0.999560004399956,69971,29986,11,9,13.316083164416423,0.0033258107328445565,,ar1_gaussian,1,,-41385.90688329117,29977,3,,-1.380588680764959,,,,intercept=-5.2025255e-05;phi=0.052685384;sd=0.99864841
interference,container,docker_cpu3-interf_io-run1,train_q_0.9999,100001,99957,0.999560004399956,69971,29986,11,9,13.316083164416423,0.0033258107328445565,,gaussian_gmm,2,-30539.907070308684,-13395.636060347137,29986,5,61135.59332136475,-0.44672967586030604,-13395.636060347137,0.0,0.0,"component_0_mean=-0.043866741,weight=0.98784568;component_1_mean=3.5652823,weight=0.012154317"
interference,container,docker_cpu3-interf_io-run1,train_q_0.9999,100001,99957,0.999560004399956,69971,29986,11,9,13.316083164416423,0.0033258107328445565,,gaussian_hmm,2,-30537.023098204096,-13393.641270944856,29986,7,61152.13704945453,-0.44666315183568517,-13393.960453363155,0.28800372121403084,1.0644381321267702e-05,state_0_mean=-0.044761687;state_1_mean=3.4026263
interference,container,docker_cpu3-interf_io-run1,train_q_0.9999,100001,99957,0.999560004399956,69971,29986,11,9,13.316083164416423,0.0033258107328445565,,gaussian_gmm,3,-26181.951601293433,-11429.4207782634,29986,8,52453.14989178268,-0.38115856660652975,-11429.4207782634,0.0,0.0,"component_0_mean=-0.11176819,weight=0.83755293;component_1_mean=0.40020313,weight=0.16039888;component_2_mean=14.363719,weight=0.002048191"
interference,container,docker_cpu3-interf_io-run1,train_q_0.9999,100001,99957,0.999560004399956,69971,29986,11,9,13.316083164416423,0.0033258107328445565,,gaussian_hmm,3,-23149.90704880472,-10394.757809838058,29986,14,46455.99580370211,-0.3466536987206716,-13668.58958546902,65.79649052002566,0.1091786759031202,state_0_mean=-0.22223867;state_1_mean=0.17790122;state_2_mean=6.7073091
interference,container,docker_cpu3-interf_io-run1,train_q_0.9999,100001,99957,0.999560004399956,69971,29986,11,9,13.316083164416423,0.0033258107328445565,,gaussian_gmm,4,-26030.811856423767,-11390.918501652168,29986,11,52184.337910491784,-0.379874558182224,-11390.918501652168,0.0,0.0,"component_0_mean=-0.13207407,weight=0.76646294;component_1_mean=0.25224259,weight=0.21868486;component_2_mean=1.3364601,weight=0.013229115;component_3_mean=17.49022,weight=0.0016230822"
interference,container,docker_cpu3-interf_io-run1,train_q_0.9999,100001,99957,0.999560004399956,69971,29986,11,9,13.316083164416423,0.0033258107328445565,,gaussian_hmm,4,-19163.043007217882,-8852.885861839351,29986,23,38582.67024587374,-0.2952339712478941,-13397.757123408208,54.254748172690036,0.1515664397241665,state_0_mean=-0.21882379;state_1_mean=0.11843926;state_2_mean=0.56218372;state_3_mean=16.365099
interference,container,docker_cpu3-interf_io-run1,train_q_0.9999,100001,99957,0.999560004399956,69971,29986,11,9,13.316083164416423,0.0033258107328445565,,gaussian_gmm,5,-25802.9306583889,-11312.494526936884,29986,14,51762.04302287048,-0.37725920519365314,-11312.494526936884,0.0,0.0,"component_0_mean=-0.22574081,weight=0.56256487;component_1_mean=0.12400779,weight=0.36220616;component_2_mean=0.71135,weight=0.072499564;component_3_mean=2.3888145,weight=0.0015256148;component_4_mean=22.31314,weight=0.001203797"
interference,container,docker_cpu3-interf_io-run1,train_q_0.9999,100001,99957,0.999560004399956,69971,29986,11,9,13.316083164416423,0.0033258107328445565,,gaussian_hmm,5,-15640.337285312587,-7784.7582858182905,29986,34,31659.9729997074,-0.2596130956385744,-13689.623064091254,70.2673671090918,0.1969207222794959,state_0_mean=-0.39756552;state_1_mean=-0.12480158;state_2_mean=0.20741951;state_3_mean=0.41360446;state_4_mean=16.508326
interference,host,host_cpu3-interf_io-run5,base_stable,100001,98708,0.987070129298707,69103,29605,23,13,13.315529424843286,0.007158104410303376,,iid_gaussian,1,-98052.40946004249,-36664.97602597418,29605,2,196127.10562693328,-1.2384724210766487,-36664.97602597418,0.0,0.0,mean=-2.0484952e-13;sd=1
interference,host,host_cpu3-interf_io-run5,base_stable,100001,98708,0.987070129298707,69103,29605,23,13,13.315529424843286,0.007158104410303376,,ar1_gaussian,1,,-36647.99384939497,29592,3,,-1.238442614537543,,,,intercept=-4.7277243e-06;phi=0.016601166;sd=1.0000187
interference,host,host_cpu3-interf_io-run5,base_stable,100001,98708,0.987070129298707,69103,29605,23,13,13.315529424843286,0.007158104410303376,,gaussian_gmm,2,8775.64102873336,5528.751518823926,29605,5,-17495.565290345952,0.18675060019672102,5528.751518823926,0.0,0.0,"component_0_mean=-0.011594564,weight=0.99848111;component_1_mean=7.6219686,weight=0.0015188928"
interference,host,host_cpu3-interf_io-run5,base_stable,100001,98708,0.987070129298707,69103,29605,23,13,13.315529424843286,0.007158104410303376,,gaussian_hmm,2,7751.909053547366,5206.36985464677,29605,7,-15425.814633125658,0.17586116718955483,5458.7400935624,0.0002969695185989096,-0.008524581621875686,state_0_mean=-0.01119848;state_1_mean=8.6120269
interference,host,host_cpu3-interf_io-run5,base_stable,100001,98708,0.987070129298707,69103,29605,23,13,13.315529424843286,0.007158104410303376,,gaussian_gmm,3,21528.19638664854,14900.35524313434,29605,8,-42967.24594590385,0.503305362037978,14900.35524313434,0.0,0.0,"component_0_mean=-0.22877571,weight=0.23968576;component_1_mean=0.056887275,weight=0.75869283;component_2_mean=7.2001225,weight=0.0016214048"
interference,host,host_cpu3-interf_io-run5,base_stable,100001,98708,0.987070129298707,69103,29605,23,13,13.315529424843286,0.007158104410303376,,gaussian_hmm,3,19755.157859241033,10632.267245834817,29605,14,-39354.30877054392,0.35913755263755504,5530.831849171714,25.91530895588556,0.17231668288002375,state_0_mean=-0.10404039;state_1_mean=0.12916174;state_2_mean=12.018773
interference,host,host_cpu3-interf_io-run5,base_stable,100001,98708,0.987070129298707,69103,29605,23,13,13.315529424843286,0.007158104410303376,,gaussian_gmm,4,25061.336039711445,16142.951112348379,29605,11,-50000.0951917572,0.5452778622647654,16142.951112348379,0.0,0.0,"component_0_mean=-0.22967826,weight=0.24887583;component_1_mean=-0.0073935615,weight=0.57672255;component_2_mean=0.29184752,weight=0.1737314;component_3_mean=15.998035,weight=0.00067022748"
interference,host,host_cpu3-interf_io-run5,base_stable,100001,98708,0.987070129298707,69103,29605,23,13,13.315529424843286,0.007158104410303376,,gaussian_hmm,4,34295.68682053815,19954.39082573135,29605,23,-68335.07651232077,0.6740209702999949,14944.610748851137,25.599939163924844,0.1692207423367746,state_0_mean=-0.22868046;state_1_mean=-0.010521663;state_2_mean=0.1228519;state_3_mean=11.768907
interference,host,host_cpu3-interf_io-run5,base_stable,100001,98708,0.987070129298707,69103,29605,23,13,13.315529424843286,0.007158104410303376,,gaussian_gmm,5,25113.627480534975,16159.27751759022,29605,14,-50071.2480131318,0.5458293368549306,16159.27751759022,0.0,0.0,"component_0_mean=-0.22968102,weight=0.24896922;component_1_mean=-0.0076906059,weight=0.57690851;component_2_mean=0.29286119,weight=0.17331307;component_3_mean=7.651239,weight=0.00078026306;component_4_mean=169.07342,weight=2.8943807e-05"
interference,host,host_cpu3-interf_io-run5,base_stable,100001,98708,0.987070129298707,69103,29605,23,13,13.315529424843286,0.007158104410303376,,gaussian_hmm,5,35508.23779752403,20249.57521924089,29605,34,-70637.60157862684,0.6839917317764193,14884.135175327337,47.59077522386247,0.18123425245443517,state_0_mean=-0.22864356;state_1_mean=-0.010419099;state_2_mean=0.1209578;state_3_mean=3.8248195;state_4_mean=169.07987
interference,host,host_cpu3-interf_io-run5,cap_2500us,100001,98708,0.987070129298707,69103,29605,23,13,13.315529424843286,0.007158104410303376,,iid_gaussian,1,-98052.40946004249,-36664.97602597418,29605,2,196127.10562693328,-1.2384724210766487,-36664.97602597418,0.0,0.0,mean=-2.0484952e-13;sd=1
interference,host,host_cpu3-interf_io-run5,cap_2500us,100001,98708,0.987070129298707,69103,29605,23,13,13.315529424843286,0.007158104410303376,,ar1_gaussian,1,,-36647.99384939497,29592,3,,-1.238442614537543,,,,intercept=-4.7277243e-06;phi=0.016601166;sd=1.0000187
interference,host,host_cpu3-interf_io-run5,cap_2500us,100001,98708,0.987070129298707,69103,29605,23,13,13.315529424843286,0.007158104410303376,,gaussian_gmm,2,8775.64102873336,5528.751518823926,29605,5,-17495.565290345952,0.18675060019672102,5528.751518823926,0.0,0.0,"component_0_mean=-0.011594564,weight=0.99848111;component_1_mean=7.6219686,weight=0.0015188928"
interference,host,host_cpu3-interf_io-run5,cap_2500us,100001,98708,0.987070129298707,69103,29605,23,13,13.315529424843286,0.007158104410303376,,gaussian_hmm,2,7751.909053547366,5206.36985464677,29605,7,-15425.814633125658,0.17586116718955483,5458.738541781952,0.005208109859802685,-0.008524529205714643,state_0_mean=-0.01119848;state_1_mean=8.6120269
interference,host,host_cpu3-interf_io-run5,cap_2500us,100001,98708,0.987070129298707,69103,29605,23,13,13.315529424843286,0.007158104410303376,,gaussian_gmm,3,21528.19638664854,14900.35524313434,29605,8,-42967.24594590385,0.503305362037978,14900.35524313434,0.0,0.0,"component_0_mean=-0.22877571,weight=0.23968576;component_1_mean=0.056887275,weight=0.75869283;component_2_mean=7.2001225,weight=0.0016214048"
interference,host,host_cpu3-interf_io-run5,cap_2500us,100001,98708,0.987070129298707,69103,29605,23,13,13.315529424843286,0.007158104410303376,,gaussian_hmm,3,19755.157859241033,10632.267245834817,29605,14,-39354.30877054392,0.35913755263755504,5496.153559468699,45.13940108552898,0.1734880488554676,state_0_mean=-0.10404039;state_1_mean=0.12916174;state_2_mean=12.018773
interference,host,host_cpu3-interf_io-run5,cap_2500us,100001,98708,0.987070129298707,69103,29605,23,13,13.315529424843286,0.007158104410303376,,gaussian_gmm,4,25061.336039711445,16142.951112348379,29605,11,-50000.0951917572,0.5452778622647654,16142.951112348379,0.0,0.0,"component_0_mean=-0.22967826,weight=0.24887583;component_1_mean=-0.0073935615,weight=0.57672255;component_2_mean=0.29184752,weight=0.1737314;component_3_mean=15.998035,weight=0.00067022748"
interference,host,host_cpu3-interf_io-run5,cap_2500us,100001,98708,0.987070129298707,69103,29605,23,13,13.315529424843286,0.007158104410303376,,gaussian_hmm,4,34295.68682053815,19954.39082573135,29605,23,-68335.07651232077,0.6740209702999949,14937.762249268304,11.065249264115197,0.16945207149005387,state_0_mean=-0.22868046;state_1_mean=-0.010521663;state_2_mean=0.1228519;state_3_mean=11.768907
interference,host,host_cpu3-interf_io-run5,cap_2500us,100001,98708,0.987070129298707,69103,29605,23,13,13.315529424843286,0.007158104410303376,,gaussian_gmm,5,25113.627480534975,16159.27751759022,29605,14,-50071.2480131318,0.5458293368549306,16159.27751759022,0.0,0.0,"component_0_mean=-0.22968102,weight=0.24896922;component_1_mean=-0.0076906059,weight=0.57690851;component_2_mean=0.29286119,weight=0.17331307;component_3_mean=7.651239,weight=0.00078026306;component_4_mean=169.07342,weight=2.8943807e-05"
interference,host,host_cpu3-interf_io-run5,cap_2500us,100001,98708,0.987070129298707,69103,29605,23,13,13.315529424843286,0.007158104410303376,,gaussian_hmm,5,35508.23779752403,20249.57521924089,29605,34,-70637.60157862684,0.6839917317764193,14895.744441513094,11.783933281475624,0.1808421137553723,state_0_mean=-0.22864356;state_1_mean=-0.010419099;state_2_mean=0.1209578;state_3_mean=3.8248195;state_4_mean=169.07987
interference,host,host_cpu3-interf_io-run5,cap_2000us,100001,98707,0.987060129398706,69102,29605,24,13,13.315509405242139,0.004852153438057073,,iid_gaussian,1,-98050.9905215093,-47782.52005091356,29605,2,196124.2677209244,-1.6140016906236636,-47782.52005091356,0.0,0.0,mean=-1.9416689e-14;sd=1
interference,host,host_cpu3-interf_io-run5,cap_2000us,100001,98707,0.987060129398706,69102,29605,24,13,13.315509405242139,0.004852153438057073,,ar1_gaussian,1,,-47771.34711475832,29592,3,,-1.6143331682467668,,,,intercept=-3.4540921e-06;phi=0.039504982;sd=0.99936151
interference,host,host_cpu3-interf_io-run5,cap_2000us,100001,98707,0.987060129398706,69102,29605,24,13,13.315509405242139,0.004852153438057073,,gaussian_gmm,2,-18032.15888349363,-5983.641368750714,29605,5,36120.03446175175,-0.20211590504140226,-5983.641368750714,0.0,0.0,"component_0_mean=-0.013302638,weight=0.99823811;component_1_mean=7.5369001,weight=0.0017618915"
interference,host,host_cpu3-interf_io-run5,cap_2000us,100001,98707,0.987060129398706,69102,29605,24,13,13.315509405242139,0.004852153438057073,,gaussian_hmm,2,-60657.18014623532,-39202.039058969465,29605,7,121392.36366514092,-1.3241695341654944,-39202.03905896911,7.353158264745803e-10,-1.2042625336767028e-14,state_0_mean=-0.0030934787;state_1_mean=213.76247
interference,host,host_cpu3-interf_io-run5,cap_2000us,100001,98707,0.987060129398706,69102,29605,24,13,13.315509405242139,0.004852153438057073,,gaussian_gmm,3,-5277.534550454953,3384.14664428613,29605,8,10644.215812533082,0.11430996940672623,3384.14664428613,0.0,0.0,"component_0_mean=-0.33339914,weight=0.23971441;component_1_mean=0.087607339,weight=0.75837163;component_2_mean=7.0438557,weight=0.0019139599"
interference,host,host_cpu3-interf_io-run5,cap_2000us,100001,98707,0.987060129398706,69102,29605,24,13,13.315509405242139,0.004852153438057073,,gaussian_hmm,3,-17912.959723368505,-6128.7786717941835,29605,14,35981.92619207757,-0.2070183641882852,-6138.867955793008,0.6506617455824218,0.0003407966221524949,state_0_mean=-0.014539265;state_1_mean=3.9893645;state_2_mean=213.76247
interference,host,host_cpu3-interf_io-run5,cap_2000us,100001,98707,0.987060129398706,69102,29605,24,13,13.315509405242139,0.004852153438057073,,gaussian_gmm,4,-5158.000387954603,3212.5094942913065,29605,11,10438.577504391073,0.10851239636180735,3212.5094942913065,0.0,0.0,"component_0_mean=-0.33348551,weight=0.23964901;component_1_mean=0.086263654,weight=0.75745685;component_2_mean=3.9883208,weight=0.0028796685;component_3_mean=213.76247,weight=1.4471361e-05"
interference,host,host_cpu3-interf_io-run5,cap_2000us,100001,98707,0.987060129398706,69102,29605,24,13,13.315509405242139,0.004852153438057073,,gaussian_hmm,4,-2453.346220577381,3612.989777094858,29605,23,5162.9892370713915,0.122039850602765,2046.5365913483995,49.73277717273623,0.052911777934350895,state_0_mean=-0.33149608;state_1_mean=0.091440406;state_2_mean=3.3622524;state_3_mean=213.76247
interference,host,host_cpu3-interf_io-run5,cap_2000us,100001,98707,0.987060129398706,69102,29605,24,13,13.315509405242139,0.004852153438057073,,gaussian_gmm,5,-1727.1418169304543,4564.486198038208,29605,14,3610.290379201466,0.1541795709521435,4564.486198038208,0.0,0.0,"component_0_mean=-0.33472497,weight=0.24888378;component_1_mean=-0.0074245457,weight=0.57649953;component_2_mean=0.43540898,weight=0.17382178;component_3_mean=11.289641,weight=0.00078043795;component_4_mean=213.76247,weight=1.4471361e-05"
interference,host,host_cpu3-interf_io-run5,cap_2000us,100001,98707,0.987060129398706,69102,29605,24,13,13.315509405242139,0.004852153438057073,,gaussian_hmm,5,8653.046550534886,8592.361791422,29605,34,-16927.219576671276,0.2902334670299611,3229.633570638943,22.399014027088967,0.18114265228113682,state_0_mean=-0.33318829;state_1_mean=-0.011272513;state_2_mean=0.18264158;state_3_mean=5.7096652;state_4_mean=213.76247
interference,host,host_cpu3-interf_io-run5,cap_1500us,100001,98705,0.987040129598704,69101,29604,25,14,13.315494395208948,0.002823960345120574,,iid_gaussian,1,-98049.57158297609,-33099.09683936114,29604,2,196121.42981491503,-1.1180616416484643,-33099.09683936114,0.0,0.0,mean=1.8338359e-13;sd=1
interference,host,host_cpu3-interf_io-run5,cap_1500us,100001,98705,0.987040129598704,69101,29604,25,14,13.315494395208948,0.002823960345120574,,ar1_gaussian,1,,-32694.99207202175,29590,3,,-1.104933831430272,,,,intercept=-1.4396226e-05;phi=0.11977028;sd=0.99287407
interference,host,host_cpu3-interf_io-run5,cap_1500us,100001,98705,0.987040129598704,69101,29604,25,14,13.315494395208948,0.002823960345120574,,gaussian_gmm,2,-55313.649236943944,-21911.00995172307,29604,5,110683.01509629504,-0.740136804206292,-21911.00995172307,0.0,0.0,"component_0_mean=-0.019001136,weight=0.99751763;component_1_mean=7.6354375,weight=0.0024823683"
interference,host,host_cpu3-interf_io-run5,cap_1500us,100001,98705,0.987040129598704,69101,29604,25,14,13.315494395208948,0.002823960345120574,,gaussian_hmm,2,-55305.3538886258,-21888.376293114987,29604,7,110688.71104862163,-0.7393722568948449,-21897.712876164827,1.05465795416343,0.00031538248378058895,state_0_mean=-0.019666193;state_1_mean=6.8599306
interference,host,host_cpu3-interf_io-run5,cap_1500us,100001,98705,0.987040129598704,69101,29604,25,14,13.315494395208948,0.002823960345120574,,gaussian_gmm,3,-42555.062063423255,-12544.70660759554,29604,8,85199.27072269795,-0.42375039209551213,-12544.70660759554,0.0,0.0,"component_0_mean=-0.56766145,weight=0.23973284;component_1_mean=0.15360168,weight=0.75738643;component_2_mean=6.856331,weight=0.0028807334"
interference,host,host_cpu3-interf_io-run5,cap_1500us,100001,98705,0.987040129598704,69101,29604,25,14,13.315494395208948,0.002823960345120574,,gaussian_hmm,3,-39856.46641108944,-12081.408050552316,29604,14,79868.93936491892,-0.40810052866343455,-13605.403954075522,40.04160359389085,0.051479391417484324,state_0_mean=-0.56427486;state_1_mean=0.16247598;state_2_mean=5.8166881
interference,host,host_cpu3-interf_io-run5,cap_1500us,100001,98705,0.987040129598704,69101,29604,25,14,13.315494395208948,0.002823960345120574,,gaussian_gmm,4,-39122.425390650315,-11357.363268765068,29604,11,78367.42735059636,-0.3836428613959285,-11357.363268765068,0.0,0.0,"component_0_mean=-0.56982913,weight=0.24884404;component_1_mean=-0.0078471921,weight=0.57587261;component_2_mean=0.75170036,weight=0.17450269;component_3_mean=19.398771,weight=0.00078065919"
interference,host,host_cpu3-interf_io-run5,cap_1500us,100001,98705,0.987040129598704,69101,29604,25,14,13.315494395208948,0.002823960345120574,,gaussian_hmm,4,-29850.721558103243,-7545.5640523148595,29604,23,59957.7395792794,-0.2548832607862066,-12644.75779162893,23.180319831556986,0.17224678216842557,state_0_mean=-0.56725095;state_1_mean=-0.014241158;state_2_mean=0.32185632;state_3_mean=12.323182
interference,host,host_cpu3-interf_io-run5,cap_1500us,100001,98705,0.987040129598704,69101,29604,25,14,13.315494395208948,0.002823960345120574,,gaussian_gmm,5,-38697.659180774375,-11237.008613424257,29604,14,77551.32490428879,-0.37957737513255835,-11237.008613424257,0.0,0.0,"component_0_mean=-0.57012862,weight=0.25163613;component_1_mean=-0.049853175,weight=0.52109674;component_2_mean=0.64006275,weight=0.21897994;component_3_mean=1.9184595,weight=0.0077626177;component_4_mean=27.432452,weight=0.00052456549"
interference,host,host_cpu3-interf_io-run5,cap_1500us,100001,98705,0.987040129598704,69101,29604,25,14,13.315494395208948,0.002823960345120574,,gaussian_hmm,5,-26721.75277728505,-6768.410029548501,29604,34,53822.37858693876,-0.2286316048354446,-12556.874834942519,26.10277259354895,0.19552982047676049,state_0_mean=-0.56694461;state_1_mean=-0.01345349;state_2_mean=0.074887038;state_3_mean=0.6961821;state_4_mean=26.193144
interference,host,host_cpu3-interf_io-run5,cap_1000us,100001,98705,0.987040129598704,69101,29604,25,14,13.315494395208948,0.002823960345120574,,iid_gaussian,1,-98049.57158297609,-33099.09683936114,29604,2,196121.42981491503,-1.1180616416484643,-33099.09683936114,0.0,0.0,mean=1.8338359e-13;sd=1
interference,host,host_cpu3-interf_io-run5,cap_1000us,100001,98705,0.987040129598704,69101,29604,25,14,13.315494395208948,0.002823960345120574,,ar1_gaussian,1,,-32694.99207202175,29590,3,,-1.104933831430272,,,,intercept=-1.4396226e-05;phi=0.11977028;sd=0.99287407
interference,host,host_cpu3-interf_io-run5,cap_1000us,100001,98705,0.987040129598704,69101,29604,25,14,13.315494395208948,0.002823960345120574,,gaussian_gmm,2,-55313.649236943944,-21911.00995172307,29604,5,110683.01509629504,-0.740136804206292,-21911.00995172307,0.0,0.0,"component_0_mean=-0.019001136,weight=0.99751763;component_1_mean=7.6354375,weight=0.0024823683"
interference,host,host_cpu3-interf_io-run5,cap_1000us,100001,98705,0.987040129598704,69101,29604,25,14,13.315494395208948,0.002823960345120574,,gaussian_hmm,2,-55305.3538886258,-21888.376293114987,29604,7,110688.71104862163,-0.7393722568948449,-21898.37518422779,0.11974329072944621,0.00033775473290102975,state_0_mean=-0.019666193;state_1_mean=6.8599306
interference,host,host_cpu3-interf_io-run5,cap_1000us,100001,98705,0.987040129598704,69101,29604,25,14,13.315494395208948,0.002823960345120574,,gaussian_gmm,3,-42555.062063423255,-12544.70660759554,29604,8,85199.27072269795,-0.42375039209551213,-12544.70660759554,0.0,0.0,"component_0_mean=-0.56766145,weight=0.23973284;component_1_mean=0.15360168,weight=0.75738643;component_2_mean=6.856331,weight=0.0028807334"
interference,host,host_cpu3-interf_io-run5,cap_1000us,100001,98705,0.987040129598704,69101,29604,25,14,13.315494395208948,0.002823960345120574,,gaussian_hmm,3,-39856.46641108944,-12081.408050552316,29604,14,79868.93936491892,-0.40810052866343455,-13636.796080998825,54.8875649927699,0.05253979294847011,state_0_mean=-0.56427486;state_1_mean=0.16247598;state_2_mean=5.8166881
interference,host,host_cpu3-interf_io-run5,cap_1000us,100001,98705,0.987040129598704,69101,29604,25,14,13.315494395208948,0.002823960345120574,,gaussian_gmm,4,-39122.425390650315,-11357.363268765068,29604,11,78367.42735059636,-0.3836428613959285,-11357.363268765068,0.0,0.0,"component_0_mean=-0.56982913,weight=0.24884404;component_1_mean=-0.0078471921,weight=0.57587261;component_2_mean=0.75170036,weight=0.17450269;component_3_mean=19.398771,weight=0.00078065919"
interference,host,host_cpu3-interf_io-run5,cap_1000us,100001,98705,0.987040129598704,69101,29604,25,14,13.315494395208948,0.002823960345120574,,gaussian_hmm,4,-29850.721558103243,-7545.5640523148595,29604,23,59957.7395792794,-0.2548832607862066,-12631.357186408959,11.313314545721529,0.1717941201896399,state_0_mean=-0.56725095;state_1_mean=-0.014241158;state_2_mean=0.32185632;state_3_mean=12.323182
interference,host,host_cpu3-interf_io-run5,cap_1000us,100001,98705,0.987040129598704,69101,29604,25,14,13.315494395208948,0.002823960345120574,,gaussian_gmm,5,-38697.659180774375,-11237.008613424257,29604,14,77551.32490428879,-0.37957737513255835,-11237.008613424257,0.0,0.0,"component_0_mean=-0.57012862,weight=0.25163613;component_1_mean=-0.049853175,weight=0.52109674;component_2_mean=0.64006275,weight=0.21897994;component_3_mean=1.9184595,weight=0.0077626177;component_4_mean=27.432452,weight=0.00052456549"
interference,host,host_cpu3-interf_io-run5,cap_1000us,100001,98705,0.987040129598704,69101,29604,25,14,13.315494395208948,0.002823960345120574,,gaussian_hmm,5,-26721.75277728505,-6768.410029548501,29604,34,53822.37858693876,-0.2286316048354446,-12603.488620588998,170.7261796587555,0.19710439775167196,state_0_mean=-0.56694461;state_1_mean=-0.01345349;state_2_mean=0.074887038;state_3_mean=0.6961821;state_4_mean=26.193144
interference,host,host_cpu3-interf_io-run5,train_q_0.999,100001,98626,0.986250137498625,69033,29593,88,23,13.315449742945926,0.001506741119068205,,iid_gaussian,1,-97953.08376271818,-40448.221846489876,29593,2,195928.45220529658,-1.3668172151012021,-40448.221846489876,0.0,0.0,mean=6.0827967e-14;sd=1
interference,host,host_cpu3-interf_io-run5,train_q_0.999,100001,98626,0.986250137498625,69033,29593,88,23,13.315449742945926,0.001506741119068205,,ar1_gaussian,1,,-38968.548384218986,29570,3,,-1.31784066230027,,,,intercept=-0.00038428336;phi=0.32068235;sd=0.94715165
interference,host,host_cpu3-interf_io-run5,train_q_0.999,100001,98626,0.986250137498625,69033,29593,88,23,13.315449742945926,0.001506741119068205,,gaussian_gmm,2,-85204.79105181435,-31074.13551036812,29593,5,170465.2938032793,-1.0500501980322414,-31074.13551036812,0.0,0.0,"component_0_mean=-1.0340645,weight=0.23931482;component_1_mean=0.32532112,weight=0.76068518"
interference,host,host_cpu3-interf_io-run5,train_q_0.999,100001,98626,0.986250137498625,69033,29593,88,23,13.315449742945926,0.001506741119068205,,gaussian_hmm,2,-82583.41675157791,-30666.97963795165,29593,7,165244.82988266664,-1.036291678368251,-32167.57832776131,21.171427284653184,0.050707893414309584,state_0_mean=-1.0278865;state_1_mean=0.34350209
interference,host,host_cpu3-interf_io-run5,train_q_0.999,100001,98626,0.986250137498625,69033,29593,88,23,13.315449742945926,0.001506741119068205,,gaussian_gmm,3,-81605.69158491193,-29763.168141758542,29593,8,163300.5218892648,-1.0057502835724172,-29763.168141758542,0.0,0.0,"component_0_mean=-1.0377426,weight=0.25247491;component_1_mean=-0.018582497,weight=0.53743643;component_2_mean=1.294648,weight=0.21008866"
interference,host,host_cpu3-interf_io-run5,train_q_0.999,100001,98626,0.986250137498625,69033,29593,88,23,13.315449742945926,0.001506741119068205,,gaussian_hmm,3,-71399.22262389393,-25746.914424894152,29593,14,142954.43800680953,-0.8700339413001099,-31015.284651254617,17.38967493380498,0.17802758173758879,state_0_mean=-1.0334288;state_1_mean=0.0032125551;state_2_mean=0.63404891
interference,host,host_cpu3-interf_io-run5,train_q_0.999,100001,98626,0.986250137498625,69033,29593,88,23,13.315449742945926,0.001506741119068205,,gaussian_gmm,4,-80827.17368870595,-29230.81093887474,29593,11,161776.9131166432,-0.9877609887093144,-29230.81093887474,0.0,0.0,"component_0_mean=-1.0397818,weight=0.26546161;component_1_mean=-0.26571379,weight=0.37625482;component_2_mean=0.72000903,weight=0.24602013;component_3_mean=1.771383,weight=0.11226344"
interference,host,host_cpu3-interf_io-run5,train_q_0.999,100001,98626,0.986250137498625,69033,29593,88,23,13.315449742945926,0.001506741119068205,,gaussian_hmm,4,-68514.66290272457,-25046.37034123019,29593,23,137285.59962384187,-0.84636131318995,-30963.10692429853,15.803991015400715,0.19993703183416137,state_0_mean=-1.0329159;state_1_mean=0.0047301344;state_2_mean=0.13333847;state_3_mean=1.3469949
interference,host,host_cpu3-interf_io-run5,train_q_0.999,100001,98626,0.986250137498625,69033,29593,88,23,13.315449742945926,0.001506741119068205,,gaussian_gmm,5,-80728.57825063594,-29209.432504738477,29593,14,161613.14926029355,-0.9870385734713776,-29209.432504738477,0.0,0.0,"component_0_mean=-1.0390839,weight=0.27054276;component_1_mean=-0.27353303,weight=0.37346536;component_2_mean=0.58641654,weight=0.19048259;component_3_mean=1.3471518,weight=0.10928006;component_4_mean=2.2115328,weight=0.056229229"
interference,host,host_cpu3-interf_io-run5,train_q_0.999,100001,98626,0.986250137498625,69033,29593,88,23,13.315449742945926,0.001506741119068205,,gaussian_hmm,5,-66064.39713322031,-23624.219100277533,29593,34,132507.63382406466,-0.7983042983231687,-29632.17048979844,11.579332860133789,0.20301934205794972,state_0_mean=-1.0427841;state_1_mean=-0.47016982;state_2_mean=0.14750064;state_3_mean=0.58197577;state_4_mean=1.3516582
interference,host,host_cpu3-interf_io-run5,train_q_0.9995,100001,98663,0.986620133798662,69068,29595,54,21,13.315454095857731,0.0015188228935366008,,iid_gaussian,1,-98002.74661138034,-40298.60658200836,29595,2,196027.77891637175,-1.361669423281242,-40298.60658200836,0.0,0.0,mean=-4.4579962e-13;sd=1
interference,host,host_cpu3-interf_io-run5,train_q_0.9995,100001,98663,0.986620133798662,69068,29595,54,21,13.315454095857731,0.0015188228935366008,,ar1_gaussian,1,,-38811.75379643233,29574,3,,-1.3123606477457337,,,,intercept=-0.00028578531;phi=0.31963609;sd=0.94722575
interference,host,host_cpu3-interf_io-run5,train_q_0.9995,100001,98663,0.986620133798662,69068,29595,54,21,13.315454095857731,0.0015188228935366008,,gaussian_gmm,2,-85272.52278842285,-30916.15852878341,29595,5,170600.75981087337,-1.0446412748364051,-30916.15852878341,0.0,0.0,"component_0_mean=-1.0288042,weight=0.23834165;component_1_mean=0.32193816,weight=0.76165835"
interference,host,host_cpu3-interf_io-run5,train_q_0.9995,100001,98663,0.986620133798662,69068,29595,54,21,13.315454095857731,0.0015188228935366008,,gaussian_hmm,2,-82655.94193499415,-30509.526113153428,29595,7,165389.88379762703,-1.0309013722978013,-32022.282542009845,48.61283558172136,0.05111527044623812,state_0_mean=-1.0225527;state_1_mean=0.34056935
interference,host,host_cpu3-interf_io-run5,train_q_0.9995,100001,98663,0.986620133798662,69068,29595,54,21,13.315454095857731,0.0015188228935366008,,gaussian_gmm,3,-81497.51296075436,-29574.594242755462,29595,8,163084.16869595298,-0.9993104998396845,-29574.594242755462,0.0,0.0,"component_0_mean=-1.0322426,weight=0.25190387;component_1_mean=-0.012898782,weight=0.53742526;component_2_mean=1.2671806,weight=0.21067087"
interference,host,host_cpu3-interf_io-run5,train_q_0.9995,100001,98663,0.986620133798662,69068,29595,54,21,13.315454095857731,0.0015188228935366008,,gaussian_hmm,3,-71375.82369665861,-25545.396421675792,29595,14,142907.64724859467,-0.8631659544408107,-30811.572138933047,10.974471539199433,0.17794139946806062,state_0_mean=-1.0280935;state_1_mean=0.00023067642;state_2_mean=0.63217203
interference,host,host_cpu3-interf_io-run5,train_q_0.9995,100001,98663,0.986620133798662,69068,29595,54,21,13.315454095857731,0.0015188228935366008,,gaussian_gmm,4,-80663.62661782371,-29035.739327868963,29595,11,161449.8245505083,-0.9811028662905545,-29035.739327868963,0.0,0.0,"component_0_mean=-1.0346598,weight=0.2640237;component_1_mean=-0.26842205,weight=0.37280731;component_2_mean=0.71579725,weight=0.24664686;component_3_mean=1.6880508,weight=0.11652213"
interference,host,host_cpu3-interf_io-run5,train_q_0.9995,100001,98663,0.986620133798662,69068,29595,54,21,13.315454095857731,0.0015188228935366008,,gaussian_hmm,4,-68359.49205114413,-24829.81596355438,29595,23,136975.2695788155,-0.8389868546563399,-30747.264640745707,16.206058074924112,0.19994758159119194,state_0_mean=-1.0275677;state_1_mean=0.0017499822;state_2_mean=0.14045459;state_3_mean=1.3459807
interference,host,host_cpu3-interf_io-run5,train_q_0.9995,100001,98663,0.986620133798662,69068,29595,54,21,13.315454095857731,0.0015188228935366008,,gaussian_gmm,5,-80499.13070703478,-29008.735549019304,29595,14,161154.26126934701,-0.9801904223355061,-29008.735549019304,0.0,0.0,"component_0_mean=-1.0340029,weight=0.26959851;component_1_mean=-0.28233916,weight=0.36646538;component_2_mean=0.57547074,weight=0.19469862;component_3_mean=1.3646737,weight=0.11580578;component_4_mean=2.0989915,weight=0.053431708"
interference,host,host_cpu3-interf_io-run5,train_q_0.9995,100001,98663,0.986620133798662,69068,29595,54,21,13.315454095857731,0.0015188228935366008,,gaussian_hmm,5,-65907.40324084648,-23408.217662330448,29595,34,132193.66327308107,-0.7909517709859925,-29425.091339277395,16.84703445788375,0.20330710177215566,state_0_mean=-1.0373548;state_1_mean=-0.4692323;state_2_mean=0.15434595;state_3_mean=0.57500275;state_4_mean=1.3504681
interference,host,host_cpu3-interf_io-run5,train_q_0.9999,100001,98700,0.986990130098699,69096,29604,30,14,13.315478663134005,0.002081500227120658,,iid_gaussian,1,-98042.47689031006,-38010.105973547186,29604,2,196107.24028486205,-1.2839516948232397,-38010.105973547186,0.0,0.0,mean=-2.2073964e-13;sd=1
interference,host,host_cpu3-interf_io-run5,train_q_0.9999,100001,98700,0.986990130098699,69096,29604,30,14,13.315478663134005,0.002081500227120658,,ar1_gaussian,1,,-37169.817951037825,29590,3,,-1.2561614718160805,,,,intercept=-8.5996197e-05;phi=0.21537216;sd=0.97647964
interference,host,host_cpu3-interf_io-run5,train_q_0.9999,100001,98700,0.986990130098699,69096,29604,30,14,13.315478663134005,0.002081500227120658,,gaussian_gmm,2,-76212.0125982064,-30883.705947322993,29604,5,152479.7414570176,-1.0432274674815225,-30883.705947322993,0.0,0.0,"component_0_mean=-0.02203971,weight=0.99594432;component_1_mean=5.4122392,weight=0.0040556825"
interference,host,host_cpu3-interf_io-run5,train_q_0.9999,100001,98700,0.986990130098699,69096,29604,30,14,13.315478663134005,0.002081500227120658,,gaussian_hmm,2,-76203.02248838545,-30857.174508590226,29604,7,152484.04774161763,-1.0423312562015346,-30869.71098823704,4.4345100271947695,0.00042347249178533136,state_0_mean=-0.023511267;state_1_mean=4.88356
interference,host,host_cpu3-interf_io-run5,train_q_0.9999,100001,98700,0.986990130098699,69096,29604,30,14,13.315478663134005,0.002081500227120658,,gaussian_gmm,3,-63454.646698736295,-21539.951491727054,29604,8,126998.43941444028,-0.7276027392152092,-21539.951491727054,0.0,0.0,"component_0_mean=-0.76266822,weight=0.2401441;component_1_mean=0.21193654,weight=0.75534572;component_2_mean=5.113966,weight=0.004510181"
interference,host,host_cpu3-interf_io-run5,train_q_0.9999,100001,98700,0.986990130098699,69096,29604,30,14,13.315478663134005,0.002081500227120658,,gaussian_hmm,3,-60708.44594460472,-21054.495694109526,29604,14,121572.89741890288,-0.7112044215007947,-22656.016378082688,63.996719789566654,0.05409811795612626,state_0_mean=-0.75805122;state_1_mean=0.22257921;state_2_mean=4.3183144
interference,host,host_cpu3-interf_io-run5,train_q_0.9999,100001,98700,0.986990130098699,69096,29604,30,14,13.315478663134005,0.002081500227120658,,gaussian_gmm,4,-60037.61499466064,-20347.144548716202,29604,11,120197.80576265184,-0.6873106522333536,-20347.144548716202,0.0,0.0,"component_0_mean=-0.76510297,weight=0.25218816;component_1_mean=-0.029041055,weight=0.53239093;component_2_mean=0.90842758,weight=0.21455984;component_3_mean=15.676933,weight=0.00086107588"
interference,host,host_cpu3-interf_io-run5,train_q_0.9999,100001,98700,0.986990130098699,69096,29604,30,14,13.315478663134005,0.002081500227120658,,gaussian_hmm,4,-49695.92204615683,-16278.619534554464,29604,23,99648.13889109575,-0.5498790546735057,-21664.779491663834,20.463341954124328,0.18194027689195277,state_0_mean=-0.76193106;state_1_mean=-0.011543644;state_2_mean=0.43625111;state_3_mean=7.2151809
interference,host,host_cpu3-interf_io-run5,train_q_0.9999,100001,98700,0.986990130098699,69096,29604,30,14,13.315478663134005,0.002081500227120658,,gaussian_gmm,5,-59250.81313663279,-19825.84728436827,29604,14,118657.63180295902,-0.669701637764095,-19825.84728436827,0.0,0.0,"component_0_mean=-0.76674302,weight=0.26377497;component_1_mean=-0.20270534,weight=0.38106136;component_2_mean=0.51770583,weight=0.2406792;component_3_mean=1.2481075,weight=0.11380841;component_4_mean=18.99911,weight=0.00067606475"
interference,host,host_cpu3-interf_io-run5,train_q_0.9999,100001,98700,0.986990130098699,69096,29604,30,14,13.315478663134005,0.002081500227120658,,gaussian_hmm,5,-46864.71994623428,-15597.016727450704,29604,34,94108.31046458121,-0.5268550441646637,-21595.945655644606,16.33323406237007,0.20263913417760782,state_0_mean=-0.76158323;state_1_mean=-0.010491122;state_2_mean=0.085418746;state_3_mean=0.96410719;state_4_mean=17.213892
interference,host,host_cpu3-interf_io-run7,base_stable,100001,95700,0.9569904300956991,66584,29116,42,15,13.311000515530582,0.0018178745958071336,,iid_gaussian,1,-94478.10329489992,-35463.98667937179,29116,2,188978.4190289747,-1.2180239964065047,-35463.98667937179,0.0,0.0,mean=-4.4618208e-13;sd=1
interference,host,host_cpu3-interf_io-run7,base_stable,100001,95700,0.9569904300956991,66584,29116,42,15,13.311000515530582,0.0018178745958071336,,ar1_gaussian,1,,-35405.899287473236,29101,3,,-1.2166557605399553,,,,intercept=-4.192295e-05;phi=0.072247406;sd=0.99740573
interference,host,host_cpu3-interf_io-run7,base_stable,100001,95700,0.9569904300956991,66584,29116,42,15,13.311000515530582,0.0018178745958071336,,gaussian_gmm,2,-73246.61223864663,-29963.510257455066,29116,5,146548.7555752304,-1.0291080593987865,-29963.510257455066,0.0,0.0,"component_0_mean=-0.27885779,weight=0.76792221;component_1_mean=0.92271257,weight=0.23207779"
interference,host,host_cpu3-interf_io-run7,base_stable,100001,95700,0.9569904300956991,66584,29116,42,15,13.311000515530582,0.0018178745958071336,,gaussian_hmm,2,-72538.95666006915,-31741.774040459517,29116,7,145155.6568572503,-1.090183199631114,-31742.469477156817,0.044077886517897805,2.388503562647566e-05,state_0_mean=-0.010270799;state_1_mean=24.874182
interference,host,host_cpu3-interf_io-run7,base_stable,100001,95700,0.9569904300956991,66584,29116,42,15,13.311000515530582,0.0018178745958071336,,gaussian_gmm,3,-41747.57411192318,-18407.55282313327,29116,8,83583.99798054577,-0.6322143434240028,-18407.55282313327,0.0,0.0,"component_0_mean=-0.5785564,weight=0.43609056;component_1_mean=0.42963332,weight=0.56354249;component_2_mean=27.759635,weight=0.00036694852"
interference,host,host_cpu3-interf_io-run7,base_stable,100001,95700,0.9569904300956991,66584,29116,42,15,13.311000515530582,0.0018178745958071336,,gaussian_hmm,3,-41683.38697656722,-18337.70604844253,29116,14,83522.2610273584,-0.6298154296071758,-18432.81652093128,8.983856507178713,0.0032666050449494505,state_0_mean=-0.57895844;state_1_mean=0.42809242;state_2_mean=28.373756
interference,host,host_cpu3-interf_io-run7,base_stable,100001,95700,0.9569904300956991,66584,29116,42,15,13.311000515530582,0.0018178745958071336,,gaussian_gmm,4,-36987.86732302518,-16228.413884843341,29116,11,74097.90306151204,-0.5573709948084675,-16228.413884843341,0.0,0.0,"component_0_mean=-0.57816643,weight=0.46180911;component_1_mean=0.15879103,weight=0.40510338;component_2_mean=1.4490656,weight=0.13262156;component_3_mean=22.530916,weight=0.00046595528"
interference,host,host_cpu3-interf_io-run7,base_stable,100001,95700,0.9569904300956991,66584,29116,42,15,13.311000515530582,0.0018178745958071336,,gaussian_hmm,4,-36948.427902936164,-16161.820505058437,29116,23,74152.29885638313,-0.5550838200665763,-16251.941385272055,6.690249929615249,0.0030952356166238106,state_0_mean=-0.57909697;state_1_mean=0.15459287;state_2_mean=1.4557386;state_3_mean=24.173414
interference,host,host_cpu3-interf_io-run7,base_stable,100001,95700,0.9569904300956991,66584,29116,42,15,13.311000515530582,0.0018178745958071336,,gaussian_gmm,5,-36506.02960225635,-16069.137656487632,29116,14,73167.54627873666,-0.5519005926805753,-16069.137656487632,0.0,0.0,"component_0_mean=-0.57945121,weight=0.46174991;component_1_mean=-0.085599605,weight=0.20783714;component_2_mean=0.39951198,weight=0.18929004;component_3_mean=1.4166488,weight=0.14067649;component_4_mean=23.384529,weight=0.00044642775"
interference,host,host_cpu3-interf_io-run7,base_stable,100001,95700,0.9569904300956991,66584,29116,42,15,13.311000515530582,0.0018178745958071336,,gaussian_hmm,5,-36896.00507000182,-16163.473770142045,29116,34,74169.62160597612,-0.5551406020793394,-16252.992264322456,6.834465661973377,0.003074546441146137,state_0_mean=-0.57910181;state_1_mean=0.15528454;state_2_mean=1.4585958;state_3_mean=20.079968;state_4_mean=101.86342
interference,host,host_cpu3-interf_io-run7,cap_2500us,100001,95700,0.9569904300956991,66584,29116,42,15,13.311000515530582,0.0018178745958071336,,iid_gaussian,1,-94478.10329489992,-35463.98667937179,29116,2,188978.4190289747,-1.2180239964065047,-35463.98667937179,0.0,0.0,mean=-4.4618208e-13;sd=1
interference,host,host_cpu3-interf_io-run7,cap_2500us,100001,95700,0.9569904300956991,66584,29116,42,15,13.311000515530582,0.0018178745958071336,,ar1_gaussian,1,,-35405.899287473236,29101,3,,-1.2166557605399553,,,,intercept=-4.192295e-05;phi=0.072247406;sd=0.99740573
interference,host,host_cpu3-interf_io-run7,cap_2500us,100001,95700,0.9569904300956991,66584,29116,42,15,13.311000515530582,0.0018178745958071336,,gaussian_gmm,2,-73246.61223864663,-29963.510257455066,29116,5,146548.7555752304,-1.0291080593987865,-29963.510257455066,0.0,0.0,"component_0_mean=-0.27885779,weight=0.76792221;component_1_mean=0.92271257,weight=0.23207779"
interference,host,host_cpu3-interf_io-run7,cap_2500us,100001,95700,0.9569904300956991,66584,29116,42,15,13.311000515530582,0.0018178745958071336,,gaussian_hmm,2,-72538.95666006915,-31741.774040459517,29116,7,145155.6568572503,-1.090183199631114,-31742.485186809376,0.01433467283895983,2.442458956788738e-05,state_0_mean=-0.010270799;state_1_mean=24.874182
interference,host,host_cpu3-interf_io-run7,cap_2500us,100001,95700,0.9569904300956991,66584,29116,42,15,13.311000515530582,0.0018178745958071336,,gaussian_gmm,3,-41747.57411192318,-18407.55282313327,29116,8,83583.99798054577,-0.6322143434240028,-18407.55282313327,0.0,0.0,"component_0_mean=-0.5785564,weight=0.43609056;component_1_mean=0.42963332,weight=0.56354249;component_2_mean=27.759635,weight=0.00036694852"
interference,host,host_cpu3-interf_io-run7,cap_2500us,100001,95700,0.9569904300956991,66584,29116,42,15,13.311000515530582,0.0018178745958071336,,gaussian_hmm,3,-41683.38697656722,-18337.70604844253,29116,14,83522.2610273584,-0.6298154296071758,-18432.377892181492,5.78949623407277,0.0032515401751257345,state_0_mean=-0.57895844;state_1_mean=0.42809242;state_2_mean=28.373756
interference,host,host_cpu3-interf_io-run7,cap_2500us,100001,95700,0.9569904300956991,66584,29116,42,15,13.311000515530582,0.0018178745958071336,,gaussian_gmm,4,-36987.86732302518,-16228.413884843341,29116,11,74097.90306151204,-0.5573709948084675,-16228.413884843341,0.0,0.0,"component_0_mean=-0.57816643,weight=0.46180911;component_1_mean=0.15879103,weight=0.40510338;component_2_mean=1.4490656,weight=0.13262156;component_3_mean=22.530916,weight=0.00046595528"
interference,host,host_cpu3-interf_io-run7,cap_2500us,100001,95700,0.9569904300956991,66584,29116,42,15,13.311000515530582,0.0018178745958071336,,gaussian_hmm,4,-36948.427902936164,-16161.820505058437,29116,23,74152.29885638313,-0.5550838200665763,-16249.975574796976,7.448329032406507,0.0030277191145260053,state_0_mean=-0.57909697;state_1_mean=0.15459287;state_2_mean=1.4557386;state_3_mean=24.173414
interference,host,host_cpu3-interf_io-run7,cap_2500us,100001,95700,0.9569904300956991,66584,29116,42,15,13.311000515530582,0.0018178745958071336,,gaussian_gmm,5,-36506.02960225635,-16069.137656487632,29116,14,73167.54627873666,-0.5519005926805753,-16069.137656487632,0.0,0.0,"component_0_mean=-0.57945121,weight=0.46174991;component_1_mean=-0.085599605,weight=0.20783714;component_2_mean=0.39951198,weight=0.18929004;component_3_mean=1.4166488,weight=0.14067649;component_4_mean=23.384529,weight=0.00044642775"
interference,host,host_cpu3-interf_io-run7,cap_2500us,100001,95700,0.9569904300956991,66584,29116,42,15,13.311000515530582,0.0018178745958071336,,gaussian_hmm,5,-36896.00507000182,-16163.473770142045,29116,34,74169.62160597612,-0.5551406020793394,-16252.280990296164,7.5783601157174845,0.0030501174664829688,state_0_mean=-0.57910181;state_1_mean=0.15528454;state_2_mean=1.4585958;state_3_mean=20.079968;state_4_mean=101.86342
interference,host,host_cpu3-interf_io-run7,cap_2000us,100001,95700,0.9569904300956991,66584,29116,42,15,13.311000515530582,0.0018178745958071336,,iid_gaussian,1,-94478.10329489992,-35463.98667937179,29116,2,188978.4190289747,-1.2180239964065047,-35463.98667937179,0.0,0.0,mean=-4.4618208e-13;sd=1
interference,host,host_cpu3-interf_io-run7,cap_2000us,100001,95700,0.9569904300956991,66584,29116,42,15,13.311000515530582,0.0018178745958071336,,ar1_gaussian,1,,-35405.899287473236,29101,3,,-1.2166557605399553,,,,intercept=-4.192295e-05;phi=0.072247406;sd=0.99740573
interference,host,host_cpu3-interf_io-run7,cap_2000us,100001,95700,0.9569904300956991,66584,29116,42,15,13.311000515530582,0.0018178745958071336,,gaussian_gmm,2,-73246.61223864663,-29963.510257455066,29116,5,146548.7555752304,-1.0291080593987865,-29963.510257455066,0.0,0.0,"component_0_mean=-0.27885779,weight=0.76792221;component_1_mean=0.92271257,weight=0.23207779"
interference,host,host_cpu3-interf_io-run7,cap_2000us,100001,95700,0.9569904300956991,66584,29116,42,15,13.311000515530582,0.0018178745958071336,,gaussian_hmm,2,-72538.95666006915,-31741.774040459517,29116,7,145155.6568572503,-1.090183199631114,-31742.45400751491,0.04509920529819307,2.3353724941334615e-05,state_0_mean=-0.010270799;state_1_mean=24.874182
interference,host,host_cpu3-interf_io-run7,cap_2000us,100001,95700,0.9569904300956991,66584,29116,42,15,13.311000515530582,0.0018178745958071336,,gaussian_gmm,3,-41747.57411192318,-18407.55282313327,29116,8,83583.99798054577,-0.6322143434240028,-18407.55282313327,0.0,0.0,"component_0_mean=-0.5785564,weight=0.43609056;component_1_mean=0.42963332,weight=0.56354249;component_2_mean=27.759635,weight=0.00036694852"
interference,host,host_cpu3-interf_io-run7,cap_2000us,100001,95700,0.9569904300956991,66584,29116,42,15,13.311000515530582,0.0018178745958071336,,gaussian_hmm,3,-41683.38697656722,-18337.70604844253,29116,14,83522.2610273584,-0.6298154296071758,-18429.225896707452,7.699971071509577,0.0031432837019137643,state_0_mean=-0.57895844;state_1_mean=0.42809242;state_2_mean=28.373756
interference,host,host_cpu3-interf_io-run7,cap_2000us,100001,95700,0.9569904300956991,66584,29116,42,15,13.311000515530582,0.0018178745958071336,,gaussian_gmm,4,-36987.86732302518,-16228.413884843341,29116,11,74097.90306151204,-0.5573709948084675,-16228.413884843341,0.0,0.0,"component_0_mean=-0.57816643,weight=0.46180911;component_1_mean=0.15879103,weight=0.40510338;component_2_mean=1.4490656,weight=0.13262156;component_3_mean=22.530916,weight=0.00046595528"
interference,host,host_cpu3-interf_io-run7,cap_2000us,100001,95700,0.9569904300956991,66584,29116,42,15,13.311000515530582,0.0018178745958071336,,gaussian_hmm,4,-36948.427902936164,-16161.820505058437,29116,23,74152.29885638313,-0.5550838200665763,-16251.126081274551,5.583608717074285,0.0030672336933684156,state_0_mean=-0.57909697;state_1_mean=0.15459287;state_2_mean=1.4557386;state_3_mean=24.173414
interference,host,host_cpu3-interf_io-run7,cap_2000us,100001,95700,0.9569904300956991,66584,29116,42,15,13.311000515530582,0.0018178745958071336,,gaussian_gmm,5,-36506.02960225635,-16069.137656487632,29116,14,73167.54627873666,-0.5519005926805753,-16069.137656487632,0.0,0.0,"component_0_mean=-0.57945121,weight=0.46174991;component_1_mean=-0.085599605,weight=0.20783714;component_2_mean=0.39951198,weight=0.18929004;component_3_mean=1.4166488,weight=0.14067649;component_4_mean=23.384529,weight=0.00044642775"
interference,host,host_cpu3-interf_io-run7,cap_2000us,100001,95700,0.9569904300956991,66584,29116,42,15,13.311000515530582,0.0018178745958071336,,gaussian_hmm,5,-36896.00507000182,-16163.473770142045,29116,34,74169.62160597612,-0.5551406020793394,-16251.467479620012,7.107151511343413,0.0030221771355257265,state_0_mean=-0.57910181;state_1_mean=0.15528454;state_2_mean=1.4585958;state_3_mean=20.079968;state_4_mean=101.86342
interference,host,host_cpu3-interf_io-run7,cap_1500us,100001,95700,0.9569904300956991,66584,29116,42,15,13.311000515530582,0.0018178745958071336,,iid_gaussian,1,-94478.10329489992,-35463.98667937179,29116,2,188978.4190289747,-1.2180239964065047,-35463.98667937179,0.0,0.0,mean=-4.4618208e-13;sd=1
interference,host,host_cpu3-interf_io-run7,cap_1500us,100001,95700,0.9569904300956991,66584,29116,42,15,13.311000515530582,0.0018178745958071336,,ar1_gaussian,1,,-35405.899287473236,29101,3,,-1.2166557605399553,,,,intercept=-4.192295e-05;phi=0.072247406;sd=0.99740573
interference,host,host_cpu3-interf_io-run7,cap_1500us,100001,95700,0.9569904300956991,66584,29116,42,15,13.311000515530582,0.0018178745958071336,,gaussian_gmm,2,-73246.61223864663,-29963.510257455066,29116,5,146548.7555752304,-1.0291080593987865,-29963.510257455066,0.0,0.0,"component_0_mean=-0.27885779,weight=0.76792221;component_1_mean=0.92271257,weight=0.23207779"
interference,host,host_cpu3-interf_io-run7,cap_1500us,100001,95700,0.9569904300956991,66584,29116,42,15,13.311000515530582,0.0018178745958071336,,gaussian_hmm,2,-72538.95666006915,-31741.774040459517,29116,7,145155.6568572503,-1.090183199631114,-31742.443512718193,0.07156282441564041,2.299327719041939e-05,state_0_mean=-0.010270799;state_1_mean=24.874182
interference,host,host_cpu3-interf_io-run7,cap_1500us,100001,95700,0.9569904300956991,66584,29116,42,15,13.311000515530582,0.0018178745958071336,,gaussian_gmm,3,-41747.57411192318,-18407.55282313327,29116,8,83583.99798054577,-0.6322143434240028,-18407.55282313327,0.0,0.0,"component_0_mean=-0.5785564,weight=0.43609056;component_1_mean=0.42963332,weight=0.56354249;component_2_mean=27.759635,weight=0.00036694852"
interference,host,host_cpu3-interf_io-run7,cap_1500us,100001,95700,0.9569904300956991,66584,29116,42,15,13.311000515530582,0.0018178745958071336,,gaussian_hmm,3,-41683.38697656722,-18337.70604844253,29116,14,83522.2610273584,-0.6298154296071758,-18432.650278082565,6.235692121247398,0.003260895371618144,state_0_mean=-0.57895844;state_1_mean=0.42809242;state_2_mean=28.373756
interference,host,host_cpu3-interf_io-run7,cap_1500us,100001,95700,0.9569904300956991,66584,29116,42,15,13.311000515530582,0.0018178745958071336,,gaussian_gmm,4,-36987.86732302518,-16228.413884843341,29116,11,74097.90306151204,-0.5573709948084675,-16228.413884843341,0.0,0.0,"component_0_mean=-0.57816643,weight=0.46180911;component_1_mean=0.15879103,weight=0.40510338;component_2_mean=1.4490656,weight=0.13262156;component_3_mean=22.530916,weight=0.00046595528"
interference,host,host_cpu3-interf_io-run7,cap_1500us,100001,95700,0.9569904300956991,66584,29116,42,15,13.311000515530582,0.0018178745958071336,,gaussian_hmm,4,-36948.427902936164,-16161.820505058437,29116,23,74152.29885638313,-0.5550838200665763,-16251.555391917898,6.1531552464225125,0.0030819785293124662,state_0_mean=-0.57909697;state_1_mean=0.15459287;state_2_mean=1.4557386;state_3_mean=24.173414
interference,host,host_cpu3-interf_io-run7,cap_1500us,100001,95700,0.9569904300956991,66584,29116,42,15,13.311000515530582,0.0018178745958071336,,gaussian_gmm,5,-36506.02960225635,-16069.137656487632,29116,14,73167.54627873666,-0.5519005926805753,-16069.137656487632,0.0,0.0,"component_0_mean=-0.57945121,weight=0.46174991;component_1_mean=-0.085599605,weight=0.20783714;component_2_mean=0.39951198,weight=0.18929004;component_3_mean=1.4166488,weight=0.14067649;component_4_mean=23.384529,weight=0.00044642775"
interference,host,host_cpu3-interf_io-run7,cap_1500us,100001,95700,0.9569904300956991,66584,29116,42,15,13.311000515530582,0.0018178745958071336,,gaussian_hmm,5,-36896.00507000182,-16163.473770142045,29116,34,74169.62160597612,-0.5551406020793394,-16252.281630043872,7.509492038478351,0.003050139438859263,state_0_mean=-0.57910181;state_1_mean=0.15528454;state_2_mean=1.4585958;state_3_mean=20.079968;state_4_mean=101.86342
interference,host,host_cpu3-interf_io-run7,cap_1000us,100001,95700,0.9569904300956991,66584,29116,42,15,13.311000515530582,0.0018178745958071336,,iid_gaussian,1,-94478.10329489992,-35463.98667937179,29116,2,188978.4190289747,-1.2180239964065047,-35463.98667937179,0.0,0.0,mean=-4.4618208e-13;sd=1
interference,host,host_cpu3-interf_io-run7,cap_1000us,100001,95700,0.9569904300956991,66584,29116,42,15,13.311000515530582,0.0018178745958071336,,ar1_gaussian,1,,-35405.899287473236,29101,3,,-1.2166557605399553,,,,intercept=-4.192295e-05;phi=0.072247406;sd=0.99740573
interference,host,host_cpu3-interf_io-run7,cap_1000us,100001,95700,0.9569904300956991,66584,29116,42,15,13.311000515530582,0.0018178745958071336,,gaussian_gmm,2,-73246.61223864663,-29963.510257455066,29116,5,146548.7555752304,-1.0291080593987865,-29963.510257455066,0.0,0.0,"component_0_mean=-0.27885779,weight=0.76792221;component_1_mean=0.92271257,weight=0.23207779"
interference,host,host_cpu3-interf_io-run7,cap_1000us,100001,95700,0.9569904300956991,66584,29116,42,15,13.311000515530582,0.0018178745958071336,,gaussian_hmm,2,-72538.95666006915,-31741.774040459517,29116,7,145155.6568572503,-1.090183199631114,-31742.433419169298,0.1563659521756833,2.2646610447206594e-05,state_0_mean=-0.010270799;state_1_mean=24.874182
interference,host,host_cpu3-interf_io-run7,cap_1000us,100001,95700,0.9569904300956991,66584,29116,42,15,13.311000515530582,0.0018178745958071336,,gaussian_gmm,3,-41747.57411192318,-18407.55282313327,29116,8,83583.99798054577,-0.6322143434240028,-18407.55282313327,0.0,0.0,"component_0_mean=-0.5785564,weight=0.43609056;component_1_mean=0.42963332,weight=0.56354249;component_2_mean=27.759635,weight=0.00036694852"
interference,host,host_cpu3-interf_io-run7,cap_1000us,100001,95700,0.9569904300956991,66584,29116,42,15,13.311000515530582,0.0018178745958071336,,gaussian_hmm,3,-41683.38697656722,-18337.70604844253,29116,14,83522.2610273584,-0.6298154296071758,-18433.187746026655,7.721178002490946,0.0032793549108436617,state_0_mean=-0.57895844;state_1_mean=0.42809242;state_2_mean=28.373756
interference,host,host_cpu3-interf_io-run7,cap_1000us,100001,95700,0.9569904300956991,66584,29116,42,15,13.311000515530582,0.0018178745958071336,,gaussian_gmm,4,-36987.86732302518,-16228.413884843341,29116,11,74097.90306151204,-0.5573709948084675,-16228.413884843341,0.0,0.0,"component_0_mean=-0.57816643,weight=0.46180911;component_1_mean=0.15879103,weight=0.40510338;component_2_mean=1.4490656,weight=0.13262156;component_3_mean=22.530916,weight=0.00046595528"
interference,host,host_cpu3-interf_io-run7,cap_1000us,100001,95700,0.9569904300956991,66584,29116,42,15,13.311000515530582,0.0018178745958071336,,gaussian_hmm,4,-36948.427902936164,-16161.820505058437,29116,23,74152.29885638313,-0.5550838200665763,-16250.030932511881,7.109693469379357,0.0030296203961205155,state_0_mean=-0.57909697;state_1_mean=0.15459287;state_2_mean=1.4557386;state_3_mean=24.173414
interference,host,host_cpu3-interf_io-run7,cap_1000us,100001,95700,0.9569904300956991,66584,29116,42,15,13.311000515530582,0.0018178745958071336,,gaussian_gmm,5,-36506.02960225635,-16069.137656487632,29116,14,73167.54627873666,-0.5519005926805753,-16069.137656487632,0.0,0.0,"component_0_mean=-0.57945121,weight=0.46174991;component_1_mean=-0.085599605,weight=0.20783714;component_2_mean=0.39951198,weight=0.18929004;component_3_mean=1.4166488,weight=0.14067649;component_4_mean=23.384529,weight=0.00044642775"
interference,host,host_cpu3-interf_io-run7,cap_1000us,100001,95700,0.9569904300956991,66584,29116,42,15,13.311000515530582,0.0018178745958071336,,gaussian_hmm,5,-36896.00507000182,-16163.473770142045,29116,34,74169.62160597612,-0.5551406020793394,-16253.44232390596,5.79155846615236,0.003090003907264539,state_0_mean=-0.57910181;state_1_mean=0.15528454;state_2_mean=1.4585958;state_3_mean=20.079968;state_4_mean=101.86342
interference,host,host_cpu3-interf_io-run7,train_q_0.999,100001,95623,0.956220437795622,66518,29105,103,26,13.310978678847434,0.0012956877021053491,,iid_gaussian,1,-94384.45335170842,-41489.06756906216,29105,2,188791.11715915025,-1.4254962229535186,-41489.06756906216,0.0,0.0,mean=6.998753e-13;sd=1
interference,host,host_cpu3-interf_io-run7,train_q_0.999,100001,95623,0.956220437795622,66518,29105,103,26,13.310978678847434,0.0012956877021053491,,ar1_gaussian,1,,-41431.95477719028,29079,3,,-1.4248067257192571,,,,intercept=-0.00028743347;phi=0.023433903;sd=0.99959709
interference,host,host_cpu3-interf_io-run7,train_q_0.999,100001,95623,0.956220437795622,66518,29105,103,26,13.310978678847434,0.0012956877021053491,,gaussian_gmm,2,-63634.70851161357,-28163.348115039946,29105,5,127324.9431625607,-0.9676463877354388,-28163.348115039946,0.0,0.0,"component_0_mean=-0.79452588,weight=0.43795737;component_1_mean=0.619114,weight=0.56204263"
interference,host,host_cpu3-interf_io-run7,train_q_0.999,100001,95623,0.956220437795622,66518,29105,103,26,13.310978678847434,0.0012956877021053491,,gaussian_hmm,2,-63580.69996831368,-28092.079515159723,29105,7,127239.13653169433,-0.9651977156900781,-28183.470524025633,5.690210025689102,0.0031400449704830926,state_0_mean=-0.795436;state_1_mean=0.61410665
interference,host,host_cpu3-interf_io-run7,train_q_0.999,100001,95623,0.956220437795622,66518,29105,103,26,13.310978678847434,0.0012956877021053491,,gaussian_gmm,3,-58812.88773922327,-25979.974640383967,29105,8,117714.6173013802,-0.892629260964919,-25979.974640383967,0.0,0.0,"component_0_mean=-0.79420706,weight=0.46254417;component_1_mean=0.24394247,weight=0.40729342;component_2_mean=2.0589636,weight=0.13016242"
interference,host,host_cpu3-interf_io-run7,train_q_0.999,100001,95623,0.956220437795622,66518,29105,103,26,13.310978678847434,0.0012956877021053491,,gaussian_hmm,3,-58757.89605391803,-25916.437530297702,29105,14,117671.26529796999,-0.8904462302112249,-26001.335749053836,6.841227733293681,0.0029169633656118935,state_0_mean=-0.79564914;state_1_mean=0.2375688;state_2_mean=2.0694063
interference,host,host_cpu3-interf_io-run7,train_q_0.999,100001,95623,0.956220437795622,66518,29105,103,26,13.310978678847434,0.0012956877021053491,,gaussian_gmm,4,-56301.25564368852,-24902.701805048528,29105,11,112724.66879391084,-0.8556159355797467,-24902.701805048528,0.0,0.0,"component_0_mean=-0.79471735,weight=0.45972402;component_1_mean=0.26119143,weight=0.42118334;component_2_mean=1.7681017,weight=0.064546883;component_3_mean=2.5889406,weight=0.054545756"
interference,host,host_cpu3-interf_io-run7,train_q_0.999,100001,95623,0.956220437795622,66518,29105,103,26,13.310978678847434,0.0012956877021053491,,gaussian_hmm,4,-57797.25458482808,-25475.145386499356,29105,23,115849.92941059047,-0.8752841568974182,-26358.5438012133,14.69042792022539,0.030352118698297386,state_0_mean=-0.80446249;state_1_mean=-0.0460641;state_2_mean=0.27736478;state_3_mean=2.0664963
interference,host,host_cpu3-interf_io-run7,train_q_0.999,100001,95623,0.956220437795622,66518,29105,103,26,13.310978678847434,0.0012956877021053491,,gaussian_gmm,5,-55993.25802661241,-24830.468119787492,29105,14,112141.98924335875,-0.8531341047856895,-24830.468119787492,0.0,0.0,"component_0_mean=-0.79619736,weight=0.46356314;component_1_mean=-0.17398127,weight=0.16468863;component_2_mean=0.55189233,weight=0.24988783;component_3_mean=1.7625219,weight=0.067412729;component_4_mean=2.5898796,weight=0.054447665"
interference,host,host_cpu3-interf_io-run7,train_q_0.999,100001,95623,0.956220437795622,66518,29105,103,26,13.310978678847434,0.0012956877021053491,,gaussian_hmm,5,-54018.67969159284,-24805.74536190843,29105,34,108414.93713065381,-0.8522846714278794,-26601.18910773345,2.6054536288010555,0.06168849839632439,state_0_mean=-0.81182572;state_1_mean=-0.58430935;state_2_mean=0.27562382;state_3_mean=0.81736035;state_4_mean=2.0344839
interference,host,host_cpu3-interf_io-run7,train_q_0.9995,100001,95662,0.956610433895661,66550,29112,71,19,13.310981091776926,0.0013000541330816038,,iid_gaussian,1,-94429.85938477097,-41446.11380280504,29112,2,188881.9301871896,-1.4236779954247403,-41446.11380280504,0.0,0.0,mean=-7.999099e-14;sd=1
interference,host,host_cpu3-interf_io-run7,train_q_0.9995,100001,95662,0.956610433895661,66550,29112,71,19,13.310981091776926,0.0013000541330816038,,ar1_gaussian,1,,-41397.35835122867,29093,3,,-1.422931920091729,,,,intercept=-3.9012441e-05;phi=0.023897725;sd=0.99979041
interference,host,host_cpu3-interf_io-run7,train_q_0.9995,100001,95662,0.956610433895661,66550,29112,71,19,13.310981091776926,0.0013000541330816038,,gaussian_gmm,2,-63646.06675264437,-28113.916690658887,29112,5,127347.66204940787,-0.9657157423282113,-28113.916690658887,0.0,0.0,"component_0_mean=-0.79366184,weight=0.43775682;component_1_mean=0.61793704,weight=0.56224318"
interference,host,host_cpu3-interf_io-run7,train_q_0.9995,100001,95662,0.956610433895661,66550,29112,71,19,13.310981091776926,0.0013000541330816038,,gaussian_hmm,2,-63592.4239203738,-28042.17948503216,29112,7,127262.58780251438,-0.9632515624152295,-28130.17558754832,7.254914625874313,0.0030226745849189695,state_0_mean=-0.79460767;state_1_mean=0.61265664
interference,host,host_cpu3-interf_io-run7,train_q_0.9995,100001,95662,0.956610433895661,66550,29112,71,19,13.310981091776926,0.0013000541330816038,,gaussian_gmm,3,-58862.02723792065,-25931.068095327362,29112,8,117812.90014643189,-0.8907346831316076,-25931.068095327362,0.0,0.0,"component_0_mean=-0.79339493,weight=0.46239667;component_1_mean=0.23902661,weight=0.40568426;component_2_mean=2.0459048,weight=0.13191906"
interference,host,host_cpu3-interf_io-run7,train_q_0.9995,100001,95662,0.956610433895661,66550,29112,71,19,13.310981091776926,0.0013000541330816038,,gaussian_hmm,3,-58806.778018754674,-25865.686400326478,29112,14,117769.03596104287,-0.8884888156198982,-25953.19509657227,7.136360299395939,0.0030059321326529795,state_0_mean=-0.79481005;state_1_mean=0.2327881;state_2_mean=2.0564407
interference,host,host_cpu3-interf_io-run7,train_q_0.9995,100001,95662,0.956610433895661,66550,29112,71,19,13.310981091776926,0.0013000541330816038,,gaussian_gmm,4,-56680.06861166883,-24878.54642963404,29112,11,113482.30002039972,-0.8545804626832247,-24878.54642963404,0.0,0.0,"component_0_mean=-0.79390628,weight=0.45946696;component_1_mean=0.25876791,weight=0.42116341;component_2_mean=1.7553626,weight=0.062947488;component_3_mean=2.5751318,weight=0.056422147"
interference,host,host_cpu3-interf_io-run7,train_q_0.9995,100001,95662,0.956610433895661,66550,29112,71,19,13.310981091776926,0.0013000541330816038,,gaussian_hmm,4,-57847.36801276241,-25428.5225519182,29112,23,115950.16732847276,-0.8734721953805372,-26309.40487213425,8.536425665470095,0.0302583924229202,state_0_mean=-0.80359163;state_1_mean=-0.051540888;state_2_mean=0.27309218;state_3_mean=2.0544258
interference,host,host_cpu3-interf_io-run7,train_q_0.9995,100001,95662,0.956610433895661,66550,29112,71,19,13.310981091776926,0.0013000541330816038,,gaussian_gmm,5,-56377.188004724405,-24806.387847898906,29112,14,112909.85593298233,-0.8521018084603911,-24806.387847898906,0.0,0.0,"component_0_mean=-0.79535672,weight=0.46346176;component_1_mean=-0.17687914,weight=0.16332106;component_2_mean=0.54688449,weight=0.25114886;component_3_mean=1.7501006,weight=0.065744242;component_4_mean=2.5761105,weight=0.056324081"
interference,host,host_cpu3-interf_io-run7,train_q_0.9995,100001,95662,0.956610433895661,66550,29112,71,19,13.310981091776926,0.0013000541330816038,,gaussian_hmm,5,-54049.06700387998,-24758.398098914764,29112,34,108475.72810776994,-0.8504533559671188,-26546.5241996231,2.475048171657589,0.06142230354178131,state_0_mean=-0.81095952;state_1_mean=-0.58437721;state_2_mean=0.27161671;state_3_mean=0.81989961;state_4_mean=2.0237674
interference,host,host_cpu3-interf_io-run7,train_q_0.9999,100001,95693,0.956920430795692,66577,29116,48,15,13.310989630517343,0.001432385732606871,,iid_gaussian,1,-94468.1707251675,-40783.63525224928,29116,2,188958.55367923807,-1.400729332746575,-40783.63525224928,0.0,0.0,mean=-8.7210724e-14;sd=1
interference,host,host_cpu3-interf_io-run7,train_q_0.9999,100001,95693,0.956920430795692,66577,29116,48,15,13.310989630517343,0.001432385732606871,,ar1_gaussian,1,,-40739.2473838465,29101,3,,-1.3999260294782483,,,,intercept=-5.8981539e-05;phi=0.03190142;sd=0.99934923
interference,host,host_cpu3-interf_io-run7,train_q_0.9999,100001,95693,0.956920430795692,66577,29116,48,15,13.310989630517343,0.001432385732606871,,gaussian_gmm,2,-63607.00963790179,-27492.0805418331,29116,5,127269.54984806127,-0.9442258738093523,-27492.0805418331,0.0,0.0,"component_0_mean=-0.72630083,weight=0.42902232;component_1_mean=0.54572934,weight=0.57097768"
interference,host,host_cpu3-interf_io-run7,train_q_0.9999,100001,95693,0.956920430795692,66577,29116,48,15,13.310989630517343,0.001432385732606871,,gaussian_hmm,2,-63551.2890854394,-27419.672104336576,29116,7,127180.32097203957,-0.9417389787174261,-27516.832124583954,7.46089858505272,0.0033369975356291478,state_0_mean=-0.72713496;state_1_mean=0.54175448
interference,host,host_cpu3-interf_io-run7,train_q_0.9999,100001,95693,0.956920430795692,66577,29116,48,15,13.310989630517343,0.001432385732606871,,gaussian_gmm,3,-57515.23338246537,-25346.321395879953,29116,8,115119.31568054303,-0.8705289667495519,-25346.321395879953,0.0,0.0,"component_0_mean=-0.72639556,weight=0.43713501;component_1_mean=0.55487741,weight=0.56259353;component_2_mean=19.754021,weight=0.00027146321"
interference,host,host_cpu3-interf_io-run7,train_q_0.9999,100001,95693,0.956920430795692,66577,29116,48,15,13.310989630517343,0.001432385732606871,,gaussian_hmm,3,-57448.36041834686,-25275.924786164753,29116,14,115052.20643901525,-0.8681111686414601,-25370.02041092736,7.442733025265702,0.0032317497170837022,state_0_mean=-0.72716958;state_1_mean=0.55084932;state_2_mean=20.106254
interference,host,host_cpu3-interf_io-run7,train_q_0.9999,100001,95693,0.956920430795692,66577,29116,48,15,13.310989630517343,0.001432385732606871,,gaussian_gmm,4,-52750.880347766324,-23167.48568199462,29116,11,105623.92795449957,-0.795696032490542,-23167.48568199462,0.0,0.0,"component_0_mean=-0.72619179,weight=0.46172204;component_1_mean=0.20958776,weight=0.40570175;component_2_mean=1.8490651,weight=0.1321661;component_3_mean=14.349636,weight=0.00041010791"
interference,host,host_cpu3-interf_io-run7,train_q_0.9999,100001,95693,0.956920430795692,66577,29116,48,15,13.310989630517343,0.001432385732606871,,gaussian_hmm,4,-52686.10711308751,-23102.716690524016,29116,23,105627.65485856039,-0.7934715170533045,-23194.459461019844,6.086948372713934,0.003150940050000967,state_0_mean=-0.72735163;state_1_mean=0.2049585;state_2_mean=1.859538;state_3_mean=14.546832
interference,host,host_cpu3-interf_io-run7,train_q_0.9999,100001,95693,0.956920430795692,66577,29116,48,15,13.310989630517343,0.001432385732606871,,gaussian_gmm,5,-50240.132070086736,-22138.619570709314,29116,14,100635.749742495,-0.7603592379004436,-22138.619570709314,0.0,0.0,"component_0_mean=-0.7263289,weight=0.46006172;component_1_mean=0.22977015,weight=0.41974874;component_2_mean=1.5942751,weight=0.06529052;component_3_mean=2.3298287,weight=0.052901855;component_4_mean=5.1908867,weight=0.0019971694"
interference,host,host_cpu3-interf_io-run7,train_q_0.9999,100001,95693,0.956920430795692,66577,29116,48,15,13.310989630517343,0.001432385732606871,,gaussian_hmm,5,-51634.523905689464,-22419.23521084655,29116,34,103646.65570273121,-0.7699970878845497,-23475.97086220901,1.9231979965184132,0.03629398445399305,state_0_mean=-0.73616816;state_1_mean=0.23322879;state_2_mean=0.26897185;state_3_mean=1.8435903;state_4_mean=15.33755
interference,host,host_cpu3-interf_io-run2,base_stable,100001,99887,0.998860011399886,69886,30001,7,1,13.316894608034913,0.00682515943166897,,iid_gaussian,1,-99163.43833154175,-102241.66966114409,30001,2,198349.18590432758,-3.407942057302893,-102241.66966114409,0.0,0.0,mean=-6.3194239e-14;sd=1
interference,host,host_cpu3-interf_io-run2,base_stable,100001,99887,0.998860011399886,69886,30001,7,1,13.316894608034913,0.00682515943166897,,ar1_gaussian,1,,-102378.51031355913,30000,3,,-3.4126170104519713,,,,intercept=-2.0957248e-05;phi=0.037856972;sd=0.99932693
interference,host,host_cpu3-interf_io-run2,base_stable,100001,99887,0.998860011399886,69886,30001,7,1,13.316894608034913,0.00682515943166897,,gaussian_gmm,2,-3128.955084247318,-467.69582635465247,30001,5,6313.683271604831,-0.015589341233780623,-467.69582635465247,0.0,0.0,"component_0_mean=-0.026297065,weight=0.99632077;component_1_mean=7.1211353,weight=0.0036792324"
interference,host,host_cpu3-interf_io-run2,base_stable,100001,99887,0.998860011399886,69886,30001,7,1,13.316894608034913,0.00682515943166897,,gaussian_hmm,2,-11452.94230197502,-5694.916711648342,30001,7,22983.96694830431,-0.1898242295806254,-1076.2321147325788,0.6396144303451514,-0.1539510215298078,state_0_mean=-0.024241715;state_1_mean=10.032504
interference,host,host_cpu3-interf_io-run2,base_stable,100001,99887,0.998860011399886,69886,30001,7,1,13.316894608034913,0.00682515943166897,,gaussian_gmm,3,-94.5072231773164,1342.136286436236,30001,8,278.2514113309442,0.04473638500170781,1342.136286436236,0.0,0.0,"component_0_mean=-0.096289882,weight=0.80428775;component_1_mean=0.2727653,weight=0.19349465;component_2_mean=11.122912,weight=0.002217598"
interference,host,host_cpu3-interf_io-run2,base_stable,100001,99887,0.998860011399886,69886,30001,7,1,13.316894608034913,0.00682515943166897,,gaussian_hmm,3,-2807.5564930748565,-120.3998206795983,30001,14,5771.277674858258,-0.004013193582867182,2.365165054208186,1.8759650837701412,-0.004092029790133879,state_0_mean=-0.030884731;state_1_mean=0.92763299;state_2_mean=16.686473
interference,host,host_cpu3-interf_io-run2,base_stable,100001,99887,0.998860011399886,69886,30001,7,1,13.316894608034913,0.00682515943166897,,gaussian_gmm,4,105.49862706839428,1608.1908555566083,30001,11,-88.2964272943604,0.05360457503271918,1608.1908555566083,0.0,0.0,"component_0_mean=-0.12291687,weight=0.68290248;component_1_mean=0.18729223,weight=0.31450693;component_2_mean=6.0965032,weight=0.0023642127;component_3_mean=46.92199,weight=0.00022637792"
interference,host,host_cpu3-interf_io-run2,base_stable,100001,99887,0.998860011399886,69886,30001,7,1,13.316894608034913,0.00682515943166897,,gaussian_hmm,4,2520.4905519847684,549.7756905565394,30001,23,-4784.424829662642,0.018325245510367634,-395.9179329444577,6.521455136108507,0.03152207004769831,state_0_mean=-0.22103921;state_1_mean=0.015581169;state_2_mean=0.82638;state_3_mean=16.15085
interference,host,host_cpu3-interf_io-run2,base_stable,100001,99887,0.998860011399886,69886,30001,7,1,13.316894608034913,0.00682515943166897,,gaussian_gmm,5,115.89870763608667,1325.737979779948,30001,14,-75.63272656362838,0.04418979299956495,1325.737979779948,0.0,0.0,"component_0_mean=-0.12343145,weight=0.68313825;component_1_mean=0.18848103,weight=0.3141985;component_2_mean=5.199958,weight=0.0022349483;component_3_mean=20.179848,weight=0.000371072;component_4_mean=104.6625,weight=5.7236069e-05"
interference,host,host_cpu3-interf_io-run2,base_stable,100001,99887,0.998860011399886,69886,30001,7,1,13.316894608034913,0.00682515943166897,,gaussian_hmm,5,6331.2762912469125,2308.488749121171,30001,34,-12283.295481344501,0.07694706006870342,1121.528625835099,15.424763569915967,0.039564018642247664,state_0_mean=-0.23659023;state_1_mean=-0.10521119;state_2_mean=0.1647542;state_3_mean=6.1641435;state_4_mean=58.016624
interference,host,host_cpu3-interf_io-run2,cap_2500us,100001,99886,0.998850011499885,69886,30000,7,2,13.316894608034913,0.00682515943166897,,iid_gaussian,1,-99163.43833154175,-78882.56603452665,30000,2,198349.18590432758,-2.629418867817555,-78882.56603452665,0.0,0.0,mean=-6.3194239e-14;sd=1
interference,host,host_cpu3-interf_io-run2,cap_2500us,100001,99886,0.998850011499885,69886,30000,7,2,13.316894608034913,0.00682515943166897,,ar1_gaussian,1,,-78950.58184117168,29998,3,,-2.6318615188069763,,,,intercept=-2.0957248e-05;phi=0.037856972;sd=0.99932693
interference,host,host_cpu3-interf_io-run2,cap_2500us,100001,99886,0.998850011499885,69886,30000,7,2,13.316894608034913,0.00682515943166897,,gaussian_gmm,2,-3128.955084247318,-351.8299336641044,30000,5,6313.683271604831,-0.011727664455470146,-351.8299336641044,0.0,0.0,"component_0_mean=-0.026297065,weight=0.99632077;component_1_mean=7.1211353,weight=0.0036792324"
interference,host,host_cpu3-interf_io-run2,cap_2500us,100001,99886,0.998850011499885,69886,30000,7,2,13.316894608034913,0.00682515943166897,,gaussian_hmm,2,-11452.94230197502,-5609.828234881092,30000,7,22983.96694830431,-0.1869942744960364,-1085.0112760938068,249.68354406319895,-0.15082723195957617,state_0_mean=-0.024241715;state_1_mean=10.032504
interference,host,host_cpu3-interf_io-run2,cap_2500us,100001,99886,0.998850011499885,69886,30000,7,2,13.316894608034913,0.00682515943166897,,gaussian_gmm,3,-94.5072231773164,1422.2169218504125,30000,8,278.2514113309442,0.047407230728347086,1422.2169218504125,0.0,0.0,"component_0_mean=-0.096289882,weight=0.80428775;component_1_mean=0.2727653,weight=0.19349465;component_2_mean=11.122912,weight=0.002217598"
interference,host,host_cpu3-interf_io-run2,cap_2500us,100001,99886,0.998850011499885,69886,30000,7,2,13.316894608034913,0.00682515943166897,,gaussian_hmm,3,-2807.5564930748565,-63.57795827966772,30000,14,5771.277674858258,-0.002119265275988924,58.225843217598786,1.5160329333394638,-0.0040601267165755505,state_0_mean=-0.030884731;state_1_mean=0.92763299;state_2_mean=16.686473
interference,host,host_cpu3-interf_io-run2,cap_2500us,100001,99886,0.998850011499885,69886,30000,7,2,13.316894608034913,0.00682515943166897,,gaussian_gmm,4,105.49862706839428,1632.3143604593643,30000,11,-88.2964272943604,0.054410478681978805,1632.3143604593643,0.0,0.0,"component_0_mean=-0.12291687,weight=0.68290248;component_1_mean=0.18729223,weight=0.31450693;component_2_mean=6.0965032,weight=0.0023642127;component_3_mean=46.92199,weight=0.00022637792"
interference,host,host_cpu3-interf_io-run2,cap_2500us,100001,99886,0.998850011499885,69886,30000,7,2,13.316894608034913,0.00682515943166897,,gaussian_hmm,4,2520.4905519847684,608.1930325350424,30000,23,-4784.424829662642,0.020273101084501415,-338.19021581996566,10.970613408101082,0.031546108278500275,state_0_mean=-0.22103921;state_1_mean=0.015581169;state_2_mean=0.82638;state_3_mean=16.15085
interference,host,host_cpu3-interf_io-run2,cap_2500us,100001,99886,0.998850011499885,69886,30000,7,2,13.316894608034913,0.00682515943166897,,gaussian_gmm,5,115.89870763608667,1470.494676086876,30000,14,-75.63272656362838,0.04901648920289587,1470.494676086876,0.0,0.0,"component_0_mean=-0.12343145,weight=0.68313825;component_1_mean=0.18848103,weight=0.3141985;component_2_mean=5.199958,weight=0.0022349483;component_3_mean=20.179848,weight=0.000371072;component_4_mean=104.6625,weight=5.7236069e-05"
interference,host,host_cpu3-interf_io-run2,cap_2500us,100001,99886,0.998850011499885,69886,30000,7,2,13.316894608034913,0.00682515943166897,,gaussian_hmm,5,6331.2762912469125,2330.1587045521264,30000,34,-12283.295481344501,0.07767195681840422,1147.2858323556463,23.50346825408103,0.03942909573988267,state_0_mean=-0.23659023;state_1_mean=-0.10521119;state_2_mean=0.1647542;state_3_mean=6.1641435;state_4_mean=58.016624
interference,host,host_cpu3-interf_io-run2,cap_2000us,100001,99884,0.998830011699883,69886,29998,7,4,13.316894608034913,0.00682515943166897,,iid_gaussian,1,-99163.43833154175,-41066.589120594275,29998,2,198349.18590432758,-1.3689775691910886,-41066.589120594275,0.0,0.0,mean=-6.3194239e-14;sd=1
interference,host,host_cpu3-interf_io-run2,cap_2000us,100001,99884,0.998830011699883,69886,29998,7,4,13.316894608034913,0.00682515943166897,,ar1_gaussian,1,,-41021.731129318796,29994,3,,-1.3676645705580714,,,,intercept=-2.0957248e-05;phi=0.037856972;sd=0.99932693
interference,host,host_cpu3-interf_io-run2,cap_2000us,100001,99884,0.998830011699883,69886,29998,7,4,13.316894608034913,0.00682515943166897,,gaussian_gmm,2,-3128.955084247318,-162.06330485954123,29998,5,6313.683271604831,-0.005402470326673152,-162.06330485954123,0.0,0.0,"component_0_mean=-0.026297065,weight=0.99632077;component_1_mean=7.1211353,weight=0.0036792324"
interference,host,host_cpu3-interf_io-run2,cap_2000us,100001,99884,0.998830011699883,69886,29998,7,4,13.316894608034913,0.00682515943166897,,gaussian_hmm,2,-11452.94230197502,-5469.675719085124,29998,7,22983.96694830431,-0.18233467961481178,-850.7325859179751,0.005731069414157077,-0.1539750361079788,state_0_mean=-0.024241715;state_1_mean=10.032504
interference,host,host_cpu3-interf_io-run2,cap_2000us,100001,99884,0.998830011699883,69886,29998,7,4,13.316894608034913,0.00682515943166897,,gaussian_gmm,3,-94.5072231773164,1554.2557977613549,29998,8,278.2514113309442,0.05181198072409344,1554.2557977613549,0.0,0.0,"component_0_mean=-0.096289882,weight=0.80428775;component_1_mean=0.2727653,weight=0.19349465;component_2_mean=11.122912,weight=0.002217598"
interference,host,host_cpu3-interf_io-run2,cap_2000us,100001,99884,0.998830011699883,69886,29998,7,4,13.316894608034913,0.00682515943166897,,gaussian_hmm,3,-2807.5564930748565,31.0426009466585,29998,14,5771.277674858258,0.0010348223530454864,150.25461150212828,7.767609130019781,-0.003973998618423555,state_0_mean=-0.030884731;state_1_mean=0.92763299;state_2_mean=16.686473
interference,host,host_cpu3-interf_io-run2,cap_2000us,100001,99884,0.998830011699883,69886,29998,7,4,13.316894608034913,0.00682515943166897,,gaussian_gmm,4,105.49862706839428,1675.1743067511718,29998,11,-88.2964272943604,0.055842866416133466,1675.1743067511718,0.0,0.0,"component_0_mean=-0.12291687,weight=0.68290248;component_1_mean=0.18729223,weight=0.31450693;component_2_mean=6.0965032,weight=0.0023642127;component_3_mean=46.92199,weight=0.00022637792"
interference,host,host_cpu3-interf_io-run2,cap_2000us,100001,99884,0.998830011699883,69886,29998,7,4,13.316894608034913,0.00682515943166897,,gaussian_hmm,4,2520.4905519847684,705.2797167176526,29998,23,-4784.424829662642,0.02351089128334064,-235.94014550234675,11.452726171899194,0.03137608714647641,state_0_mean=-0.22103921;state_1_mean=0.015581169;state_2_mean=0.82638;state_3_mean=16.15085
interference,host,host_cpu3-interf_io-run2,cap_2000us,100001,99884,0.998830011699883,69886,29998,7,4,13.316894608034913,0.00682515943166897,,gaussian_gmm,5,115.89870763608667,1680.8405532678057,29998,14,-75.63272656362838,0.056031753892519694,1680.8405532678057,0.0,0.0,"component_0_mean=-0.12343145,weight=0.68313825;component_1_mean=0.18848103,weight=0.3141985;component_2_mean=5.199958,weight=0.0022349483;component_3_mean=20.179848,weight=0.000371072;component_4_mean=104.6625,weight=5.7236069e-05"
interference,host,host_cpu3-interf_io-run2,cap_2000us,100001,99884,0.998830011699883,69886,29998,7,4,13.316894608034913,0.00682515943166897,,gaussian_hmm,5,6331.2762912469125,2369.145627814292,29998,34,-12283.295481344501,0.0789767860462128,1177.6219790341427,17.693595024010808,0.03972010296620272,state_0_mean=-0.23659023;state_1_mean=-0.10521119;state_2_mean=0.1647542;state_3_mean=6.1641435;state_4_mean=58.016624
interference,host,host_cpu3-interf_io-run2,cap_1500us,100001,99884,0.998830011699883,69886,29998,7,4,13.316894608034913,0.00682515943166897,,iid_gaussian,1,-99163.43833154175,-41066.589120594275,29998,2,198349.18590432758,-1.3689775691910886,-41066.589120594275,0.0,0.0,mean=-6.3194239e-14;sd=1
interference,host,host_cpu3-interf_io-run2,cap_1500us,100001,99884,0.998830011699883,69886,29998,7,4,13.316894608034913,0.00682515943166897,,ar1_gaussian,1,,-41021.731129318796,29994,3,,-1.3676645705580714,,,,intercept=-2.0957248e-05;phi=0.037856972;sd=0.99932693
interference,host,host_cpu3-interf_io-run2,cap_1500us,100001,99884,0.998830011699883,69886,29998,7,4,13.316894608034913,0.00682515943166897,,gaussian_gmm,2,-3128.955084247318,-162.06330485954123,29998,5,6313.683271604831,-0.005402470326673152,-162.06330485954123,0.0,0.0,"component_0_mean=-0.026297065,weight=0.99632077;component_1_mean=7.1211353,weight=0.0036792324"
interference,host,host_cpu3-interf_io-run2,cap_1500us,100001,99884,0.998830011699883,69886,29998,7,4,13.316894608034913,0.00682515943166897,,gaussian_hmm,2,-11452.94230197502,-5469.675719085124,29998,7,22983.96694830431,-0.18233467961481178,-971.4322650994976,275.16406280401696,-0.14995144522920284,state_0_mean=-0.024241715;state_1_mean=10.032504
interference,host,host_cpu3-interf_io-run2,cap_1500us,100001,99884,0.998830011699883,69886,29998,7,4,13.316894608034913,0.00682515943166897,,gaussian_gmm,3,-94.5072231773164,1554.2557977613549,29998,8,278.2514113309442,0.05181198072409344,1554.2557977613549,0.0,0.0,"component_0_mean=-0.096289882,weight=0.80428775;component_1_mean=0.2727653,weight=0.19349465;component_2_mean=11.122912,weight=0.002217598"
interference,host,host_cpu3-interf_io-run2,cap_1500us,100001,99884,0.998830011699883,69886,29998,7,4,13.316894608034913,0.00682515943166897,,gaussian_hmm,3,-2807.5564930748565,31.0426009466585,29998,14,5771.277674858258,0.0010348223530454864,152.78542493543296,1.7622198107369782,-0.004058364690605189,state_0_mean=-0.030884731;state_1_mean=0.92763299;state_2_mean=16.686473
interference,host,host_cpu3-interf_io-run2,cap_1500us,100001,99884,0.998830011699883,69886,29998,7,4,13.316894608034913,0.00682515943166897,,gaussian_gmm,4,105.49862706839428,1675.1743067511718,29998,11,-88.2964272943604,0.055842866416133466,1675.1743067511718,0.0,0.0,"component_0_mean=-0.12291687,weight=0.68290248;component_1_mean=0.18729223,weight=0.31450693;component_2_mean=6.0965032,weight=0.0023642127;component_3_mean=46.92199,weight=0.00022637792"
interference,host,host_cpu3-interf_io-run2,cap_1500us,100001,99884,0.998830011699883,69886,29998,7,4,13.316894608034913,0.00682515943166897,,gaussian_hmm,4,2520.4905519847684,705.2797167176526,29998,23,-4784.424829662642,0.02351089128334064,-245.1986723121227,8.089158497422813,0.031684725282678024,state_0_mean=-0.22103921;state_1_mean=0.015581169;state_2_mean=0.82638;state_3_mean=16.15085
interference,host,host_cpu3-interf_io-run2,cap_1500us,100001,99884,0.998830011699883,69886,29998,7,4,13.316894608034913,0.00682515943166897,,gaussian_gmm,5,115.89870763608667,1680.8405532678057,29998,14,-75.63272656362838,0.056031753892519694,1680.8405532678057,0.0,0.0,"component_0_mean=-0.12343145,weight=0.68313825;component_1_mean=0.18848103,weight=0.3141985;component_2_mean=5.199958,weight=0.0022349483;component_3_mean=20.179848,weight=0.000371072;component_4_mean=104.6625,weight=5.7236069e-05"
interference,host,host_cpu3-interf_io-run2,cap_1500us,100001,99884,0.998830011699883,69886,29998,7,4,13.316894608034913,0.00682515943166897,,gaussian_hmm,5,6331.2762912469125,2369.145627814292,29998,34,-12283.295481344501,0.0789767860462128,1181.9776519284928,16.26366869222416,0.03957490418980596,state_0_mean=-0.23659023;state_1_mean=-0.10521119;state_2_mean=0.1647542;state_3_mean=6.1641435;state_4_mean=58.016624
interference,host,host_cpu3-interf_io-run2,cap_1000us,100001,99878,0.998770012299877,69882,29996,11,6,13.31685371977898,0.004154411063105346,,iid_gaussian,1,-99157.76257740892,-40007.073338272196,29996,2,198337.83428158652,-1.3337469442016334,-40007.073338272196,0.0,0.0,mean=-2.7705737e-13;sd=1
interference,host,host_cpu3-interf_io-run2,cap_1000us,100001,99878,0.998770012299877,69882,29996,11,6,13.31685371977898,0.004154411063105346,,ar1_gaussian,1,,-39679.827112250365,29990,3,,-1.3231019377209192,,,,intercept=-4.0709138e-05;phi=0.10114245;sd=0.99491803
interference,host,host_cpu3-interf_io-run2,cap_1000us,100001,99878,0.998770012299877,69882,29996,11,6,13.31685371977898,0.004154411063105346,,gaussian_gmm,2,-37599.42540825516,-14937.8532045202,29996,5,75254.62363343198,-0.49799483946260165,-14937.8532045202,0.0,0.0,"component_0_mean=-0.034399281,weight=0.99562567;component_1_mean=7.8294896,weight=0.0043743346"
interference,host,host_cpu3-interf_io-run2,cap_1000us,100001,99878,0.998770012299877,69882,29996,11,6,13.31685371977898,0.004154411063105346,,gaussian_hmm,2,-37589.92189704856,-14934.33599096861,29996,7,75257.92573778743,-0.4978775833767372,-14940.29468655948,1.7056532821523633,0.0001986496729854239,state_0_mean=-0.034400751;state_1_mean=7.7962774
interference,host,host_cpu3-interf_io-run2,cap_1000us,100001,99878,0.998770012299877,69882,29996,11,6,13.31685371977898,0.004154411063105346,,gaussian_gmm,3,-34561.28000001221,-13192.054720455943,29996,8,69211.79650709906,-0.43979379652140094,-13192.054720455943,0.0,0.0,"component_0_mean=-0.19440044,weight=0.67570092;component_1_mean=0.31120491,weight=0.32184827;component_2_mean=12.728773,weight=0.0024508096"
interference,host,host_cpu3-interf_io-run2,cap_1000us,100001,99878,0.998770012299877,69882,29996,11,6,13.31685371977898,0.004154411063105346,,gaussian_hmm,3,-32325.726545575595,-14255.82724671645,29996,14,64807.61697853182,-0.4752576092384468,-15358.06825199338,10.339785531280775,0.036746266344743636,state_0_mean=-0.35264774;state_1_mean=0.044614476;state_2_mean=7.2087547
interference,host,host_cpu3-interf_io-run2,cap_1000us,100001,99878,0.998770012299877,69882,29996,11,6,13.31685371977898,0.004154411063105346,,gaussian_gmm,4,-34522.999693879676,-13179.926761330898,29996,11,69168.69958498699,-0.4393894773080044,-13179.926761330898,0.0,0.0,"component_0_mean=-0.19558701,weight=0.67372611;component_1_mean=0.30995811,weight=0.3236468;component_2_mean=8.384977,weight=0.0022354363;component_3_mean=32.455213,weight=0.00039164871"
interference,host,host_cpu3-interf_io-run2,cap_1000us,100001,99878,0.998770012299877,69882,29996,11,6,13.31685371977898,0.004154411063105346,,gaussian_hmm,4,-28333.679244350787,-12487.214889265108,29996,23,56923.913446541184,-0.4162960024424959,-13686.226710447527,15.55601090771605,0.03997239035812839,state_0_mean=-0.37838762;state_1_mean=-0.16193425;state_2_mean=0.28231781;state_3_mean=11.986197
interference,host,host_cpu3-interf_io-run2,cap_1000us,100001,99878,0.998770012299877,69882,29996,11,6,13.31685371977898,0.004154411063105346,,gaussian_gmm,5,-34286.972356753075,-13046.238074270892,29996,14,68730.10860088679,-0.4349325934881615,-13046.238074270892,0.0,0.0,"component_0_mean=-0.19917575,weight=0.67304382;component_1_mean=0.29476225,weight=0.31754385;component_2_mean=1.3666137,weight=0.0073857308;component_3_mean=11.52029,weight=0.0017551961;component_4_mean=37.362394,weight=0.00027140276"
interference,host,host_cpu3-interf_io-run2,cap_1000us,100001,99878,0.998770012299877,69882,29996,11,6,13.31685371977898,0.004154411063105346,,gaussian_hmm,5,-28289.151640691194,-12494.121937957174,29996,34,56957.55843644963,-0.4165262681009859,-13701.28732325201,17.109037379430013,0.04024421207143741,state_0_mean=-0.37748217;state_1_mean=-0.16225502;state_2_mean=0.28074087;state_3_mean=9.8085687;state_4_mean=17.183167
interference,host,host_cpu3-interf_io-run2,train_q_0.999,100001,99787,0.997860021399786,69816,29971,75,28,13.316754873257265,0.0019413315357426607,,iid_gaussian,1,-99064.11263421742,-41292.148886303454,29971,2,198150.53250541253,-1.3777367750927048,-41292.148886303454,0.0,0.0,mean=-2.915969e-13;sd=1
interference,host,host_cpu3-interf_io-run2,train_q_0.999,100001,99787,0.997860021399786,69816,29971,75,28,13.316754873257265,0.0019413315357426607,,ar1_gaussian,1,,-41175.75439183734,29943,3,,-1.375137908420577,,,,intercept=-0.00071413395;phi=0.18783385;sd=0.97728733
interference,host,host_cpu3-interf_io-run2,train_q_0.999,100001,99787,0.997860021399786,69816,29971,75,28,13.316754873257265,0.0019413315357426607,,gaussian_gmm,2,-89532.51866959051,-37105.194879374794,29971,5,179120.80543162525,-1.2380365980239163,-37105.194879374794,0.0,0.0,"component_0_mean=-0.057236659,weight=0.97629989;component_1_mean=2.3578013,weight=0.023700107"
interference,host,host_cpu3-interf_io-run2,train_q_0.999,100001,99787,0.997860021399786,69816,29971,75,28,13.316754873257265,0.0019413315357426607,,gaussian_hmm,2,-89505.88710280579,-37141.17567915898,29971,7,179089.84953503349,-1.2392371185198685,-37140.40674932454,1.2262070203786566,-2.5655795083287966e-05,state_0_mean=-0.046385085;state_1_mean=2.9019431
interference,host,host_cpu3-interf_io-run2,train_q_0.999,100001,99787,0.997860021399786,69816,29971,75,28,13.316754873257265,0.0019413315357426607,,gaussian_gmm,3,-86853.4901562954,-35675.57188212563,29971,8,173796.20926050155,-1.190336387912503,-35675.57188212563,0.0,0.0,"component_0_mean=-0.37258424,weight=0.67267137;component_1_mean=0.71365303,weight=0.32484692;component_2_mean=7.5749115,weight=0.0024817133"
interference,host,host_cpu3-interf_io-run2,train_q_0.999,100001,99787,0.997860021399786,69816,29971,75,28,13.316754873257265,0.0019413315357426607,,gaussian_hmm,3,-84155.4010569734,-36456.704673400796,29971,14,168466.9527727906,-1.2163993418104433,-37562.25638799358,10.550904276028362,0.036887381621993946,state_0_mean=-0.70956486;state_1_mean=0.11431;state_2_mean=2.778871
interference,host,host_cpu3-interf_io-run2,train_q_0.999,100001,99787,0.997860021399786,69816,29971,75,28,13.316754873257265,0.0019413315357426607,,gaussian_gmm,4,-86696.34385887592,-35661.62320885177,29971,11,173515.37752112912,-1.1898709822445621,-35661.62320885177,0.0,0.0,"component_0_mean=-0.64537502,weight=0.43099215;component_1_mean=0.16067431,weight=0.39130634;component_2_mean=1.1278975,weight=0.17584584;component_3_mean=9.130188,weight=0.0018556693"
interference,host,host_cpu3-interf_io-run2,train_q_0.999,100001,99787,0.997860021399786,69816,29971,75,28,13.316754873257265,0.0019413315357426607,,gaussian_hmm,4,-80586.04850229646,-34980.85354147117,29971,23,161428.6302298363,-1.1671567028618055,-36176.9712943471,20.409217175563327,0.039909170627470854,state_0_mean=-0.76046552;state_1_mean=-0.3137518;state_2_mean=0.6210372;state_3_mean=6.4723903
interference,host,host_cpu3-interf_io-run2,train_q_0.999,100001,99787,0.997860021399786,69816,29971,75,28,13.316754873257265,0.0019413315357426607,,gaussian_gmm,5,-86527.66257381608,-35634.99456037757,29971,14,173211.47580647597,-1.1889825017642912,-35634.99456037757,0.0,0.0,"component_0_mean=-0.9583014,weight=0.21629003;component_1_mean=-0.26862845,weight=0.39908974;component_2_mean=0.51761435,weight=0.26414424;component_3_mean=1.3597648,weight=0.11888499;component_4_mean=10.117773,weight=0.0015910048"
interference,host,host_cpu3-interf_io-run2,train_q_0.999,100001,99787,0.997860021399786,69816,29971,75,28,13.316754873257265,0.0019413315357426607,,gaussian_hmm,5,-78823.79384077071,-34731.64528279605,29971,34,158026.8107101621,-1.1588417230921908,-36270.1050189654,18.794069175052094,0.05133161176368306,state_0_mean=-1.1458126;state_1_mean=-0.31618393;state_2_mean=-0.14023504;state_3_mean=0.60776432;state_4_mean=6.500037
interference,host,host_cpu3-interf_io-run2,train_q_0.9995,100001,99834,0.998330016699833,69851,29983,40,17,13.316790822647347,0.002527940507612212,,iid_gaussian,1,-99113.77548287957,-40116.60723944829,29983,2,198249.8592051211,-1.3379784290914283,-40116.60723944829,0.0,0.0,mean=-9.3910331e-14;sd=1
interference,host,host_cpu3-interf_io-run2,train_q_0.9995,100001,99834,0.998330016699833,69851,29983,40,17,13.316790822647347,0.002527940507612212,,ar1_gaussian,1,,-39729.59937897903,29966,3,,-1.3258225782212851,,,,intercept=-0.00010532474;phi=0.1235921;sd=0.99244366
interference,host,host_cpu3-interf_io-run2,train_q_0.9995,100001,99834,0.998330016699833,69851,29983,40,17,13.316790822647347,0.002527940507612212,,gaussian_gmm,2,-71768.90346175626,-29581.987855993262,29983,5,143593.57752191738,-0.9866253495645286,-29581.987855993262,0.0,0.0,"component_0_mean=-0.034864888,weight=0.99444098;component_1_mean=6.2369029,weight=0.0055590209"
interference,host,host_cpu3-interf_io-run2,train_q_0.9995,100001,99834,0.998330016699833,69851,29983,40,17,13.316790822647347,0.002527940507612212,,gaussian_hmm,2,-71765.80414756158,-29626.79612700308,29983,7,143609.68713289,-0.988119805456528,-29580.723873207695,4.226703691594511,-0.001536612540285639,state_0_mean=-0.03544843;state_1_mean=5.9585187
interference,host,host_cpu3-interf_io-run2,train_q_0.9995,100001,99834,0.998330016699833,69851,29983,40,17,13.316790822647347,0.002527940507612212,,gaussian_gmm,3,-68840.3182190501,-27913.886288822832,29983,8,137769.86939554798,-0.9309904375420349,-27913.886288822832,0.0,0.0,"component_0_mean=-0.29816146,weight=0.66725535;component_1_mean=0.52017538,weight=0.33049826;component_2_mean=12.033844,weight=0.0022463958"
interference,host,host_cpu3-interf_io-run2,train_q_0.9995,100001,99834,0.998330016699833,69851,29983,40,17,13.316790822647347,0.002527940507612212,,gaussian_hmm,3,-66466.33754928457,-28896.272144353326,29983,14,133088.83277410278,-0.9637551994247849,-29994.632824758744,10.4399114500796,0.036632781256225794,state_0_mean=-0.55462948;state_1_mean=0.092947915;state_2_mean=5.4661514
interference,host,host_cpu3-interf_io-run2,train_q_0.9995,100001,99834,0.998330016699833,69851,29983,40,17,13.316790822647347,0.002527940507612212,,gaussian_gmm,4,-68671.77796712285,-27886.589069833637,29983,11,137466.25125073642,-0.9300800143359116,-27886.589069833637,0.0,0.0,"component_0_mean=-0.5047199,weight=0.43673659;component_1_mean=0.11891725,weight=0.38556011;component_2_mean=0.84365313,weight=0.17571505;component_3_mean=13.246451,weight=0.0019882572"
interference,host,host_cpu3-interf_io-run2,train_q_0.9995,100001,99834,0.998330016699833,69851,29983,40,17,13.316790822647347,0.002527940507612212,,gaussian_hmm,4,-62597.62972492548,-27213.52701962551,29983,23,125451.80420251338,-0.9076318920596842,-28403.39362359982,31.313626157591937,0.03968470813375271,state_0_mean=-0.59809452;state_1_mean=-0.24620312;state_2_mean=0.4800654;state_3_mean=10.803686
interference,host,host_cpu3-interf_io-run2,train_q_0.9995,100001,99834,0.998330016699833,69851,29983,40,17,13.316790822647347,0.002527940507612212,,gaussian_gmm,5,-68512.22697278643,-27801.50348713681,29983,14,137180.6116211065,-0.9272422201626526,-27801.50348713681,0.0,0.0,"component_0_mean=-0.53023873,weight=0.41321867;component_1_mean=0.06635882,weight=0.39571613;component_2_mean=0.8223104,weight=0.18102629;component_3_mean=2.2331485,weight=0.0084426629;component_4_mean=15.744315,weight=0.0015962437"
interference,host,host_cpu3-interf_io-run2,train_q_0.9995,100001,99834,0.998330016699833,69851,29983,40,17,13.316790822647347,0.002527940507612212,,gaussian_hmm,5,-60835.83806485887,-26966.977729745333,29983,34,122050.9161988709,-0.8994089227143826,-28476.693042889274,23.22764269201489,0.050352376784976186,state_0_mean=-0.89233831;state_1_mean=-0.24721135;state_2_mean=-0.12103547;state_3_mean=0.47122553;state_4_mean=10.832995
interference,host,host_cpu3-interf_io-run2,train_q_0.9999,100001,99874,0.998730012699873,69879,29995,14,7,13.316840877294796,0.0036217405225842593,,iid_gaussian,1,-99153.50576180933,-41750.70957931222,29995,2,198329.32056452645,-1.3919223063614676,-41750.70957931222,0.0,0.0,mean=-5.42184e-13;sd=1
interference,host,host_cpu3-interf_io-run2,train_q_0.9999,100001,99874,0.998730012699873,69879,29995,14,7,13.316840877294796,0.0036217405225842593,,ar1_gaussian,1,,-40970.843992534574,29988,3,,-1.3662412962696604,,,,intercept=-0.00045964452;phi=0.062999273;sd=0.99027739
interference,host,host_cpu3-interf_io-run2,train_q_0.9999,100001,99874,0.998730012699873,69879,29995,14,7,13.316840877294796,0.0036217405225842593,,gaussian_gmm,2,-47094.91689771466,-19020.330472491805,29995,5,94245.60639769882,-0.6341167018667047,-19020.330472491805,0.0,0.0,"component_0_mean=-0.036838318,weight=0.99503228;component_1_mean=7.3786956,weight=0.0049677229"
interference,host,host_cpu3-interf_io-run2,train_q_0.9999,100001,99874,0.998730012699873,69879,29995,14,7,13.316840877294796,0.0036217405225842593,,gaussian_hmm,2,-47080.792369399074,-19019.314167482302,29995,7,94239.66638197545,-0.6340828193859744,-19026.61432296408,1.2566044477508658,0.00024337907923915143,state_0_mean=-0.036489517;state_1_mean=7.6755098
interference,host,host_cpu3-interf_io-run2,train_q_0.9999,100001,99874,0.998730012699873,69879,29995,14,7,13.316840877294796,0.0036217405225842593,,gaussian_gmm,3,-44079.10079086565,-17290.56973791879,29995,8,88247.43774536249,-0.5764483993305148,-17290.56973791879,0.0,0.0,"component_0_mean=-0.21922161,weight=0.67558502;component_1_mean=0.35960398,weight=0.32196227;component_2_mean=13.178886,weight=0.0024527054"
interference,host,host_cpu3-interf_io-run2,train_q_0.9999,100001,99874,0.998730012699873,69879,29995,14,7,13.316840877294796,0.0036217405225842593,,gaussian_hmm,3,-41810.434156879746,-18341.54850458843,29995,14,83777.03160011409,-0.611486864630386,-19435.700132118247,9.550533555830214,0.03647780055108572,state_0_mean=-0.40087563;state_1_mean=0.053981707;state_2_mean=7.0820166
interference,host,host_cpu3-interf_io-run2,train_q_0.9999,100001,99874,0.998730012699873,69879,29995,14,7,13.316840877294796,0.0036217405225842593,,gaussian_gmm,4,-43841.92041810014,-17153.5296968936,29995,11,87806.54056119318,-0.5718796365025371,-17153.5296968936,0.0,0.0,"component_0_mean=-0.22555403,weight=0.66689216;component_1_mean=0.33278121,weight=0.32409463;component_2_mean=1.6047251,weight=0.0070252376;component_3_mean=15.741746,weight=0.0019879646"
interference,host,host_cpu3-interf_io-run2,train_q_0.9999,100001,99874,0.998730012699873,69879,29995,14,7,13.316840877294796,0.0036217405225842593,,gaussian_hmm,4,-37849.28196354684,-16585.950829250305,29995,23,75955.11789753338,-0.5529571871728723,-17791.86751773071,22.0997279867798,0.040203923603280664,state_0_mean=-0.43076221;state_1_mean=-0.18325458;state_2_mean=0.32553669;state_3_mean=12.207227
interference,host,host_cpu3-interf_io-run2,train_q_0.9999,100001,99874,0.998730012699873,69879,29995,14,7,13.316840877294796,0.0036217405225842593,,gaussian_gmm,5,-43742.48582419508,-17193.590049274542,29995,14,87641.13493474475,-0.5732152041765142,-17193.590049274542,0.0,0.0,"component_0_mean=-0.46918112,weight=0.2987282;component_1_mean=-0.087007364,weight=0.40727314;component_2_mean=0.38305335,weight=0.22082027;component_3_mean=0.83604464,weight=0.07107403;component_4_mean=15.009979,weight=0.0021043592"
interference,host,host_cpu3-interf_io-run2,train_q_0.9999,100001,99874,0.998730012699873,69879,29995,14,7,13.316840877294796,0.0036217405225842593,,gaussian_hmm,5,-36884.776100193914,-18943.950641882824,29995,34,74148.8058958204,-0.6315702831099458,-17813.32517893574,24.22967041472992,-0.03769379773119139,state_0_mean=-0.63261551;state_1_mean=-0.16566231;state_2_mean=-0.094858271;state_3_mean=0.33430695;state_4_mean=13.863154
interference,host,host_cpu3-interf_io-run9,base_stable,100001,97376,0.9737502624973751,67785,29591,36,15,13.313971894778277,0.0019060686424601154,,iid_gaussian,1,-96182.24847327874,-33295.17055908516,29591,2,192386.7451389785,-1.1251789584361855,-33295.17055908516,0.0,0.0,mean=-3.5024804e-13;sd=1
interference,host,host_cpu3-interf_io-run9,base_stable,100001,97376,0.9737502624973751,67785,29591,36,15,13.313971894778277,0.0019060686424601154,,ar1_gaussian,1,,-32973.81904828127,29576,3,,-1.11488433352317,,,,intercept=-5.5558915e-05;phi=0.17315738;sd=0.98494252
interference,host,host_cpu3-interf_io-run9,base_stable,100001,97376,0.9737502624973751,67785,29591,36,15,13.313971894778277,0.0019060686424601154,,gaussian_gmm,2,-68300.00381577463,-28822.500137479114,29591,5,136655.62811260184,-0.9740292703010751,-28822.500137479114,0.0,0.0,"component_0_mean=-0.020510163,weight=0.99617691;component_1_mean=5.3442996,weight=0.0038230923"
interference,host,host_cpu3-interf_io-run9,base_stable,100001,97376,0.9737502624973751,67785,29591,36,15,13.313971894778277,0.0019060686424601154,,gaussian_hmm,2,-67841.86878461455,-28840.056691180933,29591,7,135761.6062427027,-0.9746225775127888,-28893.997067482316,7.27039995803181,0.0018228642594499465,state_0_mean=-0.043785396;state_1_mean=1.9518351
interference,host,host_cpu3-interf_io-run9,base_stable,100001,97376,0.9737502624973751,67785,29591,36,15,13.313971894778277,0.0019060686424601154,,gaussian_gmm,3,-52009.62309036207,-21991.29550949882,29591,8,104108.23895040824,-0.7431751380317941,-21991.29550949882,0.0,0.0,"component_0_mean=-0.59672008,weight=0.32290381;component_1_mean=0.26030472,weight=0.67477834;component_2_mean=7.3495691,weight=0.002317851"
interference,host,host_cpu3-interf_io-run9,base_stable,100001,97376,0.9737502624973751,67785,29591,36,15,13.313971894778277,0.0019060686424601154,,gaussian_hmm,3,-51675.528121063195,-21911.175771321796,29591,14,103506.79358907358,-0.7404675668724205,-22048.028932177014,10.880358862791981,0.004624823792883595,state_0_mean=-0.59773452;state_1_mean=0.24304488;state_2_mean=2.9113978
interference,host,host_cpu3-interf_io-run9,base_stable,100001,97376,0.9737502624973751,67785,29591,36,15,13.313971894778277,0.0019060686424601154,,gaussian_gmm,4,-47553.36938421081,-20168.44968485638,29591,11,95229.10382673726,-0.6815737786778541,-20168.44968485638,0.0,0.0,"component_0_mean=-0.60260331,weight=0.3517419;component_1_mean=-0.097435095,weight=0.32006714;component_2_mean=0.70107452,weight=0.32711122;component_3_mean=12.796782,weight=0.0010797454"
interference,host,host_cpu3-interf_io-run9,base_stable,100001,97376,0.9737502624973751,67785,29591,36,15,13.313971894778277,0.0019060686424601154,,gaussian_hmm,4,-50317.6705780077,-21266.641240220128,29591,23,100891.19536885721,-0.71868612889798,-22140.065444509524,6.595404900554133,0.029516549095650588,state_0_mean=-0.59809406;state_1_mean=0.19880057;state_2_mean=1.0283198;state_3_mean=35.705248
interference,host,host_cpu3-interf_io-run9,base_stable,100001,97376,0.9737502624973751,67785,29591,36,15,13.313971894778277,0.0019060686424601154,,gaussian_gmm,5,-47539.25276093648,-20165.211329313403,29591,14,95234.24286882015,-0.6814643414995574,-20165.211329313403,0.0,0.0,"component_0_mean=-0.60259733,weight=0.35193484;component_1_mean=-0.097527635,weight=0.32033766;component_2_mean=0.70165616,weight=0.32648478;component_3_mean=9.5501063,weight=0.00121321;component_4_mean=89.829943,weight=2.9504916e-05"
interference,host,host_cpu3-interf_io-run9,base_stable,100001,97376,0.9737502624973751,67785,29591,36,15,13.313971894778277,0.0019060686424601154,,gaussian_hmm,5,-45223.55167901879,-19155.622607388934,29591,34,90825.32262919504,-0.6473462406606378,-20352.41327865434,6.125221197192385,0.040444414560691005,state_0_mean=-0.60382037;state_1_mean=-0.11670376;state_2_mean=0.64177819;state_3_mean=0.92226242;state_4_mean=37.828828
interference,host,host_cpu3-interf_io-run9,cap_2500us,100001,97376,0.9737502624973751,67785,29591,36,15,13.313971894778277,0.0019060686424601154,,iid_gaussian,1,-96182.24847327874,-33295.17055908516,29591,2,192386.7451389785,-1.1251789584361855,-33295.17055908516,0.0,0.0,mean=-3.5024804e-13;sd=1
interference,host,host_cpu3-interf_io-run9,cap_2500us,100001,97376,0.9737502624973751,67785,29591,36,15,13.313971894778277,0.0019060686424601154,,ar1_gaussian,1,,-32973.81904828127,29576,3,,-1.11488433352317,,,,intercept=-5.5558915e-05;phi=0.17315738;sd=0.98494252
interference,host,host_cpu3-interf_io-run9,cap_2500us,100001,97376,0.9737502624973751,67785,29591,36,15,13.313971894778277,0.0019060686424601154,,gaussian_gmm,2,-68300.00381577463,-28822.500137479114,29591,5,136655.62811260184,-0.9740292703010751,-28822.500137479114,0.0,0.0,"component_0_mean=-0.020510163,weight=0.99617691;component_1_mean=5.3442996,weight=0.0038230923"
interference,host,host_cpu3-interf_io-run9,cap_2500us,100001,97376,0.9737502624973751,67785,29591,36,15,13.313971894778277,0.0019060686424601154,,gaussian_hmm,2,-67841.86878461455,-28840.056691180933,29591,7,135761.6062427027,-0.9746225775127888,-28892.751507756395,5.208200067234479,0.0017807717405786227,state_0_mean=-0.043785396;state_1_mean=1.9518351
interference,host,host_cpu3-interf_io-run9,cap_2500us,100001,97376,0.9737502624973751,67785,29591,36,15,13.313971894778277,0.0019060686424601154,,gaussian_gmm,3,-52009.62309036207,-21991.29550949882,29591,8,104108.23895040824,-0.7431751380317941,-21991.29550949882,0.0,0.0,"component_0_mean=-0.59672008,weight=0.32290381;component_1_mean=0.26030472,weight=0.67477834;component_2_mean=7.3495691,weight=0.002317851"
interference,host,host_cpu3-interf_io-run9,cap_2500us,100001,97376,0.9737502624973751,67785,29591,36,15,13.313971894778277,0.0019060686424601154,,gaussian_hmm,3,-51675.528121063195,-21911.175771321796,29591,14,103506.79358907358,-0.7404675668724205,-22050.148131969727,14.286425921158608,0.004696440155720694,state_0_mean=-0.59773452;state_1_mean=0.24304488;state_2_mean=2.9113978
interference,host,host_cpu3-interf_io-run9,cap_2500us,100001,97376,0.9737502624973751,67785,29591,36,15,13.313971894778277,0.0019060686424601154,,gaussian_gmm,4,-47553.36938421081,-20168.44968485638,29591,11,95229.10382673726,-0.6815737786778541,-20168.44968485638,0.0,0.0,"component_0_mean=-0.60260331,weight=0.3517419;component_1_mean=-0.097435095,weight=0.32006714;component_2_mean=0.70107452,weight=0.32711122;component_3_mean=12.796782,weight=0.0010797454"
interference,host,host_cpu3-interf_io-run9,cap_2500us,100001,97376,0.9737502624973751,67785,29591,36,15,13.313971894778277,0.0019060686424601154,,gaussian_hmm,4,-50317.6705780077,-21266.641240220128,29591,23,100891.19536885721,-0.71868612889798,-22146.719004434526,4.243576979864355,0.029741399892345595,state_0_mean=-0.59809406;state_1_mean=0.19880057;state_2_mean=1.0283198;state_3_mean=35.705248
interference,host,host_cpu3-interf_io-run9,cap_2500us,100001,97376,0.9737502624973751,67785,29591,36,15,13.313971894778277,0.0019060686424601154,,gaussian_gmm,5,-47539.25276093648,-20165.211329313403,29591,14,95234.24286882015,-0.6814643414995574,-20165.211329313403,0.0,0.0,"component_0_mean=-0.60259733,weight=0.35193484;component_1_mean=-0.097527635,weight=0.32033766;component_2_mean=0.70165616,weight=0.32648478;component_3_mean=9.5501063,weight=0.00121321;component_4_mean=89.829943,weight=2.9504916e-05"
interference,host,host_cpu3-interf_io-run9,cap_2500us,100001,97376,0.9737502624973751,67785,29591,36,15,13.313971894778277,0.0019060686424601154,,gaussian_hmm,5,-45223.55167901879,-19155.622607388934,29591,34,90825.32262919504,-0.6473462406606378,-20359.71116073599,8.238273402333723,0.04069103961836563,state_0_mean=-0.60382037;state_1_mean=-0.11670376;state_2_mean=0.64177819;state_3_mean=0.92226242;state_4_mean=37.828828
interference,host,host_cpu3-interf_io-run9,cap_2000us,100001,97376,0.9737502624973751,67785,29591,36,15,13.313971894778277,0.0019060686424601154,,iid_gaussian,1,-96182.24847327874,-33295.17055908516,29591,2,192386.7451389785,-1.1251789584361855,-33295.17055908516,0.0,0.0,mean=-3.5024804e-13;sd=1
interference,host,host_cpu3-interf_io-run9,cap_2000us,100001,97376,0.9737502624973751,67785,29591,36,15,13.313971894778277,0.0019060686424601154,,ar1_gaussian,1,,-32973.81904828127,29576,3,,-1.11488433352317,,,,intercept=-5.5558915e-05;phi=0.17315738;sd=0.98494252
interference,host,host_cpu3-interf_io-run9,cap_2000us,100001,97376,0.9737502624973751,67785,29591,36,15,13.313971894778277,0.0019060686424601154,,gaussian_gmm,2,-68300.00381577463,-28822.500137479114,29591,5,136655.62811260184,-0.9740292703010751,-28822.500137479114,0.0,0.0,"component_0_mean=-0.020510163,weight=0.99617691;component_1_mean=5.3442996,weight=0.0038230923"
interference,host,host_cpu3-interf_io-run9,cap_2000us,100001,97376,0.9737502624973751,67785,29591,36,15,13.313971894778277,0.0019060686424601154,,gaussian_hmm,2,-67841.86878461455,-28840.056691180933,29591,7,135761.6062427027,-0.9746225775127888,-28889.550552003657,7.107382074972388,0.001672598453000032,state_0_mean=-0.043785396;state_1_mean=1.9518351
interference,host,host_cpu3-interf_io-run9,cap_2000us,100001,97376,0.9737502624973751,67785,29591,36,15,13.313971894778277,0.0019060686424601154,,gaussian_gmm,3,-52009.62309036207,-21991.29550949882,29591,8,104108.23895040824,-0.7431751380317941,-21991.29550949882,0.0,0.0,"component_0_mean=-0.59672008,weight=0.32290381;component_1_mean=0.26030472,weight=0.67477834;component_2_mean=7.3495691,weight=0.002317851"
interference,host,host_cpu3-interf_io-run9,cap_2000us,100001,97376,0.9737502624973751,67785,29591,36,15,13.313971894778277,0.0019060686424601154,,gaussian_hmm,3,-51675.528121063195,-21911.175771321796,29591,14,103506.79358907358,-0.7404675668724205,-22048.02541164046,12.42691961463196,0.004624704819663596,state_0_mean=-0.59773452;state_1_mean=0.24304488;state_2_mean=2.9113978
interference,host,host_cpu3-interf_io-run9,cap_2000us,100001,97376,0.9737502624973751,67785,29591,36,15,13.313971894778277,0.0019060686424601154,,gaussian_gmm,4,-47553.36938421081,-20168.44968485638,29591,11,95229.10382673726,-0.6815737786778541,-20168.44968485638,0.0,0.0,"component_0_mean=-0.60260331,weight=0.3517419;component_1_mean=-0.097435095,weight=0.32006714;component_2_mean=0.70107452,weight=0.32711122;component_3_mean=12.796782,weight=0.0010797454"
interference,host,host_cpu3-interf_io-run9,cap_2000us,100001,97376,0.9737502624973751,67785,29591,36,15,13.313971894778277,0.0019060686424601154,,gaussian_hmm,4,-50317.6705780077,-21266.641240220128,29591,23,100891.19536885721,-0.71868612889798,-22148.17773936883,15.392527759100739,0.029790696466787336,state_0_mean=-0.59809406;state_1_mean=0.19880057;state_2_mean=1.0283198;state_3_mean=35.705248
interference,host,host_cpu3-interf_io-run9,cap_2000us,100001,97376,0.9737502624973751,67785,29591,36,15,13.313971894778277,0.0019060686424601154,,gaussian_gmm,5,-47539.25276093648,-20165.211329313403,29591,14,95234.24286882015,-0.6814643414995574,-20165.211329313403,0.0,0.0,"component_0_mean=-0.60259733,weight=0.35193484;component_1_mean=-0.097527635,weight=0.32033766;component_2_mean=0.70165616,weight=0.32648478;component_3_mean=9.5501063,weight=0.00121321;component_4_mean=89.829943,weight=2.9504916e-05"
interference,host,host_cpu3-interf_io-run9,cap_2000us,100001,97376,0.9737502624973751,67785,29591,36,15,13.313971894778277,0.0019060686424601154,,gaussian_hmm,5,-45223.55167901879,-19155.622607388934,29591,34,90825.32262919504,-0.6473462406606378,-20354.518556035462,5.0771034868995715,0.04051556042872929,state_0_mean=-0.60382037;state_1_mean=-0.11670376;state_2_mean=0.64177819;state_3_mean=0.92226242;state_4_mean=37.828828
interference,host,host_cpu3-interf_io-run9,cap_1500us,100001,97376,0.9737502624973751,67785,29591,36,15,13.313971894778277,0.0019060686424601154,,iid_gaussian,1,-96182.24847327874,-33295.17055908516,29591,2,192386.7451389785,-1.1251789584361855,-33295.17055908516,0.0,0.0,mean=-3.5024804e-13;sd=1
interference,host,host_cpu3-interf_io-run9,cap_1500us,100001,97376,0.9737502624973751,67785,29591,36,15,13.313971894778277,0.0019060686424601154,,ar1_gaussian,1,,-32973.81904828127,29576,3,,-1.11488433352317,,,,intercept=-5.5558915e-05;phi=0.17315738;sd=0.98494252
interference,host,host_cpu3-interf_io-run9,cap_1500us,100001,97376,0.9737502624973751,67785,29591,36,15,13.313971894778277,0.0019060686424601154,,gaussian_gmm,2,-68300.00381577463,-28822.500137479114,29591,5,136655.62811260184,-0.9740292703010751,-28822.500137479114,0.0,0.0,"component_0_mean=-0.020510163,weight=0.99617691;component_1_mean=5.3442996,weight=0.0038230923"
interference,host,host_cpu3-interf_io-run9,cap_1500us,100001,97376,0.9737502624973751,67785,29591,36,15,13.313971894778277,0.0019060686424601154,,gaussian_hmm,2,-67841.86878461455,-28840.056691180933,29591,7,135761.6062427027,-0.9746225775127888,-28892.416158429172,7.54676844908628,0.0017694389256273707,state_0_mean=-0.043785396;state_1_mean=1.9518351
interference,host,host_cpu3-interf_io-run9,cap_1500us,100001,97376,0.9737502624973751,67785,29591,36,15,13.313971894778277,0.0019060686424601154,,gaussian_gmm,3,-52009.62309036207,-21991.29550949882,29591,8,104108.23895040824,-0.7431751380317941,-21991.29550949882,0.0,0.0,"component_0_mean=-0.59672008,weight=0.32290381;component_1_mean=0.26030472,weight=0.67477834;component_2_mean=7.3495691,weight=0.002317851"
interference,host,host_cpu3-interf_io-run9,cap_1500us,100001,97376,0.9737502624973751,67785,29591,36,15,13.313971894778277,0.0019060686424601154,,gaussian_hmm,3,-51675.528121063195,-21911.175771321796,29591,14,103506.79358907358,-0.7404675668724205,-22051.733432776073,6.851627401219083,0.004750013904710113,state_0_mean=-0.59773452;state_1_mean=0.24304488;state_2_mean=2.9113978
interference,host,host_cpu3-interf_io-run9,cap_1500us,100001,97376,0.9737502624973751,67785,29591,36,15,13.313971894778277,0.0019060686424601154,,gaussian_gmm,4,-47553.36938421081,-20168.44968485638,29591,11,95229.10382673726,-0.6815737786778541,-20168.44968485638,0.0,0.0,"component_0_mean=-0.60260331,weight=0.3517419;component_1_mean=-0.097435095,weight=0.32006714;component_2_mean=0.70107452,weight=0.32711122;component_3_mean=12.796782,weight=0.0010797454"
interference,host,host_cpu3-interf_io-run9,cap_1500us,100001,97376,0.9737502624973751,67785,29591,36,15,13.313971894778277,0.0019060686424601154,,gaussian_hmm,4,-50317.6705780077,-21266.641240220128,29591,23,100891.19536885721,-0.71868612889798,-22148.521702873397,11.779756694661087,0.02980232038975598,state_0_mean=-0.59809406;state_1_mean=0.19880057;state_2_mean=1.0283198;state_3_mean=35.705248
interference,host,host_cpu3-interf_io-run9,cap_1500us,100001,97376,0.9737502624973751,67785,29591,36,15,13.313971894778277,0.0019060686424601154,,gaussian_gmm,5,-47539.25276093648,-20165.211329313403,29591,14,95234.24286882015,-0.6814643414995574,-20165.211329313403,0.0,0.0,"component_0_mean=-0.60259733,weight=0.35193484;component_1_mean=-0.097527635,weight=0.32033766;component_2_mean=0.70165616,weight=0.32648478;component_3_mean=9.5501063,weight=0.00121321;component_4_mean=89.829943,weight=2.9504916e-05"
interference,host,host_cpu3-interf_io-run9,cap_1500us,100001,97376,0.9737502624973751,67785,29591,36,15,13.313971894778277,0.0019060686424601154,,gaussian_hmm,5,-45223.55167901879,-19155.622607388934,29591,34,90825.32262919504,-0.6473462406606378,-20358.23207413595,4.978277786986826,0.04064105527853121,state_0_mean=-0.60382037;state_1_mean=-0.11670376;state_2_mean=0.64177819;state_3_mean=0.92226242;state_4_mean=37.828828
interference,host,host_cpu3-interf_io-run9,cap_1000us,100001,97376,0.9737502624973751,67785,29591,36,15,13.313971894778277,0.0019060686424601154,,iid_gaussian,1,-96182.24847327874,-33295.17055908516,29591,2,192386.7451389785,-1.1251789584361855,-33295.17055908516,0.0,0.0,mean=-3.5024804e-13;sd=1
interference,host,host_cpu3-interf_io-run9,cap_1000us,100001,97376,0.9737502624973751,67785,29591,36,15,13.313971894778277,0.0019060686424601154,,ar1_gaussian,1,,-32973.81904828127,29576,3,,-1.11488433352317,,,,intercept=-5.5558915e-05;phi=0.17315738;sd=0.98494252
interference,host,host_cpu3-interf_io-run9,cap_1000us,100001,97376,0.9737502624973751,67785,29591,36,15,13.313971894778277,0.0019060686424601154,,gaussian_gmm,2,-68300.00381577463,-28822.500137479114,29591,5,136655.62811260184,-0.9740292703010751,-28822.500137479114,0.0,0.0,"component_0_mean=-0.020510163,weight=0.99617691;component_1_mean=5.3442996,weight=0.0038230923"
interference,host,host_cpu3-interf_io-run9,cap_1000us,100001,97376,0.9737502624973751,67785,29591,36,15,13.313971894778277,0.0019060686424601154,,gaussian_hmm,2,-67841.86878461455,-28840.056691180933,29591,7,135761.6062427027,-0.9746225775127888,-28893.03068704425,5.878221032687322,0.0017902063419052456,state_0_mean=-0.043785396;state_1_mean=1.9518351
interference,host,host_cpu3-interf_io-run9,cap_1000us,100001,97376,0.9737502624973751,67785,29591,36,15,13.313971894778277,0.0019060686424601154,,gaussian_gmm,3,-52009.62309036207,-21991.29550949882,29591,8,104108.23895040824,-0.7431751380317941,-21991.29550949882,0.0,0.0,"component_0_mean=-0.59672008,weight=0.32290381;component_1_mean=0.26030472,weight=0.67477834;component_2_mean=7.3495691,weight=0.002317851"
interference,host,host_cpu3-interf_io-run9,cap_1000us,100001,97376,0.9737502624973751,67785,29591,36,15,13.313971894778277,0.0019060686424601154,,gaussian_hmm,3,-51675.528121063195,-21911.175771321796,29591,14,103506.79358907358,-0.7404675668724205,-22046.970949531948,16.71863617957822,0.004589070264950553,state_0_mean=-0.59773452;state_1_mean=0.24304488;state_2_mean=2.9113978
interference,host,host_cpu3-interf_io-run9,cap_1000us,100001,97376,0.9737502624973751,67785,29591,36,15,13.313971894778277,0.0019060686424601154,,gaussian_gmm,4,-47553.36938421081,-20168.44968485638,29591,11,95229.10382673726,-0.6815737786778541,-20168.44968485638,0.0,0.0,"component_0_mean=-0.60260331,weight=0.3517419;component_1_mean=-0.097435095,weight=0.32006714;component_2_mean=0.70107452,weight=0.32711122;component_3_mean=12.796782,weight=0.0010797454"
interference,host,host_cpu3-interf_io-run9,cap_1000us,100001,97376,0.9737502624973751,67785,29591,36,15,13.313971894778277,0.0019060686424601154,,gaussian_hmm,4,-50317.6705780077,-21266.641240220128,29591,23,100891.19536885721,-0.71868612889798,-22144.4504650651,13.133876508466354,0.029664736739041332,state_0_mean=-0.59809406;state_1_mean=0.19880057;state_2_mean=1.0283198;state_3_mean=35.705248
interference,host,host_cpu3-interf_io-run9,cap_1000us,100001,97376,0.9737502624973751,67785,29591,36,15,13.313971894778277,0.0019060686424601154,,gaussian_gmm,5,-47539.25276093648,-20165.211329313403,29591,14,95234.24286882015,-0.6814643414995574,-20165.211329313403,0.0,0.0,"component_0_mean=-0.60259733,weight=0.35193484;component_1_mean=-0.097527635,weight=0.32033766;component_2_mean=0.70165616,weight=0.32648478;component_3_mean=9.5501063,weight=0.00121321;component_4_mean=89.829943,weight=2.9504916e-05"
interference,host,host_cpu3-interf_io-run9,cap_1000us,100001,97376,0.9737502624973751,67785,29591,36,15,13.313971894778277,0.0019060686424601154,,gaussian_hmm,5,-45223.55167901879,-19155.622607388934,29591,34,90825.32262919504,-0.6473462406606378,-20355.76547073252,9.046380809915815,0.04055769873757515,state_0_mean=-0.60382037;state_1_mean=-0.11670376;state_2_mean=0.64177819;state_3_mean=0.92226242;state_4_mean=37.828828
interference,host,host_cpu3-interf_io-run9,train_q_0.999,100001,97300,0.972990270097299,67717,29583,96,23,13.313945596545157,0.0012519551881786843,,iid_gaussian,1,-96085.76065302081,-41202.547102672754,29583,2,192193.76749111206,-1.3927778488548408,-41202.547102672754,0.0,0.0,mean=3.2255117e-13;sd=1
interference,host,host_cpu3-interf_io-run9,train_q_0.999,100001,97300,0.972990270097299,67717,29583,96,23,13.313945596545157,0.0012519551881786843,,ar1_gaussian,1,,-41021.00802052718,29560,3,,-1.387720163076021,,,,intercept=-0.0013495749;phi=0.14291391;sd=0.98827718
interference,host,host_cpu3-interf_io-run9,train_q_0.999,100001,97300,0.972990270097299,67717,29583,96,23,13.313945596545157,0.0012519551881786843,,gaussian_gmm,2,-79707.90706821544,-34335.990140147376,29583,5,159471.42959910692,-1.1606662657657227,-34335.990140147376,0.0,0.0,"component_0_mean=-0.88758501,weight=0.32227971;component_1_mean=0.42207773,weight=0.67772029"
interference,host,host_cpu3-interf_io-run9,train_q_0.999,100001,97300,0.972990270097299,67717,29583,96,23,13.313945596545157,0.0012519551881786843,,gaussian_hmm,2,-79565.6653273483,-34282.781209459805,29583,7,159209.19230244303,-1.158867633757895,-34387.94976820196,9.820115154916284,0.0035550335916625267,state_0_mean=-0.88841582;state_1_mean=0.41884875
interference,host,host_cpu3-interf_io-run9,train_q_0.999,100001,97300,0.972990270097299,67717,29583,96,23,13.313945596545157,0.0012519551881786843,,gaussian_gmm,3,-75208.07844920972,-32491.054725032285,29583,8,150505.14163870108,-1.0983015490326298,-32491.054725032285,0.0,0.0,"component_0_mean=-0.89644983,weight=0.35206065;component_1_mean=-0.12768679,weight=0.31979887;component_2_mean=1.0862384,weight=0.32814049"
interference,host,host_cpu3-interf_io-run9,train_q_0.999,100001,97300,0.972990270097299,67717,29583,96,23,13.313945596545157,0.0012519551881786843,,gaussian_hmm,3,-74704.4386850193,-32358.4914806229,29583,14,149564.6006655315,-1.093820487463168,-32704.579530522595,20.44222554315868,0.011698882800922685,state_0_mean=-0.89850445;state_1_mean=-0.14202101;state_2_mean=1.0522944
interference,host,host_cpu3-interf_io-run9,train_q_0.999,100001,97300,0.972990270097299,67717,29583,96,23,13.313945596545157,0.0012519551881786843,,gaussian_gmm,4,-74490.5532522838,-32186.933849413792,29583,11,149103.46052245487,-1.0880212909243077,-32186.933849413792,0.0,0.0,"component_0_mean=-0.89569724,weight=0.35860688;component_1_mean=-0.093502977,weight=0.38968571;component_2_mean=1.199611,weight=0.20218739;component_3_mean=2.324186,weight=0.049520028"
interference,host,host_cpu3-interf_io-run9,train_q_0.999,100001,97300,0.972990270097299,67717,29583,96,23,13.313945596545157,0.0012519551881786843,,gaussian_hmm,4,-71197.41392302029,-31005.037679131216,29583,23,142650.6589743503,-1.0480694209218544,-32716.014612735056,4.193233916389225,0.05783649168792349,state_0_mean=-0.89829688;state_1_mean=-0.15902334;state_2_mean=0.99761849;state_3_mean=1.2511347
interference,host,host_cpu3-interf_io-run9,train_q_0.999,100001,97300,0.972990270097299,67717,29583,96,23,13.313945596545157,0.0012519551881786843,,gaussian_gmm,5,-74014.29900185099,-31955.12079958401,29583,14,148184.32129919488,-1.0801852685523445,-31955.12079958401,0.0,0.0,"component_0_mean=-0.89834178,weight=0.34560586;component_1_mean=-0.057809431,weight=0.44304405;component_2_mean=1.0688787,weight=0.08794855;component_3_mean=1.6805337,weight=0.090206597;component_4_mean=2.7257987,weight=0.033194949"
interference,host,host_cpu3-interf_io-run9,train_q_0.999,100001,97300,0.972990270097299,67717,29583,96,23,13.313945596545157,0.0012519551881786843,,gaussian_hmm,5,-70525.407161713,-30667.33098966268,29583,34,141428.99946962303,-1.0366538549052726,-32373.765524477603,5.175364268912252,0.05768294408325463,state_0_mean=-0.89874524;state_1_mean=-0.12916205;state_2_mean=1.0832968;state_3_mean=1.2096717;state_4_mean=1.2469988
interference,host,host_cpu3-interf_io-run9,train_q_0.9995,100001,97341,0.97340026599734,67751,29590,62,16,13.313948947524352,0.0012605690496093045,,iid_gaussian,1,-96134.00456314976,-41119.56462658827,29590,2,192290.2563152971,-1.3896439549370825,-41119.56462658827,0.0,0.0,mean=-4.8102498e-13;sd=1
interference,host,host_cpu3-interf_io-run9,train_q_0.9995,100001,97341,0.97340026599734,67751,29590,62,16,13.313948947524352,0.0012605690496093045,,ar1_gaussian,1,,-40946.254233861844,29574,3,,-1.3845355458802273,,,,intercept=-0.0005347047;phi=0.14995593;sd=0.98810675
interference,host,host_cpu3-interf_io-run9,train_q_0.9995,100001,97341,0.97340026599734,67751,29590,62,16,13.313948947524352,0.0012605690496093045,,gaussian_gmm,2,-79731.67715977377,-34250.36288806295,29590,5,159518.97229204144,-1.1574979009145978,-34250.36288806295,0.0,0.0,"component_0_mean=-0.88397659,weight=0.32197328;component_1_mean=0.41977231,weight=0.67802672"
interference,host,host_cpu3-interf_io-run9,train_q_0.9995,100001,97341,0.97340026599734,67751,29590,62,16,13.313948947524352,0.0012605690496093045,,gaussian_hmm,2,-79594.62017215279,-34198.48279020745,29590,7,159267.10550579705,-1.155744602575446,-34314.38846274692,11.139480118956262,0.0039170555099518976,state_0_mean=-0.88489546;state_1_mean=0.41623783
interference,host,host_cpu3-interf_io-run9,train_q_0.9995,100001,97341,0.97340026599734,67751,29590,62,16,13.313948947524352,0.0012605690496093045,,gaussian_gmm,3,-75163.21896628982,-32389.21002536072,29590,8,150415.4266885699,-1.0945998656762663,-32389.21002536072,0.0,0.0,"component_0_mean=-0.89271051,weight=0.35171825;component_1_mean=-0.12727422,weight=0.31732954;component_2_mean=1.0707602,weight=0.33095221"
interference,host,host_cpu3-interf_io-run9,train_q_0.9995,100001,97341,0.97340026599734,67751,29590,62,16,13.313948947524352,0.0012605690496093045,,gaussian_hmm,3,-74664.3629867481,-32257.517441478136,29590,14,149484.45629647915,-1.090149288323019,-32608.751936603843,20.857543421008774,0.011870040389513597,state_0_mean=-0.89499247;state_1_mean=-0.14260462;state_2_mean=1.0381925
interference,host,host_cpu3-interf_io-run9,train_q_0.9995,100001,97341,0.97340026599734,67751,29590,62,16,13.313948947524352,0.0012605690496093045,,gaussian_gmm,4,-74318.07113822302,-32055.803176855195,29590,11,148758.50181593263,-1.0833323141890907,-32055.803176855195,0.0,0.0,"component_0_mean=-0.89225496,weight=0.35840824;component_1_mean=-0.097398182,weight=0.38724274;component_2_mean=1.1919131,weight=0.20438159;component_3_mean=2.2795483,weight=0.04996743"
interference,host,host_cpu3-interf_io-run9,train_q_0.9995,100001,97341,0.97340026599734,67751,29590,62,16,13.313948947524352,0.0012605690496093045,,gaussian_hmm,4,-71000.35441718242,-30882.030423468226,29590,23,142256.5515078368,-1.0436644279644551,-32608.70440541968,4.779199093493755,0.05835329442215124,state_0_mean=-0.89483162;state_1_mean=-0.16060716;state_2_mean=0.98700619;state_3_mean=1.2685196
interference,host,host_cpu3-interf_io-run9,train_q_0.9995,100001,97341,0.97340026599734,67751,29590,62,16,13.313948947524352,0.0012605690496093045,,gaussian_gmm,5,-73846.3094425955,-31824.878179603285,29590,14,147848.34920817395,-1.07552815747223,-31824.878179603285,0.0,0.0,"component_0_mean=-0.89488338,weight=0.34541926;component_1_mean=-0.060815434,weight=0.44222322;component_2_mean=1.0581588,weight=0.086191731;component_3_mean=1.6631911,weight=0.089172903;component_4_mean=2.6082813,weight=0.036992879"
interference,host,host_cpu3-interf_io-run9,train_q_0.9995,100001,97341,0.97340026599734,67751,29590,62,16,13.313948947524352,0.0012605690496093045,,gaussian_hmm,5,-70382.10072831789,-30615.461338649668,29590,34,141142.40366959432,-1.0346556721409148,-32619.81382925433,3.111493481008245,0.06773749545808254,state_0_mean=-0.89484121;state_1_mean=-0.1616154;state_2_mean=0.40989682;state_3_mean=0.98687746;state_4_mean=1.8173785
interference,host,host_cpu3-interf_io-run9,train_q_0.9999,100001,97369,0.973680263197368,67778,29591,43,15,13.313960289770938,0.0014765152738167898,,iid_gaussian,1,-96172.31590354632,-37360.38780406014,29591,2,192366.87979296764,-1.2625591498786841,-37360.38780406014,0.0,0.0,mean=-1.0040565e-12;sd=1
interference,host,host_cpu3-interf_io-run9,train_q_0.9999,100001,97369,0.973680263197368,67778,29591,43,15,13.313960289770938,0.0014765152738167898,,ar1_gaussian,1,,-36997.45902416997,29576,3,,-1.2509284225104804,,,,intercept=-0.00091147506;phi=0.18573863;sd=0.96673659
interference,host,host_cpu3-interf_io-run9,train_q_0.9999,100001,97369,0.973680263197368,67778,29591,43,15,13.313960289770938,0.0014765152738167898,,gaussian_gmm,2,-82941.42687066295,-33207.13450823676,29591,5,165938.47370601338,-1.1222038629392979,-33207.13450823676,0.0,0.0,"component_0_mean=-0.48585884,weight=0.58920006;component_1_mean=0.69685515,weight=0.41079994"
interference,host,host_cpu3-interf_io-run9,train_q_0.9999,100001,97369,0.973680263197368,67778,29591,43,15,13.313960289770938,0.0014765152738167898,,gaussian_hmm,2,-82475.52315257356,-32977.27971640981,29591,7,165028.9142557096,-1.1144361365418474,-33348.40220596853,28.09727646879886,0.012541735310017304,state_0_mean=-0.50022312;state_1_mean=0.66811877
interference,host,host_cpu3-interf_io-run9,train_q_0.9999,100001,97369,0.973680263197368,67778,29591,43,15,13.313960289770938,0.0014765152738167898,,gaussian_gmm,3,-69089.43556790614,-29463.378520784943,29591,8,138267.86307931226,-0.9956871522011741,-29463.378520784943,0.0,0.0,"component_0_mean=-0.76297245,weight=0.32299492;component_1_mean=0.33039038,weight=0.67050881;component_2_mean=3.8339754,weight=0.0064962758"
interference,host,host_cpu3-interf_io-run9,train_q_0.9999,100001,97369,0.973680263197368,67778,29591,43,15,13.313960289770938,0.0014765152738167898,,gaussian_hmm,3,-67974.80036299246,-29268.015049263788,29591,14,136105.33662710988,-0.9890850275172784,-29645.07319924381,11.036987603007807,0.012742325368524923,state_0_mean=-0.7643714;state_1_mean=0.28094655;state_2_mean=1.7995975
interference,host,host_cpu3-interf_io-run9,train_q_0.9999,100001,97369,0.973680263197368,67778,29591,43,15,13.313960289770938,0.0014765152738167898,,gaussian_gmm,4,-64738.46339412844,-27713.342406023417,29591,11,129599.29071056934,-0.9365463284790448,-27713.342406023417,0.0,0.0,"component_0_mean=-0.77010436,weight=0.35199594;component_1_mean=-0.1187768,weight=0.32040145;component_2_mean=0.91275237,weight=0.3261763;component_3_mean=8.0007969,weight=0.0014263173"
interference,host,host_cpu3-interf_io-run9,train_q_0.9999,100001,97369,0.973680263197368,67778,29591,43,15,13.313960289770938,0.0014765152738167898,,gaussian_hmm,4,-63852.40983374671,-27419.698658100388,29591,23,127960.67150505583,-0.926622914335453,-27825.286444165657,8.708720490372329,0.013706457573764626,state_0_mean=-0.77160707;state_1_mean=-0.13558117;state_2_mean=0.83634926;state_3_mean=1.6365232
interference,host,host_cpu3-interf_io-run9,train_q_0.9999,100001,97369,0.973680263197368,67778,29591,43,15,13.313960289770938,0.0014765152738167898,,gaussian_gmm,5,-63939.311411040835,-27400.94364464588,29591,14,128034.35872320662,-0.9259891063041424,-27400.94364464588,0.0,0.0,"component_0_mean=-0.76937405,weight=0.35850922;component_1_mean=-0.091486638,weight=0.38548072;component_2_mean=1.0102243,weight=0.20582395;component_3_mean=1.9275601,weight=0.049911184;component_4_mean=25.311901,weight=0.0002749249"
interference,host,host_cpu3-interf_io-run9,train_q_0.9999,100001,97369,0.973680263197368,67778,29591,43,15,13.313960289770938,0.0014765152738167898,,gaussian_hmm,5,-60553.70594366847,-26224.59871547234,29591,34,121485.62764721182,-0.8862356363580933,-27934.27448979491,3.5631434394417365,0.05777688399589632,state_0_mean=-0.77163413;state_1_mean=-0.14476686;state_2_mean=0.83598363;state_3_mean=1.0762873;state_4_mean=16.754578
interference,host,host_cpu3-interf_io-run6,base_stable,99655,96385,0.9671867944408208,67417,28968,36,14,13.29325664417052,0.0011654451847274829,,iid_gaussian,1,-95660.07909305944,-78428.43763941343,28968,2,191342.39549110012,-2.7074163780521068,-78428.43763941343,0.0,0.0,mean=1.7699983e-13;sd=1
interference,host,host_cpu3-interf_io-run6,base_stable,99655,96385,0.9671867944408208,67417,28968,36,14,13.29325664417052,0.0011654451847274829,,ar1_gaussian,1,,-80792.59627954544,28954,3,,-2.790377712217498,,,,intercept=6.1017847e-05;phi=0.18395597;sd=0.98244468
interference,host,host_cpu3-interf_io-run6,base_stable,99655,96385,0.9671867944408208,67417,28968,36,14,13.29325664417052,0.0011654451847274829,,gaussian_gmm,2,-79027.87140404014,-68487.80721715438,28968,5,158111.33607053335,-2.3642573604375303,-68487.80721715438,0.0,0.0,"component_0_mean=-0.6047998,weight=0.5593838;component_1_mean=0.76782288,weight=0.4406162"
interference,host,host_cpu3-interf_io-run6,base_stable,99655,96385,0.9671867944408208,67417,28968,36,14,13.29325664417052,0.0011654451847274829,,gaussian_hmm,2,-78091.63853726968,-68082.29223791907,28968,7,156261.10764197368,-2.3502586384258173,-68699.5030840521,30.651253029682756,0.02130664340420586,state_0_mean=-0.60043204;state_1_mean=0.77355645
interference,host,host_cpu3-interf_io-run6,base_stable,99655,96385,0.9671867944408208,67417,28968,36,14,13.29325664417052,0.0011654451847274829,,gaussian_gmm,3,-74445.71125512627,-63158.1475142515,28968,8,148980.37173017746,-2.180272974118044,-63158.1475142515,0.0,0.0,"component_0_mean=-0.79652158,weight=0.32617445;component_1_mean=-0.13776012,weight=0.4161075;component_2_mean=1.230523,weight=0.25771805"
interference,host,host_cpu3-interf_io-run6,base_stable,99655,96385,0.9671867944408208,67417,28968,36,14,13.29325664417052,0.0011654451847274829,,gaussian_hmm,3,-72964.10824667724,-60864.909360177255,28968,14,146083.8776282231,-2.1011084424253403,-62802.87099695181,8.26629008523016,0.06690008411953034,state_0_mean=-0.61632202;state_1_mean=0.62828929;state_2_mean=1.2586027
interference,host,host_cpu3-interf_io-run6,base_stable,99655,96385,0.9671867944408208,67417,28968,36,14,13.29325664417052,0.0011654451847274829,,gaussian_gmm,4,-73582.57403218473,-46767.96330422928,28968,11,147287.45324176623,-1.614469873799685,-46767.96330422928,0.0,0.0,"component_0_mean=-0.80160643,weight=0.31929213;component_1_mean=-0.1547783,weight=0.4532136;component_2_mean=1.2596666,weight=0.19383374;component_3_mean=2.4339591,weight=0.033660534"
interference,host,host_cpu3-interf_io-run6,base_stable,99655,96385,0.9671867944408208,67417,28968,36,14,13.29325664417052,0.0011654451847274829,,gaussian_hmm,4,-68511.84996691698,-59222.5207240867,28968,23,137279.42894111815,-2.044411789701971,-60855.58350096387,11.625180236794511,0.05637471613080525,state_0_mean=-0.8082514;state_1_mean=-0.21479054;state_2_mean=1.1550198;state_3_mean=1.2709266
interference,host,host_cpu3-interf_io-run6,base_stable,99655,96385,0.9671867944408208,67417,28968,36,14,13.29325664417052,0.0011654451847274829,,gaussian_gmm,5,-72597.7012009521,-49269.98127994608,28968,14,145351.06353677282,-1.700841662522303,-49269.98127994608,0.0,0.0,"component_0_mean=-0.80368445,weight=0.37233006;component_1_mean=-0.2839033,weight=0.2732578;component_2_mean=0.42846309,weight=0.18436646;component_3_mean=1.5368598,weight=0.12522547;component_4_mean=2.3508698,weight=0.044820198"
interference,host,host_cpu3-interf_io-run6,base_stable,99655,96385,0.9671867944408208,67417,28968,36,14,13.29325664417052,0.0011654451847274829,,gaussian_hmm,5,-67477.3188844288,-58898.078640369284,28968,34,135332.67195353855,-2.0332117730036345,-60573.0412510728,8.150642392755065,0.05782113403422793,state_0_mean=-0.81327812;state_1_mean=-0.31106546;state_2_mean=0.38958526;state_3_mean=1.2718463;state_4_mean=1.3264511
interference,host,host_cpu3-interf_io-run6,cap_2500us,99655,96385,0.9671867944408208,67417,28968,36,14,13.29325664417052,0.0011654451847274829,,iid_gaussian,1,-95660.07909305944,-78428.43763941343,28968,2,191342.39549110012,-2.7074163780521068,-78428.43763941343,0.0,0.0,mean=1.7699983e-13;sd=1
interference,host,host_cpu3-interf_io-run6,cap_2500us,99655,96385,0.9671867944408208,67417,28968,36,14,13.29325664417052,0.0011654451847274829,,ar1_gaussian,1,,-80792.59627954544,28954,3,,-2.790377712217498,,,,intercept=6.1017847e-05;phi=0.18395597;sd=0.98244468
interference,host,host_cpu3-interf_io-run6,cap_2500us,99655,96385,0.9671867944408208,67417,28968,36,14,13.29325664417052,0.0011654451847274829,,gaussian_gmm,2,-79027.87140404014,-68487.80721715438,28968,5,158111.33607053335,-2.3642573604375303,-68487.80721715438,0.0,0.0,"component_0_mean=-0.6047998,weight=0.5593838;component_1_mean=0.76782288,weight=0.4406162"
interference,host,host_cpu3-interf_io-run6,cap_2500us,99655,96385,0.9671867944408208,67417,28968,36,14,13.29325664417052,0.0011654451847274829,,gaussian_hmm,2,-78091.63853726968,-68082.29223791907,28968,7,156261.10764197368,-2.3502586384258173,-68703.41163081441,35.36649661704967,0.02144156976302622,state_0_mean=-0.60043204;state_1_mean=0.77355645
interference,host,host_cpu3-interf_io-run6,cap_2500us,99655,96385,0.9671867944408208,67417,28968,36,14,13.29325664417052,0.0011654451847274829,,gaussian_gmm,3,-74445.71125512627,-63158.1475142515,28968,8,148980.37173017746,-2.180272974118044,-63158.1475142515,0.0,0.0,"component_0_mean=-0.79652158,weight=0.32617445;component_1_mean=-0.13776012,weight=0.4161075;component_2_mean=1.230523,weight=0.25771805"
interference,host,host_cpu3-interf_io-run6,cap_2500us,99655,96385,0.9671867944408208,67417,28968,36,14,13.29325664417052,0.0011654451847274829,,gaussian_hmm,3,-72964.10824667724,-60864.909360177255,28968,14,146083.8776282231,-2.1011084424253403,-62801.13100689227,9.040857232170413,0.0668400181826503,state_0_mean=-0.61632202;state_1_mean=0.62828929;state_2_mean=1.2586027
interference,host,host_cpu3-interf_io-run6,cap_2500us,99655,96385,0.9671867944408208,67417,28968,36,14,13.29325664417052,0.0011654451847274829,,gaussian_gmm,4,-73582.57403218473,-46767.96330422928,28968,11,147287.45324176623,-1.614469873799685,-46767.96330422928,0.0,0.0,"component_0_mean=-0.80160643,weight=0.31929213;component_1_mean=-0.1547783,weight=0.4532136;component_2_mean=1.2596666,weight=0.19383374;component_3_mean=2.4339591,weight=0.033660534"
interference,host,host_cpu3-interf_io-run6,cap_2500us,99655,96385,0.9671867944408208,67417,28968,36,14,13.29325664417052,0.0011654451847274829,,gaussian_hmm,4,-68511.84996691698,-59222.5207240867,28968,23,137279.42894111815,-2.044411789701971,-60857.95181631586,6.113864307875262,0.05645647239123016,state_0_mean=-0.8082514;state_1_mean=-0.21479054;state_2_mean=1.1550198;state_3_mean=1.2709266
interference,host,host_cpu3-interf_io-run6,cap_2500us,99655,96385,0.9671867944408208,67417,28968,36,14,13.29325664417052,0.0011654451847274829,,gaussian_gmm,5,-72597.7012009521,-49269.98127994608,28968,14,145351.06353677282,-1.700841662522303,-49269.98127994608,0.0,0.0,"component_0_mean=-0.80368445,weight=0.37233006;component_1_mean=-0.2839033,weight=0.2732578;component_2_mean=0.42846309,weight=0.18436646;component_3_mean=1.5368598,weight=0.12522547;component_4_mean=2.3508698,weight=0.044820198"
interference,host,host_cpu3-interf_io-run6,cap_2500us,99655,96385,0.9671867944408208,67417,28968,36,14,13.29325664417052,0.0011654451847274829,,gaussian_hmm,5,-67477.3188844288,-58898.078640369284,28968,34,135332.67195353855,-2.0332117730036345,-60576.07632517326,9.953797611483845,0.057925907373790844,state_0_mean=-0.81327812;state_1_mean=-0.31106546;state_2_mean=0.38958526;state_3_mean=1.2718463;state_4_mean=1.3264511
interference,host,host_cpu3-interf_io-run6,cap_2000us,99655,96385,0.9671867944408208,67417,28968,36,14,13.29325664417052,0.0011654451847274829,,iid_gaussian,1,-95660.07909305944,-78428.43763941343,28968,2,191342.39549110012,-2.7074163780521068,-78428.43763941343,0.0,0.0,mean=1.7699983e-13;sd=1
interference,host,host_cpu3-interf_io-run6,cap_2000us,99655,96385,0.9671867944408208,67417,28968,36,14,13.29325664417052,0.0011654451847274829,,ar1_gaussian,1,,-80792.59627954544,28954,3,,-2.790377712217498,,,,intercept=6.1017847e-05;phi=0.18395597;sd=0.98244468
interference,host,host_cpu3-interf_io-run6,cap_2000us,99655,96385,0.9671867944408208,67417,28968,36,14,13.29325664417052,0.0011654451847274829,,gaussian_gmm,2,-79027.87140404014,-68487.80721715438,28968,5,158111.33607053335,-2.3642573604375303,-68487.80721715438,0.0,0.0,"component_0_mean=-0.6047998,weight=0.5593838;component_1_mean=0.76782288,weight=0.4406162"
interference,host,host_cpu3-interf_io-run6,cap_2000us,99655,96385,0.9671867944408208,67417,28968,36,14,13.29325664417052,0.0011654451847274829,,gaussian_hmm,2,-78091.63853726968,-68082.29223791907,28968,7,156261.10764197368,-2.3502586384258173,-68721.4596147105,29.434678237768743,0.022064601518621673,state_0_mean=-0.60043204;state_1_mean=0.77355645
interference,host,host_cpu3-interf_io-run6,cap_2000us,99655,96385,0.9671867944408208,67417,28968,36,14,13.29325664417052,0.0011654451847274829,,gaussian_gmm,3,-74445.71125512627,-63158.1475142515,28968,8,148980.37173017746,-2.180272974118044,-63158.1475142515,0.0,0.0,"component_0_mean=-0.79652158,weight=0.32617445;component_1_mean=-0.13776012,weight=0.4161075;component_2_mean=1.230523,weight=0.25771805"
interference,host,host_cpu3-interf_io-run6,cap_2000us,99655,96385,0.9671867944408208,67417,28968,36,14,13.29325664417052,0.0011654451847274829,,gaussian_hmm,3,-72964.10824667724,-60864.909360177255,28968,14,146083.8776282231,-2.1011084424253403,-62806.21601901097,2.755180224081246,0.0670155571262675,state_0_mean=-0.61632202;state_1_mean=0.62828929;state_2_mean=1.2586027
interference,host,host_cpu3-interf_io-run6,cap_2000us,99655,96385,0.9671867944408208,67417,28968,36,14,13.29325664417052,0.0011654451847274829,,gaussian_gmm,4,-73582.57403218473,-46767.96330422928,28968,11,147287.45324176623,-1.614469873799685,-46767.96330422928,0.0,0.0,"component_0_mean=-0.80160643,weight=0.31929213;component_1_mean=-0.1547783,weight=0.4532136;component_2_mean=1.2596666,weight=0.19383374;component_3_mean=2.4339591,weight=0.033660534"
interference,host,host_cpu3-interf_io-run6,cap_2000us,99655,96385,0.9671867944408208,67417,28968,36,14,13.29325664417052,0.0011654451847274829,,gaussian_hmm,4,-68511.84996691698,-59222.5207240867,28968,23,137279.42894111815,-2.044411789701971,-60866.02504062634,10.467936400256235,0.056735166961462115,state_0_mean=-0.8082514;state_1_mean=-0.21479054;state_2_mean=1.1550198;state_3_mean=1.2709266
interference,host,host_cpu3-interf_io-run6,cap_2000us,99655,96385,0.9671867944408208,67417,28968,36,14,13.29325664417052,0.0011654451847274829,,gaussian_gmm,5,-72597.7012009521,-49269.98127994608,28968,14,145351.06353677282,-1.700841662522303,-49269.98127994608,0.0,0.0,"component_0_mean=-0.80368445,weight=0.37233006;component_1_mean=-0.2839033,weight=0.2732578;component_2_mean=0.42846309,weight=0.18436646;component_3_mean=1.5368598,weight=0.12522547;component_4_mean=2.3508698,weight=0.044820198"
interference,host,host_cpu3-interf_io-run6,cap_2000us,99655,96385,0.9671867944408208,67417,28968,36,14,13.29325664417052,0.0011654451847274829,,gaussian_hmm,5,-67477.3188844288,-58898.078640369284,28968,34,135332.67195353855,-2.0332117730036345,-60566.59977724304,15.04052197415363,0.0575987688785473,state_0_mean=-0.81327812;state_1_mean=-0.31106546;state_2_mean=0.38958526;state_3_mean=1.2718463;state_4_mean=1.3264511
interference,host,host_cpu3-interf_io-run6,cap_1500us,99655,96385,0.9671867944408208,67417,28968,36,14,13.29325664417052,0.0011654451847274829,,iid_gaussian,1,-95660.07909305944,-78428.43763941343,28968,2,191342.39549110012,-2.7074163780521068,-78428.43763941343,0.0,0.0,mean=1.7699983e-13;sd=1
interference,host,host_cpu3-interf_io-run6,cap_1500us,99655,96385,0.9671867944408208,67417,28968,36,14,13.29325664417052,0.0011654451847274829,,ar1_gaussian,1,,-80792.59627954544,28954,3,,-2.790377712217498,,,,intercept=6.1017847e-05;phi=0.18395597;sd=0.98244468
interference,host,host_cpu3-interf_io-run6,cap_1500us,99655,96385,0.9671867944408208,67417,28968,36,14,13.29325664417052,0.0011654451847274829,,gaussian_gmm,2,-79027.87140404014,-68487.80721715438,28968,5,158111.33607053335,-2.3642573604375303,-68487.80721715438,0.0,0.0,"component_0_mean=-0.6047998,weight=0.5593838;component_1_mean=0.76782288,weight=0.4406162"
interference,host,host_cpu3-interf_io-run6,cap_1500us,99655,96385,0.9671867944408208,67417,28968,36,14,13.29325664417052,0.0011654451847274829,,gaussian_hmm,2,-78091.63853726968,-68082.29223791907,28968,7,156261.10764197368,-2.3502586384258173,-68726.23209403099,16.60876564903482,0.02222935156420588,state_0_mean=-0.60043204;state_1_mean=0.77355645
interference,host,host_cpu3-interf_io-run6,cap_1500us,99655,96385,0.9671867944408208,67417,28968,36,14,13.29325664417052,0.0011654451847274829,,gaussian_gmm,3,-74445.71125512627,-63158.1475142515,28968,8,148980.37173017746,-2.180272974118044,-63158.1475142515,0.0,0.0,"component_0_mean=-0.79652158,weight=0.32617445;component_1_mean=-0.13776012,weight=0.4161075;component_2_mean=1.230523,weight=0.25771805"
interference,host,host_cpu3-interf_io-run6,cap_1500us,99655,96385,0.9671867944408208,67417,28968,36,14,13.29325664417052,0.0011654451847274829,,gaussian_hmm,3,-72964.10824667724,-60864.909360177255,28968,14,146083.8776282231,-2.1011084424253403,-62804.58038138346,10.790168319009888,0.06695909352410255,state_0_mean=-0.61632202;state_1_mean=0.62828929;state_2_mean=1.2586027
interference,host,host_cpu3-interf_io-run6,cap_1500us,99655,96385,0.9671867944408208,67417,28968,36,14,13.29325664417052,0.0011654451847274829,,gaussian_gmm,4,-73582.57403218473,-46767.96330422928,28968,11,147287.45324176623,-1.614469873799685,-46767.96330422928,0.0,0.0,"component_0_mean=-0.80160643,weight=0.31929213;component_1_mean=-0.1547783,weight=0.4532136;component_2_mean=1.2596666,weight=0.19383374;component_3_mean=2.4339591,weight=0.033660534"
interference,host,host_cpu3-interf_io-run6,cap_1500us,99655,96385,0.9671867944408208,67417,28968,36,14,13.29325664417052,0.0011654451847274829,,gaussian_hmm,4,-68511.84996691698,-59222.5207240867,28968,23,137279.42894111815,-2.044411789701971,-60853.647350346946,12.248248267093174,0.05630787856463145,state_0_mean=-0.8082514;state_1_mean=-0.21479054;state_2_mean=1.1550198;state_3_mean=1.2709266
interference,host,host_cpu3-interf_io-run6,cap_1500us,99655,96385,0.9671867944408208,67417,28968,36,14,13.29325664417052,0.0011654451847274829,,gaussian_gmm,5,-72597.7012009521,-49269.98127994608,28968,14,145351.06353677282,-1.700841662522303,-49269.98127994608,0.0,0.0,"component_0_mean=-0.80368445,weight=0.37233006;component_1_mean=-0.2839033,weight=0.2732578;component_2_mean=0.42846309,weight=0.18436646;component_3_mean=1.5368598,weight=0.12522547;component_4_mean=2.3508698,weight=0.044820198"
interference,host,host_cpu3-interf_io-run6,cap_1500us,99655,96385,0.9671867944408208,67417,28968,36,14,13.29325664417052,0.0011654451847274829,,gaussian_hmm,5,-67477.3188844288,-58898.078640369284,28968,34,135332.67195353855,-2.0332117730036345,-60572.63077142243,7.921922309595796,0.05780696392754583,state_0_mean=-0.81327812;state_1_mean=-0.31106546;state_2_mean=0.38958526;state_3_mean=1.2718463;state_4_mean=1.3264511
interference,host,host_cpu3-interf_io-run6,cap_1000us,99655,96385,0.9671867944408208,67417,28968,36,14,13.29325664417052,0.0011654451847274829,,iid_gaussian,1,-95660.07909305944,-78428.43763941343,28968,2,191342.39549110012,-2.7074163780521068,-78428.43763941343,0.0,0.0,mean=1.7699983e-13;sd=1
interference,host,host_cpu3-interf_io-run6,cap_1000us,99655,96385,0.9671867944408208,67417,28968,36,14,13.29325664417052,0.0011654451847274829,,ar1_gaussian,1,,-80792.59627954544,28954,3,,-2.790377712217498,,,,intercept=6.1017847e-05;phi=0.18395597;sd=0.98244468
interference,host,host_cpu3-interf_io-run6,cap_1000us,99655,96385,0.9671867944408208,67417,28968,36,14,13.29325664417052,0.0011654451847274829,,gaussian_gmm,2,-79027.87140404014,-68487.80721715438,28968,5,158111.33607053335,-2.3642573604375303,-68487.80721715438,0.0,0.0,"component_0_mean=-0.6047998,weight=0.5593838;component_1_mean=0.76782288,weight=0.4406162"
interference,host,host_cpu3-interf_io-run6,cap_1000us,99655,96385,0.9671867944408208,67417,28968,36,14,13.29325664417052,0.0011654451847274829,,gaussian_hmm,2,-78091.63853726968,-68082.29223791907,28968,7,156261.10764197368,-2.3502586384258173,-68707.2727435234,19.57585872316659,0.021574858657978667,state_0_mean=-0.60043204;state_1_mean=0.77355645
interference,host,host_cpu3-interf_io-run6,cap_1000us,99655,96385,0.9671867944408208,67417,28968,36,14,13.29325664417052,0.0011654451847274829,,gaussian_gmm,3,-74445.71125512627,-63158.1475142515,28968,8,148980.37173017746,-2.180272974118044,-63158.1475142515,0.0,0.0,"component_0_mean=-0.79652158,weight=0.32617445;component_1_mean=-0.13776012,weight=0.4161075;component_2_mean=1.230523,weight=0.25771805"
interference,host,host_cpu3-interf_io-run6,cap_1000us,99655,96385,0.9671867944408208,67417,28968,36,14,13.29325664417052,0.0011654451847274829,,gaussian_hmm,3,-72964.10824667724,-60864.909360177255,28968,14,146083.8776282231,-2.1011084424253403,-62801.87762536884,9.00835540831718,0.0668657920875306,state_0_mean=-0.61632202;state_1_mean=0.62828929;state_2_mean=1.2586027
interference,host,host_cpu3-interf_io-run6,cap_1000us,99655,96385,0.9671867944408208,67417,28968,36,14,13.29325664417052,0.0011654451847274829,,gaussian_gmm,4,-73582.57403218473,-46767.96330422928,28968,11,147287.45324176623,-1.614469873799685,-46767.96330422928,0.0,0.0,"component_0_mean=-0.80160643,weight=0.31929213;component_1_mean=-0.1547783,weight=0.4532136;component_2_mean=1.2596666,weight=0.19383374;component_3_mean=2.4339591,weight=0.033660534"
interference,host,host_cpu3-interf_io-run6,cap_1000us,99655,96385,0.9671867944408208,67417,28968,36,14,13.29325664417052,0.0011654451847274829,,gaussian_hmm,4,-68511.84996691698,-59222.5207240867,28968,23,137279.42894111815,-2.044411789701971,-60857.08514739187,3.7346928629881213,0.05642655424279082,state_0_mean=-0.8082514;state_1_mean=-0.21479054;state_2_mean=1.1550198;state_3_mean=1.2709266
interference,host,host_cpu3-interf_io-run6,cap_1000us,99655,96385,0.9671867944408208,67417,28968,36,14,13.29325664417052,0.0011654451847274829,,gaussian_gmm,5,-72597.7012009521,-49269.98127994608,28968,14,145351.06353677282,-1.700841662522303,-49269.98127994608,0.0,0.0,"component_0_mean=-0.80368445,weight=0.37233006;component_1_mean=-0.2839033,weight=0.2732578;component_2_mean=0.42846309,weight=0.18436646;component_3_mean=1.5368598,weight=0.12522547;component_4_mean=2.3508698,weight=0.044820198"
interference,host,host_cpu3-interf_io-run6,cap_1000us,99655,96385,0.9671867944408208,67417,28968,36,14,13.29325664417052,0.0011654451847274829,,gaussian_hmm,5,-67477.3188844288,-58898.078640369284,28968,34,135332.67195353855,-2.0332117730036345,-60581.38755923907,10.907707991285136,0.05810925569144521,state_0_mean=-0.81327812;state_1_mean=-0.31106546;state_2_mean=0.38958526;state_3_mean=1.2718463;state_4_mean=1.3264511
interference,host,host_cpu3-interf_io-run6,train_q_0.999,99655,96297,0.9663037479303598,67349,28948,103,34,13.293248760535635,0.0011377958096975456,,iid_gaussian,1,-95563.5912728015,-39723.708971274515,28948,2,191149.41783227082,-1.3722436427827316,-39723.708971274515,0.0,0.0,mean=3.2235381e-13;sd=1
interference,host,host_cpu3-interf_io-run6,train_q_0.999,99655,96297,0.9663037479303598,67349,28948,103,34,13.293248760535635,0.0011377958096975456,,ar1_gaussian,1,,-39608.99568559801,28914,3,,-1.369889869461092,,,,intercept=-0.00081360424;phi=0.17777248;sd=0.98320324
interference,host,host_cpu3-interf_io-run6,train_q_0.999,99655,96297,0.9663037479303598,67349,28948,103,34,13.293248760535635,0.0011377958096975456,,gaussian_gmm,2,-79295.88739772075,-33913.31305399311,28948,5,158647.3630121111,-1.171525254041492,-33913.31305399311,0.0,0.0,"component_0_mean=-0.61740951,weight=0.55806509;component_1_mean=0.77965031,weight=0.44193491"
interference,host,host_cpu3-interf_io-run6,train_q_0.999,99655,96297,0.9663037479303598,67349,28948,103,34,13.293248760535635,0.0011377958096975456,,gaussian_hmm,2,-78389.48352910965,-33652.59627194402,28948,7,156856.79056155673,-1.1625188708008851,-34279.175249243955,24.942151855314272,0.02164498332527063,state_0_mean=-0.61391642;state_1_mean=0.78245071
interference,host,host_cpu3-interf_io-run6,train_q_0.999,99655,96297,0.9663037479303598,67349,28948,103,34,13.293248760535635,0.0011377958096975456,,gaussian_gmm,3,-74902.39544726234,-31688.874255136332,28948,8,149893.73204119602,-1.0946826811916655,-31688.874255136332,0.0,0.0,"component_0_mean=-0.81045329,weight=0.32593755;component_1_mean=-0.14584997,weight=0.4172889;component_2_mean=1.2657797,weight=0.25677355"
interference,host,host_cpu3-interf_io-run6,train_q_0.999,99655,96297,0.9663037479303598,67349,28948,103,34,13.293248760535635,0.0011377958096975456,,gaussian_hmm,3,-73466.66235997436,-31664.14065147272,28948,14,147088.97172662357,-1.0938282662523393,-32249.02175789738,47.85174490095005,0.02020454285009874,state_0_mean=-0.81897968;state_1_mean=-0.18902635;state_2_mean=1.1996764
interference,host,host_cpu3-interf_io-run6,train_q_0.999,99655,96297,0.9663037479303598,67349,28948,103,34,13.293248760535635,0.0011377958096975456,,gaussian_gmm,4,-74435.65265881906,-31576.300456505465,28948,11,148993.59939431123,-1.0907938529952144,-31576.300456505465,0.0,0.0,"component_0_mean=-0.81541047,weight=0.32194428;component_1_mean=-0.18185314,weight=0.42496585;component_2_mean=1.0971954,weight=0.19505254;component_3_mean=2.1673527,weight=0.058037326"
interference,host,host_cpu3-interf_io-run6,train_q_0.999,99655,96297,0.9663037479303598,67349,28948,103,34,13.293248760535635,0.0011377958096975456,,gaussian_hmm,4,-69098.19619674278,-30369.60245288187,28948,23,138452.09819016568,-1.0491088314523238,-31975.00029619829,4.927768450958228,0.055457988231187624,state_0_mean=-0.8211725;state_1_mean=-0.21480276;state_2_mean=1.1939244;state_3_mean=1.2669592
interference,host,host_cpu3-interf_io-run6,train_q_0.999,99655,96297,0.9663037479303598,67349,28948,103,34,13.293248760535635,0.0011377958096975456,,gaussian_gmm,5,-73475.38161842464,-31313.334750564783,28948,14,147106.41024352412,-1.081709781351554,-31313.334750564783,0.0,0.0,"component_0_mean=-0.8154043,weight=0.37506269;component_1_mean=-0.28100605,weight=0.2735958;component_2_mean=0.45538685,weight=0.19304307;component_3_mean=1.566067,weight=0.11547104;component_4_mean=2.6610337,weight=0.042827394"
interference,host,host_cpu3-interf_io-run6,train_q_0.999,99655,96297,0.9663037479303598,67349,28948,103,34,13.293248760535635,0.0011377958096975456,,gaussian_hmm,5,-68132.21888923802,-30028.576824601772,28948,34,136642.43765182927,-1.037328203143629,-31648.15950001326,5.9692406584789515,0.055947999012418335,state_0_mean=-0.81820657;state_1_mean=-0.32564823;state_2_mean=0.28252625;state_3_mean=1.2677978;state_4_mean=1.4247941
interference,host,host_cpu3-interf_io-run6,train_q_0.9995,99655,96337,0.9667051327078421,67383,28954,69,28,13.293252112224955,0.0011472658532236818,,iid_gaussian,1,-95611.83518293046,-39613.25939467299,28954,2,191245.90666194004,-1.3681446223206808,-39613.25939467299,0.0,0.0,mean=-5.4968125e-14;sd=1
interference,host,host_cpu3-interf_io-run6,train_q_0.9995,99655,96337,0.9667051327078421,67383,28954,69,28,13.293252112224955,0.0011472658532236818,,ar1_gaussian,1,,-39506.77987175206,28926,3,,-1.365787868068591,,,,intercept=-0.00038070621;phi=0.18066267;sd=0.98302231
interference,host,host_cpu3-interf_io-run6,train_q_0.9995,99655,96337,0.9667051327078421,67383,28954,69,28,13.293252112224955,0.0011472658532236818,,gaussian_gmm,2,-79208.22195351223,-33773.30269301776,28954,5,158472.0346472223,-1.1664468706575173,-33773.30269301776,0.0,0.0,"component_0_mean=-0.6132768,weight=0.55902489;component_1_mean=0.77745203,weight=0.44097511"
interference,host,host_cpu3-interf_io-run6,train_q_0.9995,99655,96337,0.9667051327078421,67383,28954,69,28,13.293252112224955,0.0011472658532236818,,gaussian_hmm,2,-78291.13643665012,-33514.700863034246,28954,7,156660.0999095772,-1.157515399013409,-34152.84693525614,40.53056418643585,0.02203999696835984,state_0_mean=-0.60970795;state_1_mean=0.78055775
interference,host,host_cpu3-interf_io-run6,train_q_0.9995,99655,96337,0.9667051327078421,67383,28954,69,28,13.293252112224955,0.0011472658532236818,,gaussian_gmm,3,-74748.05460631261,-31527.67187093627,28954,8,149585.05439694176,-1.0888883011306303,-31527.67187093627,0.0,0.0,"component_0_mean=-0.80629291,weight=0.32582801;component_1_mean=-0.14421584,weight=0.41693272;component_2_mean=1.2550227,weight=0.25723927"
interference,host,host_cpu3-interf_io-run6,train_q_0.9995,99655,96337,0.9667051327078421,67383,28954,69,28,13.293252112224955,0.0011472658532236818,,gaussian_hmm,3,-73306.87778917004,-31507.231576946342,28954,14,146769.40965089403,-1.0881823436121552,-32076.282992447337,29.854832057486366,0.019653637338571357,state_0_mean=-0.81484736;state_1_mean=-0.18743004;state_2_mean=1.1921435
interference,host,host_cpu3-interf_io-run6,train_q_0.9995,99655,96337,0.9667051327078421,67383,28954,69,28,13.293252112224955,0.0011472658532236818,,gaussian_gmm,4,-74191.84271424505,-31401.896668114,28954,11,148505.98505692533,-1.0845443347417973,-31401.896668114,0.0,0.0,"component_0_mean=-0.81031504,weight=0.32253748;component_1_mean=-0.16652126,weight=0.43786168;component_2_mean=1.1746253,weight=0.19051693;component_3_mean=2.2509256,weight=0.049083913"
interference,host,host_cpu3-interf_io-run6,train_q_0.9995,99655,96337,0.9667051327078421,67383,28954,69,28,13.293252112224955,0.0011472658532236818,,gaussian_hmm,4,-68898.23956628809,-30216.35358595242,28954,23,138052.19653748622,-1.0435985903831049,-31800.980558068037,7.87994041488185,0.054729121092616455,state_0_mean=-0.81720719;state_1_mean=-0.21493681;state_2_mean=1.181523;state_3_mean=1.2698222
interference,host,host_cpu3-interf_io-run6,train_q_0.9995,99655,96337,0.9667051327078421,67383,28954,69,28,13.293252112224955,0.0011472658532236818,,gaussian_gmm,5,-73210.76548307938,-31137.971938569324,28954,14,146577.1850387127,-1.0754290232288914,-31137.971938569324,0.0,0.0,"component_0_mean=-0.81186411,weight=0.37416766;component_1_mean=-0.28131235,weight=0.27507779;component_2_mean=0.4478182,weight=0.18892196;component_3_mean=1.5519456,weight=0.11749807;component_4_mean=2.5759327,weight=0.044334531"
interference,host,host_cpu3-interf_io-run6,train_q_0.9995,99655,96337,0.9667051327078421,67383,28954,69,28,13.293252112224955,0.0011472658532236818,,gaussian_hmm,5,-67863.2484212463,-29862.160508601475,28954,34,136104.51387583787,-1.0313656319887226,-31488.329980528106,6.882969332544514,0.056163896937439756,state_0_mean=-0.82907024;state_1_mean=-0.32204427;state_2_mean=0.43127962;state_3_mean=1.2696877;state_4_mean=1.3653913
interference,host,host_cpu3-interf_io-run6,train_q_0.9999,99655,96369,0.9670262405298279,67410,28959,42,23,13.29325538049731,0.001158673010234063,,iid_gaussian,1,-95650.14652332698,-39491.5049809397,28959,2,191322.53014396166,-1.363704029177102,-39491.5049809397,0.0,0.0,mean=6.7088558e-13;sd=1
interference,host,host_cpu3-interf_io-run6,train_q_0.9999,99655,96369,0.9670262405298279,67410,28959,42,23,13.29325538049731,0.001158673010234063,,ar1_gaussian,1,,-39396.1799018187,28936,3,,-1.3614936377460154,,,,intercept=2.6603539e-05;phi=0.18233317;sd=0.98312982
interference,host,host_cpu3-interf_io-run6,train_q_0.9999,99655,96369,0.9670262405298279,67410,28959,42,23,13.29325538049731,0.001158673010234063,,gaussian_gmm,2,-79093.44106243871,-33616.319511734226,28959,5,158242.47486814664,-1.160824597249015,-33616.319511734226,0.0,0.0,"component_0_mean=-0.60847174,weight=0.55908992;component_1_mean=0.77156417,weight=0.44091008"
interference,host,host_cpu3-interf_io-run6,train_q_0.9999,99655,96369,0.9670262405298279,67410,28959,42,23,13.29325538049731,0.001158673010234063,,gaussian_hmm,2,-78165.86068771142,-33362.64629069527,28959,7,156409.5512159998,-1.1520648603437713,-33999.26658529647,22.86247475507469,0.021983504078220868,state_0_mean=-0.6041374;state_1_mean=0.77710148
interference,host,host_cpu3-interf_io-run6,train_q_0.9999,99655,96369,0.9670262405298279,67410,28959,42,23,13.29325538049731,0.001158673010234063,,gaussian_gmm,3,-74554.94675435255,-31344.804415782015,28959,8,149198.8418979359,-1.0823855939701652,-31344.804415782015,0.0,0.0,"component_0_mean=-0.80063885,weight=0.32577493;component_1_mean=-0.14110554,weight=0.41666528;component_2_mean=1.2409617,weight=0.2575598"
interference,host,host_cpu3-interf_io-run6,train_q_0.9999,99655,96369,0.9670262405298279,67410,28959,42,23,13.29325538049731,0.001158673010234063,,gaussian_hmm,3,-73107.65314729694,-31330.127035936002,28959,14,146370.96597574773,-1.0818787608666045,-31902.503375671095,53.29102303071257,0.01976505886719473,state_0_mean=-0.80925838;state_1_mean=-0.1846232;state_2_mean=1.1819178
interference,host,host_cpu3-interf_io-run6,train_q_0.9999,99655,96369,0.9670262405298279,67410,28959,42,23,13.29325538049731,0.001158673010234063,,gaussian_gmm,4,-73859.70751404605,-31192.726333930917,28959,11,147841.71906328443,-1.0771340976529202,-31192.726333930917,0.0,0.0,"component_0_mean=-0.80439196,weight=0.32101127;component_1_mean=-0.14725906,weight=0.45822583;component_2_mean=1.276979,weight=0.18006776;component_3_mean=2.3529604,weight=0.040695135"
interference,host,host_cpu3-interf_io-run6,train_q_0.9999,99655,96369,0.9670262405298279,67410,28959,42,23,13.29325538049731,0.001158673010234063,,gaussian_hmm,4,-68661.2774999749,-30053.1159026854,28959,23,137578.2816189883,-1.0377815498700025,-31603.894709426146,6.663395614875911,0.05355084107672038,state_0_mean=-0.8118664;state_1_mean=-0.21481093;state_2_mean=1.1634156;state_3_mean=1.2711287
interference,host,host_cpu3-interf_io-run6,train_q_0.9999,99655,96369,0.9670262405298279,67410,28959,42,23,13.29325538049731,0.001158673010234063,,gaussian_gmm,5,-72838.52840089967,-30923.19179207259,28959,14,145832.7164829532,-1.06782664429271,-30923.19179207259,0.0,0.0,"component_0_mean=-0.80739879,weight=0.37246064;component_1_mean=-0.28370031,weight=0.27495764;component_2_mean=0.43498847,weight=0.18516513;component_3_mean=1.538502,weight=0.12200984;component_4_mean=2.4329586,weight=0.045406752"
interference,host,host_cpu3-interf_io-run6,train_q_0.9999,99655,96369,0.9670262405298279,67410,28959,42,23,13.29325538049731,0.001158673010234063,,gaussian_hmm,5,-67624.7980181553,-29699.36621729964,28959,34,135627.62669054142,-1.025566014617205,-31287.454723241004,4.517195716024506,0.054839203906949935,state_0_mean=-0.8229545;state_1_mean=-0.32044022;state_2_mean=0.42095324;state_3_mean=1.27135;state_4_mean=1.3307772
interference,host,host_cpu3-interf_io-run8,base_stable,100001,95730,0.9572904270957291,67927,27803,37,16,13.29393767300921,0.004891678680445034,,iid_gaussian,1,-96383.7377449938,-26097.574659855265,27803,2,192789.72786774382,-0.9386603841260032,-26097.574659855265,0.0,0.0,mean=2.1885683e-13;sd=1
interference,host,host_cpu3-interf_io-run8,base_stable,100001,95730,0.9572904270957291,67927,27803,37,16,13.29393767300921,0.004891678680445034,,ar1_gaussian,1,,-26086.249655737363,27787,3,,-0.9387933082282133,,,,intercept=-8.9208997e-06;phi=0.011875196;sd=1.0001865
interference,host,host_cpu3-interf_io-run8,base_stable,100001,95730,0.9572904270957291,67927,27803,37,16,13.29393767300921,0.004891678680445034,,gaussian_gmm,2,-962.3349931238345,4432.48732056571,27803,5,1980.3009306381741,0.15942478583482755,4432.48732056571,0.0,0.0,"component_0_mean=-0.0037195594,weight=0.99998528;component_1_mean=252.65479,weight=1.4721687e-05"
interference,host,host_cpu3-interf_io-run8,base_stable,100001,95730,0.9572904270957291,67927,27803,37,16,13.29393767300921,0.004891678680445034,,gaussian_hmm,2,-966.9395263901822,4432.555644032937,27803,7,2011.7623749270717,0.15942724324831628,4432.555644032969,1.3994927197422889e-11,-1.1449237334838862e-15,state_0_mean=-0.0037195594;state_1_mean=252.65479
interference,host,host_cpu3-interf_io-run8,base_stable,100001,95730,0.9572904270957291,67927,27803,37,16,13.29393767300921,0.004891678680445034,,gaussian_gmm,3,22204.50438660821,12164.117400012787,27803,8,-44319.99926219161,0.43751096644293014,12164.117400012787,0.0,0.0,"component_0_mean=-0.10995938,weight=0.67030894;component_1_mean=0.21229079,weight=0.32967634;component_2_mean=252.65479,weight=1.4721687e-05"
interference,host,host_cpu3-interf_io-run8,base_stable,100001,95730,0.9572904270957291,67927,27803,37,16,13.29393767300921,0.004891678680445034,,gaussian_hmm,3,23951.215133947695,12515.900895037257,27803,14,-47746.66362360198,0.4501636835966355,11539.976092971856,33.523598162101074,0.03510142078428232,state_0_mean=-0.10723259;state_1_mean=0.21910667;state_2_mean=252.65479
interference,host,host_cpu3-interf_io-run8,base_stable,100001,95730,0.9572904270957291,67927,27803,37,16,13.29393767300921,0.004891678680445034,,gaussian_gmm,4,28589.94956515103,12987.336763699766,27803,11,-57057.51105264295,0.4671199785526658,12987.336763699766,0.0,0.0,"component_0_mean=-0.12609493,weight=0.59675725;component_1_mean=0.15805958,weight=0.39269947;component_2_mean=0.89837973,weight=0.010528559;component_3_mean=252.65479,weight=1.4721687e-05"
interference,host,host_cpu3-interf_io-run8,base_stable,100001,95730,0.9572904270957291,67927,27803,37,16,13.29393767300921,0.004891678680445034,,gaussian_hmm,4,30160.804641740884,13432.154801016137,27803,23,-60065.70693928545,0.4831189008745868,12476.80149609464,20.675283726689983,0.034361518718177775,state_0_mean=-0.12019497;state_1_mean=0.17867508;state_2_mean=0.90007839;state_3_mean=252.65479
interference,host,host_cpu3-interf_io-run8,base_stable,100001,95730,0.9572904270957291,67927,27803,37,16,13.29393767300921,0.004891678680445034,,gaussian_gmm,5,31844.153743855262,14660.062762838123,27803,14,-63532.54084341711,0.5272834860568328,14660.062762838123,0.0,0.0,"component_0_mean=-0.15636695,weight=0.40796206;component_1_mean=-0.020520184,weight=0.38090421;component_2_mean=0.29852888,weight=0.20523787;component_3_mean=1.1254733,weight=0.0058811447;component_4_mean=252.65479,weight=1.4721687e-05"
interference,host,host_cpu3-interf_io-run8,base_stable,100001,95730,0.9572904270957291,67927,27803,37,16,13.29393767300921,0.004891678680445034,,gaussian_hmm,5,34434.65598107932,14607.242641685989,27803,34,-68491.0215403032,0.52538368671316,12815.126166882948,4.439341923082967,0.06445766553260586,state_0_mean=-0.12144482;state_1_mean=0.16340525;state_2_mean=0.24404454;state_3_mean=1.0738505;state_4_mean=252.65479
interference,host,host_cpu3-interf_io-run8,cap_2500us,100001,95730,0.9572904270957291,67927,27803,37,16,13.29393767300921,0.004891678680445034,,iid_gaussian,1,-96383.7377449938,-26097.574659855265,27803,2,192789.72786774382,-0.9386603841260032,-26097.574659855265,0.0,0.0,mean=2.1885683e-13;sd=1
interference,host,host_cpu3-interf_io-run8,cap_2500us,100001,95730,0.9572904270957291,67927,27803,37,16,13.29393767300921,0.004891678680445034,,ar1_gaussian,1,,-26086.249655737363,27787,3,,-0.9387933082282133,,,,intercept=-8.9208997e-06;phi=0.011875196;sd=1.0001865
interference,host,host_cpu3-interf_io-run8,cap_2500us,100001,95730,0.9572904270957291,67927,27803,37,16,13.29393767300921,0.004891678680445034,,gaussian_gmm,2,-962.3349931238345,4432.48732056571,27803,5,1980.3009306381741,0.15942478583482755,4432.48732056571,0.0,0.0,"component_0_mean=-0.0037195594,weight=0.99998528;component_1_mean=252.65479,weight=1.4721687e-05"
interference,host,host_cpu3-interf_io-run8,cap_2500us,100001,95730,0.9572904270957291,67927,27803,37,16,13.29393767300921,0.004891678680445034,,gaussian_hmm,2,-966.9395263901822,4432.555644032937,27803,7,2011.7623749270717,0.15942724324831628,4432.555644032958,2.7239328359195382e-11,-7.523784534322681e-16,state_0_mean=-0.0037195594;state_1_mean=252.65479
interference,host,host_cpu3-interf_io-run8,cap_2500us,100001,95730,0.9572904270957291,67927,27803,37,16,13.29393767300921,0.004891678680445034,,gaussian_gmm,3,22204.50438660821,12164.117400012787,27803,8,-44319.99926219161,0.43751096644293014,12164.117400012787,0.0,0.0,"component_0_mean=-0.10995938,weight=0.67030894;component_1_mean=0.21229079,weight=0.32967634;component_2_mean=252.65479,weight=1.4721687e-05"
interference,host,host_cpu3-interf_io-run8,cap_2500us,100001,95730,0.9572904270957291,67927,27803,37,16,13.29393767300921,0.004891678680445034,,gaussian_hmm,3,23951.215133947695,12515.900895037257,27803,14,-47746.66362360198,0.4501636835966355,11549.075029015668,47.517664360008624,0.03477415624290864,state_0_mean=-0.10723259;state_1_mean=0.21910667;state_2_mean=252.65479
interference,host,host_cpu3-interf_io-run8,cap_2500us,100001,95730,0.9572904270957291,67927,27803,37,16,13.29393767300921,0.004891678680445034,,gaussian_gmm,4,28589.94956515103,12987.336763699766,27803,11,-57057.51105264295,0.4671199785526658,12987.336763699766,0.0,0.0,"component_0_mean=-0.12609493,weight=0.59675725;component_1_mean=0.15805958,weight=0.39269947;component_2_mean=0.89837973,weight=0.010528559;component_3_mean=252.65479,weight=1.4721687e-05"
interference,host,host_cpu3-interf_io-run8,cap_2500us,100001,95730,0.9572904270957291,67927,27803,37,16,13.29393767300921,0.004891678680445034,,gaussian_hmm,4,30160.804641740884,13432.154801016137,27803,23,-60065.70693928545,0.4831189008745868,12486.160708443324,20.137413892977545,0.03402489273002242,state_0_mean=-0.12019497;state_1_mean=0.17867508;state_2_mean=0.90007839;state_3_mean=252.65479
interference,host,host_cpu3-interf_io-run8,cap_2500us,100001,95730,0.9572904270957291,67927,27803,37,16,13.29393767300921,0.004891678680445034,,gaussian_gmm,5,31844.153743855262,14660.062762838123,27803,14,-63532.54084341711,0.5272834860568328,14660.062762838123,0.0,0.0,"component_0_mean=-0.15636695,weight=0.40796206;component_1_mean=-0.020520184,weight=0.38090421;component_2_mean=0.29852888,weight=0.20523787;component_3_mean=1.1254733,weight=0.0058811447;component_4_mean=252.65479,weight=1.4721687e-05"
interference,host,host_cpu3-interf_io-run8,cap_2500us,100001,95730,0.9572904270957291,67927,27803,37,16,13.29393767300921,0.004891678680445034,,gaussian_hmm,5,34434.65598107932,14607.242641685989,27803,34,-68491.0215403032,0.52538368671316,12816.068724788613,4.5082136558402945,0.06442376423038436,state_0_mean=-0.12144482;state_1_mean=0.16340525;state_2_mean=0.24404454;state_3_mean=1.0738505;state_4_mean=252.65479
interference,host,host_cpu3-interf_io-run8,cap_2000us,100001,95729,0.957280427195728,67926,27803,38,16,13.293919478119932,0.0012004318999238436,,iid_gaussian,1,-96382.3188064606,-34626.25350384296,27803,2,192786.8899612338,-1.2454142899630603,-34626.25350384296,0.0,0.0,mean=-4.177254e-13;sd=1
interference,host,host_cpu3-interf_io-run8,cap_2000us,100001,95729,0.957280427195728,67926,27803,38,16,13.293919478119932,0.0012004318999238436,,ar1_gaussian,1,,-34416.7602438088,27787,3,,-1.2385921561812645,,,,intercept=-5.5636028e-05;phi=0.19958791;sd=0.97977977
interference,host,host_cpu3-interf_io-run8,cap_2000us,100001,95729,0.957280427195728,67926,27803,38,16,13.293919478119932,0.0012004318999238436,,gaussian_gmm,2,-73214.71961275693,-26894.58685324207,27803,5,146485.07009629539,-0.9673267939877737,-26894.58685324207,0.0,0.0,"component_0_mean=-0.43317592,weight=0.66998808;component_1_mean=0.87943097,weight=0.33001192"
interference,host,host_cpu3-interf_io-run8,cap_2000us,100001,95729,0.957280427195728,67926,27803,38,16,13.293919478119932,0.0012004318999238436,,gaussian_hmm,2,-71465.31357127243,-26542.79693574391,27803,7,143008.510361639,-0.9546738458347628,-27509.918167266376,42.08440483917559,0.03478477975479141,state_0_mean=-0.42179959;state_1_mean=0.90801077
interference,host,host_cpu3-interf_io-run8,cap_2000us,100001,95729,0.957280427195728,67926,27803,38,16,13.293919478119932,0.0012004318999238436,,gaussian_gmm,3,-66827.90031438853,-26072.06700936998,27803,8,133744.81002202752,-0.9377429417462138,-26072.06700936998,0.0,0.0,"component_0_mean=-0.49819395,weight=0.5975049;component_1_mean=0.66177716,weight=0.39229362;component_2_mean=3.731063,weight=0.010201481"
interference,host,host_cpu3-interf_io-run8,cap_2000us,100001,95729,0.957280427195728,67926,27803,38,16,13.293919478119932,0.0012004318999238436,,gaussian_hmm,3,-65268.54241678131,-25626.994814848076,27803,14,130692.85127175091,-0.9217348780652475,-26587.625008056617,33.49792670473702,0.03455131436206671,state_0_mean=-0.47444776;state_1_mean=0.7443447;state_2_mean=3.7104753
interference,host,host_cpu3-interf_io-run8,cap_2000us,100001,95729,0.957280427195728,67926,27803,38,16,13.293919478119932,0.0012004318999238436,,gaussian_gmm,4,-63574.98579462328,-24398.7004424587,27803,11,127272.35950496593,-0.8775563947221056,-24398.7004424587,0.0,0.0,"component_0_mean=-0.6221602,weight=0.40785323;component_1_mean=-0.068809359,weight=0.38062847;component_2_mean=1.2297896,weight=0.20564334;component_3_mean=4.6030559,weight=0.0058749661"
interference,host,host_cpu3-interf_io-run8,cap_2000us,100001,95729,0.957280427195728,67926,27803,38,16,13.293919478119932,0.0012004318999238436,,gaussian_hmm,4,-60996.84806812269,-24450.194277712515,27803,23,122249.59814184041,-0.8794084910877429,-26238.353859475115,3.585451830506504,0.06431534660873288,state_0_mean=-0.47976744;state_1_mean=0.68084435;state_2_mean=1.0112663;state_3_mean=4.4071629
interference,host,host_cpu3-interf_io-run8,cap_2000us,100001,95729,0.957280427195728,67926,27803,38,16,13.293919478119932,0.0012004318999238436,,gaussian_gmm,5,-63091.665393768126,-24335.747312119543,27803,14,126339.09722572454,-0.8752921379750223,-24335.747312119543,0.0,0.0,"component_0_mean=-0.61464715,weight=0.42221189;component_1_mean=-0.033689575,weight=0.39856728;component_2_mean=1.3534385,weight=0.16440054;component_3_mean=3.1458187,weight=0.014686654;component_4_mean=31.665851,weight=0.00013362423"
interference,host,host_cpu3-interf_io-run8,cap_2000us,100001,95729,0.957280427195728,67926,27803,38,16,13.293919478119932,0.0012004318999238436,,gaussian_hmm,5,-57226.840989213044,-22941.74613373276,27803,34,114831.9718997405,-0.8251536213262151,-24402.327437497017,5.140414091861674,0.052533226765610126,state_0_mean=-0.65181015;state_1_mean=-0.16379576;state_2_mean=1.0254229;state_3_mean=1.1883376;state_4_mean=4.5189285
interference,host,host_cpu3-interf_io-run8,cap_1500us,100001,95729,0.957280427195728,67926,27803,38,16,13.293919478119932,0.0012004318999238436,,iid_gaussian,1,-96382.3188064606,-34626.25350384296,27803,2,192786.8899612338,-1.2454142899630603,-34626.25350384296,0.0,0.0,mean=-4.177254e-13;sd=1
interference,host,host_cpu3-interf_io-run8,cap_1500us,100001,95729,0.957280427195728,67926,27803,38,16,13.293919478119932,0.0012004318999238436,,ar1_gaussian,1,,-34416.7602438088,27787,3,,-1.2385921561812645,,,,intercept=-5.5636028e-05;phi=0.19958791;sd=0.97977977
interference,host,host_cpu3-interf_io-run8,cap_1500us,100001,95729,0.957280427195728,67926,27803,38,16,13.293919478119932,0.0012004318999238436,,gaussian_gmm,2,-73214.71961275693,-26894.58685324207,27803,5,146485.07009629539,-0.9673267939877737,-26894.58685324207,0.0,0.0,"component_0_mean=-0.43317592,weight=0.66998808;component_1_mean=0.87943097,weight=0.33001192"
interference,host,host_cpu3-interf_io-run8,cap_1500us,100001,95729,0.957280427195728,67926,27803,38,16,13.293919478119932,0.0012004318999238436,,gaussian_hmm,2,-71465.31357127243,-26542.79693574391,27803,7,143008.510361639,-0.9546738458347628,-27511.02108219422,32.30302743977081,0.03482444867281623,state_0_mean=-0.42179959;state_1_mean=0.90801077
interference,host,host_cpu3-interf_io-run8,cap_1500us,100001,95729,0.957280427195728,67926,27803,38,16,13.293919478119932,0.0012004318999238436,,gaussian_gmm,3,-66827.90031438853,-26072.06700936998,27803,8,133744.81002202752,-0.9377429417462138,-26072.06700936998,0.0,0.0,"component_0_mean=-0.49819395,weight=0.5975049;component_1_mean=0.66177716,weight=0.39229362;component_2_mean=3.731063,weight=0.010201481"
interference,host,host_cpu3-interf_io-run8,cap_1500us,100001,95729,0.957280427195728,67926,27803,38,16,13.293919478119932,0.0012004318999238436,,gaussian_hmm,3,-65268.54241678131,-25626.994814848076,27803,14,130692.85127175091,-0.9217348780652475,-26583.616968401057,18.443563395979588,0.034407155830413275,state_0_mean=-0.47444776;state_1_mean=0.7443447;state_2_mean=3.7104753
interference,host,host_cpu3-interf_io-run8,cap_1500us,100001,95729,0.957280427195728,67926,27803,38,16,13.293919478119932,0.0012004318999238436,,gaussian_gmm,4,-63574.98579462328,-24398.7004424587,27803,11,127272.35950496593,-0.8775563947221056,-24398.7004424587,0.0,0.0,"component_0_mean=-0.6221602,weight=0.40785323;component_1_mean=-0.068809359,weight=0.38062847;component_2_mean=1.2297896,weight=0.20564334;component_3_mean=4.6030559,weight=0.0058749661"
interference,host,host_cpu3-interf_io-run8,cap_1500us,100001,95729,0.957280427195728,67926,27803,38,16,13.293919478119932,0.0012004318999238436,,gaussian_hmm,4,-60996.84806812269,-24450.194277712515,27803,23,122249.59814184041,-0.8794084910877429,-26238.534685853305,6.996265557153889,0.06432185045285724,state_0_mean=-0.47976744;state_1_mean=0.68084435;state_2_mean=1.0112663;state_3_mean=4.4071629
interference,host,host_cpu3-interf_io-run8,cap_1500us,100001,95729,0.957280427195728,67926,27803,38,16,13.293919478119932,0.0012004318999238436,,gaussian_gmm,5,-63091.665393768126,-24335.747312119543,27803,14,126339.09722572454,-0.8752921379750223,-24335.747312119543,0.0,0.0,"component_0_mean=-0.61464715,weight=0.42221189;component_1_mean=-0.033689575,weight=0.39856728;component_2_mean=1.3534385,weight=0.16440054;component_3_mean=3.1458187,weight=0.014686654;component_4_mean=31.665851,weight=0.00013362423"
interference,host,host_cpu3-interf_io-run8,cap_1500us,100001,95729,0.957280427195728,67926,27803,38,16,13.293919478119932,0.0012004318999238436,,gaussian_hmm,5,-57226.840989213044,-22941.74613373276,27803,34,114831.9718997405,-0.8251536213262151,-24403.7498388962,1.714250053375761,0.0525843867627034,state_0_mean=-0.65181015;state_1_mean=-0.16379576;state_2_mean=1.0254229;state_3_mean=1.1883376;state_4_mean=4.5189285
interference,host,host_cpu3-interf_io-run8,cap_1000us,100001,95729,0.957280427195728,67926,27803,38,16,13.293919478119932,0.0012004318999238436,,iid_gaussian,1,-96382.3188064606,-34626.25350384296,27803,2,192786.8899612338,-1.2454142899630603,-34626.25350384296,0.0,0.0,mean=-4.177254e-13;sd=1
interference,host,host_cpu3-interf_io-run8,cap_1000us,100001,95729,0.957280427195728,67926,27803,38,16,13.293919478119932,0.0012004318999238436,,ar1_gaussian,1,,-34416.7602438088,27787,3,,-1.2385921561812645,,,,intercept=-5.5636028e-05;phi=0.19958791;sd=0.97977977
interference,host,host_cpu3-interf_io-run8,cap_1000us,100001,95729,0.957280427195728,67926,27803,38,16,13.293919478119932,0.0012004318999238436,,gaussian_gmm,2,-73214.71961275693,-26894.58685324207,27803,5,146485.07009629539,-0.9673267939877737,-26894.58685324207,0.0,0.0,"component_0_mean=-0.43317592,weight=0.66998808;component_1_mean=0.87943097,weight=0.33001192"
interference,host,host_cpu3-interf_io-run8,cap_1000us,100001,95729,0.957280427195728,67926,27803,38,16,13.293919478119932,0.0012004318999238436,,gaussian_hmm,2,-71465.31357127243,-26542.79693574391,27803,7,143008.510361639,-0.9546738458347628,-27515.63149528904,34.8887075371096,0.034990272975762626,state_0_mean=-0.42179959;state_1_mean=0.90801077
interference,host,host_cpu3-interf_io-run8,cap_1000us,100001,95729,0.957280427195728,67926,27803,38,16,13.293919478119932,0.0012004318999238436,,gaussian_gmm,3,-66827.90031438853,-26072.06700936998,27803,8,133744.81002202752,-0.9377429417462138,-26072.06700936998,0.0,0.0,"component_0_mean=-0.49819395,weight=0.5975049;component_1_mean=0.66177716,weight=0.39229362;component_2_mean=3.731063,weight=0.010201481"
interference,host,host_cpu3-interf_io-run8,cap_1000us,100001,95729,0.957280427195728,67926,27803,38,16,13.293919478119932,0.0012004318999238436,,gaussian_hmm,3,-65268.54241678131,-25626.994814848076,27803,14,130692.85127175091,-0.9217348780652475,-26577.35769952442,40.27497263251853,0.034182026568224375,state_0_mean=-0.47444776;state_1_mean=0.7443447;state_2_mean=3.7104753
interference,host,host_cpu3-interf_io-run8,cap_1000us,100001,95729,0.957280427195728,67926,27803,38,16,13.293919478119932,0.0012004318999238436,,gaussian_gmm,4,-63574.98579462328,-24398.7004424587,27803,11,127272.35950496593,-0.8775563947221056,-24398.7004424587,0.0,0.0,"component_0_mean=-0.6221602,weight=0.40785323;component_1_mean=-0.068809359,weight=0.38062847;component_2_mean=1.2297896,weight=0.20564334;component_3_mean=4.6030559,weight=0.0058749661"
interference,host,host_cpu3-interf_io-run8,cap_1000us,100001,95729,0.957280427195728,67926,27803,38,16,13.293919478119932,0.0012004318999238436,,gaussian_hmm,4,-60996.84806812269,-24450.194277712515,27803,23,122249.59814184041,-0.8794084910877429,-26241.201092342002,6.889374612695591,0.06441775400602406,state_0_mean=-0.47976744;state_1_mean=0.68084435;state_2_mean=1.0112663;state_3_mean=4.4071629
interference,host,host_cpu3-interf_io-run8,cap_1000us,100001,95729,0.957280427195728,67926,27803,38,16,13.293919478119932,0.0012004318999238436,,gaussian_gmm,5,-63091.665393768126,-24335.747312119543,27803,14,126339.09722572454,-0.8752921379750223,-24335.747312119543,0.0,0.0,"component_0_mean=-0.61464715,weight=0.42221189;component_1_mean=-0.033689575,weight=0.39856728;component_2_mean=1.3534385,weight=0.16440054;component_3_mean=3.1458187,weight=0.014686654;component_4_mean=31.665851,weight=0.00013362423"
interference,host,host_cpu3-interf_io-run8,cap_1000us,100001,95729,0.957280427195728,67926,27803,38,16,13.293919478119932,0.0012004318999238436,,gaussian_hmm,5,-57226.840989213044,-22941.74613373276,27803,34,114831.9718997405,-0.8251536213262151,-24403.672261314066,3.9889021659619748,0.05258159650330208,state_0_mean=-0.65181015;state_1_mean=-0.16379576;state_2_mean=1.0254229;state_3_mean=1.1883376;state_4_mean=4.5189285
interference,host,host_cpu3-interf_io-run8,train_q_0.999,100001,95661,0.9566004339956601,67859,27802,103,17,13.29390779870234,0.001042170593906577,,iid_gaussian,1,-96287.2499247359,-37541.39181830905,27802,2,192596.7502240758,-1.3503126328432864,-37541.39181830905,0.0,0.0,mean=1.0866233e-12;sd=1
interference,host,host_cpu3-interf_io-run8,train_q_0.999,100001,95661,0.9566004339956601,67859,27802,103,17,13.29390779870234,0.001042170593906577,,ar1_gaussian,1,,-37436.89823183538,27785,3,,-1.3473780180613777,,,,intercept=-0.0011564084;phi=0.19185592;sd=0.98038003
interference,host,host_cpu3-interf_io-run8,train_q_0.999,100001,95661,0.9566004339956601,67859,27802,103,17,13.29390779870234,0.001042170593906577,,gaussian_gmm,2,-76247.20676606375,-30107.51707936699,27802,5,152550.03946863755,-1.0829263031208902,-30107.51707936699,0.0,0.0,"component_0_mean=-0.53201644,weight=0.63559396;component_1_mean=0.9279386,weight=0.36440604"
interference,host,host_cpu3-interf_io-run8,train_q_0.999,100001,95661,0.9566004339956601,67859,27802,103,17,13.29390779870234,0.001042170593906577,,gaussian_hmm,2,-74744.5609279274,-29663.093267052944,27802,7,149566.99816696887,-1.0669409850749207,-30671.379939823597,26.779483167546232,0.036266695661127016,state_0_mean=-0.5194193;state_1_mean=0.95875046
interference,host,host_cpu3-interf_io-run8,train_q_0.999,100001,95661,0.9566004339956601,67859,27802,103,17,13.29390779870234,0.001042170593906577,,gaussian_gmm,3,-72641.74633202495,-28309.490778651354,27802,8,145372.49416246597,-1.0182537507607854,-28309.490778651354,0.0,0.0,"component_0_mean=-0.69929618,weight=0.41572444;component_1_mean=-0.048693693,weight=0.36872161;component_2_mean=1.4319799,weight=0.21555395"
interference,host,host_cpu3-interf_io-run8,train_q_0.999,100001,95661,0.9566004339956601,67859,27802,103,17,13.29390779870234,0.001042170593906577,,gaussian_hmm,3,-70371.20956157507,-28448.864173491453,27802,14,140898.17174537826,-1.0232668215772769,-30194.961939583067,2.775737288529299,0.0628047538339549,state_0_mean=-0.53897497;state_1_mean=0.81365102;state_2_mean=1.3167222
interference,host,host_cpu3-interf_io-run8,train_q_0.999,100001,95661,0.9566004339956601,67859,27802,103,17,13.29390779870234,0.001042170593906577,,gaussian_gmm,4,-71572.11825730163,-27819.91739170597,27802,11,143266.61357492534,-1.0006444641286947,-27819.91739170597,0.0,0.0,"component_0_mean=-0.75524181,weight=0.37034759;component_1_mean=-0.27412513,weight=0.29548533;component_2_mean=0.44529295,weight=0.14066873;component_3_mean=1.5403911,weight=0.19349836"
interference,host,host_cpu3-interf_io-run8,train_q_0.999,100001,95661,0.9566004339956601,67859,27802,103,17,13.29390779870234,0.001042170593906577,,gaussian_hmm,4,-66592.28215703605,-26924.133836405083,27802,23,133440.4436220183,-0.9684243520755731,-28333.62034477602,3.1464213765463143,0.050697306250303484,state_0_mean=-0.73956429;state_1_mean=-0.17746703;state_2_mean=1.3479861;state_3_mean=1.3786566
interference,host,host_cpu3-interf_io-run8,train_q_0.999,100001,95661,0.9566004339956601,67859,27802,103,17,13.29390779870234,0.001042170593906577,,gaussian_gmm,5,-70987.76209678875,-27748.12288342259,27802,14,142131.2768158056,-0.9980621136401191,-27748.12288342259,0.0,0.0,"component_0_mean=-0.74817013,weight=0.39282186;component_1_mean=-0.25826745,weight=0.28034722;component_2_mean=0.45905932,weight=0.18634941;component_3_mean=1.7953589,weight=0.11871482;component_4_mean=3.1066284,weight=0.021766686"
interference,host,host_cpu3-interf_io-run8,train_q_0.999,100001,95661,0.9566004339956601,67859,27802,103,17,13.29390779870234,0.001042170593906577,,gaussian_hmm,5,-65636.30697550336,-26523.20600977901,27802,34,131650.870319275,-0.9540035252780019,-27890.755201065873,9.42571057142811,0.049188878184550165,state_0_mean=-0.77159204;state_1_mean=-0.32217091;state_2_mean=0.3762057;state_3_mean=1.3523901;state_4_mean=1.6070418
interference,host,host_cpu3-interf_io-run8,train_q_0.9995,100001,95695,0.956940430595694,67893,27802,70,17,13.293911342250853,0.0010538847754962466,,iid_gaussian,1,-96335.49383486484,-37281.67690703299,27802,2,192693.2390461606,-1.3409710419046468,-37281.67690703299,0.0,0.0,mean=-1.7869763e-13;sd=1
interference,host,host_cpu3-interf_io-run8,train_q_0.9995,100001,95695,0.956940430595694,67893,27802,70,17,13.293911342250853,0.0010538847754962466,,ar1_gaussian,1,,-37174.256681406325,27785,3,,-1.3379253799318453,,,,intercept=-0.0006022093;phi=0.19634381;sd=0.97979038
interference,host,host_cpu3-interf_io-run8,train_q_0.9995,100001,95695,0.956940430595694,67893,27802,70,17,13.293911342250853,0.0010538847754962466,,gaussian_gmm,2,-76036.59627464628,-29819.536629249345,27802,5,152128.8209903698,-1.072568039322687,-29819.536629249345,0.0,0.0,"component_0_mean=-0.52674428,weight=0.63749995;component_1_mean=0.9263432,weight=0.36250005"
interference,host,host_cpu3-interf_io-run8,train_q_0.9995,100001,95695,0.956940430595694,67893,27802,70,17,13.293911342250853,0.0010538847754962466,,gaussian_hmm,2,-74514.58575645532,-29377.439543397068,27802,7,149107.05133041876,-1.05666641045238,-30383.602835809947,31.216237530052673,0.03619032056732893,state_0_mean=-0.51391282;state_1_mean=0.95790978
interference,host,host_cpu3-interf_io-run8,train_q_0.9995,100001,95695,0.956940430595694,67893,27802,70,17,13.293911342250853,0.0010538847754962466,,gaussian_gmm,3,-72363.84575604161,-28017.300540472526,27802,8,144816.69701780681,-1.0077440666309088,-28017.300540472526,0.0,0.0,"component_0_mean=-0.69187219,weight=0.41984964;component_1_mean=-0.041697102,weight=0.36510962;component_2_mean=1.4216204,weight=0.21504073"
interference,host,host_cpu3-interf_io-run8,train_q_0.9995,100001,95695,0.956940430595694,67893,27802,70,17,13.293911342250853,0.0010538847754962466,,gaussian_hmm,3,-70020.9089237319,-28199.690013465613,27802,14,140197.5774824801,-1.0143043670766712,-29875.48557839977,4.791994856515837,0.06027607959622173,state_0_mean=-0.5356444;state_1_mean=0.8018355;state_2_mean=1.3414051
interference,host,host_cpu3-interf_io-run8,train_q_0.9995,100001,95695,0.956940430595694,67893,27802,70,17,13.293911342250853,0.0010538847754962466,,gaussian_gmm,4,-71255.67581394309,-27519.568381643956,27802,11,142633.7341982561,-0.9898413201080482,-27519.568381643956,0.0,0.0,"component_0_mean=-0.75452884,weight=0.35859168;component_1_mean=-0.28940679,weight=0.29997732;component_2_mean=0.42522972,weight=0.14749493;component_3_mean=1.5193874,weight=0.19393607"
interference,host,host_cpu3-interf_io-run8,train_q_0.9995,100001,95695,0.956940430595694,67893,27802,70,17,13.293911342250853,0.0010538847754962466,,gaussian_hmm,4,-66237.47800876849,-26657.824151402132,27802,23,132730.84684649232,-0.9588455561255352,-28013.03795495064,4.5170385966454,0.04874519112108869,state_0_mean=-0.73469465;state_1_mean=-0.17877418;state_2_mean=1.3588741;state_3_mean=1.3606304
interference,host,host_cpu3-interf_io-run8,train_q_0.9995,100001,95695,0.956940430595694,67893,27802,70,17,13.293911342250853,0.0010538847754962466,,gaussian_gmm,5,-70505.16040939296,-27450.710044546577,27802,14,141166.08045380222,-0.9873645796901869,-27450.710044546577,0.0,0.0,"component_0_mean=-0.74382333,weight=0.39093781;component_1_mean=-0.25927274,weight=0.28346398;component_2_mean=0.45108125,weight=0.18260319;component_3_mean=1.7710776,weight=0.12373031;component_4_mean=3.2587194,weight=0.019264713"
interference,host,host_cpu3-interf_io-run8,train_q_0.9995,100001,95695,0.956940430595694,67893,27802,70,17,13.293911342250853,0.0010538847754962466,,gaussian_hmm,5,-65186.39560693188,-26241.846084444478,27802,34,130751.06461318902,-0.943883392721548,-28020.89917568367,5.659579203735809,0.06399011190702797,state_0_mean=-0.73480336;state_1_mean=-0.1794695;state_2_mean=0.9764612;state_3_mean=1.3615097;state_4_mean=2.7723002
interference,host,host_cpu3-interf_io-run8,train_q_0.9999,100001,95723,0.957220427795722,67920,27803,43,16,13.293914883688103,0.0010688665531061949,,iid_gaussian,1,-96373.80517526137,-36990.686961939355,27803,2,192769.8625221647,-1.3304566759680378,-36990.686961939355,0.0,0.0,mean=9.7049927e-13;sd=1
interference,host,host_cpu3-interf_io-run8,train_q_0.9999,100001,95723,0.957220427795722,67920,27803,43,16,13.293914883688103,0.0010688665531061949,,ar1_gaussian,1,,-36879.9612475736,27787,3,,-1.3272379619092958,,,,intercept=-0.00016002148;phi=0.19963281;sd=0.97948772
interference,host,host_cpu3-interf_io-run8,train_q_0.9999,100001,95723,0.957220427795722,67920,27803,43,16,13.293914883688103,0.0010688665531061949,,gaussian_gmm,2,-75759.66528726116,-29484.28194109495,27803,5,151574.96100362725,-1.0604712419916897,-29484.28194109495,0.0,0.0,"component_0_mean=-0.51954333,weight=0.63941145;component_1_mean=0.92127705,weight=0.36058855"
interference,host,host_cpu3-interf_io-run8,train_q_0.9999,100001,95723,0.957220427795722,67920,27803,43,16,13.293914883688103,0.0010688665531061949,,gaussian_hmm,2,-74210.19826387646,-29045.968091687908,27803,7,148498.27912849982,-1.0447062580184838,-30063.02992789938,14.089392853894186,0.03658101054603722,state_0_mean=-0.50614634;state_1_mean=0.95486988
interference,host,host_cpu3-interf_io-run8,train_q_0.9999,100001,95723,0.957220427795722,67920,27803,43,16,13.293914883688103,0.0010688665531061949,,gaussian_gmm,3,-71996.74422124989,-27673.89286018783,27803,8,144082.49712906766,-0.9953563593924335,-27673.89286018783,0.0,0.0,"component_0_mean=-0.68230087,weight=0.42378199;component_1_mean=-0.033503965,weight=0.36178725;component_2_mean=1.404967,weight=0.21443075"
interference,host,host_cpu3-interf_io-run8,train_q_0.9999,100001,95723,0.957220427795722,67920,27803,43,16,13.293914883688103,0.0010688665531061949,,gaussian_hmm,3,-69546.79631081436,-27907.715667261604,27803,14,139249.35782312253,-1.0037663441809015,-29497.714668665496,4.510838876696053,0.05718803731266022,state_0_mean=-0.53114477;state_1_mean=0.78733198;state_2_mean=1.3573091
interference,host,host_cpu3-interf_io-run8,train_q_0.9999,100001,95723,0.957220427795722,67920,27803,43,16,13.293914883688103,0.0010688665531061949,,gaussian_gmm,4,-70890.60202749318,-27560.97905354271,27803,11,141903.5909990172,-0.9912951499313998,-27560.97905354271,0.0,0.0,"component_0_mean=-0.68667885,weight=0.4210193;component_1_mean=-0.035986166,weight=0.39874268;component_2_mean=1.5199741,weight=0.16553736;component_3_mean=3.5264918,weight=0.014700663"
interference,host,host_cpu3-interf_io-run8,train_q_0.9999,100001,95723,0.957220427795722,67920,27803,43,16,13.293914883688103,0.0010688665531061949,,gaussian_hmm,4,-65761.8755851966,-26351.67449286025,27803,23,131779.65114427585,-0.9477996796338615,-27633.06003268705,3.584642162551447,0.04608803150116183,state_0_mean=-0.72770779;state_1_mean=-0.17953799;state_2_mean=1.3345939;state_3_mean=1.3709741
interference,host,host_cpu3-interf_io-run8,train_q_0.9999,100001,95723,0.957220427795722,67920,27803,43,16,13.293914883688103,0.0010688665531061949,,gaussian_gmm,5,-69823.09037187738,-27085.20228638105,27803,14,139801.94594524856,-0.9741827243959662,-27085.20228638105,0.0,0.0,"component_0_mean=-0.73817777,weight=0.38684184;component_1_mean=-0.26071588,weight=0.28998299;component_2_mean=0.44277265,weight=0.17601736;component_3_mean=1.7334294,weight=0.13007707;component_4_mean=3.3807748,weight=0.017080738"
interference,host,host_cpu3-interf_io-run8,train_q_0.9999,100001,95723,0.957220427795722,67920,27803,43,16,13.293914883688103,0.0010688665531061949,,gaussian_hmm,5,-64455.00674435366,-25936.79907140544,27803,34,129288.30040662082,-0.932877713606641,-27638.19949060172,4.962689406884533,0.06119485016711439,state_0_mean=-0.72762748;state_1_mean=-0.17958025;state_2_mean=1.0058637;state_3_mean=1.3398767;state_4_mean=3.0852733
