condition,environment,run,sensitivity,model,n_total,n_kept,kept_fraction,n_train,n_test,train_segments,test_segments,standardization_center_log_ns,standardization_scale_log_ns,reason,order,train_loglik,test_loglik,scored_test_observations,parameters_count,train_bic,test_loglik_per_obs,shuffled_test_loglik_mean,shuffled_test_loglik_sd,temporal_gain_per_obs,parameters
interference,container,docker_cpu3-interf_io-run1,base_stable,gaussian_gmm,100001,99971,0.99970000299997,69978,29993,4,2,13.316169876514792,0.010455026592727942,,4,53846.2585604625,22788.623253923128,29993,11,-107569.80182287989,0.7597980613450848,22788.623253923128,0.0,0.0,"component_0_mean=-0.036818056,weight=0.92811801;component_1_mean=0.23744956,weight=0.069777329;component_2_mean=4.3952703,weight=0.0019614466;component_3_mean=62.715116,weight=0.00014321613"
interference,container,docker_cpu3-interf_io-run1,base_stable,gaussian_hmm,100001,99971,0.99970000299997,69978,29993,4,2,13.316169876514792,0.010455026592727942,,4,57862.21508964386,24877.18858836066,29993,23,-115467.84364701158,0.8294331540146254,21039.25048951312,24.714095560957777,0.12796112755801484,state_0_mean=-0.067870305;state_1_mean=0.053731986;state_2_mean=0.18134428;state_3_mean=7.8128792
interference,container,docker_cpu3-interf_io-run1,cap_1000us,gaussian_gmm,100001,99961,0.99960000399996,69973,29988,9,7,13.31609001269957,0.0035640400469164855,,5,-21046.659838036132,-9303.621276436977,29988,14,42249.50178232501,-0.31024480713742086,-9303.621276436977,0.0,0.0,"component_0_mean=-0.21382483,weight=0.57140187;component_1_mean=0.12375726,weight=0.35461825;component_2_mean=0.68023741,weight=0.071803172;component_3_mean=4.8962214,weight=0.0013778268;component_4_mean=28.419732,weight=0.00079888081"
interference,container,docker_cpu3-interf_io-run1,cap_1000us,gaussian_hmm,100001,99961,0.99960000399996,69973,29988,9,7,13.31609001269957,0.0035640400469164855,,5,-13634.879652500373,-6554.5358686013915,29988,34,27649.05870590027,-0.2185719577364743,-11217.660194680657,40.51080317321943,0.1554996774069383,state_0_mean=-0.18898996;state_1_mean=0.1547544;state_2_mean=0.37544447;state_3_mean=0.5168998;state_4_mean=17.947511
interference,container,docker_cpu3-interf_io-run1,cap_1500us,gaussian_gmm,100001,99965,0.999640003599964,69974,29991,8,4,13.316098578502874,0.004223316381993225,,5,-9357.096750032195,-4486.7390179007,29991,14,18870.375806392876,-0.149602848117792,-4486.7390179007,0.0,0.0,"component_0_mean=-0.10676622,weight=0.77013912;component_1_mean=0.19983109,weight=0.21584089;component_2_mean=1.0624982,weight=0.01238459;component_3_mean=14.746887,weight=0.0016211102;component_4_mean=141.92045,weight=1.4291022e-05"
interference,container,docker_cpu3-interf_io-run1,cap_1500us,gaussian_hmm,100001,99965,0.999640003599964,69974,29991,8,4,13.316098578502874,0.004223316381993225,,5,-2489.0376169169026,-1949.5743196457984,29991,34,5357.37512063156,-0.06500531224853451,-6482.6036679874,61.20848073741693,0.15114632217470578,state_0_mean=-0.17598836;state_1_mean=0.089570068;state_2_mean=0.43923106;state_3_mean=13.653202;state_4_mean=141.92045
interference,container,docker_cpu3-interf_io-run1,cap_2000us,gaussian_gmm,100001,99968,0.999670003299967,69976,29992,6,3,13.316128456356024,0.0070130498335115865,,5,26069.520134392027,10876.851776271767,29992,14,-51982.85756231266,0.36265843479167004,10876.851776271767,0.0,0.0,"component_0_mean=-0.063650839,weight=0.80850874;component_1_mean=0.14974518,weight=0.18418711;component_2_mean=0.73307046,weight=0.0058139435;component_3_mean=9.756874,weight=0.0014466441;component_4_mean=126.33858,weight=4.3568431e-05"
interference,container,docker_cpu3-interf_io-run1,cap_2000us,gaussian_hmm,100001,99968,0.999670003299967,69976,29992,6,3,13.316128456356024,0.0070130498335115865,,5,28976.872488849025,11807.713408384961,29992,34,-57574.44411912466,0.393695432394804,8534.747508180928,54.546753833694886,0.10912796413056927,state_0_mean=-0.11173553;state_1_mean=0.07833016;state_2_mean=3.4682033;state_3_mean=85.461403;state_4_mean=149.0559
interference,container,docker_cpu3-interf_io-run1,cap_2500us,gaussian_gmm,100001,99970,0.999690003099969,69977,29993,5,2,13.316148326464928,0.008764163974483005,,4,41519.687898533084,17524.971333911944,29993,11,-82916.66065621444,0.5843020482749957,17524.971333911944,0.0,0.0,"component_0_mean=-0.050098974,weight=0.8345673;component_1_mean=0.14211004,weight=0.1632591;component_2_mean=4.8649333,weight=0.0020136433;component_3_mean=55.102174,weight=0.00015995682"
interference,container,docker_cpu3-interf_io-run1,cap_2500us,gaussian_hmm,100001,99970,0.999690003099969,69977,29993,5,2,13.316148326464928,0.008764163974483005,,5,47774.11068939736,19956.362338745228,29993,34,-95168.92003434393,0.6653673303352525,15287.492450717971,154.77811747290437,0.15566531817514942,state_0_mean=-0.090221141;state_1_mean=0.03895206;state_2_mean=0.19344021;state_3_mean=11.317642;state_4_mean=68.383614
interference,container,docker_cpu3-interf_io-run1,train_q_0.999,gaussian_gmm,100001,99854,0.998530014699853,69908,29946,71,49,13.316001016668588,0.0013587618253205025,,5,-87528.07118327118,-37640.34285718961,29946,14,175212.31146173476,-1.2569405882985911,-37640.34285718961,0.0,0.0,"component_0_mean=-0.91870307,weight=0.23949653;component_1_mean=-0.21892872,weight=0.43007298;component_2_mean=0.63185478,weight=0.2600295;component_3_mean=1.9773166,weight=0.06851637;component_4_mean=7.6418937,weight=0.0018846223"
interference,container,docker_cpu3-interf_io-run1,train_q_0.999,gaussian_hmm,100001,99854,0.998530014699853,69908,29946,71,49,13.316001016668588,0.0013587618253205025,,5,-76627.5306879709,-33997.69497941617,29946,34,153634.3291785519,-1.135300039384765,-40028.79601018487,32.576912782924694,0.20139921962094112,state_0_mean=-0.89988933;state_1_mean=-0.22530546;state_2_mean=0.57521169;state_3_mean=0.93295394;state_4_mean=1.2952997
interference,container,docker_cpu3-interf_io-run1,train_q_0.9995,gaussian_gmm,100001,99916,0.999150008499915,69943,29973,39,22,13.316030701534983,0.0019236645178767758,,5,-63679.28563659472,-27556.637621702746,29973,14,127514.74737583994,-0.919382031218188,-27556.637621702746,0.0,0.0,"component_0_mean=-0.66343178,weight=0.24006834;component_1_mean=-0.16754275,weight=0.43140514;component_2_mean=0.43497124,weight=0.25624576;component_3_mean=1.363027,weight=0.070512077;component_4_mean=13.557094,weight=0.0017686955"
interference,container,docker_cpu3-interf_io-run1,train_q_0.9995,gaussian_hmm,100001,99916,0.999150008499915,69943,29973,39,22,13.316030701534983,0.0019236645178767758,,5,-55874.632425981195,-24738.976175910975,29973,34,112128.54967268501,-0.8253753770363652,-29620.915471981734,26.058112957605115,0.16287789997900642,state_0_mean=-0.32749363;state_1_mean=0.29608747;state_2_mean=0.56171842;state_3_mean=0.98202324;state_4_mean=15.005893
interference,container,docker_cpu3-interf_io-run1,train_q_0.9999,gaussian_gmm,100001,99957,0.999560004399956,69971,29986,11,9,13.316083164416423,0.0033258107328445565,,5,-25802.9306583889,-11312.494526936884,29986,14,51762.04302287048,-0.37725920519365314,-11312.494526936884,0.0,0.0,"component_0_mean=-0.22574081,weight=0.56256487;component_1_mean=0.12400779,weight=0.36220616;component_2_mean=0.71135,weight=0.072499564;component_3_mean=2.3888145,weight=0.0015256148;component_4_mean=22.31314,weight=0.001203797"
interference,container,docker_cpu3-interf_io-run1,train_q_0.9999,gaussian_hmm,100001,99957,0.999560004399956,69971,29986,11,9,13.316083164416423,0.0033258107328445565,,5,-15640.337285312587,-7784.7582858182905,29986,34,31659.9729997074,-0.2596130956385744,-13689.623064091254,70.2673671090918,0.1969207222794959,state_0_mean=-0.39756552;state_1_mean=-0.12480158;state_2_mean=0.20741951;state_3_mean=0.41360446;state_4_mean=16.508326
interference,container,docker_cpu3-interf_io-run10,base_stable,gaussian_gmm,100001,94471,0.9447005529944701,67640,26831,40,20,13.302417558153762,0.0011227403782492393,,5,-15737.626750499696,-8388.242004664588,26831,14,31630.960868241567,-0.3126324775321303,-8388.242004664588,0.0,0.0,"component_0_mean=-0.26892502,weight=0.8092653;component_1_mean=0.62836335,weight=0.13505215;component_2_mean=2.0987685,weight=0.04492341;component_3_mean=2.9002726,weight=0.010509545;component_4_mean=32.074474,weight=0.00024959041"
interference,container,docker_cpu3-interf_io-run10,base_stable,gaussian_hmm,100001,94471,0.9447005529944701,67640,26831,40,20,13.302417558153762,0.0011227403782492393,,5,4558.151733047439,1164.6934296262264,26831,34,-8738.157002792452,0.04340849873751356,-22131.53307258476,214.49685056871243,0.8682578548026904,state_0_mean=-0.2673416;state_1_mean=0.44606381;state_2_mean=1.1983876;state_3_mean=2.1165435;state_4_mean=3.9046321
interference,container,docker_cpu3-interf_io-run10,cap_1000us,gaussian_gmm,100001,94471,0.9447005529944701,67640,26831,40,20,13.302417558153762,0.0011227403782492393,,5,-15737.626750499696,-8388.242004664588,26831,14,31630.960868241567,-0.3126324775321303,-8388.242004664588,0.0,0.0,"component_0_mean=-0.26892502,weight=0.8092653;component_1_mean=0.62836335,weight=0.13505215;component_2_mean=2.0987685,weight=0.04492341;component_3_mean=2.9002726,weight=0.010509545;component_4_mean=32.074474,weight=0.00024959041"
interference,container,docker_cpu3-interf_io-run10,cap_1000us,gaussian_hmm,100001,94471,0.9447005529944701,67640,26831,40,20,13.302417558153762,0.0011227403782492393,,5,4558.151733047439,1164.6934296262264,26831,34,-8738.157002792452,0.04340849873751356,-22237.140876503592,114.77323976709451,0.8721938916227431,state_0_mean=-0.2673416;state_1_mean=0.44606381;state_2_mean=1.1983876;state_3_mean=2.1165435;state_4_mean=3.9046321
interference,container,docker_cpu3-interf_io-run10,cap_1500us,gaussian_gmm,100001,94471,0.9447005529944701,67640,26831,40,20,13.302417558153762,0.0011227403782492393,,5,-15737.626750499696,-8388.242004664588,26831,14,31630.960868241567,-0.3126324775321303,-8388.242004664588,0.0,0.0,"component_0_mean=-0.26892502,weight=0.8092653;component_1_mean=0.62836335,weight=0.13505215;component_2_mean=2.0987685,weight=0.04492341;component_3_mean=2.9002726,weight=0.010509545;component_4_mean=32.074474,weight=0.00024959041"
interference,container,docker_cpu3-interf_io-run10,cap_1500us,gaussian_hmm,100001,94471,0.9447005529944701,67640,26831,40,20,13.302417558153762,0.0011227403782492393,,5,4558.151733047439,1164.6934296262264,26831,34,-8738.157002792452,0.04340849873751356,-22170.958296445817,201.9550791932738,0.8697272455768343,state_0_mean=-0.2673416;state_1_mean=0.44606381;state_2_mean=1.1983876;state_3_mean=2.1165435;state_4_mean=3.9046321
interference,container,docker_cpu3-interf_io-run10,cap_2000us,gaussian_gmm,100001,94471,0.9447005529944701,67640,26831,40,20,13.302417558153762,0.0011227403782492393,,5,-15737.626750499696,-8388.242004664588,26831,14,31630.960868241567,-0.3126324775321303,-8388.242004664588,0.0,0.0,"component_0_mean=-0.26892502,weight=0.8092653;component_1_mean=0.62836335,weight=0.13505215;component_2_mean=2.0987685,weight=0.04492341;component_3_mean=2.9002726,weight=0.010509545;component_4_mean=32.074474,weight=0.00024959041"
interference,container,docker_cpu3-interf_io-run10,cap_2000us,gaussian_hmm,100001,94471,0.9447005529944701,67640,26831,40,20,13.302417558153762,0.0011227403782492393,,5,4558.151733047439,1164.6934296262264,26831,34,-8738.157002792452,0.04340849873751356,-22201.712688527536,105.93112179344995,0.8708734716616512,state_0_mean=-0.2673416;state_1_mean=0.44606381;state_2_mean=1.1983876;state_3_mean=2.1165435;state_4_mean=3.9046321
interference,container,docker_cpu3-interf_io-run10,cap_2500us,gaussian_gmm,100001,94471,0.9447005529944701,67640,26831,40,20,13.302417558153762,0.0011227403782492393,,5,-15737.626750499696,-8388.242004664588,26831,14,31630.960868241567,-0.3126324775321303,-8388.242004664588,0.0,0.0,"component_0_mean=-0.26892502,weight=0.8092653;component_1_mean=0.62836335,weight=0.13505215;component_2_mean=2.0987685,weight=0.04492341;component_3_mean=2.9002726,weight=0.010509545;component_4_mean=32.074474,weight=0.00024959041"
interference,container,docker_cpu3-interf_io-run10,cap_2500us,gaussian_hmm,100001,94471,0.9447005529944701,67640,26831,40,20,13.302417558153762,0.0011227403782492393,,5,4558.151733047439,1164.6934296262264,26831,34,-8738.157002792452,0.04340849873751356,-22109.2369477416,192.00207682038578,0.8674268710583961,state_0_mean=-0.2673416;state_1_mean=0.44606381;state_2_mean=1.1983876;state_3_mean=2.1165435;state_4_mean=3.9046321
interference,container,docker_cpu3-interf_io-run10,train_q_0.999,gaussian_gmm,100001,94392,0.9439105608943911,67572,26820,107,31,13.302404206869603,0.0007501086388042053,,5,-43220.488101916904,-19452.78835918714,26820,14,86596.66948948441,-0.7253090365095876,-19452.78835918714,0.0,0.0,"component_0_mean=-0.49732644,weight=0.4404958;component_1_mean=-0.26018531,weight=0.37168227;component_2_mean=0.50434269,weight=0.076551213;component_3_mean=1.470955,weight=0.036418576;component_4_mean=2.9872001,weight=0.074852146"
interference,container,docker_cpu3-interf_io-run10,train_q_0.999,gaussian_hmm,100001,94392,0.9439105608943911,67572,26820,107,31,13.302404206869603,0.0007501086388042053,,5,-20874.43159255727,-9090.223969930375,26820,34,42126.97545026599,-0.3389345253516173,-32084.674535011534,158.42630729465006,0.8573620643206994,state_0_mean=-0.38249279;state_1_mean=0.68788873;state_2_mean=1.7872596;state_3_mean=3.1811094;state_4_mean=4.5160567
interference,container,docker_cpu3-interf_io-run10,train_q_0.9995,gaussian_gmm,100001,94436,0.944350556494435,67606,26830,73,21,13.302406878627991,0.0007593474244642278,,4,-41774.62667857185,-18860.841130348083,26830,11,83671.58932931407,-0.7029758155180054,-18860.841130348083,0.0,0.0,"component_0_mean=-0.38324788,weight=0.81117179;component_1_mean=0.96161296,weight=0.13445674;component_2_mean=3.1164209,weight=0.045306702;component_3_mean=4.4556874,weight=0.009064768"
interference,container,docker_cpu3-interf_io-run10,train_q_0.9995,gaussian_hmm,100001,94436,0.944350556494435,67606,26830,73,21,13.302406878627991,0.0007593474244642278,,5,-20293.660107013908,-8853.359466675967,26830,34,40965.449582554436,-0.3299798533982843,-31813.03374962944,155.03898710884482,0.8557463392826491,state_0_mean=-0.38136832;state_1_mean=0.67293164;state_2_mean=1.7568363;state_3_mean=3.1393912;state_4_mean=4.514037
interference,container,docker_cpu3-interf_io-run10,train_q_0.9999,gaussian_gmm,100001,94464,0.944630553694463,67633,26831,47,20,13.302410127859721,0.0007804099037795757,,5,-40363.907985477395,-18186.4023700497,26831,14,80883.52188927516,-0.6778130658585106,-18186.4023700497,0.0,0.0,"component_0_mean=-0.45140821,weight=0.5339807;component_1_mean=-0.23152282,weight=0.27633296;component_2_mean=0.91702886,weight=0.13066805;component_3_mean=3.0328456,weight=0.044150651;component_4_mean=3.4499228,weight=0.014867631"
interference,container,docker_cpu3-interf_io-run10,train_q_0.9999,gaussian_hmm,100001,94464,0.944630553694463,67633,26831,47,20,13.302410127859721,0.0007804099037795757,,5,-18847.794057575597,-8211.190378721853,26831,34,38073.731059643505,-0.30603370648585043,-31277.772717560398,112.18528641835792,0.8596989429703905,state_0_mean=-0.37520329;state_1_mean=0.64058343;state_2_mean=1.7027582;state_3_mean=3.0515379;state_4_mean=4.1376177
interference,container,docker_cpu3-interf_io-run2,base_stable,gaussian_gmm,100001,99955,0.999540004599954,69978,29977,4,4,13.30455804758399,0.015599040423851112,,4,84652.16347635756,32761.45599244805,29977,11,-169181.61165467,1.0928864126646445,32761.45599244805,0.0,0.0,"component_0_mean=-0.034984888,weight=0.90096582;component_1_mean=0.12795244,weight=0.097125161;component_2_mean=3.0487339,weight=0.0015839098;component_3_mean=43.873603,weight=0.00032511273"
interference,container,docker_cpu3-interf_io-run2,base_stable,gaussian_hmm,100001,99955,0.999540004599954,69978,29977,4,4,13.30455804758399,0.015599040423851112,,4,86266.08047037938,33817.559435685806,29977,23,-172275.57440848261,1.1281168707904663,31204.75244320999,55.078777726972646,0.0871603893810527,state_0_mean=-0.052264573;state_1_mean=0.031771268;state_2_mean=1.9568232;state_3_mean=44.74739
interference,container,docker_cpu3-interf_io-run2,cap_1000us,gaussian_gmm,100001,99942,0.999410005899941,69967,29975,15,6,13.304377579912703,0.004457170051220907,,4,-2821.5691827590244,-4836.664012020492,29975,11,5765.851934312378,-0.16135659756532084,-4836.664012020492,0.0,0.0,"component_0_mean=-0.097125845,weight=0.8075462;component_1_mean=0.27260738,weight=0.19067109;component_2_mean=10.061835,weight=0.0015649037;component_3_mean=49.17058,weight=0.00021780211"
interference,container,docker_cpu3-interf_io-run2,cap_1000us,gaussian_hmm,100001,99942,0.999410005899941,69967,29975,15,6,13.304377579912703,0.004457170051220907,,5,2331.129831928652,-1777.277703960343,29975,34,-4282.9631784930125,-0.05929200013212153,-6391.595826535392,30.343376186706262,0.15393888649124432,state_0_mean=-0.23322371;state_1_mean=-0.029661514;state_2_mean=0.36116346;state_3_mean=11.675129;state_4_mean=66.031745
interference,container,docker_cpu3-interf_io-run2,cap_1500us,gaussian_gmm,100001,99946,0.999450005499945,69970,29976,12,5,13.304407765863774,0.006421064653805222,,4,22663.78040257695,6171.539089059677,29976,11,-45204.846764718764,0.20588267577594332,6171.539089059677,0.0,0.0,"component_0_mean=-0.061611286,weight=0.90097074;component_1_mean=0.33406361,weight=0.097232108;component_2_mean=7.2467672,weight=0.0015589845;component_3_mean=49.253695,weight=0.00023816809"
interference,container,docker_cpu3-interf_io-run2,cap_1500us,gaussian_hmm,100001,99946,0.999450005499945,69970,29976,12,5,13.304407765863774,0.006421064653805222,,4,24273.30840045886,7227.32986636656,29976,23,-48290.032898189704,0.24110387864847077,4622.693401846225,48.82271376949954,0.08689072806646433,state_0_mean=-0.10352277;state_1_mean=0.10056856;state_2_mean=4.9488838;state_3_mean=55.061541
interference,container,docker_cpu3-interf_io-run2,cap_2000us,gaussian_gmm,100001,99949,0.999480005199948,69973,29976,9,5,13.304454188762753,0.009567747366521039,,5,50527.56468642769,18125.365078121868,29976,14,-100898.94726660264,0.6046625659901878,18125.365078121868,0.0,0.0,"component_0_mean=-0.046198385,weight=0.90093899;component_1_mean=0.21934472,weight=0.097221161;component_2_mean=4.8592912,weight=0.0015588955;component_3_mean=33.104549,weight=0.00023822323;component_4_mean=113.1766,weight=4.2725955e-05"
interference,container,docker_cpu3-interf_io-run2,cap_2000us,gaussian_hmm,100001,99949,0.999480005199948,69973,29976,9,5,13.304454188762753,0.009567747366521039,,5,52137.7007349425,19181.576076670386,29976,34,-103896.10206898548,0.6398977874523081,16570.638538471805,40.775420552762014,0.08710093201890115,state_0_mean=-0.074319735;state_1_mean=0.06270443;state_2_mean=3.3176585;state_3_mean=37.028462;state_4_mean=113.17897
interference,container,docker_cpu3-interf_io-run2,cap_2500us,gaussian_gmm,100001,99952,0.999510004899951,69976,29976,6,5,13.30451295661026,0.013122270734029596,,4,72582.06794134609,27593.182964294065,29976,11,-145041.42089903608,0.9205091728147206,27593.182964294065,0.0,0.0,"component_0_mean=-0.038152624,weight=0.90099728;component_1_mean=0.15555558,weight=0.097121799;component_2_mean=3.6146148,weight=0.0015806367;component_3_mean=45.137128,weight=0.00030028892"
interference,container,docker_cpu3-interf_io-run2,cap_2500us,gaussian_hmm,100001,99952,0.999510004899951,69976,29976,6,5,13.30451295661026,0.013122270734029596,,5,74954.51003856189,29683.036639482092,29976,34,-149529.7192185504,0.9902267360382336,25403.8027870139,70.50863033436072,0.14275533268175175,state_0_mean=-0.065164739;state_1_mean=0.0068676964;state_2_mean=0.1558011;state_3_mean=4.7151472;state_4_mean=53.369118
interference,container,docker_cpu3-interf_io-run2,train_q_0.999,gaussian_gmm,100001,99849,0.998480015199848,69908,29941,72,40,13.304279068762725,0.001430523569630673,,5,-81224.30238467571,-38227.81142869519,29941,14,162604.77386454382,-1.276771364640299,-38227.81142869519,0.0,0.0,"component_0_mean=-0.83352961,weight=0.24892204;component_1_mean=-0.16480774,weight=0.45261737;component_2_mean=0.5919752,weight=0.22278281;component_3_mean=1.8245607,weight=0.074662638;component_4_mean=13.76189,weight=0.0010151459"
interference,container,docker_cpu3-interf_io-run2,train_q_0.999,gaussian_hmm,100001,99849,0.998480015199848,69908,29941,72,40,13.304279068762725,0.001430523569630673,,5,-73413.53999716332,-33116.74392496851,29941,34,147206.34779693675,-1.1060667287321235,-41298.48154143205,53.03684398743783,0.27326200248700894,state_0_mean=-0.76906733;state_1_mean=-0.18405173;state_2_mean=0.41732217;state_3_mean=1.0442653;state_4_mean=5.8490822
interference,container,docker_cpu3-interf_io-run2,train_q_0.9995,gaussian_gmm,100001,99906,0.999050009499905,69943,29963,38,18,13.304315086249435,0.00217318510644724,,5,-52434.00616358662,-25989.386987759637,29963,14,105024.18842982374,-0.8673826715535706,-25989.386987759637,0.0,0.0,"component_0_mean=-0.5403558,weight=0.2722126;component_1_mean=-0.10324699,weight=0.45526857;component_2_mean=0.41119105,weight=0.1996687;component_3_mean=1.211331,weight=0.071447242;component_4_mean=18.140029,weight=0.0014028932"
interference,container,docker_cpu3-interf_io-run2,train_q_0.9995,gaussian_hmm,100001,99906,0.999050009499905,69943,29963,38,18,13.304315086249435,0.00217318510644724,,5,-44653.99253956578,-21270.29693817546,29963,34,89687.26989985417,-0.7098854232945786,-28995.08859089265,113.73237361440913,0.2578110220177282,state_0_mean=-0.52086822;state_1_mean=-0.13295989;state_2_mean=0.27705194;state_3_mean=0.68969125;state_4_mean=13.395256
interference,container,docker_cpu3-interf_io-run2,train_q_0.9999,gaussian_gmm,100001,99947,0.999460005399946,69971,29976,11,5,13.304422561356416,0.007519747064746947,,4,33708.03522515921,10822.872429699291,29976,11,-67293.35625267417,0.36105125532757176,10822.872429699291,0.0,0.0,"component_0_mean=-0.063548882,weight=0.80764241;component_1_mean=0.15576298,weight=0.19052007;component_2_mean=6.1319816,weight=0.0015910526;component_3_mean=48.252688,weight=0.0002464628"
interference,container,docker_cpu3-interf_io-run2,train_q_0.9999,gaussian_hmm,100001,99947,0.999460005399946,69971,29976,11,5,13.304422561356416,0.007519747064746947,,4,35308.19972295371,11961.707642308256,29976,23,-70359.81521446945,0.3990428223348097,9352.947600350642,33.895488592520366,0.08702829069781204,state_0_mean=-0.090358075;state_1_mean=0.083944849;state_2_mean=4.2426137;state_3_mean=53.913297
interference,container,docker_cpu3-interf_io-run3,base_stable,gaussian_gmm,100001,99897,0.998960010399896,69910,29987,8,3,13.310576668135102,0.014524123470607754,,4,154535.73221037193,62039.490763455404,29987,11,-308948.7598169693,2.06887953991581,62039.490763455404,0.0,0.0,"component_0_mean=-0.019101855,weight=0.98009948;component_1_mean=0.10003591,weight=0.018181289;component_2_mean=3.7233738,weight=0.001590485;component_3_mean=85.290829,weight=0.00012874733"
interference,container,docker_cpu3-interf_io-run3,base_stable,gaussian_hmm,100001,99897,0.998960010399896,69910,29987,8,3,13.310576668135102,0.014524123470607754,,5,175014.64565445212,67103.0011748072,29987,34,-349650.02253360103,2.2377363915965987,62926.33640288628,29.068034684335508,0.1392825148204529,state_0_mean=-0.045556937;state_1_mean=-0.011171456;state_2_mean=0.10915843;state_3_mean=4.3233587;state_4_mean=85.292979
interference,container,docker_cpu3-interf_io-run3,cap_1000us,gaussian_gmm,100001,99884,0.998830011699883,69901,29983,17,7,13.310417161736723,0.0030551921264732234,,5,47425.844593083035,16319.55021471351,29983,14,-94695.52149288627,0.5442934401065107,16319.55021471351,0.0,0.0,"component_0_mean=-0.0900865,weight=0.65043956;component_1_mean=0.065131767,weight=0.33424746;component_2_mean=0.63065785,weight=0.013771105;component_3_mean=15.456053,weight=0.0014590104;component_4_mean=67.460158,weight=8.2868153e-05"
interference,container,docker_cpu3-interf_io-run3,cap_1000us,gaussian_hmm,100001,99884,0.998830011699883,69901,29983,17,7,13.310417161736723,0.0030551921264732234,,5,66320.26610296784,20477.96077426847,29983,34,-132261.26780797046,0.6829857177156545,16225.231966873878,88.45841805173707,0.1418380017808289,state_0_mean=-0.16679859;state_1_mean=-0.069522252;state_2_mean=-0.00071985329;state_3_mean=0.57140034;state_4_mean=20.604657
interference,container,docker_cpu3-interf_io-run3,cap_1500us,gaussian_gmm,100001,99885,0.998840011599884,69901,29984,17,6,13.310417161736723,0.0030551921264732234,,5,47425.844593083035,16284.826160829207,29984,14,-94695.52149288627,0.5431172012016144,16284.826160829207,0.0,0.0,"component_0_mean=-0.0900865,weight=0.65043956;component_1_mean=0.065131767,weight=0.33424746;component_2_mean=0.63065785,weight=0.013771105;component_3_mean=15.456053,weight=0.0014590104;component_4_mean=67.460158,weight=8.2868153e-05"
interference,container,docker_cpu3-interf_io-run3,cap_1500us,gaussian_hmm,100001,99885,0.998840011599884,69901,29984,17,6,13.310417161736723,0.0030551921264732234,,5,66320.26610296784,20403.20002859524,29984,34,-132261.26780797046,0.6804695847316983,16170.094920965901,19.272413753233053,0.14117879894708313,state_0_mean=-0.16679859;state_1_mean=-0.069522252;state_2_mean=-0.00071985329;state_3_mean=0.57140034;state_4_mean=20.604657
interference,container,docker_cpu3-interf_io-run3,cap_2000us,gaussian_gmm,100001,99888,0.998870011299887,69904,29984,14,6,13.310461396854313,0.007413093820291331,,5,107627.63959061315,41813.59990959664,29984,14,-215099.11088710962,1.3945304132069316,41813.59990959664,0.0,0.0,"component_0_mean=-0.021904845,weight=0.97984879;component_1_mean=0.20815443,weight=0.018492254;component_2_mean=6.6274784,weight=0.0015874321;component_3_mean=39.377472,weight=2.8610642e-05;component_4_mean=139.03682,weight=4.2915999e-05"
interference,container,docker_cpu3-interf_io-run3,cap_2000us,gaussian_hmm,100001,99888,0.998870011299887,69904,29984,14,6,13.310461396854313,0.007413093820291331,,5,133297.62937753045,53564.43833154468,29984,34,-266215.9928979204,1.7864340425408445,39965.920083610894,81.54397064229069,0.4535258220362123,state_0_mean=-0.074011269;state_1_mean=-0.020526262;state_2_mean=0.034870883;state_3_mean=1.5034391;state_4_mean=139.03682
interference,container,docker_cpu3-interf_io-run3,cap_2500us,gaussian_gmm,100001,99893,0.998920010799892,69908,29985,10,5,13.310533975742475,0.012134444963121948,,4,141996.41487304788,56674.53136299128,29985,11,-283870.125457016,1.8900960934797826,56674.53136299128,0.0,0.0,"component_0_mean=-0.019338252,weight=0.9803005;component_1_mean=0.12427114,weight=0.018010412;component_2_mean=4.464203,weight=0.0015889604;component_3_mean=96.13031,weight=0.0001001316"
interference,container,docker_cpu3-interf_io-run3,cap_2500us,gaussian_hmm,100001,99893,0.998920010799892,69908,29985,10,5,13.310533975742475,0.012134444963121948,,5,162505.7995360051,61745.808607654035,29985,34,-324632.3312694001,2.05922323187107,57487.28718259551,42.83275097316732,0.14202172503113314,state_0_mean=-0.051575033;state_1_mean=-0.031130938;state_2_mean=-0.0097847974;state_3_mean=0.13569716;state_4_mean=11.939529
interference,container,docker_cpu3-interf_io-run3,train_q_0.999,gaussian_gmm,100001,99790,0.997890021099789,69840,29950,77,37,13.310341350065336,0.0006384624714682801,,5,-60404.29425547537,-30276.884708275433,29950,14,120964.74398161792,-1.0109143475217173,-30276.884708275433,0.0,0.0,"component_0_mean=-0.5820858,weight=0.35773534;component_1_mean=0.018017734,weight=0.42176048;component_2_mean=0.67881526,weight=0.20370516;component_3_mean=2.7720406,weight=0.015827264;component_4_mean=19.018866,weight=0.00097174592"
interference,container,docker_cpu3-interf_io-run3,train_q_0.999,gaussian_hmm,100001,99790,0.997890021099789,69840,29950,77,37,13.310341350065336,0.0006384624714682801,,5,-34184.37357482719,-17249.352845390567,29950,34,68747.98186413183,-0.5759383253886667,-31663.311848233996,14.555101042521702,0.4812674124488624,state_0_mean=-0.67293667;state_1_mean=-0.1296002;state_2_mean=0.1509335;state_3_mean=0.76459915;state_4_mean=4.1380176
interference,container,docker_cpu3-interf_io-run3,train_q_0.9995,gaussian_gmm,100001,99852,0.998510014899851,69875,29977,43,13,13.310369719729739,0.001463192098673237,,5,-3612.589879092863,-5668.927934392004,29977,14,7381.34224313213,-0.18910924823671496,-5668.927934392004,0.0,0.0,"component_0_mean=-0.17884042,weight=0.58579627;component_1_mean=0.14785305,weight=0.39723512;component_2_mean=1.2176891,weight=0.015628006;component_3_mean=12.294444,weight=0.0010214086;component_4_mean=45.251825,weight=0.00031918981"
interference,container,docker_cpu3-interf_io-run3,train_q_0.9995,gaussian_hmm,100001,99852,0.998510014899851,69875,29977,43,13,13.310369719729739,0.001463192098673237,,5,22484.228983696386,6880.365587625828,29977,34,-44589.206218237225,0.22952148606017372,-7226.733111434051,16.669258465951092,0.47059741465323013,state_0_mean=-0.3129715;state_1_mean=-0.074240074;state_2_mean=0.05325382;state_3_mean=0.31466521;state_4_mean=3.6565746
interference,container,docker_cpu3-interf_io-run3,train_q_0.9999,gaussian_gmm,100001,99887,0.998860011399886,69903,29984,15,6,13.310446312576925,0.006248910489082423,,5,95698.46179246694,36687.76736558164,29984,14,-191240.7554910933,1.2235781538681176,36687.76736558164,0.0,0.0,"component_0_mean=-0.023572479,weight=0.97985762;component_1_mean=0.24930101,weight=0.018497597;component_2_mean=7.8641569,weight=0.0015875569;component_3_mean=46.71598,weight=2.8611051e-05;component_4_mean=163.04225,weight=2.8611075e-05"
interference,container,docker_cpu3-interf_io-run3,train_q_0.9999,gaussian_hmm,100001,99887,0.998860011399886,69903,29984,15,6,13.310446312576925,0.006248910489082423,,5,116150.28146225211,41797.28875954558,29984,34,-231921.29755374853,1.3939864180744925,37623.659892062795,15.373869028877422,0.13919519968926056,state_0_mean=-0.08503579;state_1_mean=-0.0051112909;state_2_mean=0.2745129;state_3_mean=10.06914;state_4_mean=163.04225
interference,container,docker_cpu3-interf_io-run4,base_stable,gaussian_gmm,100001,97442,0.974410255897441,67643,29799,38,6,13.309930689796644,0.002303675851243654,,5,73214.2206389515,-6024944.74621913,29799,14,-146272.73328974025,-202.18613866972484,-6024944.74621913,0.0,0.0,"component_0_mean=-0.047440072,weight=0.60890499;component_1_mean=0.025517057,weight=0.31164421;component_2_mean=0.20926413,weight=0.079421233;component_3_mean=35.721984,weight=1.4783496e-05;component_4_mean=256.10606,weight=1.4783496e-05"
interference,container,docker_cpu3-interf_io-run4,base_stable,gaussian_hmm,100001,97442,0.974410255897441,67643,29799,38,6,13.309930689796644,0.002303675851243654,,5,88526.00278478867,-6107389.268941329,29799,34,-176673.85759832492,-204.95282623381084,-6136605.155765492,179.08870084914935,0.9804317871124091,state_0_mean=-0.031454324;state_1_mean=0.096973814;state_2_mean=0.37392422;state_3_mean=35.721984;state_4_mean=256.10606
interference,container,docker_cpu3-interf_io-run4,cap_1000us,gaussian_gmm,100001,97440,0.974390256097439,67642,29798,39,7,13.309921967621774,0.00040111508381052315,,5,-44068.306990815894,-73029.35515743497,29798,14,88292.32176282408,-2.4508139860874882,-73029.35515743497,0.0,0.0,"component_0_mean=-0.26263043,weight=0.59279952;component_1_mean=0.14918468,weight=0.33679046;component_2_mean=1.4209427,weight=0.070051322;component_3_mean=8.347969,weight=0.00034391455;component_4_mean=205.1795,weight=1.4783714e-05"
interference,container,docker_cpu3-interf_io-run4,cap_1000us,gaussian_hmm,100001,97440,0.974390256097439,67642,29798,39,7,13.309921967621774,0.00040111508381052315,,5,-28075.17675649655,-80094.52582221081,29798,34,56528.500981602956,-2.6879161629039134,-112519.76492490659,89.8441688450245,1.0881683033322966,state_0_mean=-0.1588572;state_1_mean=0.58486884;state_2_mean=2.1441635;state_3_mean=3.5750503;state_4_mean=205.1795
interference,container,docker_cpu3-interf_io-run4,cap_1500us,gaussian_gmm,100001,97441,0.9744002559974401,67643,29798,38,7,13.309930689796644,0.002303675851243654,,5,73214.2206389515,-897071.1965295423,29798,14,-146272.73328974025,-30.10508076144514,-897071.1965295423,0.0,0.0,"component_0_mean=-0.047440072,weight=0.60890499;component_1_mean=0.025517057,weight=0.31164421;component_2_mean=0.20926413,weight=0.079421233;component_3_mean=35.721984,weight=1.4783496e-05;component_4_mean=256.10606,weight=1.4783496e-05"
interference,container,docker_cpu3-interf_io-run4,cap_1500us,gaussian_hmm,100001,97441,0.9744002559974401,67643,29798,38,7,13.309930689796644,0.002303675851243654,,5,88526.00278478867,-726990.9262782829,29798,34,-176673.85759832492,-24.397306070148428,-756247.9153249757,156.34849558527605,0.9818440515032166,state_0_mean=-0.031454324;state_1_mean=0.096973814;state_2_mean=0.37392422;state_3_mean=35.721984;state_4_mean=256.10606
interference,container,docker_cpu3-interf_io-run4,cap_2000us,gaussian_gmm,100001,97441,0.9744002559974401,67643,29798,38,7,13.309930689796644,0.002303675851243654,,5,73214.2206389515,-897071.1965295423,29798,14,-146272.73328974025,-30.10508076144514,-897071.1965295423,0.0,0.0,"component_0_mean=-0.047440072,weight=0.60890499;component_1_mean=0.025517057,weight=0.31164421;component_2_mean=0.20926413,weight=0.079421233;component_3_mean=35.721984,weight=1.4783496e-05;component_4_mean=256.10606,weight=1.4783496e-05"
interference,container,docker_cpu3-interf_io-run4,cap_2000us,gaussian_hmm,100001,97441,0.9744002559974401,67643,29798,38,7,13.309930689796644,0.002303675851243654,,5,88526.00278478867,-726990.9262782829,29798,34,-176673.85759832492,-24.397306070148428,-756286.281441323,111.29357414834114,0.9831315914839958,state_0_mean=-0.031454324;state_1_mean=0.096973814;state_2_mean=0.37392422;state_3_mean=35.721984;state_4_mean=256.10606
interference,container,docker_cpu3-interf_io-run4,cap_2500us,gaussian_gmm,100001,97441,0.9744002559974401,67643,29798,38,7,13.309930689796644,0.002303675851243654,,5,73214.2206389515,-897071.1965295423,29798,14,-146272.73328974025,-30.10508076144514,-897071.1965295423,0.0,0.0,"component_0_mean=-0.047440072,weight=0.60890499;component_1_mean=0.025517057,weight=0.31164421;component_2_mean=0.20926413,weight=0.079421233;component_3_mean=35.721984,weight=1.4783496e-05;component_4_mean=256.10606,weight=1.4783496e-05"
interference,container,docker_cpu3-interf_io-run4,cap_2500us,gaussian_hmm,100001,97441,0.9744002559974401,67643,29798,38,7,13.309930689796644,0.002303675851243654,,5,88526.00278478867,-726990.9262782829,29798,34,-176673.85759832492,-24.397306070148428,-756175.43754252,189.01041981362127,0.979411747910501,state_0_mean=-0.031454324;state_1_mean=0.096973814;state_2_mean=0.37392422;state_3_mean=35.721984;state_4_mean=256.10606
interference,container,docker_cpu3-interf_io-run4,train_q_0.999,gaussian_gmm,100001,96853,0.9685203147968521,67575,29278,101,488,13.309918637342095,0.00022867650975900644,,4,-81349.9406456184,-63309.832541649106,29278,11,162822.2122183194,-2.162368759534432,-63309.832541649106,0.0,0.0,"component_0_mean=-0.68055218,weight=0.39755567;component_1_mean=0.011074524,weight=0.42896796;component_2_mean=0.96493567,weight=0.13112679;component_3_mean=3.2887654,weight=0.042349584"
interference,container,docker_cpu3-interf_io-run4,train_q_0.999,gaussian_hmm,100001,96853,0.9685203147968521,67575,29278,101,488,13.309918637342095,0.00022867650975900644,,5,-64620.35404502612,-39610.41424815602,29278,34,129618.82186467116,-1.352907105955189,-78102.15760531428,207.5270195340436,1.3146985230261035,state_0_mean=-0.32156197;state_1_mean=0.41563145;state_2_mean=0.72139016;state_3_mean=1.4262434;state_4_mean=3.7334792
interference,container,docker_cpu3-interf_io-run4,train_q_0.9995,gaussian_gmm,100001,97018,0.9701702982970171,67610,29408,70,370,13.309919357780247,0.00023080022502913373,,4,-80986.3889301152,-63905.019031028016,29408,11,162095.1144832113,-2.173048797301007,-63905.019031028016,0.0,0.0,"component_0_mean=-0.67501685,weight=0.40113918;component_1_mean=0.01426703,weight=0.42854394;component_2_mean=0.97002176,weight=0.12689562;component_3_mean=3.260388,weight=0.043421257"
interference,container,docker_cpu3-interf_io-run4,train_q_0.9995,gaussian_hmm,100001,97018,0.9701702982970171,67610,29408,70,370,13.309919357780247,0.00023080022502913373,,5,-64153.70119604302,-40077.384968676015,29408,34,128685.53377220892,-1.362805528042574,-78952.21252391013,118.21191736779016,1.3219133417857085,state_0_mean=-0.32127718;state_1_mean=0.42344135;state_2_mean=0.7057739;state_3_mean=1.4077228;state_4_mean=3.7359885
interference,container,docker_cpu3-interf_io-run4,train_q_0.9999,gaussian_gmm,100001,97311,0.9731002689973101,67636,29675,44,127,13.309920145897534,0.000234439576583107,,4,-80317.77842507415,-67528.0628653732,29675,11,160757.89770245954,-2.2755876281507397,-67528.0628653732,0.0,0.0,"component_0_mean=-0.662048,weight=0.40448627;component_1_mean=0.012391992,weight=0.42559268;component_2_mean=0.9397545,weight=0.11794407;component_3_mean=2.9181557,weight=0.051976977"
interference,container,docker_cpu3-interf_io-run4,train_q_0.9999,gaussian_hmm,100001,97311,0.9731002689973101,67636,29675,44,127,13.309920145897534,0.000234439576583107,,5,-63640.0120199923,-42688.477625559804,29675,34,127658.16849258298,-1.4385333656464971,-73848.04570592959,125.47210873356799,1.0500275679989817,state_0_mean=-0.2717964;state_1_mean=0.64924409;state_2_mean=1.3671437;state_3_mean=2.3278568;state_4_mean=3.6779568
interference,container,docker_cpu3-interf_io-run5,base_stable,gaussian_gmm,100001,97630,0.9762902370976291,68345,29285,40,15,13.314162233452633,0.005720981926400301,,5,90248.64770230607,41911.34119874864,29285,14,-180341.44287299993,1.4311538739541962,41911.34119874864,0.0,0.0,"component_0_mean=-0.061488296,weight=0.79926676;component_1_mean=0.10025449,weight=0.132953;component_2_mean=0.39995939,weight=0.06676888;component_3_mean=5.4944636,weight=0.00099672586;component_4_mean=248.44096,weight=1.4631648e-05"
interference,container,docker_cpu3-interf_io-run5,base_stable,gaussian_hmm,100001,97630,0.9762902370976291,68345,29285,40,15,13.314162233452633,0.005720981926400301,,5,109290.99573473545,49643.81387796608,29285,34,-218203.49246412696,1.6951959664663165,27941.64614835589,122.53663083535156,0.7410677046136313,state_0_mean=-0.059451991;state_1_mean=0.13252821;state_2_mean=0.40420344;state_3_mean=0.90635018;state_4_mean=248.44096
interference,container,docker_cpu3-interf_io-run5,cap_1000us,gaussian_gmm,100001,97629,0.976280237197628,68344,29285,41,15,13.314141436802595,0.0017805682998153249,,5,11594.213196734143,8254.53781154646,29285,14,-23032.574066700647,0.28186914159284476,8254.53781154646,0.0,0.0,"component_0_mean=-0.18642724,weight=0.79312222;component_1_mean=0.34788081,weight=0.14985077;component_2_mean=1.3012786,weight=0.045581153;component_3_mean=1.8323505,weight=0.010806809;component_4_mean=25.997854,weight=0.00063904268"
interference,container,docker_cpu3-interf_io-run5,cap_1000us,gaussian_hmm,100001,97629,0.976280237197628,68344,29285,41,15,13.314141436802595,0.0017805682998153249,,5,29580.898410176633,15467.678737160999,29285,34,-58783.298312488994,0.5281775221840874,-6157.192841387341,182.2420774762311,0.7384282594689547,state_0_mean=-0.17934022;state_1_mean=0.43669829;state_2_mean=1.3102805;state_3_mean=2.8046044;state_4_mean=84.864159
interference,container,docker_cpu3-interf_io-run5,cap_1500us,gaussian_gmm,100001,97629,0.976280237197628,68344,29285,41,15,13.314141436802595,0.0017805682998153249,,5,11594.213196734143,8254.53781154646,29285,14,-23032.574066700647,0.28186914159284476,8254.53781154646,0.0,0.0,"component_0_mean=-0.18642724,weight=0.79312222;component_1_mean=0.34788081,weight=0.14985077;component_2_mean=1.3012786,weight=0.045581153;component_3_mean=1.8323505,weight=0.010806809;component_4_mean=25.997854,weight=0.00063904268"
interference,container,docker_cpu3-interf_io-run5,cap_1500us,gaussian_hmm,100001,97629,0.976280237197628,68344,29285,41,15,13.314141436802595,0.0017805682998153249,,5,29580.898410176633,15467.678737160999,29285,34,-58783.298312488994,0.5281775221840874,-6196.588529148041,180.16620280234469,0.739773510886428,state_0_mean=-0.17934022;state_1_mean=0.43669829;state_2_mean=1.3102805;state_3_mean=2.8046044;state_4_mean=84.864159
interference,container,docker_cpu3-interf_io-run5,cap_2000us,gaussian_gmm,100001,97629,0.976280237197628,68344,29285,41,15,13.314141436802595,0.0017805682998153249,,5,11594.213196734143,8254.53781154646,29285,14,-23032.574066700647,0.28186914159284476,8254.53781154646,0.0,0.0,"component_0_mean=-0.18642724,weight=0.79312222;component_1_mean=0.34788081,weight=0.14985077;component_2_mean=1.3012786,weight=0.045581153;component_3_mean=1.8323505,weight=0.010806809;component_4_mean=25.997854,weight=0.00063904268"
interference,container,docker_cpu3-interf_io-run5,cap_2000us,gaussian_hmm,100001,97629,0.976280237197628,68344,29285,41,15,13.314141436802595,0.0017805682998153249,,5,29580.898410176633,15467.678737160999,29285,34,-58783.298312488994,0.5281775221840874,-6149.854665946069,174.06470983284657,0.7381776815129611,state_0_mean=-0.17934022;state_1_mean=0.43669829;state_2_mean=1.3102805;state_3_mean=2.8046044;state_4_mean=84.864159
interference,container,docker_cpu3-interf_io-run5,cap_2500us,gaussian_gmm,100001,97629,0.976280237197628,68344,29285,41,15,13.314141436802595,0.0017805682998153249,,5,11594.213196734143,8254.53781154646,29285,14,-23032.574066700647,0.28186914159284476,8254.53781154646,0.0,0.0,"component_0_mean=-0.18642724,weight=0.79312222;component_1_mean=0.34788081,weight=0.14985077;component_2_mean=1.3012786,weight=0.045581153;component_3_mean=1.8323505,weight=0.010806809;component_4_mean=25.997854,weight=0.00063904268"
interference,container,docker_cpu3-interf_io-run5,cap_2500us,gaussian_hmm,100001,97629,0.976280237197628,68344,29285,41,15,13.314141436802595,0.0017805682998153249,,5,29580.898410176633,15467.678737160999,29285,34,-58783.298312488994,0.5281775221840874,-6277.947006647832,130.86599853653354,0.7425516730001307,state_0_mean=-0.17934022;state_1_mean=0.43669829;state_2_mean=1.3102805;state_3_mean=2.8046044;state_4_mean=84.864159
interference,container,docker_cpu3-interf_io-run5,train_q_0.999,gaussian_gmm,100001,97551,0.9755002449975501,68276,29275,102,21,13.314109923480276,0.0007503774223484381,,5,-46281.79700816817,-16771.53283140117,29275,14,92719.43240663673,-0.5728960830538402,-16771.53283140117,0.0,0.0,"component_0_mean=-0.47671927,weight=0.5644019;component_1_mean=-0.18628872,weight=0.25636554;component_2_mean=1.0434296,weight=0.12285598;component_3_mean=3.1244884,weight=0.046664826;component_4_mean=4.4095011,weight=0.0097117572"
interference,container,docker_cpu3-interf_io-run5,train_q_0.999,gaussian_hmm,100001,97551,0.9755002449975501,68276,29275,102,21,13.314109923480276,0.0007503774223484381,,5,-25154.893078326215,-8905.888996597509,29275,34,50688.25081881049,-0.304214824819727,-29557.613292194488,141.75074652816036,0.7054389170144143,state_0_mean=-0.44794065;state_1_mean=-0.2215005;state_2_mean=0.99036983;state_3_mean=2.9583732;state_4_mean=3.149599
interference,container,docker_cpu3-interf_io-run5,train_q_0.9995,gaussian_gmm,100001,97589,0.975880241197588,68310,29279,70,17,13.314112637929604,0.000760100595547114,,5,-45742.04547711482,-16439.620313338874,29279,14,91639.93631449781,-0.5614816186802444,-16439.620313338874,0.0,0.0,"component_0_mean=-0.4688615,weight=0.58609092;component_1_mean=-0.17155124,weight=0.236257;component_2_mean=1.0338724,weight=0.11982844;component_3_mean=3.0812528,weight=0.044355971;component_4_mean=4.0665074,weight=0.01346767"
interference,container,docker_cpu3-interf_io-run5,train_q_0.9995,gaussian_hmm,100001,97589,0.975880241197588,68310,29279,70,17,13.314112637929604,0.000760100595547114,,5,-23838.765699707314,-8137.135151406517,29279,34,48056.01298863731,-0.277917112995885,-31674.560535747634,117.91160144304683,0.8039012734157969,state_0_mean=-0.3866157;state_1_mean=-0.37716697;state_2_mean=0.9743919;state_3_mean=3.0036166;state_4_mean=3.1059184
interference,container,docker_cpu3-interf_io-run5,train_q_0.9999,gaussian_gmm,100001,97621,0.97620023799762,68338,29283,47,17,13.314130722781629,0.0013417185926454926,,5,-7658.788250442075,-3.6369229567374073,29283,14,15473.427598521399,-0.0001241991242952364,-3.6369229567374073,0.0,0.0,"component_0_mean=-0.23939903,weight=0.79325802;component_1_mean=0.46997758,weight=0.14980801;component_2_mean=1.7345207,weight=0.045316074;component_3_mean=2.4231473,weight=0.011053139;component_4_mean=24.990776,weight=0.00056475812"
interference,container,docker_cpu3-interf_io-run5,train_q_0.9999,gaussian_hmm,100001,97621,0.97620023799762,68338,29283,47,17,13.314130722781629,0.0013417185926454926,,5,12856.73177928543,6066.086129376586,29283,34,-25334.96803573754,0.2071538479451076,-14147.189172463946,77.5419885532958,0.6902733771075549,state_0_mean=-0.23001436;state_1_mean=0.539156;state_2_mean=1.702046;state_3_mean=1.7459572;state_4_mean=38.377681
interference,container,docker_cpu3-interf_io-run6,base_stable,gaussian_gmm,100001,97217,0.9721602783972161,68259,28958,44,18,13.309937635104557,0.0015830096305509416,,5,52112.65900151216,24453.23959733508,28958,14,-104069.48309900954,0.8444381379009283,24453.23959733508,0.0,0.0,"component_0_mean=-0.045718705,weight=0.76185683;component_1_mean=0.10041783,weight=0.23133923;component_2_mean=0.67209153,weight=0.0067453418;component_3_mean=74.476872,weight=2.9300166e-05;component_4_mean=166.71759,weight=2.9300166e-05"
interference,container,docker_cpu3-interf_io-run6,base_stable,gaussian_hmm,100001,97217,0.9721602783972161,68259,28958,44,18,13.309937635104557,0.0015830096305509416,,5,64734.39092195272,29188.061487441595,28958,34,-129090.32564844094,1.0079446607998341,21020.737428613254,32.85940514501024,0.28204033630873476,state_0_mean=-0.040362533;state_1_mean=0.13582233;state_2_mean=0.62175981;state_3_mean=74.476872;state_4_mean=166.71759
interference,container,docker_cpu3-interf_io-run6,cap_1000us,gaussian_gmm,100001,97217,0.9721602783972161,68259,28958,44,18,13.309937635104557,0.0015830096305509416,,5,52112.65900151216,24453.23959733508,28958,14,-104069.48309900954,0.8444381379009283,24453.23959733508,0.0,0.0,"component_0_mean=-0.045718705,weight=0.76185683;component_1_mean=0.10041783,weight=0.23133923;component_2_mean=0.67209153,weight=0.0067453418;component_3_mean=74.476872,weight=2.9300166e-05;component_4_mean=166.71759,weight=2.9300166e-05"
interference,container,docker_cpu3-interf_io-run6,cap_1000us,gaussian_hmm,100001,97217,0.9721602783972161,68259,28958,44,18,13.309937635104557,0.0015830096305509416,,5,64734.39092195272,29188.061487441595,28958,34,-129090.32564844094,1.0079446607998341,21017.384671831558,33.593184058197,0.28215611629290827,state_0_mean=-0.040362533;state_1_mean=0.13582233;state_2_mean=0.62175981;state_3_mean=74.476872;state_4_mean=166.71759
interference,container,docker_cpu3-interf_io-run6,cap_1500us,gaussian_gmm,100001,97217,0.9721602783972161,68259,28958,44,18,13.309937635104557,0.0015830096305509416,,5,52112.65900151216,24453.23959733508,28958,14,-104069.48309900954,0.8444381379009283,24453.23959733508,0.0,0.0,"component_0_mean=-0.045718705,weight=0.76185683;component_1_mean=0.10041783,weight=0.23133923;component_2_mean=0.67209153,weight=0.0067453418;component_3_mean=74.476872,weight=2.9300166e-05;component_4_mean=166.71759,weight=2.9300166e-05"
interference,container,docker_cpu3-interf_io-run6,cap_1500us,gaussian_hmm,100001,97217,0.9721602783972161,68259,28958,44,18,13.309937635104557,0.0015830096305509416,,5,64734.39092195272,29188.061487441595,28958,34,-129090.32564844094,1.0079446607998341,21030.082821898148,36.97933643329558,0.28171761397691303,state_0_mean=-0.040362533;state_1_mean=0.13582233;state_2_mean=0.62175981;state_3_mean=74.476872;state_4_mean=166.71759
interference,container,docker_cpu3-interf_io-run6,cap_2000us,gaussian_gmm,100001,97217,0.9721602783972161,68259,28958,44,18,13.309937635104557,0.0015830096305509416,,5,52112.65900151216,24453.23959733508,28958,14,-104069.48309900954,0.8444381379009283,24453.23959733508,0.0,0.0,"component_0_mean=-0.045718705,weight=0.76185683;component_1_mean=0.10041783,weight=0.23133923;component_2_mean=0.67209153,weight=0.0067453418;component_3_mean=74.476872,weight=2.9300166e-05;component_4_mean=166.71759,weight=2.9300166e-05"
interference,container,docker_cpu3-interf_io-run6,cap_2000us,gaussian_hmm,100001,97217,0.9721602783972161,68259,28958,44,18,13.309937635104557,0.0015830096305509416,,5,64734.39092195272,29188.061487441595,28958,34,-129090.32564844094,1.0079446607998341,21009.452365600555,38.418047383400506,0.2824300408122467,state_0_mean=-0.040362533;state_1_mean=0.13582233;state_2_mean=0.62175981;state_3_mean=74.476872;state_4_mean=166.71759
interference,container,docker_cpu3-interf_io-run6,cap_2500us,gaussian_gmm,100001,97217,0.9721602783972161,68259,28958,44,18,13.309937635104557,0.0015830096305509416,,5,52112.65900151216,24453.23959733508,28958,14,-104069.48309900954,0.8444381379009283,24453.23959733508,0.0,0.0,"component_0_mean=-0.045718705,weight=0.76185683;component_1_mean=0.10041783,weight=0.23133923;component_2_mean=0.67209153,weight=0.0067453418;component_3_mean=74.476872,weight=2.9300166e-05;component_4_mean=166.71759,weight=2.9300166e-05"
interference,container,docker_cpu3-interf_io-run6,cap_2500us,gaussian_hmm,100001,97217,0.9721602783972161,68259,28958,44,18,13.309937635104557,0.0015830096305509416,,5,64734.39092195272,29188.061487441595,28958,34,-129090.32564844094,1.0079446607998341,21017.994685255737,45.59196935470238,0.282135050838658,state_0_mean=-0.040362533;state_1_mean=0.13582233;state_2_mean=0.62175981;state_3_mean=74.476872;state_4_mean=166.71759
interference,container,docker_cpu3-interf_io-run6,train_q_0.999,gaussian_gmm,100001,97145,0.971440285597144,68191,28954,107,22,13.309923693187487,0.00019417435956007274,,4,-89570.46318141781,-36229.07392102615,28954,11,179263.3571094091,-1.251263173344828,-36229.07392102615,0.0,0.0,"component_0_mean=-0.76035717,weight=0.37466922;component_1_mean=0.027542541,weight=0.4213685;component_2_mean=1.0866627,weight=0.17529653;component_3_mean=2.8880692,weight=0.02866575"
interference,container,docker_cpu3-interf_io-run6,train_q_0.999,gaussian_hmm,100001,97145,0.971440285597144,68191,28954,107,22,13.309923693187487,0.00019417435956007274,,5,-76017.34232834206,-31203.8380100426,28954,34,152413.1069642748,-1.0777038754590937,-38086.898046257484,16.83010407894721,0.23772397721264363,state_0_mean=-0.46528147;state_1_mean=-0.34616725;state_2_mean=0.012673245;state_3_mean=1.2091712;state_4_mean=4.4602768
interference,container,docker_cpu3-interf_io-run6,train_q_0.9995,gaussian_gmm,100001,97178,0.971770282297177,68224,28954,77,22,13.309924326836132,0.00019625800414971265,,4,-89093.71961495765,-35932.31168590633,28954,11,178309.87529848423,-1.2410137350938153,-35932.31168590633,0.0,0.0,"component_0_mean=-0.74127094,weight=0.38671686;component_1_mean=0.048121608,weight=0.42268761;component_2_mean=1.13698,weight=0.1665001;component_3_mean=3.1962176,weight=0.024095443"
interference,container,docker_cpu3-interf_io-run6,train_q_0.9995,gaussian_hmm,100001,97178,0.971770282297177,68224,28954,77,22,13.309924326836132,0.00019625800414971265,,5,-75413.31889028441,-30991.789726460327,28954,34,151205.07653796373,-1.0703802488934284,-37764.19311258979,18.018651803013174,0.2339021684786027,state_0_mean=-0.30459836;state_1_mean=0.21525591;state_2_mean=1.0806257;state_3_mean=1.7148462;state_4_mean=4.531174
interference,container,docker_cpu3-interf_io-run6,train_q_0.9999,gaussian_gmm,100001,97210,0.972090279097209,68252,28958,50,18,13.309925798649779,0.00021338425667051644,,5,-83716.05304741321,-33565.06260106627,28958,14,167587.93956305948,-1.1590946405506688,-33565.06260106627,0.0,0.0,"component_0_mean=-0.67465669,weight=0.39850048;component_1_mean=0.056158424,weight=0.42194974;component_2_mean=1.0867371,weight=0.15708251;component_3_mean=3.0746713,weight=0.022051106;component_4_mean=15.973381,weight=0.00041617339"
interference,container,docker_cpu3-interf_io-run6,train_q_0.9999,gaussian_hmm,100001,97210,0.972090279097209,68252,28958,50,18,13.309925798649779,0.00021338425667051644,,5,-70207.2464296597,-28604.647188290935,28958,34,140792.9455678854,-0.9877977480589452,-36348.74701153005,21.93365273920437,0.26742523044544225,state_0_mean=-0.39724544;state_1_mean=-0.12818317;state_2_mean=1.0892784;state_3_mean=4.1633288;state_4_mean=6.416097
interference,container,docker_cpu3-interf_io-run7,base_stable,gaussian_gmm,100001,94586,0.945850541494585,66099,28487,40,17,13.305623864439102,0.0053436022889246605,,5,83534.53292415765,37078.089762863165,28487,14,-166913.68112375546,1.3015793085569967,37078.089762863165,0.0,0.0,"component_0_mean=-0.065718103,weight=0.78905935;component_1_mean=0.14268186,weight=0.15547929;component_2_mean=0.43356029,weight=0.042244437;component_3_mean=0.56935565,weight=0.013201792;component_4_mean=253.77939,weight=1.5128822e-05"
interference,container,docker_cpu3-interf_io-run7,base_stable,gaussian_hmm,100001,94586,0.945850541494585,66099,28487,40,17,13.305623864439102,0.0053436022889246605,,5,105050.64334663167,46097.235445126214,28487,34,-209723.92379076083,1.6181849771870052,22921.34095442657,107.38366065465341,0.8135603780917486,state_0_mean=-0.064745279;state_1_mean=0.16243187;state_2_mean=0.43413409;state_3_mean=0.50764211;state_4_mean=253.77939
interference,container,docker_cpu3-interf_io-run7,cap_1000us,gaussian_gmm,100001,94585,0.9458405415945841,66098,28487,41,17,13.305603347992243,0.000855220377449751,,5,-37173.26746522001,-15477.693843072584,28487,14,74501.91944319475,-0.5433248093190783,-15477.693843072584,0.0,0.0,"component_0_mean=-0.38675294,weight=0.78892165;component_1_mean=0.90892352,weight=0.15459852;component_2_mean=2.7304776,weight=0.04048511;component_3_mean=3.3052377,weight=0.015979594;component_4_mean=81.927973,weight=1.5129051e-05"
interference,container,docker_cpu3-interf_io-run7,cap_1000us,gaussian_hmm,100001,94585,0.9458405415945841,66098,28487,41,17,13.305603347992243,0.000855220377449751,,5,-15499.054978765362,-5679.502286686603,28487,34,31375.472345649385,-0.19937172347690535,-28212.760180633486,88.34850802226653,0.7910014355301325,state_0_mean=-0.38062965;state_1_mean=1.0165876;state_2_mean=2.7360258;state_3_mean=2.763823;state_4_mean=22.292401
interference,container,docker_cpu3-interf_io-run7,cap_1500us,gaussian_gmm,100001,94585,0.9458405415945841,66098,28487,41,17,13.305603347992243,0.000855220377449751,,5,-37173.26746522001,-15477.693843072584,28487,14,74501.91944319475,-0.5433248093190783,-15477.693843072584,0.0,0.0,"component_0_mean=-0.38675294,weight=0.78892165;component_1_mean=0.90892352,weight=0.15459852;component_2_mean=2.7304776,weight=0.04048511;component_3_mean=3.3052377,weight=0.015979594;component_4_mean=81.927973,weight=1.5129051e-05"
interference,container,docker_cpu3-interf_io-run7,cap_1500us,gaussian_hmm,100001,94585,0.9458405415945841,66098,28487,41,17,13.305603347992243,0.000855220377449751,,5,-15499.054978765362,-5679.502286686603,28487,34,31375.472345649385,-0.19937172347690535,-28199.389134089415,103.80115848259048,0.790532061902019,state_0_mean=-0.38062965;state_1_mean=1.0165876;state_2_mean=2.7360258;state_3_mean=2.763823;state_4_mean=22.292401
interference,container,docker_cpu3-interf_io-run7,cap_2000us,gaussian_gmm,100001,94585,0.9458405415945841,66098,28487,41,17,13.305603347992243,0.000855220377449751,,5,-37173.26746522001,-15477.693843072584,28487,14,74501.91944319475,-0.5433248093190783,-15477.693843072584,0.0,0.0,"component_0_mean=-0.38675294,weight=0.78892165;component_1_mean=0.90892352,weight=0.15459852;component_2_mean=2.7304776,weight=0.04048511;component_3_mean=3.3052377,weight=0.015979594;component_4_mean=81.927973,weight=1.5129051e-05"
interference,container,docker_cpu3-interf_io-run7,cap_2000us,gaussian_hmm,100001,94585,0.9458405415945841,66098,28487,41,17,13.305603347992243,0.000855220377449751,,5,-15499.054978765362,-5679.502286686603,28487,34,31375.472345649385,-0.19937172347690535,-28131.820340903265,112.57428833782106,0.7881601451264318,state_0_mean=-0.38062965;state_1_mean=1.0165876;state_2_mean=2.7360258;state_3_mean=2.763823;state_4_mean=22.292401
interference,container,docker_cpu3-interf_io-run7,cap_2500us,gaussian_gmm,100001,94586,0.945850541494585,66099,28487,40,17,13.305623864439102,0.0053436022889246605,,5,83534.53292415765,37078.089762863165,28487,14,-166913.68112375546,1.3015793085569967,37078.089762863165,0.0,0.0,"component_0_mean=-0.065718103,weight=0.78905935;component_1_mean=0.14268186,weight=0.15547929;component_2_mean=0.43356029,weight=0.042244437;component_3_mean=0.56935565,weight=0.013201792;component_4_mean=253.77939,weight=1.5128822e-05"
interference,container,docker_cpu3-interf_io-run7,cap_2500us,gaussian_hmm,100001,94586,0.945850541494585,66099,28487,40,17,13.305623864439102,0.0053436022889246605,,5,105050.64334663167,46097.235445126214,28487,34,-209723.92379076083,1.6181849771870052,22927.727944339487,116.5706645017313,0.8133361709125821,state_0_mean=-0.064745279;state_1_mean=0.16243187;state_2_mean=0.43413409;state_3_mean=0.50764211;state_4_mean=253.77939
interference,container,docker_cpu3-interf_io-run7,train_q_0.999,gaussian_gmm,100001,94503,0.945020549794502,66032,28471,105,33,13.305595808686004,0.0007761811065291135,,4,-42776.52138831487,-17305.67854794964,28471,11,85675.11961890165,-0.6078352902233726,-17305.67854794964,0.0,0.0,"component_0_mean=-0.41645617,weight=0.78998477;component_1_mean=1.0218526,weight=0.15940783;component_2_mean=3.0190849,weight=0.042484241;component_3_mean=4.6581877,weight=0.0081231595"
interference,container,docker_cpu3-interf_io-run7,train_q_0.999,gaussian_hmm,100001,94503,0.945020549794502,66032,28471,105,33,13.305595808686004,0.0007761811065291135,,5,-18677.994167488,-7768.327052613693,28471,34,37733.31675654374,-0.27285051640664865,-30789.421906835178,140.91922685606195,0.8085804802859571,state_0_mean=-0.41031047;state_1_mean=0.83353569;state_2_mean=1.834996;state_3_mean=3.0267892;state_4_mean=4.6967943
interference,container,docker_cpu3-interf_io-run7,train_q_0.9995,gaussian_gmm,100001,94543,0.945420545794542,66065,28478,72,26,13.305598470915289,0.0007850791726467794,,4,-42301.684592995894,-17051.584927453205,28478,11,84725.45152422512,-0.5987634288732778,-17051.584927453205,0.0,0.0,"component_0_mean=-0.41512679,weight=0.78959353;component_1_mean=1.0064385,weight=0.15925011;component_2_mean=2.9802202,weight=0.041861478;component_3_mean=4.5992595,weight=0.0092948815"
interference,container,docker_cpu3-interf_io-run7,train_q_0.9995,gaussian_hmm,100001,94543,0.945420545794542,66065,28478,72,26,13.305598470915289,0.0007850791726467794,,5,-18193.381921322452,-7525.220113339637,28478,34,36764.10925172975,-0.2642467909733702,-30498.350679076917,150.29718449917468,0.8066974705294361,state_0_mean=-0.40903462;state_1_mean=0.82105689;state_2_mean=1.8092216;state_3_mean=2.9887232;state_4_mean=4.7199901
interference,container,docker_cpu3-interf_io-run7,train_q_0.9999,gaussian_gmm,100001,94578,0.945770542294577,66092,28486,46,18,13.305601157944498,0.0007963872343179308,,4,-41641.26697069749,-16729.648597117317,28486,11,83404.62077428246,-0.587293709089283,-16729.648597117317,0.0,0.0,"component_0_mean=-0.41262096,weight=0.78930449;component_1_mean=0.98292277,weight=0.15791435;component_2_mean=2.9339029,weight=0.040743205;component_3_mean=4.2307289,weight=0.012037964"
interference,container,docker_cpu3-interf_io-run7,train_q_0.9999,gaussian_hmm,100001,94578,0.945770542294577,66092,28486,46,18,13.305601157944498,0.0007963872343179308,,5,-17551.206363266025,-7241.831821576491,28486,34,35479.77202818426,-0.25422424424547113,-30109.43250239973,160.0712749345706,0.8027662950510158,state_0_mean=-0.40660065;state_1_mean=0.80545919;state_2_mean=1.7779385;state_3_mean=2.9426827;state_4_mean=4.6763186
interference,container,docker_cpu3-interf_io-run8,base_stable,gaussian_gmm,100001,94744,0.9474305256947431,66522,28222,33,18,13.314167165637066,0.0013780331467548802,,5,-6532.000124648326,-524.5636365851406,28222,14,13219.474281282659,-0.018587046863622017,-524.5636365851406,0.0,0.0,"component_0_mean=-0.27061055,weight=0.79191277;component_1_mean=0.46011999,weight=0.12636912;component_2_mean=1.6450061,weight=0.06483454;component_3_mean=2.3693098,weight=0.016614588;component_4_mean=37.684235,weight=0.00026898958"
interference,container,docker_cpu3-interf_io-run8,base_stable,gaussian_hmm,100001,94744,0.9474305256947431,66522,28222,33,18,13.314167165637066,0.0013780331467548802,,5,15966.265411990375,8557.053878068791,28222,34,-31554.951032014735,0.30320508390861,-15686.826761334096,194.06502709276108,0.8590419048757313,state_0_mean=-0.26691332;state_1_mean=0.44555029;state_2_mean=1.374131;state_3_mean=1.6567169;state_4_mean=3.8894887
interference,container,docker_cpu3-interf_io-run8,cap_1000us,gaussian_gmm,100001,94744,0.9474305256947431,66522,28222,33,18,13.314167165637066,0.0013780331467548802,,5,-6532.000124648326,-524.5636365851406,28222,14,13219.474281282659,-0.018587046863622017,-524.5636365851406,0.0,0.0,"component_0_mean=-0.27061055,weight=0.79191277;component_1_mean=0.46011999,weight=0.12636912;component_2_mean=1.6450061,weight=0.06483454;component_3_mean=2.3693098,weight=0.016614588;component_4_mean=37.684235,weight=0.00026898958"
interference,container,docker_cpu3-interf_io-run8,cap_1000us,gaussian_hmm,100001,94744,0.9474305256947431,66522,28222,33,18,13.314167165637066,0.0013780331467548802,,5,15966.265411990375,8557.053878068791,28222,34,-31554.951032014735,0.30320508390861,-15671.48912607939,128.35480453876912,0.8584984410795897,state_0_mean=-0.26691332;state_1_mean=0.44555029;state_2_mean=1.374131;state_3_mean=1.6567169;state_4_mean=3.8894887
interference,container,docker_cpu3-interf_io-run8,cap_1500us,gaussian_gmm,100001,94744,0.9474305256947431,66522,28222,33,18,13.314167165637066,0.0013780331467548802,,5,-6532.000124648326,-524.5636365851406,28222,14,13219.474281282659,-0.018587046863622017,-524.5636365851406,0.0,0.0,"component_0_mean=-0.27061055,weight=0.79191277;component_1_mean=0.46011999,weight=0.12636912;component_2_mean=1.6450061,weight=0.06483454;component_3_mean=2.3693098,weight=0.016614588;component_4_mean=37.684235,weight=0.00026898958"
interference,container,docker_cpu3-interf_io-run8,cap_1500us,gaussian_hmm,100001,94744,0.9474305256947431,66522,28222,33,18,13.314167165637066,0.0013780331467548802,,5,15966.265411990375,8557.053878068791,28222,34,-31554.951032014735,0.30320508390861,-15646.891095033745,184.1202324424642,0.8576268504394635,state_0_mean=-0.26691332;state_1_mean=0.44555029;state_2_mean=1.374131;state_3_mean=1.6567169;state_4_mean=3.8894887
interference,container,docker_cpu3-interf_io-run8,cap_2000us,gaussian_gmm,100001,94744,0.9474305256947431,66522,28222,33,18,13.314167165637066,0.0013780331467548802,,5,-6532.000124648326,-524.5636365851406,28222,14,13219.474281282659,-0.018587046863622017,-524.5636365851406,0.0,0.0,"component_0_mean=-0.27061055,weight=0.79191277;component_1_mean=0.46011999,weight=0.12636912;component_2_mean=1.6450061,weight=0.06483454;component_3_mean=2.3693098,weight=0.016614588;component_4_mean=37.684235,weight=0.00026898958"
interference,container,docker_cpu3-interf_io-run8,cap_2000us,gaussian_hmm,100001,94744,0.9474305256947431,66522,28222,33,18,13.314167165637066,0.0013780331467548802,,5,15966.265411990375,8557.053878068791,28222,34,-31554.951032014735,0.30320508390861,-15632.23443207816,182.9345742242169,0.8571075157730476,state_0_mean=-0.26691332;state_1_mean=0.44555029;state_2_mean=1.374131;state_3_mean=1.6567169;state_4_mean=3.8894887
interference,container,docker_cpu3-interf_io-run8,cap_2500us,gaussian_gmm,100001,94744,0.9474305256947431,66522,28222,33,18,13.314167165637066,0.0013780331467548802,,5,-6532.000124648326,-524.5636365851406,28222,14,13219.474281282659,-0.018587046863622017,-524.5636365851406,0.0,0.0,"component_0_mean=-0.27061055,weight=0.79191277;component_1_mean=0.46011999,weight=0.12636912;component_2_mean=1.6450061,weight=0.06483454;component_3_mean=2.3693098,weight=0.016614588;component_4_mean=37.684235,weight=0.00026898958"
interference,container,docker_cpu3-interf_io-run8,cap_2500us,gaussian_hmm,100001,94744,0.9474305256947431,66522,28222,33,18,13.314167165637066,0.0013780331467548802,,5,15966.265411990375,8557.053878068791,28222,34,-31554.951032014735,0.30320508390861,-15664.543494671132,150.8452523625645,0.8582523340918405,state_0_mean=-0.26691332;state_1_mean=0.44555029;state_2_mean=1.374131;state_3_mean=1.6567169;state_4_mean=3.8894887
interference,container,docker_cpu3-interf_io-run8,train_q_0.999,gaussian_gmm,100001,94674,0.946730532694673,66456,28218,96,22,13.314147588322545,0.000858430598375101,,4,-37260.98095084857,-13761.954822423735,28218,11,74644.10915058585,-0.4877012836637513,-13761.954822423735,0.0,0.0,"component_0_mean=-0.41167083,weight=0.79211755;component_1_mean=0.76597343,weight=0.12908498;component_2_mean=2.6622143,weight=0.061653867;component_3_mean=3.6795191,weight=0.017143604"
interference,container,docker_cpu3-interf_io-run8,train_q_0.999,gaussian_hmm,100001,94674,0.946730532694673,66456,28218,96,22,13.314147588322545,0.000858430598375101,,5,-13374.126741932176,-3909.8054764349577,28218,34,27125.799525883995,-0.1385571435408235,-29878.350393904548,161.12989987263603,0.920282972481026,state_0_mean=-0.40856097;state_1_mean=-0.40188338;state_2_mean=0.73398163;state_3_mean=2.4663325;state_4_mean=2.6818829
interference,container,docker_cpu3-interf_io-run8,train_q_0.9995,gaussian_gmm,100001,94708,0.947070529294707,66488,28220,64,20,13.314151041787023,0.0008725727428629316,,4,-36487.9847759966,-13357.284873211,28220,11,73098.12209634476,-0.473326891325691,-13357.284873211,0.0,0.0,"component_0_mean=-0.40888751,weight=0.79222606;component_1_mean=0.74845588,weight=0.12734642;component_2_mean=2.6160746,weight=0.063215396;component_3_mean=3.6742695,weight=0.01721212"
interference,container,docker_cpu3-interf_io-run8,train_q_0.9995,gaussian_hmm,100001,94708,0.947070529294707,66488,28220,64,20,13.314151041787023,0.0008725727428629316,,5,-13542.400776730803,-3899.134772151986,28220,34,27462.363963275522,-0.13816919816272097,-24527.806440180066,175.60748757195705,0.7309947437288477,state_0_mean=-0.40904295;state_1_mean=-0.038269552;state_2_mean=0.77775934;state_3_mean=2.5126741;state_4_mean=2.6341592
interference,container,docker_cpu3-interf_io-run8,train_q_0.9999,gaussian_gmm,100001,94737,0.947360526394736,66515,28222,40,18,13.314157355281305,0.0009665298042114389,,5,-30021.950659481274,-10527.857313026052,28222,14,60199.3738776742,-0.37303725154227385,-10527.857313026052,0.0,0.0,"component_0_mean=-0.37559103,weight=0.79241395;component_1_mean=0.66919135,weight=0.12593287;component_2_mean=2.3551248,weight=0.064588301;component_3_mean=3.3592349,weight=0.016865732;component_4_mean=23.002507,weight=0.00019914893"
interference,container,docker_cpu3-interf_io-run8,train_q_0.9999,gaussian_hmm,100001,94737,0.947360526394736,66515,28222,40,18,13.314157355281305,0.0009665298042114389,,5,-6903.8718529474445,-1197.91364556106,28222,34,14185.319919908901,-0.04244609331589044,-25584.603778601704,161.70414849139425,0.8641021236283978,state_0_mean=-0.37035352;state_1_mean=0.64439129;state_2_mean=1.9601128;state_3_mean=2.3712542;state_4_mean=4.1336307
interference,container,docker_cpu3-interf_io-run9,base_stable,gaussian_gmm,100001,96077,0.960760392396076,67146,28931,37,19,13.309930823850767,0.0008769026225222623,,4,15329.832710276602,5065.03621087596,28931,11,-30537.404549600695,0.17507297400283295,5065.03621087596,0.0,0.0,"component_0_mean=-0.075716402,weight=0.71623386;component_1_mean=0.12802141,weight=0.27979346;component_2_mean=1.430175,weight=0.0036269293;component_3_mean=38.246676,weight=0.00034575435"
interference,container,docker_cpu3-interf_io-run9,base_stable,gaussian_hmm,100001,96077,0.960760392396076,67146,28931,37,19,13.309930823850767,0.0008769026225222623,,5,24040.760236017628,9096.596270722957,28931,34,-47703.62323454569,0.31442384538118134,2094.4470833493265,28.18608402507193,0.24202928303113028,state_0_mean=-0.054845382;state_1_mean=0.23263645;state_2_mean=0.3009977;state_3_mean=1.3280457;state_4_mean=43.905999
interference,container,docker_cpu3-interf_io-run9,cap_1000us,gaussian_gmm,100001,96077,0.960760392396076,67146,28931,37,19,13.309930823850767,0.0008769026225222623,,4,15329.832710276602,5065.03621087596,28931,11,-30537.404549600695,0.17507297400283295,5065.03621087596,0.0,0.0,"component_0_mean=-0.075716402,weight=0.71623386;component_1_mean=0.12802141,weight=0.27979346;component_2_mean=1.430175,weight=0.0036269293;component_3_mean=38.246676,weight=0.00034575435"
interference,container,docker_cpu3-interf_io-run9,cap_1000us,gaussian_hmm,100001,96077,0.960760392396076,67146,28931,37,19,13.309930823850767,0.0008769026225222623,,5,24040.760236017628,9096.596270722957,28931,34,-47703.62323454569,0.31442384538118134,1715.905091254798,1240.5151299886454,0.2551135867916131,state_0_mean=-0.054845382;state_1_mean=0.23263645;state_2_mean=0.3009977;state_3_mean=1.3280457;state_4_mean=43.905999
interference,container,docker_cpu3-interf_io-run9,cap_1500us,gaussian_gmm,100001,96077,0.960760392396076,67146,28931,37,19,13.309930823850767,0.0008769026225222623,,4,15329.832710276602,5065.03621087596,28931,11,-30537.404549600695,0.17507297400283295,5065.03621087596,0.0,0.0,"component_0_mean=-0.075716402,weight=0.71623386;component_1_mean=0.12802141,weight=0.27979346;component_2_mean=1.430175,weight=0.0036269293;component_3_mean=38.246676,weight=0.00034575435"
interference,container,docker_cpu3-interf_io-run9,cap_1500us,gaussian_hmm,100001,96077,0.960760392396076,67146,28931,37,19,13.309930823850767,0.0008769026225222623,,5,24040.760236017628,9096.596270722957,28931,34,-47703.62323454569,0.31442384538118134,2102.846603746636,30.15524485646578,0.24173895361295225,state_0_mean=-0.054845382;state_1_mean=0.23263645;state_2_mean=0.3009977;state_3_mean=1.3280457;state_4_mean=43.905999
interference,container,docker_cpu3-interf_io-run9,cap_2000us,gaussian_gmm,100001,96077,0.960760392396076,67146,28931,37,19,13.309930823850767,0.0008769026225222623,,4,15329.832710276602,5065.03621087596,28931,11,-30537.404549600695,0.17507297400283295,5065.03621087596,0.0,0.0,"component_0_mean=-0.075716402,weight=0.71623386;component_1_mean=0.12802141,weight=0.27979346;component_2_mean=1.430175,weight=0.0036269293;component_3_mean=38.246676,weight=0.00034575435"
interference,container,docker_cpu3-interf_io-run9,cap_2000us,gaussian_hmm,100001,96077,0.960760392396076,67146,28931,37,19,13.309930823850767,0.0008769026225222623,,5,24040.760236017628,9096.596270722957,28931,34,-47703.62323454569,0.31442384538118134,2098.3214686012407,45.67989700305781,0.24189536490690666,state_0_mean=-0.054845382;state_1_mean=0.23263645;state_2_mean=0.3009977;state_3_mean=1.3280457;state_4_mean=43.905999
interference,container,docker_cpu3-interf_io-run9,cap_2500us,gaussian_gmm,100001,96077,0.960760392396076,67146,28931,37,19,13.309930823850767,0.0008769026225222623,,4,15329.832710276602,5065.03621087596,28931,11,-30537.404549600695,0.17507297400283295,5065.03621087596,0.0,0.0,"component_0_mean=-0.075716402,weight=0.71623386;component_1_mean=0.12802141,weight=0.27979346;component_2_mean=1.430175,weight=0.0036269293;component_3_mean=38.246676,weight=0.00034575435"
interference,container,docker_cpu3-interf_io-run9,cap_2500us,gaussian_hmm,100001,96077,0.960760392396076,67146,28931,37,19,13.309930823850767,0.0008769026225222623,,5,24040.760236017628,9096.596270722957,28931,34,-47703.62323454569,0.31442384538118134,2111.0233079226446,39.73698803303943,0.2414563258373479,state_0_mean=-0.054845382;state_1_mean=0.23263645;state_2_mean=0.3009977;state_3_mean=1.3280457;state_4_mean=43.905999
interference,container,docker_cpu3-interf_io-run9,train_q_0.999,gaussian_gmm,100001,95953,0.959520404795952,67078,28875,98,70,13.30991728461836,0.00017935506313690227,,5,-90363.9819520926,-39889.66333630976,28875,14,180883.55446379003,-1.3814602021232816,-39889.66333630976,0.0,0.0,"component_0_mean=-1.0278843,weight=0.22683539;component_1_mean=-0.32157268,weight=0.34104529;component_2_mean=0.42424129,weight=0.27910342;component_3_mean=1.3716245,weight=0.12964023;component_4_mean=1.9938029,weight=0.023375669"
interference,container,docker_cpu3-interf_io-run9,train_q_0.999,gaussian_hmm,100001,95953,0.959520404795952,67078,28875,98,70,13.30991728461836,0.00017935506313690227,,5,-80403.49420104685,-35640.48371244432,28875,34,161184.85118970549,-1.234302466231838,-42177.51531083769,38.24589955197921,0.22639070470626385,state_0_mean=-0.38320522;state_1_mean=-0.34400063;state_2_mean=0.084682532;state_3_mean=1.4462389;state_4_mean=4.4759407
interference,container,docker_cpu3-interf_io-run9,train_q_0.9995,gaussian_gmm,100001,96020,0.960190398096019,67112,28908,65,41,13.309918529519342,0.0001878643510580042,,4,-87552.02762386153,-39075.43351847434,28908,11,175226.31054731287,-1.351716947504993,-39075.43351847434,0.0,0.0,"component_0_mean=-0.7995296,weight=0.30126916;component_1_mean=0.033776794,weight=0.4584567;component_2_mean=0.85306791,weight=0.23461804;component_3_mean=4.4630156,weight=0.0056561067"
interference,container,docker_cpu3-interf_io-run9,train_q_0.9995,gaussian_hmm,100001,96020,0.960190398096019,67112,28908,65,41,13.309918529519342,0.0001878643510580042,,5,-77661.07080153053,-34774.597589303405,28908,34,155700.02161997496,-1.2029402791373809,-41573.022949911465,38.048224299685614,0.23517453163857963,state_0_mean=-0.41949356;state_1_mean=-0.01238242;state_2_mean=0.32199176;state_3_mean=1.373969;state_4_mean=5.2411976
interference,container,docker_cpu3-interf_io-run9,train_q_0.9999,gaussian_gmm,100001,96065,0.960640393596064,67139,28926,43,24,13.309923196150054,0.00039194646802643543,,5,-38561.22480345972,-18065.945826445597,28926,14,77278.05289218585,-0.6245573472462697,-18065.945826445597,0.0,0.0,"component_0_mean=-0.34254925,weight=0.41486816;component_1_mean=0.077523966,weight=0.44324027;component_2_mean=0.61916047,weight=0.13701161;component_3_mean=2.425621,weight=0.004414462;component_4_mean=26.231995,weight=0.00046550203"
interference,container,docker_cpu3-interf_io-run9,train_q_0.9999,gaussian_hmm,100001,96065,0.960640393596064,67139,28926,43,24,13.309923196150054,0.00039194646802643543,,5,-29819.711297847032,-13780.266366404152,28926,34,60017.316288483926,-0.476397233160622,-21703.543914178405,26.553935339611872,0.27391542376319755,state_0_mean=-0.10275857;state_1_mean=0.63147905;state_2_mean=2.2278598;state_3_mean=6.5210279;state_4_mean=121.52155
interference,host,host_cpu3-interf_io-run1,base_stable,gaussian_gmm,100001,99980,0.999790002099979,69986,29994,3,2,13.297099517111684,0.010699048617464402,,5,40540.71377719739,17810.30111119536,29994,14,-80925.24284738037,0.5937954627990718,17810.30111119536,0.0,0.0,"component_0_mean=-0.12384856,weight=0.44627615;component_1_mean=0.0042226745,weight=0.3856146;component_2_mean=0.17918027,weight=0.16515681;component_3_mean=5.9572419,weight=0.0028952851;component_4_mean=119.00377,weight=5.71543e-05"
interference,host,host_cpu3-interf_io-run1,base_stable,gaussian_hmm,100001,99980,0.999790002099979,69986,29994,3,2,13.297099517111684,0.010699048617464402,,5,44987.993193908755,19533.07314115201,29994,34,-89596.68067078253,0.6512326845753154,16332.409469251483,53.90174429439001,0.10671013108956882,state_0_mean=-0.11079923;state_1_mean=0.0049269715;state_2_mean=0.18196395;state_3_mean=6.0670332;state_4_mean=119.00376
interference,host,host_cpu3-interf_io-run1,cap_1000us,gaussian_gmm,100001,99975,0.999740002599974,69982,29993,7,3,13.297026742550386,0.004513854464669722,,5,-19780.980344659103,-8045.500777587959,29993,14,39718.14459614971,-0.2682459499745927,-8045.500777587959,0.0,0.0,"component_0_mean=-0.26965502,weight=0.47163903;component_1_mean=0.03968969,weight=0.37365698;component_2_mean=0.47037592,weight=0.15181032;component_3_mean=12.556454,weight=0.0026740339;component_4_mean=33.534076,weight=0.0002196334"
interference,host,host_cpu3-interf_io-run1,cap_1000us,gaussian_hmm,100001,99975,0.999740002599974,69982,29993,7,3,13.297026742550386,0.004513854464669722,,5,-13470.302040122668,-5725.388074946231,29993,34,27319.907853978988,-0.19089081035395697,-9851.454777905537,43.42697602501746,0.1375676558850167,state_0_mean=-0.25813999;state_1_mean=0.013662031;state_2_mean=0.26183541;state_3_mean=0.29010998;state_4_mean=14.093044
interference,host,host_cpu3-interf_io-run1,cap_1500us,gaussian_gmm,100001,99975,0.999740002599974,69982,29993,7,3,13.297026742550386,0.004513854464669722,,5,-19780.980344659103,-8045.500777587959,29993,14,39718.14459614971,-0.2682459499745927,-8045.500777587959,0.0,0.0,"component_0_mean=-0.26965502,weight=0.47163903;component_1_mean=0.03968969,weight=0.37365698;component_2_mean=0.47037592,weight=0.15181032;component_3_mean=12.556454,weight=0.0026740339;component_4_mean=33.534076,weight=0.0002196334"
interference,host,host_cpu3-interf_io-run1,cap_1500us,gaussian_hmm,100001,99975,0.999740002599974,69982,29993,7,3,13.297026742550386,0.004513854464669722,,5,-13470.302040122668,-5725.388074946231,29993,34,27319.907853978988,-0.19089081035395697,-9825.06078866983,34.38095893824256,0.13668765090933216,state_0_mean=-0.25813999;state_1_mean=0.013662031;state_2_mean=0.26183541;state_3_mean=0.29010998;state_4_mean=14.093044
interference,host,host_cpu3-interf_io-run1,cap_2000us,gaussian_gmm,100001,99977,0.999760002399976,69984,29993,5,3,13.297059509623963,0.007620028617987817,,4,16507.29186500768,7501.260346312877,29993,11,-32891.86748885712,0.25010036829636506,7501.260346312877,0.0,0.0,"component_0_mean=-0.1013166,weight=0.73674207;component_1_mean=0.17677546,weight=0.2602212;component_2_mean=8.0924856,weight=0.0030081589;component_3_mean=150.46566,weight=2.8577961e-05"
interference,host,host_cpu3-interf_io-run1,cap_2000us,gaussian_hmm,100001,99977,0.999760002399976,69984,29993,5,3,13.297059509623963,0.007620028617987817,,5,21267.309050313757,9369.02345279549,29993,34,-42155.313355229315,0.3123736689492712,6155.817383783085,59.31781171558749,0.10713186640257415,state_0_mean=-0.15032375;state_1_mean=0.012167612;state_2_mean=0.26071474;state_3_mean=8.523764;state_4_mean=150.46566
interference,host,host_cpu3-interf_io-run1,cap_2500us,gaussian_gmm,100001,99978,0.999770002299977,69985,29993,4,3,13.297077828451982,0.00903047811360431,,5,28388.013723490734,12602.358727150411,29993,14,-56619.8429400085,0.42017666546028776,12602.358727150411,0.0,0.0,"component_0_mean=-0.08864091,weight=0.72490497;component_1_mean=0.13987885,weight=0.27203171;component_2_mean=6.0098409,weight=0.0027974222;component_3_mean=16.749862,weight=0.00022303945;component_4_mean=131.96398,weight=4.2866328e-05"
interference,host,host_cpu3-interf_io-run1,cap_2500us,gaussian_hmm,100001,99978,0.999770002299977,69985,29993,4,3,13.297077828451982,0.00903047811360431,,5,33137.56901690249,14462.772177433611,29993,34,-65895.83280258492,0.4822049203958794,11261.720893466318,36.53917103027638,0.10672661234178954,state_0_mean=-0.12885486;state_1_mean=0.008256545;state_2_mean=0.21811847;state_3_mean=7.1899542;state_4_mean=131.96398
interference,host,host_cpu3-interf_io-run1,train_q_0.999,gaussian_gmm,100001,99879,0.998780012199878,69916,29963,71,32,13.296917714895313,0.002536621253180746,,5,-59275.51331891516,-24969.44835134234,29963,14,118707.19733503669,-0.8333427344171925,-24969.44835134234,0.0,0.0,"component_0_mean=-0.43841146,weight=0.46783206;component_1_mean=0.10322843,weight=0.38083811;component_2_mean=0.88427437,weight=0.14665156;component_3_mean=2.4024331,weight=0.0031708557;component_4_mean=18.901109,weight=0.0015074051"
interference,host,host_cpu3-interf_io-run1,train_q_0.999,gaussian_hmm,100001,99879,0.998780012199878,69916,29963,71,32,13.296917714895313,0.002536621253180746,,5,-53037.38058750307,-22671.458753142393,29963,34,106454.0328682216,-0.7566484915776922,-26789.344262040908,53.060007644358194,0.13743235019519123,state_0_mean=-0.41620206;state_1_mean=0.066683297;state_2_mean=0.50664638;state_3_mean=0.53182287;state_4_mean=14.964231
interference,host,host_cpu3-interf_io-run1,train_q_0.9995,gaussian_gmm,100001,99935,0.999340006599934,69951,29984,36,12,13.296964304023719,0.0032843994965974376,,4,-41671.19867098259,-17475.224132486594,29984,11,83465.10839500026,-0.5828183075135603,-17475.224132486594,0.0,0.0,"component_0_mean=-0.34385549,weight=0.49005553;component_1_mean=0.088114721,weight=0.36588258;component_2_mean=0.69852123,weight=0.14159851;component_3_mean=15.165818,weight=0.0024633735"
interference,host,host_cpu3-interf_io-run1,train_q_0.9995,gaussian_hmm,100001,99935,0.999340006599934,69951,29984,36,12,13.296964304023719,0.0032843994965974376,,5,-35347.03755324757,-15144.232075926613,29984,34,71073.36381587632,-0.5050771103230594,-19279.022166167844,41.93705930497715,0.13789988294561203,state_0_mean=-0.33552636;state_1_mean=0.037499699;state_2_mean=0.37683257;state_3_mean=0.39881487;state_4_mean=15.132594
interference,host,host_cpu3-interf_io-run1,train_q_0.9999,gaussian_gmm,100001,99969,0.999680003199968,69979,29990,10,6,13.297016264138358,0.004215693123066026,,5,-24519.234473821427,-10052.409791159569,29990,14,49194.65225430717,-0.3351920570576715,-10052.409791159569,0.0,0.0,"component_0_mean=-0.28900185,weight=0.46281737;component_1_mean=0.040079789,weight=0.38306933;component_2_mean=0.50881466,weight=0.15118047;component_3_mean=7.1065594,weight=0.0014668395;component_4_mean=21.18352,weight=0.0014659849"
interference,host,host_cpu3-interf_io-run1,train_q_0.9999,gaussian_hmm,100001,99969,0.999680003199968,69979,29990,10,6,13.297016264138358,0.004215693123066026,,5,-18194.862602541783,-7725.864905977366,29990,34,36769.027521268334,-0.25761470176650103,-11845.407039406897,30.334413368236447,0.13736385906734014,state_0_mean=-0.27371178;state_1_mean=0.016871966;state_2_mean=0.28171732;state_3_mean=0.29772032;state_4_mean=14.429832
interference,host,host_cpu3-interf_io-run10,base_stable,gaussian_gmm,100001,96644,0.966430335696643,68170,28474,41,15,13.29605374187877,0.0013531686408895932,,5,-46963.57570468444,-19317.460375390685,28474,14,94082.96804746987,-0.67842454082288,-19317.460375390685,0.0,0.0,"component_0_mean=-0.497937,weight=0.55287927;component_1_mean=-0.11107323,weight=0.25327094;component_2_mean=1.4639341,weight=0.18149367;component_3_mean=2.8222903,weight=0.012296208;component_4_mean=50.616276,weight=5.991021e-05"
interference,host,host_cpu3-interf_io-run10,base_stable,gaussian_hmm,100001,96644,0.966430335696643,68170,28474,41,15,13.29605374187877,0.0013531686408895932,,5,-38770.14059097346,-17741.86103112636,28474,34,77918.69301733506,-0.6230898725548345,-20465.638486610133,8.657443781232383,0.09565840610675613,state_0_mean=-0.53096941;state_1_mean=-0.23201722;state_2_mean=0.9954879;state_3_mean=1.6680813;state_4_mean=6.8583573
interference,host,host_cpu3-interf_io-run10,cap_1000us,gaussian_gmm,100001,96644,0.966430335696643,68170,28474,41,15,13.29605374187877,0.0013531686408895932,,5,-46963.57570468444,-19317.460375390685,28474,14,94082.96804746987,-0.67842454082288,-19317.460375390685,0.0,0.0,"component_0_mean=-0.497937,weight=0.55287927;component_1_mean=-0.11107323,weight=0.25327094;component_2_mean=1.4639341,weight=0.18149367;component_3_mean=2.8222903,weight=0.012296208;component_4_mean=50.616276,weight=5.991021e-05"
interference,host,host_cpu3-interf_io-run10,cap_1000us,gaussian_hmm,100001,96644,0.966430335696643,68170,28474,41,15,13.29605374187877,0.0013531686408895932,,5,-38770.14059097346,-17741.86103112636,28474,34,77918.69301733506,-0.6230898725548345,-20495.77405070358,89.51143103566878,0.0967167598362444,state_0_mean=-0.53096941;state_1_mean=-0.23201722;state_2_mean=0.9954879;state_3_mean=1.6680813;state_4_mean=6.8583573
interference,host,host_cpu3-interf_io-run10,cap_1500us,gaussian_gmm,100001,96644,0.966430335696643,68170,28474,41,15,13.29605374187877,0.0013531686408895932,,5,-46963.57570468444,-19317.460375390685,28474,14,94082.96804746987,-0.67842454082288,-19317.460375390685,0.0,0.0,"component_0_mean=-0.497937,weight=0.55287927;component_1_mean=-0.11107323,weight=0.25327094;component_2_mean=1.4639341,weight=0.18149367;component_3_mean=2.8222903,weight=0.012296208;component_4_mean=50.616276,weight=5.991021e-05"
interference,host,host_cpu3-interf_io-run10,cap_1500us,gaussian_hmm,100001,96644,0.966430335696643,68170,28474,41,15,13.29605374187877,0.0013531686408895932,,5,-38770.14059097346,-17741.86103112636,28474,34,77918.69301733506,-0.6230898725548345,-20463.358705885996,7.173745390647134,0.09557834075857405,state_0_mean=-0.53096941;state_1_mean=-0.23201722;state_2_mean=0.9954879;state_3_mean=1.6680813;state_4_mean=6.8583573
interference,host,host_cpu3-interf_io-run10,cap_2000us,gaussian_gmm,100001,96644,0.966430335696643,68170,28474,41,15,13.29605374187877,0.0013531686408895932,,5,-46963.57570468444,-19317.460375390685,28474,14,94082.96804746987,-0.67842454082288,-19317.460375390685,0.0,0.0,"component_0_mean=-0.497937,weight=0.55287927;component_1_mean=-0.11107323,weight=0.25327094;component_2_mean=1.4639341,weight=0.18149367;component_3_mean=2.8222903,weight=0.012296208;component_4_mean=50.616276,weight=5.991021e-05"
interference,host,host_cpu3-interf_io-run10,cap_2000us,gaussian_hmm,100001,96644,0.966430335696643,68170,28474,41,15,13.29605374187877,0.0013531686408895932,,5,-38770.14059097346,-17741.86103112636,28474,34,77918.69301733506,-0.6230898725548345,-20462.325593842368,11.772376925133184,0.09554205811322644,state_0_mean=-0.53096941;state_1_mean=-0.23201722;state_2_mean=0.9954879;state_3_mean=1.6680813;state_4_mean=6.8583573
interference,host,host_cpu3-interf_io-run10,cap_2500us,gaussian_gmm,100001,96644,0.966430335696643,68170,28474,41,15,13.29605374187877,0.0013531686408895932,,5,-46963.57570468444,-19317.460375390685,28474,14,94082.96804746987,-0.67842454082288,-19317.460375390685,0.0,0.0,"component_0_mean=-0.497937,weight=0.55287927;component_1_mean=-0.11107323,weight=0.25327094;component_2_mean=1.4639341,weight=0.18149367;component_3_mean=2.8222903,weight=0.012296208;component_4_mean=50.616276,weight=5.991021e-05"
interference,host,host_cpu3-interf_io-run10,cap_2500us,gaussian_hmm,100001,96644,0.966430335696643,68170,28474,41,15,13.29605374187877,0.0013531686408895932,,5,-38770.14059097346,-17741.86103112636,28474,34,77918.69301733506,-0.6230898725548345,-20469.278979464325,10.573474773175608,0.09578625933616515,state_0_mean=-0.53096941;state_1_mean=-0.23201722;state_2_mean=0.9954879;state_3_mean=1.6680813;state_4_mean=6.8583573
interference,host,host_cpu3-interf_io-run10,train_q_0.999,gaussian_gmm,100001,96541,0.96540034599654,68101,28440,109,48,13.296042993296027,0.0011645752653827823,,5,-56073.56464366475,-22949.431052357253,28440,14,112302.93174779795,-0.8069420201250792,-22949.431052357253,0.0,0.0,"component_0_mean=-0.59555643,weight=0.51747126;component_1_mean=-0.18048226,weight=0.2621538;component_2_mean=0.65222835,weight=0.08102993;component_3_mean=2.0615019,weight=0.11520843;component_4_mean=2.6990168,weight=0.024136576"
interference,host,host_cpu3-interf_io-run10,train_q_0.999,gaussian_hmm,100001,96541,0.96540034599654,68101,28440,109,48,13.296042993296027,0.0011645752653827823,,5,-46795.85278756865,-19425.31937373658,28440,34,93970.0829791321,-0.683028107374704,-24268.208739893864,7.695087008987925,0.17028443622212672,state_0_mean=-0.60407467;state_1_mean=-0.24624838;state_2_mean=0.59308849;state_3_mean=1.953928;state_4_mean=2.1417205
interference,host,host_cpu3-interf_io-run10,train_q_0.9995,gaussian_gmm,100001,96586,0.965850341496585,68135,28451,75,37,13.29604610965419,0.0011726130384917515,,5,-55845.782151219595,-22854.854652595543,28451,14,111847.37375078177,-0.8033058469858895,-22854.854652595543,0.0,0.0,"component_0_mean=-0.58916586,weight=0.52901252;component_1_mean=-0.16663727,weight=0.25387619;component_2_mean=0.73149896,weight=0.088012336;component_3_mean=2.1061797,weight=0.11745579;component_4_mean=3.6259405,weight=0.011643164"
interference,host,host_cpu3-interf_io-run10,train_q_0.9995,gaussian_hmm,100001,96586,0.965850341496585,68135,28451,75,37,13.29604610965419,0.0011726130384917515,,5,-46610.4597982026,-19340.15917933923,28451,34,93599.31397095147,-0.6797708052208791,-24165.274956399233,5.44561537414111,0.1695938904453272,state_0_mean=-0.60607955;state_1_mean=-0.26076958;state_2_mean=0.58963254;state_3_mean=1.9334669;state_4_mean=2.1453186
interference,host,host_cpu3-interf_io-run10,train_q_0.9999,gaussian_gmm,100001,96625,0.9662403375966241,68163,28462,47,26,13.29604918598517,0.0011822976453437603,,5,-55558.35340052672,-22742.125231670387,28462,14,111272.52200149812,-0.7990346859556737,-22742.125231670387,0.0,0.0,"component_0_mean=-0.58354201,weight=0.53436924;component_1_mean=-0.16106198,weight=0.24891708;component_2_mean=0.79910718,weight=0.097088674;component_3_mean=2.1449623,weight=0.10947717;component_4_mean=3.893374,weight=0.010147834"
interference,host,host_cpu3-interf_io-run10,train_q_0.9999,gaussian_hmm,100001,96625,0.9662403375966241,68163,28462,47,26,13.29604918598517,0.0011822976453437603,,5,-46333.47376305476,-19244.04337077855,28462,34,93045.35587004657,-0.6761311000905962,-24104.783222352497,4.020081863578153,0.17077998213667162,state_0_mean=-0.60476231;state_1_mean=-0.264726;state_2_mean=0.58973404;state_3_mean=1.9109156;state_4_mean=2.1582147
interference,host,host_cpu3-interf_io-run2,base_stable,gaussian_gmm,100001,99887,0.998860011399886,69886,30001,7,1,13.316894608034913,0.00682515943166897,,4,105.49862706839428,1608.1908555566083,30001,11,-88.2964272943604,0.05360457503271918,1608.1908555566083,0.0,0.0,"component_0_mean=-0.12291687,weight=0.68290248;component_1_mean=0.18729223,weight=0.31450693;component_2_mean=6.0965032,weight=0.0023642127;component_3_mean=46.92199,weight=0.00022637792"
interference,host,host_cpu3-interf_io-run2,base_stable,gaussian_hmm,100001,99887,0.998860011399886,69886,30001,7,1,13.316894608034913,0.00682515943166897,,5,6331.2762912469125,2308.488749121171,30001,34,-12283.295481344501,0.07694706006870342,1121.528625835099,15.424763569915967,0.039564018642247664,state_0_mean=-0.23659023;state_1_mean=-0.10521119;state_2_mean=0.1647542;state_3_mean=6.1641435;state_4_mean=58.016624
interference,host,host_cpu3-interf_io-run2,cap_1000us,gaussian_gmm,100001,99878,0.998770012299877,69882,29996,11,6,13.31685371977898,0.004154411063105346,,5,-34286.972356753075,-13046.238074270892,29996,14,68730.10860088679,-0.4349325934881615,-13046.238074270892,0.0,0.0,"component_0_mean=-0.19917575,weight=0.67304382;component_1_mean=0.29476225,weight=0.31754385;component_2_mean=1.3666137,weight=0.0073857308;component_3_mean=11.52029,weight=0.0017551961;component_4_mean=37.362394,weight=0.00027140276"
interference,host,host_cpu3-interf_io-run2,cap_1000us,gaussian_hmm,100001,99878,0.998770012299877,69882,29996,11,6,13.31685371977898,0.004154411063105346,,4,-28333.679244350787,-12487.214889265108,29996,23,56923.913446541184,-0.4162960024424959,-13686.226710447527,15.55601090771605,0.03997239035812839,state_0_mean=-0.37838762;state_1_mean=-0.16193425;state_2_mean=0.28231781;state_3_mean=11.986197
interference,host,host_cpu3-interf_io-run2,cap_1500us,gaussian_gmm,100001,99884,0.998830011699883,69886,29998,7,4,13.316894608034913,0.00682515943166897,,4,105.49862706839428,1675.1743067511718,29998,11,-88.2964272943604,0.055842866416133466,1675.1743067511718,0.0,0.0,"component_0_mean=-0.12291687,weight=0.68290248;component_1_mean=0.18729223,weight=0.31450693;component_2_mean=6.0965032,weight=0.0023642127;component_3_mean=46.92199,weight=0.00022637792"
interference,host,host_cpu3-interf_io-run2,cap_1500us,gaussian_hmm,100001,99884,0.998830011699883,69886,29998,7,4,13.316894608034913,0.00682515943166897,,5,6331.2762912469125,2369.145627814292,29998,34,-12283.295481344501,0.0789767860462128,1181.9776519284928,16.26366869222416,0.03957490418980596,state_0_mean=-0.23659023;state_1_mean=-0.10521119;state_2_mean=0.1647542;state_3_mean=6.1641435;state_4_mean=58.016624
interference,host,host_cpu3-interf_io-run2,cap_2000us,gaussian_gmm,100001,99884,0.998830011699883,69886,29998,7,4,13.316894608034913,0.00682515943166897,,4,105.49862706839428,1675.1743067511718,29998,11,-88.2964272943604,0.055842866416133466,1675.1743067511718,0.0,0.0,"component_0_mean=-0.12291687,weight=0.68290248;component_1_mean=0.18729223,weight=0.31450693;component_2_mean=6.0965032,weight=0.0023642127;component_3_mean=46.92199,weight=0.00022637792"
interference,host,host_cpu3-interf_io-run2,cap_2000us,gaussian_hmm,100001,99884,0.998830011699883,69886,29998,7,4,13.316894608034913,0.00682515943166897,,5,6331.2762912469125,2369.145627814292,29998,34,-12283.295481344501,0.0789767860462128,1177.6219790341427,17.693595024010808,0.03972010296620272,state_0_mean=-0.23659023;state_1_mean=-0.10521119;state_2_mean=0.1647542;state_3_mean=6.1641435;state_4_mean=58.016624
interference,host,host_cpu3-interf_io-run2,cap_2500us,gaussian_gmm,100001,99886,0.998850011499885,69886,30000,7,2,13.316894608034913,0.00682515943166897,,4,105.49862706839428,1632.3143604593643,30000,11,-88.2964272943604,0.054410478681978805,1632.3143604593643,0.0,0.0,"component_0_mean=-0.12291687,weight=0.68290248;component_1_mean=0.18729223,weight=0.31450693;component_2_mean=6.0965032,weight=0.0023642127;component_3_mean=46.92199,weight=0.00022637792"
interference,host,host_cpu3-interf_io-run2,cap_2500us,gaussian_hmm,100001,99886,0.998850011499885,69886,30000,7,2,13.316894608034913,0.00682515943166897,,5,6331.2762912469125,2330.1587045521264,30000,34,-12283.295481344501,0.07767195681840422,1147.2858323556463,23.50346825408103,0.03942909573988267,state_0_mean=-0.23659023;state_1_mean=-0.10521119;state_2_mean=0.1647542;state_3_mean=6.1641435;state_4_mean=58.016624
interference,host,host_cpu3-interf_io-run2,train_q_0.999,gaussian_gmm,100001,99787,0.997860021399786,69816,29971,75,28,13.316754873257265,0.0019413315357426607,,5,-86527.66257381608,-35634.99456037757,29971,14,173211.47580647597,-1.1889825017642912,-35634.99456037757,0.0,0.0,"component_0_mean=-0.9583014,weight=0.21629003;component_1_mean=-0.26862845,weight=0.39908974;component_2_mean=0.51761435,weight=0.26414424;component_3_mean=1.3597648,weight=0.11888499;component_4_mean=10.117773,weight=0.0015910048"
interference,host,host_cpu3-interf_io-run2,train_q_0.999,gaussian_hmm,100001,99787,0.997860021399786,69816,29971,75,28,13.316754873257265,0.0019413315357426607,,5,-78823.79384077071,-34731.64528279605,29971,34,158026.8107101621,-1.1588417230921908,-36270.1050189654,18.794069175052094,0.05133161176368306,state_0_mean=-1.1458126;state_1_mean=-0.31618393;state_2_mean=-0.14023504;state_3_mean=0.60776432;state_4_mean=6.500037
interference,host,host_cpu3-interf_io-run2,train_q_0.9995,gaussian_gmm,100001,99834,0.998330016699833,69851,29983,40,17,13.316790822647347,0.002527940507612212,,5,-68512.22697278643,-27801.50348713681,29983,14,137180.6116211065,-0.9272422201626526,-27801.50348713681,0.0,0.0,"component_0_mean=-0.53023873,weight=0.41321867;component_1_mean=0.06635882,weight=0.39571613;component_2_mean=0.8223104,weight=0.18102629;component_3_mean=2.2331485,weight=0.0084426629;component_4_mean=15.744315,weight=0.0015962437"
interference,host,host_cpu3-interf_io-run2,train_q_0.9995,gaussian_hmm,100001,99834,0.998330016699833,69851,29983,40,17,13.316790822647347,0.002527940507612212,,5,-60835.83806485887,-26966.977729745333,29983,34,122050.9161988709,-0.8994089227143826,-28476.693042889274,23.22764269201489,0.050352376784976186,state_0_mean=-0.89233831;state_1_mean=-0.24721135;state_2_mean=-0.12103547;state_3_mean=0.47122553;state_4_mean=10.832995
interference,host,host_cpu3-interf_io-run2,train_q_0.9999,gaussian_gmm,100001,99874,0.998730012699873,69879,29995,14,7,13.316840877294796,0.0036217405225842593,,5,-43742.48582419508,-17193.590049274542,29995,14,87641.13493474475,-0.5732152041765142,-17193.590049274542,0.0,0.0,"component_0_mean=-0.46918112,weight=0.2987282;component_1_mean=-0.087007364,weight=0.40727314;component_2_mean=0.38305335,weight=0.22082027;component_3_mean=0.83604464,weight=0.07107403;component_4_mean=15.009979,weight=0.0021043592"
interference,host,host_cpu3-interf_io-run2,train_q_0.9999,gaussian_hmm,100001,99874,0.998730012699873,69879,29995,14,7,13.316840877294796,0.0036217405225842593,,5,-36884.776100193914,-18943.950641882824,29995,34,74148.8058958204,-0.6315702831099458,-17813.32517893574,24.22967041472992,-0.03769379773119139,state_0_mean=-0.63261551;state_1_mean=-0.16566231;state_2_mean=-0.094858271;state_3_mean=0.33430695;state_4_mean=13.863154
interference,host,host_cpu3-interf_io-run3,base_stable,gaussian_gmm,100001,99659,0.996580034199658,69737,29922,14,8,13.311547724987786,0.014659287455727837,,5,79598.09307549609,33314.17256884659,29922,14,-159040.0513427588,1.1133671736129467,33314.17256884659,0.0,0.0,"component_0_mean=-0.085343297,weight=0.43736599;component_1_mean=0.039667917,weight=0.56103277;component_2_mean=2.0690671,weight=0.0013784527;component_3_mean=23.188647,weight=0.00012243314;component_4_mean=93.465555,weight=0.00010035873"
interference,host,host_cpu3-interf_io-run3,base_stable,gaussian_hmm,100001,99659,0.996580034199658,69737,29922,14,8,13.311547724987786,0.014659287455727837,,5,79828.90880528299,33416.80004087343,29922,34,-159278.63307628492,1.1167970069137567,33260.15093829208,8.41848855260263,0.00523524839854796,state_0_mean=-0.087986103;state_1_mean=0.034806607;state_2_mean=1.9872526;state_3_mean=22.456641;state_4_mean=93.465216
interference,host,host_cpu3-interf_io-run3,cap_1000us,gaussian_gmm,100001,99648,0.996470035299647,69727,29921,24,9,13.311382610270183,0.0027647704835913932,,5,-33588.105638743924,-15325.341237014272,29921,14,67332.34407803466,-0.5121934840752072,-15325.341237014272,0.0,0.0,"component_0_mean=-0.43317937,weight=0.38455499;component_1_mean=-0.011311373,weight=0.39612395;component_2_mean=0.69217492,weight=0.2179028;component_3_mean=13.005185,weight=0.0014039164;component_4_mean=137.8468,weight=1.4341647e-05"
interference,host,host_cpu3-interf_io-run3,cap_1000us,gaussian_hmm,100001,99648,0.996470035299647,69727,29921,24,9,13.311382610270183,0.0027647704835913932,,5,-33061.97789466734,-15096.000287661729,29921,34,66503.1354478055,-0.5045286015728662,-15492.52065435505,13.321456125742786,0.01325224313001976,state_0_mean=-0.45073258;state_1_mean=-0.073698647;state_2_mean=0.60298858;state_3_mean=13.129172;state_4_mean=137.8468
interference,host,host_cpu3-interf_io-run3,cap_1500us,gaussian_gmm,100001,99651,0.99650003499965,69730,29921,21,9,13.311410182134852,0.005053200641065356,,5,5535.377483893147,1522.4759312035599,29921,14,-10914.621564903282,0.050883190107401485,1522.4759312035599,0.0,0.0,"component_0_mean=-0.22267966,weight=0.42790649;component_1_mean=0.13644744,weight=0.56919777;component_2_mean=0.95079662,weight=0.0019465109;component_3_mean=9.9992832,weight=0.00087889044;component_4_mean=99.258198,weight=7.033661e-05"
interference,host,host_cpu3-interf_io-run3,cap_1500us,gaussian_hmm,100001,99651,0.99650003499965,69730,29921,21,9,13.311410182134852,0.005053200641065356,,4,5656.270193654244,1568.432017903965,29921,23,-11056.035511143542,0.05241910423795879,1405.9814496002423,11.172118828620713,0.005429316142633026,state_0_mean=-0.22805451;state_1_mean=0.12816736;state_2_mean=5.7912351;state_3_mean=65.147337
interference,host,host_cpu3-interf_io-run3,cap_2000us,gaussian_gmm,100001,99652,0.996510034899651,69730,29922,21,8,13.311410182134852,0.005053200641065356,,5,5535.377483893147,1505.6015063754876,29922,14,-10914.621564903282,0.050317542489656024,1505.6015063754876,0.0,0.0,"component_0_mean=-0.22267966,weight=0.42790649;component_1_mean=0.13644744,weight=0.56919777;component_2_mean=0.95079662,weight=0.0019465109;component_3_mean=9.9992832,weight=0.00087889044;component_4_mean=99.258198,weight=7.033661e-05"
interference,host,host_cpu3-interf_io-run3,cap_2000us,gaussian_hmm,100001,99652,0.996510034899651,69730,29922,21,8,13.311410182134852,0.005053200641065356,,4,5656.270193654244,1551.4214313165435,29922,23,-11056.035511143542,0.05184885473285688,1397.0235704905165,12.253301373940587,0.005160011390482822,state_0_mean=-0.22805451;state_1_mean=0.12816736;state_2_mean=5.7912351;state_3_mean=65.147337
interference,host,host_cpu3-interf_io-run3,cap_2500us,gaussian_gmm,100001,99657,0.996560034399656,69735,29922,16,8,13.311504323865814,0.012214869840744632,,5,66908.18649884581,27856.627314393292,29922,14,-133660.23859097253,0.9309747782365247,27856.627314393292,0.0,0.0,"component_0_mean=-0.098877531,weight=0.43732533;component_1_mean=0.051151766,weight=0.56110197;component_2_mean=2.4865084,weight=0.0013785774;component_3_mean=27.830044,weight=0.00012244125;component_4_mean=107.48456,weight=7.1683806e-05"
interference,host,host_cpu3-interf_io-run3,cap_2500us,gaussian_hmm,100001,99657,0.996560034399656,69735,29922,16,8,13.311504323865814,0.012214869840744632,,5,67138.09591702062,27959.272732335405,29922,34,-133897.00827486627,0.9344052112938775,27804.1657549101,11.399797979336068,0.005183710227434819,state_0_mean=-0.10204323;state_1_mean=0.045324677;state_2_mean=2.3886181;state_3_mean=26.959462;state_4_mean=107.48405
interference,host,host_cpu3-interf_io-run3,train_q_0.999,gaussian_gmm,100001,99551,0.99550004499955,69667,29884,76,46,13.311330565576982,0.0013423425094144265,,5,-82787.9672666388,-36214.64236418327,29884,14,165732.055281655,-1.2118405288509997,-36214.64236418327,0.0,0.0,"component_0_mean=-0.90962282,weight=0.33085342;component_1_mean=-0.36966016,weight=0.26136017;component_2_mean=0.39525288,weight=0.22245801;component_3_mean=1.4532928,weight=0.092802458;component_4_mean=1.8888748,weight=0.092525955"
interference,host,host_cpu3-interf_io-run3,train_q_0.999,gaussian_hmm,100001,99551,0.99550004499955,69667,29884,76,46,13.311330565576982,0.0013423425094144265,,5,-75367.88695395945,-32538.788641379684,29884,34,151114.9242968354,-1.088836455674598,-39208.948789349335,28.747301966500363,0.22320171824286075,state_0_mean=-1.064225;state_1_mean=-0.76810086;state_2_mean=-0.0089418064;state_3_mean=0.3256819;state_4_mean=1.3285413
interference,host,host_cpu3-interf_io-run3,train_q_0.9995,gaussian_gmm,100001,99602,0.996010039899601,69702,29900,46,30,13.311345520807073,0.0015201644177437357,,5,-74338.13652041543,-32605.684569651123,29900,14,148832.40082090124,-1.0904911227308067,-32605.684569651123,0.0,0.0,"component_0_mean=-0.80841124,weight=0.33479887;component_1_mean=-0.30821945,weight=0.27628557;component_2_mean=0.35681882,weight=0.17893428;component_3_mean=1.33658,weight=0.2087298;component_4_mean=10.372104,weight=0.0012514879"
interference,host,host_cpu3-interf_io-run3,train_q_0.9995,gaussian_hmm,100001,99602,0.996010039899601,69702,29900,46,30,13.311345520807073,0.0015201644177437357,,5,-69543.01966270304,-30041.8102655775,29900,34,139465.20679129128,-1.004742818246739,-35767.66707688013,27.984251208368825,0.19150022780276343,state_0_mean=-0.94893737;state_1_mean=-0.62577006;state_2_mean=0.27747199;state_3_mean=0.53846514;state_4_mean=10.171245
interference,host,host_cpu3-interf_io-run3,train_q_0.9999,gaussian_gmm,100001,99651,0.99650003499965,69730,29921,21,9,13.311410182134852,0.005053200641065356,,5,5535.377483893147,1522.4759312035599,29921,14,-10914.621564903282,0.050883190107401485,1522.4759312035599,0.0,0.0,"component_0_mean=-0.22267966,weight=0.42790649;component_1_mean=0.13644744,weight=0.56919777;component_2_mean=0.95079662,weight=0.0019465109;component_3_mean=9.9992832,weight=0.00087889044;component_4_mean=99.258198,weight=7.033661e-05"
interference,host,host_cpu3-interf_io-run3,train_q_0.9999,gaussian_hmm,100001,99651,0.99650003499965,69730,29921,21,9,13.311410182134852,0.005053200641065356,,4,5656.270193654244,1568.432017903965,29921,23,-11056.035511143542,0.05241910423795879,1408.4294415038605,10.540484946173233,0.005347500965880303,state_0_mean=-0.22805451;state_1_mean=0.12816736;state_2_mean=5.7912351;state_3_mean=65.147337
interference,host,host_cpu3-interf_io-run4,base_stable,gaussian_gmm,100001,99222,0.992210077899221,69620,29602,20,17,13.311156662552115,0.008249098962565067,,5,55012.2426522278,23085.26819740198,29602,14,-109868.37400419648,0.7798550164651706,23085.26819740198,0.0,0.0,"component_0_mean=-0.12015047,weight=0.51389706;component_1_mean=0.10014474,weight=0.48492193;component_2_mean=6.0290894,weight=0.0011091868;component_3_mean=35.238196,weight=4.3091066e-05;component_4_mean=173.24097,weight=2.8727377e-05"
interference,host,host_cpu3-interf_io-run4,base_stable,gaussian_hmm,100001,99222,0.992210077899221,69620,29602,20,17,13.311156662552115,0.008249098962565067,,5,55314.54143542258,23616.066536789876,29602,34,-110249.95542735873,0.7977861812306559,23191.180366538054,12.348753610277,0.01435329269143377,state_0_mean=-0.12138489;state_1_mean=0.095974957;state_2_mean=5.3482294;state_3_mean=35.238196;state_4_mean=173.24097
interference,host,host_cpu3-interf_io-run4,cap_1000us,gaussian_gmm,100001,99220,0.992190078099219,69618,29602,22,17,13.311115607598165,0.003060424226006044,,5,-9675.040144241191,-3441.988280156501,29602,14,19506.19118655244,-0.11627553138830149,-3441.988280156501,0.0,0.0,"component_0_mean=-0.32107274,weight=0.49547271;component_1_mean=0.058218342,weight=0.3661137;component_2_mean=0.84198082,weight=0.13720877;component_3_mean=15.621227,weight=0.0011617235;component_4_mean=94.99481,weight=4.3092303e-05"
interference,host,host_cpu3-interf_io-run4,cap_1000us,gaussian_hmm,100001,99220,0.992190078099219,69618,29602,22,17,13.311115607598165,0.003060424226006044,,4,-13690.315951494209,-5732.767649749161,29602,23,27637.099806960658,-0.1936614975254767,-6160.087307479191,13.019775732358275,0.014435499551720478,state_0_mean=-0.31379527;state_1_mean=0.27199781;state_2_mean=14.42814;state_3_mean=94.99481
interference,host,host_cpu3-interf_io-run4,cap_1500us,gaussian_gmm,100001,99220,0.992190078099219,69618,29602,22,17,13.311115607598165,0.003060424226006044,,5,-9675.040144241191,-3441.988280156501,29602,14,19506.19118655244,-0.11627553138830149,-3441.988280156501,0.0,0.0,"component_0_mean=-0.32107274,weight=0.49547271;component_1_mean=0.058218342,weight=0.3661137;component_2_mean=0.84198082,weight=0.13720877;component_3_mean=15.621227,weight=0.0011617235;component_4_mean=94.99481,weight=4.3092303e-05"
interference,host,host_cpu3-interf_io-run4,cap_1500us,gaussian_hmm,100001,99220,0.992190078099219,69618,29602,22,17,13.311115607598165,0.003060424226006044,,4,-13690.315951494209,-5732.767649749161,29602,23,27637.099806960658,-0.1936614975254767,-6168.6869676998995,22.708912287449998,0.0147260089842152,state_0_mean=-0.31379527;state_1_mean=0.27199781;state_2_mean=14.42814;state_3_mean=94.99481
interference,host,host_cpu3-interf_io-run4,cap_2000us,gaussian_gmm,100001,99220,0.992190078099219,69618,29602,22,17,13.311115607598165,0.003060424226006044,,5,-9675.040144241191,-3441.988280156501,29602,14,19506.19118655244,-0.11627553138830149,-3441.988280156501,0.0,0.0,"component_0_mean=-0.32107274,weight=0.49547271;component_1_mean=0.058218342,weight=0.3661137;component_2_mean=0.84198082,weight=0.13720877;component_3_mean=15.621227,weight=0.0011617235;component_4_mean=94.99481,weight=4.3092303e-05"
interference,host,host_cpu3-interf_io-run4,cap_2000us,gaussian_hmm,100001,99220,0.992190078099219,69618,29602,22,17,13.311115607598165,0.003060424226006044,,4,-13690.315951494209,-5732.767649749161,29602,23,27637.099806960658,-0.1936614975254767,-6169.070134460471,8.206446803968388,0.014738952932616383,state_0_mean=-0.31379527;state_1_mean=0.27199781;state_2_mean=14.42814;state_3_mean=94.99481
interference,host,host_cpu3-interf_io-run4,cap_2500us,gaussian_gmm,100001,99221,0.99220007799922,69619,29602,21,17,13.311135867749813,0.006159775446264359,,5,34701.320001593194,14445.192451512223,29602,14,-69246.52890402036,0.4879802868560308,14445.192451512223,0.0,0.0,"component_0_mean=-0.15757106,weight=0.51357454;component_1_mean=0.13733324,weight=0.48525873;component_2_mean=8.0769883,weight=0.0011092754;component_3_mean=47.193954,weight=4.3091685e-05;component_4_mean=228.98095,weight=1.4363895e-05"
interference,host,host_cpu3-interf_io-run4,cap_2500us,gaussian_hmm,100001,99221,0.99220007799922,69619,29602,21,17,13.311135867749813,0.006159775446264359,,5,34996.76745010466,14973.033109609369,29602,34,-69614.4079450918,0.5058115367072957,14537.23611105067,13.982320518906377,0.014721876851520125,state_0_mean=-0.1591956;state_1_mean=0.13184987;state_2_mean=7.1653713;state_3_mean=47.193954;state_4_mean=228.98095
interference,host,host_cpu3-interf_io-run4,train_q_0.999,gaussian_gmm,100001,99135,0.991340086599134,69550,29585,80,30,13.311049150992142,0.0013029517367171982,,5,-67266.2056413767,-27690.89456457459,29585,14,134688.50849951632,-0.9359775076753284,-27690.89456457459,0.0,0.0,"component_0_mean=-0.73556341,weight=0.44175036;component_1_mean=-0.29082577,weight=0.21342555;component_2_mean=0.55837667,weight=0.22742688;component_3_mean=1.7527214,weight=0.034196792;component_4_mean=2.4047686,weight=0.083200413"
interference,host,host_cpu3-interf_io-run4,train_q_0.999,gaussian_hmm,100001,99135,0.991340086599134,69550,29585,80,30,13.311049150992142,0.0013029517367171982,,5,-58432.02145654532,-23475.395872691905,29585,34,117243.1361538006,-0.7934898047217138,-30065.72265923773,31.190773938776935,0.22275905987986566,state_0_mean=-0.81826997;state_1_mean=-0.57056422;state_2_mean=0.21942102;state_3_mean=0.65309755;state_4_mean=1.9447947
interference,host,host_cpu3-interf_io-run4,train_q_0.9995,gaussian_gmm,100001,99178,0.991770082299177,69585,29593,54,26,13.311067014741262,0.0015477680535327274,,5,-55847.997713317054,-22959.317540546774,29593,14,111852.09968691606,-0.7758360943651125,-22959.317540546774,0.0,0.0,"component_0_mean=-0.62559139,weight=0.45604612;component_1_mean=-0.21086716,weight=0.22415975;component_2_mean=0.46690126,weight=0.18011274;component_3_mean=1.6967129,weight=0.13890457;component_4_mean=16.465133,weight=0.00077681781"
interference,host,host_cpu3-interf_io-run4,train_q_0.9995,gaussian_hmm,100001,99178,0.991770082299177,69585,29593,54,26,13.311067014741262,0.0015477680535327274,,5,-49186.98283707595,-19705.06767470758,29593,34,98753.07602055093,-0.6658692148382246,-25152.904596745288,30.680386101945885,0.184092079952614,state_0_mean=-0.69869712;state_1_mean=-0.46781217;state_2_mean=0.53619133;state_3_mean=0.68345596;state_4_mean=15.708654
interference,host,host_cpu3-interf_io-run4,train_q_0.9999,gaussian_gmm,100001,99214,0.992130078699213,69613,29601,27,18,13.311098539648844,0.0022357188963424653,,5,-31392.902361255503,-12636.962663887265,29601,14,62941.91461505787,-0.42690999168566146,-12636.962663887265,0.0,0.0,"component_0_mean=-0.43272335,weight=0.4933036;component_1_mean=0.068429772,weight=0.35405051;component_2_mean=0.81513224,weight=0.078284343;component_3_mean=1.3980773,weight=0.073027616;component_4_mean=17.486687,weight=0.0013339321"
interference,host,host_cpu3-interf_io-run4,train_q_0.9999,gaussian_hmm,100001,99214,0.992130078699213,69613,29601,27,18,13.311098539648844,0.0022357188963424653,,4,-29887.315542047385,-11715.82653357339,29601,23,60031.097336136045,-0.395791579121428,-14670.824815288977,47.87125455623188,0.0998276504751727,state_0_mean=-0.4938017;state_1_mean=-0.32434506;state_2_mean=0.44036667;state_3_mean=18.56888
interference,host,host_cpu3-interf_io-run5,base_stable,gaussian_gmm,100001,98708,0.987070129298707,69103,29605,23,13,13.315529424843286,0.007158104410303376,,5,25113.627480534975,16159.27751759022,29605,14,-50071.2480131318,0.5458293368549306,16159.27751759022,0.0,0.0,"component_0_mean=-0.22968102,weight=0.24896922;component_1_mean=-0.0076906059,weight=0.57690851;component_2_mean=0.29286119,weight=0.17331307;component_3_mean=7.651239,weight=0.00078026306;component_4_mean=169.07342,weight=2.8943807e-05"
interference,host,host_cpu3-interf_io-run5,base_stable,gaussian_hmm,100001,98708,0.987070129298707,69103,29605,23,13,13.315529424843286,0.007158104410303376,,5,35508.23779752403,20249.57521924089,29605,34,-70637.60157862684,0.6839917317764193,14884.135175327337,47.59077522386247,0.18123425245443517,state_0_mean=-0.22864356;state_1_mean=-0.010419099;state_2_mean=0.1209578;state_3_mean=3.8248195;state_4_mean=169.07987
interference,host,host_cpu3-interf_io-run5,cap_1000us,gaussian_gmm,100001,98705,0.987040129598704,69101,29604,25,14,13.315494395208948,0.002823960345120574,,5,-38697.659180774375,-11237.008613424257,29604,14,77551.32490428879,-0.37957737513255835,-11237.008613424257,0.0,0.0,"component_0_mean=-0.57012862,weight=0.25163613;component_1_mean=-0.049853175,weight=0.52109674;component_2_mean=0.64006275,weight=0.21897994;component_3_mean=1.9184595,weight=0.0077626177;component_4_mean=27.432452,weight=0.00052456549"
interference,host,host_cpu3-interf_io-run5,cap_1000us,gaussian_hmm,100001,98705,0.987040129598704,69101,29604,25,14,13.315494395208948,0.002823960345120574,,5,-26721.75277728505,-6768.410029548501,29604,34,53822.37858693876,-0.2286316048354446,-12603.488620588998,170.7261796587555,0.19710439775167196,state_0_mean=-0.56694461;state_1_mean=-0.01345349;state_2_mean=0.074887038;state_3_mean=0.6961821;state_4_mean=26.193144
interference,host,host_cpu3-interf_io-run5,cap_1500us,gaussian_gmm,100001,98705,0.987040129598704,69101,29604,25,14,13.315494395208948,0.002823960345120574,,5,-38697.659180774375,-11237.008613424257,29604,14,77551.32490428879,-0.37957737513255835,-11237.008613424257,0.0,0.0,"component_0_mean=-0.57012862,weight=0.25163613;component_1_mean=-0.049853175,weight=0.52109674;component_2_mean=0.64006275,weight=0.21897994;component_3_mean=1.9184595,weight=0.0077626177;component_4_mean=27.432452,weight=0.00052456549"
interference,host,host_cpu3-interf_io-run5,cap_1500us,gaussian_hmm,100001,98705,0.987040129598704,69101,29604,25,14,13.315494395208948,0.002823960345120574,,5,-26721.75277728505,-6768.410029548501,29604,34,53822.37858693876,-0.2286316048354446,-12556.874834942519,26.10277259354895,0.19552982047676049,state_0_mean=-0.56694461;state_1_mean=-0.01345349;state_2_mean=0.074887038;state_3_mean=0.6961821;state_4_mean=26.193144
interference,host,host_cpu3-interf_io-run5,cap_2000us,gaussian_gmm,100001,98707,0.987060129398706,69102,29605,24,13,13.315509405242139,0.004852153438057073,,5,-1727.1418169304543,4564.486198038208,29605,14,3610.290379201466,0.1541795709521435,4564.486198038208,0.0,0.0,"component_0_mean=-0.33472497,weight=0.24888378;component_1_mean=-0.0074245457,weight=0.57649953;component_2_mean=0.43540898,weight=0.17382178;component_3_mean=11.289641,weight=0.00078043795;component_4_mean=213.76247,weight=1.4471361e-05"
interference,host,host_cpu3-interf_io-run5,cap_2000us,gaussian_hmm,100001,98707,0.987060129398706,69102,29605,24,13,13.315509405242139,0.004852153438057073,,5,8653.046550534886,8592.361791422,29605,34,-16927.219576671276,0.2902334670299611,3229.633570638943,22.399014027088967,0.18114265228113682,state_0_mean=-0.33318829;state_1_mean=-0.011272513;state_2_mean=0.18264158;state_3_mean=5.7096652;state_4_mean=213.76247
interference,host,host_cpu3-interf_io-run5,cap_2500us,gaussian_gmm,100001,98708,0.987070129298707,69103,29605,23,13,13.315529424843286,0.007158104410303376,,5,25113.627480534975,16159.27751759022,29605,14,-50071.2480131318,0.5458293368549306,16159.27751759022,0.0,0.0,"component_0_mean=-0.22968102,weight=0.24896922;component_1_mean=-0.0076906059,weight=0.57690851;component_2_mean=0.29286119,weight=0.17331307;component_3_mean=7.651239,weight=0.00078026306;component_4_mean=169.07342,weight=2.8943807e-05"
interference,host,host_cpu3-interf_io-run5,cap_2500us,gaussian_hmm,100001,98708,0.987070129298707,69103,29605,23,13,13.315529424843286,0.007158104410303376,,5,35508.23779752403,20249.57521924089,29605,34,-70637.60157862684,0.6839917317764193,14895.744441513094,11.783933281475624,0.1808421137553723,state_0_mean=-0.22864356;state_1_mean=-0.010419099;state_2_mean=0.1209578;state_3_mean=3.8248195;state_4_mean=169.07987
interference,host,host_cpu3-interf_io-run5,train_q_0.999,gaussian_gmm,100001,98626,0.986250137498625,69033,29593,88,23,13.315449742945926,0.001506741119068205,,5,-80728.57825063594,-29209.432504738477,29593,14,161613.14926029355,-0.9870385734713776,-29209.432504738477,0.0,0.0,"component_0_mean=-1.0390839,weight=0.27054276;component_1_mean=-0.27353303,weight=0.37346536;component_2_mean=0.58641654,weight=0.19048259;component_3_mean=1.3471518,weight=0.10928006;component_4_mean=2.2115328,weight=0.056229229"
interference,host,host_cpu3-interf_io-run5,train_q_0.999,gaussian_hmm,100001,98626,0.986250137498625,69033,29593,88,23,13.315449742945926,0.001506741119068205,,5,-66064.39713322031,-23624.219100277533,29593,34,132507.63382406466,-0.7983042983231687,-29632.17048979844,11.579332860133789,0.20301934205794972,state_0_mean=-1.0427841;state_1_mean=-0.47016982;state_2_mean=0.14750064;state_3_mean=0.58197577;state_4_mean=1.3516582
interference,host,host_cpu3-interf_io-run5,train_q_0.9995,gaussian_gmm,100001,98663,0.986620133798662,69068,29595,54,21,13.315454095857731,0.0015188228935366008,,5,-80499.13070703478,-29008.735549019304,29595,14,161154.26126934701,-0.9801904223355061,-29008.735549019304,0.0,0.0,"component_0_mean=-1.0340029,weight=0.26959851;component_1_mean=-0.28233916,weight=0.36646538;component_2_mean=0.57547074,weight=0.19469862;component_3_mean=1.3646737,weight=0.11580578;component_4_mean=2.0989915,weight=0.053431708"
interference,host,host_cpu3-interf_io-run5,train_q_0.9995,gaussian_hmm,100001,98663,0.986620133798662,69068,29595,54,21,13.315454095857731,0.0015188228935366008,,5,-65907.40324084648,-23408.217662330448,29595,34,132193.66327308107,-0.7909517709859925,-29425.091339277395,16.84703445788375,0.20330710177215566,state_0_mean=-1.0373548;state_1_mean=-0.4692323;state_2_mean=0.15434595;state_3_mean=0.57500275;state_4_mean=1.3504681
interference,host,host_cpu3-interf_io-run5,train_q_0.9999,gaussian_gmm,100001,98700,0.986990130098699,69096,29604,30,14,13.315478663134005,0.002081500227120658,,5,-59250.81313663279,-19825.84728436827,29604,14,118657.63180295902,-0.669701637764095,-19825.84728436827,0.0,0.0,"component_0_mean=-0.76674302,weight=0.26377497;component_1_mean=-0.20270534,weight=0.38106136;component_2_mean=0.51770583,weight=0.2406792;component_3_mean=1.2481075,weight=0.11380841;component_4_mean=18.99911,weight=0.00067606475"
interference,host,host_cpu3-interf_io-run5,train_q_0.9999,gaussian_hmm,100001,98700,0.986990130098699,69096,29604,30,14,13.315478663134005,0.002081500227120658,,5,-46864.71994623428,-15597.016727450704,29604,34,94108.31046458121,-0.5268550441646637,-21595.945655644606,16.33323406237007,0.20263913417760782,state_0_mean=-0.76158323;state_1_mean=-0.010491122;state_2_mean=0.085418746;state_3_mean=0.96410719;state_4_mean=17.213892
interference,host,host_cpu3-interf_io-run6,base_stable,gaussian_gmm,99655,96385,0.9671867944408208,67417,28968,36,14,13.29325664417052,0.0011654451847274829,,5,-72597.7012009521,-49269.98127994608,28968,14,145351.06353677282,-1.700841662522303,-49269.98127994608,0.0,0.0,"component_0_mean=-0.80368445,weight=0.37233006;component_1_mean=-0.2839033,weight=0.2732578;component_2_mean=0.42846309,weight=0.18436646;component_3_mean=1.5368598,weight=0.12522547;component_4_mean=2.3508698,weight=0.044820198"
interference,host,host_cpu3-interf_io-run6,base_stable,gaussian_hmm,99655,96385,0.9671867944408208,67417,28968,36,14,13.29325664417052,0.0011654451847274829,,5,-67477.3188844288,-58898.078640369284,28968,34,135332.67195353855,-2.0332117730036345,-60573.0412510728,8.150642392755065,0.05782113403422793,state_0_mean=-0.81327812;state_1_mean=-0.31106546;state_2_mean=0.38958526;state_3_mean=1.2718463;state_4_mean=1.3264511
interference,host,host_cpu3-interf_io-run6,cap_1000us,gaussian_gmm,99655,96385,0.9671867944408208,67417,28968,36,14,13.29325664417052,0.0011654451847274829,,5,-72597.7012009521,-49269.98127994608,28968,14,145351.06353677282,-1.700841662522303,-49269.98127994608,0.0,0.0,"component_0_mean=-0.80368445,weight=0.37233006;component_1_mean=-0.2839033,weight=0.2732578;component_2_mean=0.42846309,weight=0.18436646;component_3_mean=1.5368598,weight=0.12522547;component_4_mean=2.3508698,weight=0.044820198"
interference,host,host_cpu3-interf_io-run6,cap_1000us,gaussian_hmm,99655,96385,0.9671867944408208,67417,28968,36,14,13.29325664417052,0.0011654451847274829,,5,-67477.3188844288,-58898.078640369284,28968,34,135332.67195353855,-2.0332117730036345,-60581.38755923907,10.907707991285136,0.05810925569144521,state_0_mean=-0.81327812;state_1_mean=-0.31106546;state_2_mean=0.38958526;state_3_mean=1.2718463;state_4_mean=1.3264511
interference,host,host_cpu3-interf_io-run6,cap_1500us,gaussian_gmm,99655,96385,0.9671867944408208,67417,28968,36,14,13.29325664417052,0.0011654451847274829,,5,-72597.7012009521,-49269.98127994608,28968,14,145351.06353677282,-1.700841662522303,-49269.98127994608,0.0,0.0,"component_0_mean=-0.80368445,weight=0.37233006;component_1_mean=-0.2839033,weight=0.2732578;component_2_mean=0.42846309,weight=0.18436646;component_3_mean=1.5368598,weight=0.12522547;component_4_mean=2.3508698,weight=0.044820198"
interference,host,host_cpu3-interf_io-run6,cap_1500us,gaussian_hmm,99655,96385,0.9671867944408208,67417,28968,36,14,13.29325664417052,0.0011654451847274829,,5,-67477.3188844288,-58898.078640369284,28968,34,135332.67195353855,-2.0332117730036345,-60572.63077142243,7.921922309595796,0.05780696392754583,state_0_mean=-0.81327812;state_1_mean=-0.31106546;state_2_mean=0.38958526;state_3_mean=1.2718463;state_4_mean=1.3264511
interference,host,host_cpu3-interf_io-run6,cap_2000us,gaussian_gmm,99655,96385,0.9671867944408208,67417,28968,36,14,13.29325664417052,0.0011654451847274829,,5,-72597.7012009521,-49269.98127994608,28968,14,145351.06353677282,-1.700841662522303,-49269.98127994608,0.0,0.0,"component_0_mean=-0.80368445,weight=0.37233006;component_1_mean=-0.2839033,weight=0.2732578;component_2_mean=0.42846309,weight=0.18436646;component_3_mean=1.5368598,weight=0.12522547;component_4_mean=2.3508698,weight=0.044820198"
interference,host,host_cpu3-interf_io-run6,cap_2000us,gaussian_hmm,99655,96385,0.9671867944408208,67417,28968,36,14,13.29325664417052,0.0011654451847274829,,5,-67477.3188844288,-58898.078640369284,28968,34,135332.67195353855,-2.0332117730036345,-60566.59977724304,15.04052197415363,0.0575987688785473,state_0_mean=-0.81327812;state_1_mean=-0.31106546;state_2_mean=0.38958526;state_3_mean=1.2718463;state_4_mean=1.3264511
interference,host,host_cpu3-interf_io-run6,cap_2500us,gaussian_gmm,99655,96385,0.9671867944408208,67417,28968,36,14,13.29325664417052,0.0011654451847274829,,5,-72597.7012009521,-49269.98127994608,28968,14,145351.06353677282,-1.700841662522303,-49269.98127994608,0.0,0.0,"component_0_mean=-0.80368445,weight=0.37233006;component_1_mean=-0.2839033,weight=0.2732578;component_2_mean=0.42846309,weight=0.18436646;component_3_mean=1.5368598,weight=0.12522547;component_4_mean=2.3508698,weight=0.044820198"
interference,host,host_cpu3-interf_io-run6,cap_2500us,gaussian_hmm,99655,96385,0.9671867944408208,67417,28968,36,14,13.29325664417052,0.0011654451847274829,,5,-67477.3188844288,-58898.078640369284,28968,34,135332.67195353855,-2.0332117730036345,-60576.07632517326,9.953797611483845,0.057925907373790844,state_0_mean=-0.81327812;state_1_mean=-0.31106546;state_2_mean=0.38958526;state_3_mean=1.2718463;state_4_mean=1.3264511
interference,host,host_cpu3-interf_io-run6,train_q_0.999,gaussian_gmm,99655,96297,0.9663037479303598,67349,28948,103,34,13.293248760535635,0.0011377958096975456,,5,-73475.38161842464,-31313.334750564783,28948,14,147106.41024352412,-1.081709781351554,-31313.334750564783,0.0,0.0,"component_0_mean=-0.8154043,weight=0.37506269;component_1_mean=-0.28100605,weight=0.2735958;component_2_mean=0.45538685,weight=0.19304307;component_3_mean=1.566067,weight=0.11547104;component_4_mean=2.6610337,weight=0.042827394"
interference,host,host_cpu3-interf_io-run6,train_q_0.999,gaussian_hmm,99655,96297,0.9663037479303598,67349,28948,103,34,13.293248760535635,0.0011377958096975456,,5,-68132.21888923802,-30028.576824601772,28948,34,136642.43765182927,-1.037328203143629,-31648.15950001326,5.9692406584789515,0.055947999012418335,state_0_mean=-0.81820657;state_1_mean=-0.32564823;state_2_mean=0.28252625;state_3_mean=1.2677978;state_4_mean=1.4247941
interference,host,host_cpu3-interf_io-run6,train_q_0.9995,gaussian_gmm,99655,96337,0.9667051327078421,67383,28954,69,28,13.293252112224955,0.0011472658532236818,,5,-73210.76548307938,-31137.971938569324,28954,14,146577.1850387127,-1.0754290232288914,-31137.971938569324,0.0,0.0,"component_0_mean=-0.81186411,weight=0.37416766;component_1_mean=-0.28131235,weight=0.27507779;component_2_mean=0.4478182,weight=0.18892196;component_3_mean=1.5519456,weight=0.11749807;component_4_mean=2.5759327,weight=0.044334531"
interference,host,host_cpu3-interf_io-run6,train_q_0.9995,gaussian_hmm,99655,96337,0.9667051327078421,67383,28954,69,28,13.293252112224955,0.0011472658532236818,,5,-67863.2484212463,-29862.160508601475,28954,34,136104.51387583787,-1.0313656319887226,-31488.329980528106,6.882969332544514,0.056163896937439756,state_0_mean=-0.82907024;state_1_mean=-0.32204427;state_2_mean=0.43127962;state_3_mean=1.2696877;state_4_mean=1.3653913
interference,host,host_cpu3-interf_io-run6,train_q_0.9999,gaussian_gmm,99655,96369,0.9670262405298279,67410,28959,42,23,13.29325538049731,0.001158673010234063,,5,-72838.52840089967,-30923.19179207259,28959,14,145832.7164829532,-1.06782664429271,-30923.19179207259,0.0,0.0,"component_0_mean=-0.80739879,weight=0.37246064;component_1_mean=-0.28370031,weight=0.27495764;component_2_mean=0.43498847,weight=0.18516513;component_3_mean=1.538502,weight=0.12200984;component_4_mean=2.4329586,weight=0.045406752"
interference,host,host_cpu3-interf_io-run6,train_q_0.9999,gaussian_hmm,99655,96369,0.9670262405298279,67410,28959,42,23,13.29325538049731,0.001158673010234063,,5,-67624.7980181553,-29699.36621729964,28959,34,135627.62669054142,-1.025566014617205,-31287.454723241004,4.517195716024506,0.054839203906949935,state_0_mean=-0.8229545;state_1_mean=-0.32044022;state_2_mean=0.42095324;state_3_mean=1.27135;state_4_mean=1.3307772
interference,host,host_cpu3-interf_io-run7,base_stable,gaussian_gmm,100001,95700,0.9569904300956991,66584,29116,42,15,13.311000515530582,0.0018178745958071336,,5,-36506.02960225635,-16069.137656487632,29116,14,73167.54627873666,-0.5519005926805753,-16069.137656487632,0.0,0.0,"component_0_mean=-0.57945121,weight=0.46174991;component_1_mean=-0.085599605,weight=0.20783714;component_2_mean=0.39951198,weight=0.18929004;component_3_mean=1.4166488,weight=0.14067649;component_4_mean=23.384529,weight=0.00044642775"
interference,host,host_cpu3-interf_io-run7,base_stable,gaussian_hmm,100001,95700,0.9569904300956991,66584,29116,42,15,13.311000515530582,0.0018178745958071336,,4,-36948.427902936164,-16161.820505058437,29116,23,74152.29885638313,-0.5550838200665763,-16251.941385272055,6.690249929615249,0.0030952356166238106,state_0_mean=-0.57909697;state_1_mean=0.15459287;state_2_mean=1.4557386;state_3_mean=24.173414
interference,host,host_cpu3-interf_io-run7,cap_1000us,gaussian_gmm,100001,95700,0.9569904300956991,66584,29116,42,15,13.311000515530582,0.0018178745958071336,,5,-36506.02960225635,-16069.137656487632,29116,14,73167.54627873666,-0.5519005926805753,-16069.137656487632,0.0,0.0,"component_0_mean=-0.57945121,weight=0.46174991;component_1_mean=-0.085599605,weight=0.20783714;component_2_mean=0.39951198,weight=0.18929004;component_3_mean=1.4166488,weight=0.14067649;component_4_mean=23.384529,weight=0.00044642775"
interference,host,host_cpu3-interf_io-run7,cap_1000us,gaussian_hmm,100001,95700,0.9569904300956991,66584,29116,42,15,13.311000515530582,0.0018178745958071336,,4,-36948.427902936164,-16161.820505058437,29116,23,74152.29885638313,-0.5550838200665763,-16250.030932511881,7.109693469379357,0.0030296203961205155,state_0_mean=-0.57909697;state_1_mean=0.15459287;state_2_mean=1.4557386;state_3_mean=24.173414
interference,host,host_cpu3-interf_io-run7,cap_1500us,gaussian_gmm,100001,95700,0.9569904300956991,66584,29116,42,15,13.311000515530582,0.0018178745958071336,,5,-36506.02960225635,-16069.137656487632,29116,14,73167.54627873666,-0.5519005926805753,-16069.137656487632,0.0,0.0,"component_0_mean=-0.57945121,weight=0.46174991;component_1_mean=-0.085599605,weight=0.20783714;component_2_mean=0.39951198,weight=0.18929004;component_3_mean=1.4166488,weight=0.14067649;component_4_mean=23.384529,weight=0.00044642775"
interference,host,host_cpu3-interf_io-run7,cap_1500us,gaussian_hmm,100001,95700,0.9569904300956991,66584,29116,42,15,13.311000515530582,0.0018178745958071336,,4,-36948.427902936164,-16161.820505058437,29116,23,74152.29885638313,-0.5550838200665763,-16251.555391917898,6.1531552464225125,0.0030819785293124662,state_0_mean=-0.57909697;state_1_mean=0.15459287;state_2_mean=1.4557386;state_3_mean=24.173414
interference,host,host_cpu3-interf_io-run7,cap_2000us,gaussian_gmm,100001,95700,0.9569904300956991,66584,29116,42,15,13.311000515530582,0.0018178745958071336,,5,-36506.02960225635,-16069.137656487632,29116,14,73167.54627873666,-0.5519005926805753,-16069.137656487632,0.0,0.0,"component_0_mean=-0.57945121,weight=0.46174991;component_1_mean=-0.085599605,weight=0.20783714;component_2_mean=0.39951198,weight=0.18929004;component_3_mean=1.4166488,weight=0.14067649;component_4_mean=23.384529,weight=0.00044642775"
interference,host,host_cpu3-interf_io-run7,cap_2000us,gaussian_hmm,100001,95700,0.9569904300956991,66584,29116,42,15,13.311000515530582,0.0018178745958071336,,4,-36948.427902936164,-16161.820505058437,29116,23,74152.29885638313,-0.5550838200665763,-16251.126081274551,5.583608717074285,0.0030672336933684156,state_0_mean=-0.57909697;state_1_mean=0.15459287;state_2_mean=1.4557386;state_3_mean=24.173414
interference,host,host_cpu3-interf_io-run7,cap_2500us,gaussian_gmm,100001,95700,0.9569904300956991,66584,29116,42,15,13.311000515530582,0.0018178745958071336,,5,-36506.02960225635,-16069.137656487632,29116,14,73167.54627873666,-0.5519005926805753,-16069.137656487632,0.0,0.0,"component_0_mean=-0.57945121,weight=0.46174991;component_1_mean=-0.085599605,weight=0.20783714;component_2_mean=0.39951198,weight=0.18929004;component_3_mean=1.4166488,weight=0.14067649;component_4_mean=23.384529,weight=0.00044642775"
interference,host,host_cpu3-interf_io-run7,cap_2500us,gaussian_hmm,100001,95700,0.9569904300956991,66584,29116,42,15,13.311000515530582,0.0018178745958071336,,4,-36948.427902936164,-16161.820505058437,29116,23,74152.29885638313,-0.5550838200665763,-16249.975574796976,7.448329032406507,0.0030277191145260053,state_0_mean=-0.57909697;state_1_mean=0.15459287;state_2_mean=1.4557386;state_3_mean=24.173414
interference,host,host_cpu3-interf_io-run7,train_q_0.999,gaussian_gmm,100001,95623,0.956220437795622,66518,29105,103,26,13.310978678847434,0.0012956877021053491,,5,-55993.25802661241,-24830.468119787492,29105,14,112141.98924335875,-0.8531341047856895,-24830.468119787492,0.0,0.0,"component_0_mean=-0.79619736,weight=0.46356314;component_1_mean=-0.17398127,weight=0.16468863;component_2_mean=0.55189233,weight=0.24988783;component_3_mean=1.7625219,weight=0.067412729;component_4_mean=2.5898796,weight=0.054447665"
interference,host,host_cpu3-interf_io-run7,train_q_0.999,gaussian_hmm,100001,95623,0.956220437795622,66518,29105,103,26,13.310978678847434,0.0012956877021053491,,5,-54018.67969159284,-24805.74536190843,29105,34,108414.93713065381,-0.8522846714278794,-26601.18910773345,2.6054536288010555,0.06168849839632439,state_0_mean=-0.81182572;state_1_mean=-0.58430935;state_2_mean=0.27562382;state_3_mean=0.81736035;state_4_mean=2.0344839
interference,host,host_cpu3-interf_io-run7,train_q_0.9995,gaussian_gmm,100001,95662,0.956610433895661,66550,29112,71,19,13.310981091776926,0.0013000541330816038,,5,-56377.188004724405,-24806.387847898906,29112,14,112909.85593298233,-0.8521018084603911,-24806.387847898906,0.0,0.0,"component_0_mean=-0.79535672,weight=0.46346176;component_1_mean=-0.17687914,weight=0.16332106;component_2_mean=0.54688449,weight=0.25114886;component_3_mean=1.7501006,weight=0.065744242;component_4_mean=2.5761105,weight=0.056324081"
interference,host,host_cpu3-interf_io-run7,train_q_0.9995,gaussian_hmm,100001,95662,0.956610433895661,66550,29112,71,19,13.310981091776926,0.0013000541330816038,,5,-54049.06700387998,-24758.398098914764,29112,34,108475.72810776994,-0.8504533559671188,-26546.5241996231,2.475048171657589,0.06142230354178131,state_0_mean=-0.81095952;state_1_mean=-0.58437721;state_2_mean=0.27161671;state_3_mean=0.81989961;state_4_mean=2.0237674
interference,host,host_cpu3-interf_io-run7,train_q_0.9999,gaussian_gmm,100001,95693,0.956920430795692,66577,29116,48,15,13.310989630517343,0.001432385732606871,,5,-50240.132070086736,-22138.619570709314,29116,14,100635.749742495,-0.7603592379004436,-22138.619570709314,0.0,0.0,"component_0_mean=-0.7263289,weight=0.46006172;component_1_mean=0.22977015,weight=0.41974874;component_2_mean=1.5942751,weight=0.06529052;component_3_mean=2.3298287,weight=0.052901855;component_4_mean=5.1908867,weight=0.0019971694"
interference,host,host_cpu3-interf_io-run7,train_q_0.9999,gaussian_hmm,100001,95693,0.956920430795692,66577,29116,48,15,13.310989630517343,0.001432385732606871,,5,-51634.523905689464,-22419.23521084655,29116,34,103646.65570273121,-0.7699970878845497,-23475.97086220901,1.9231979965184132,0.03629398445399305,state_0_mean=-0.73616816;state_1_mean=0.23322879;state_2_mean=0.26897185;state_3_mean=1.8435903;state_4_mean=15.33755
interference,host,host_cpu3-interf_io-run8,base_stable,gaussian_gmm,100001,95730,0.9572904270957291,67927,27803,37,16,13.29393767300921,0.004891678680445034,,5,31844.153743855262,14660.062762838123,27803,14,-63532.54084341711,0.5272834860568328,14660.062762838123,0.0,0.0,"component_0_mean=-0.15636695,weight=0.40796206;component_1_mean=-0.020520184,weight=0.38090421;component_2_mean=0.29852888,weight=0.20523787;component_3_mean=1.1254733,weight=0.0058811447;component_4_mean=252.65479,weight=1.4721687e-05"
interference,host,host_cpu3-interf_io-run8,base_stable,gaussian_hmm,100001,95730,0.9572904270957291,67927,27803,37,16,13.29393767300921,0.004891678680445034,,5,34434.65598107932,14607.242641685989,27803,34,-68491.0215403032,0.52538368671316,12815.126166882948,4.439341923082967,0.06445766553260586,state_0_mean=-0.12144482;state_1_mean=0.16340525;state_2_mean=0.24404454;state_3_mean=1.0738505;state_4_mean=252.65479
interference,host,host_cpu3-interf_io-run8,cap_1000us,gaussian_gmm,100001,95729,0.957280427195728,67926,27803,38,16,13.293919478119932,0.0012004318999238436,,5,-63091.665393768126,-24335.747312119543,27803,14,126339.09722572454,-0.8752921379750223,-24335.747312119543,0.0,0.0,"component_0_mean=-0.61464715,weight=0.42221189;component_1_mean=-0.033689575,weight=0.39856728;component_2_mean=1.3534385,weight=0.16440054;component_3_mean=3.1458187,weight=0.014686654;component_4_mean=31.665851,weight=0.00013362423"
interference,host,host_cpu3-interf_io-run8,cap_1000us,gaussian_hmm,100001,95729,0.957280427195728,67926,27803,38,16,13.293919478119932,0.0012004318999238436,,5,-57226.840989213044,-22941.74613373276,27803,34,114831.9718997405,-0.8251536213262151,-24403.672261314066,3.9889021659619748,0.05258159650330208,state_0_mean=-0.65181015;state_1_mean=-0.16379576;state_2_mean=1.0254229;state_3_mean=1.1883376;state_4_mean=4.5189285
interference,host,host_cpu3-interf_io-run8,cap_1500us,gaussian_gmm,100001,95729,0.957280427195728,67926,27803,38,16,13.293919478119932,0.0012004318999238436,,5,-63091.665393768126,-24335.747312119543,27803,14,126339.09722572454,-0.8752921379750223,-24335.747312119543,0.0,0.0,"component_0_mean=-0.61464715,weight=0.42221189;component_1_mean=-0.033689575,weight=0.39856728;component_2_mean=1.3534385,weight=0.16440054;component_3_mean=3.1458187,weight=0.014686654;component_4_mean=31.665851,weight=0.00013362423"
interference,host,host_cpu3-interf_io-run8,cap_1500us,gaussian_hmm,100001,95729,0.957280427195728,67926,27803,38,16,13.293919478119932,0.0012004318999238436,,5,-57226.840989213044,-22941.74613373276,27803,34,114831.9718997405,-0.8251536213262151,-24403.7498388962,1.714250053375761,0.0525843867627034,state_0_mean=-0.65181015;state_1_mean=-0.16379576;state_2_mean=1.0254229;state_3_mean=1.1883376;state_4_mean=4.5189285
interference,host,host_cpu3-interf_io-run8,cap_2000us,gaussian_gmm,100001,95729,0.957280427195728,67926,27803,38,16,13.293919478119932,0.0012004318999238436,,5,-63091.665393768126,-24335.747312119543,27803,14,126339.09722572454,-0.8752921379750223,-24335.747312119543,0.0,0.0,"component_0_mean=-0.61464715,weight=0.42221189;component_1_mean=-0.033689575,weight=0.39856728;component_2_mean=1.3534385,weight=0.16440054;component_3_mean=3.1458187,weight=0.014686654;component_4_mean=31.665851,weight=0.00013362423"
interference,host,host_cpu3-interf_io-run8,cap_2000us,gaussian_hmm,100001,95729,0.957280427195728,67926,27803,38,16,13.293919478119932,0.0012004318999238436,,5,-57226.840989213044,-22941.74613373276,27803,34,114831.9718997405,-0.8251536213262151,-24402.327437497017,5.140414091861674,0.052533226765610126,state_0_mean=-0.65181015;state_1_mean=-0.16379576;state_2_mean=1.0254229;state_3_mean=1.1883376;state_4_mean=4.5189285
interference,host,host_cpu3-interf_io-run8,cap_2500us,gaussian_gmm,100001,95730,0.9572904270957291,67927,27803,37,16,13.29393767300921,0.004891678680445034,,5,31844.153743855262,14660.062762838123,27803,14,-63532.54084341711,0.5272834860568328,14660.062762838123,0.0,0.0,"component_0_mean=-0.15636695,weight=0.40796206;component_1_mean=-0.020520184,weight=0.38090421;component_2_mean=0.29852888,weight=0.20523787;component_3_mean=1.1254733,weight=0.0058811447;component_4_mean=252.65479,weight=1.4721687e-05"
interference,host,host_cpu3-interf_io-run8,cap_2500us,gaussian_hmm,100001,95730,0.9572904270957291,67927,27803,37,16,13.29393767300921,0.004891678680445034,,5,34434.65598107932,14607.242641685989,27803,34,-68491.0215403032,0.52538368671316,12816.068724788613,4.5082136558402945,0.06442376423038436,state_0_mean=-0.12144482;state_1_mean=0.16340525;state_2_mean=0.24404454;state_3_mean=1.0738505;state_4_mean=252.65479
interference,host,host_cpu3-interf_io-run8,train_q_0.999,gaussian_gmm,100001,95661,0.9566004339956601,67859,27802,103,17,13.29390779870234,0.001042170593906577,,5,-70987.76209678875,-27748.12288342259,27802,14,142131.2768158056,-0.9980621136401191,-27748.12288342259,0.0,0.0,"component_0_mean=-0.74817013,weight=0.39282186;component_1_mean=-0.25826745,weight=0.28034722;component_2_mean=0.45905932,weight=0.18634941;component_3_mean=1.7953589,weight=0.11871482;component_4_mean=3.1066284,weight=0.021766686"
interference,host,host_cpu3-interf_io-run8,train_q_0.999,gaussian_hmm,100001,95661,0.9566004339956601,67859,27802,103,17,13.29390779870234,0.001042170593906577,,5,-65636.30697550336,-26523.20600977901,27802,34,131650.870319275,-0.9540035252780019,-27890.755201065873,9.42571057142811,0.049188878184550165,state_0_mean=-0.77159204;state_1_mean=-0.32217091;state_2_mean=0.3762057;state_3_mean=1.3523901;state_4_mean=1.6070418
interference,host,host_cpu3-interf_io-run8,train_q_0.9995,gaussian_gmm,100001,95695,0.956940430595694,67893,27802,70,17,13.293911342250853,0.0010538847754962466,,5,-70505.16040939296,-27450.710044546577,27802,14,141166.08045380222,-0.9873645796901869,-27450.710044546577,0.0,0.0,"component_0_mean=-0.74382333,weight=0.39093781;component_1_mean=-0.25927274,weight=0.28346398;component_2_mean=0.45108125,weight=0.18260319;component_3_mean=1.7710776,weight=0.12373031;component_4_mean=3.2587194,weight=0.019264713"
interference,host,host_cpu3-interf_io-run8,train_q_0.9995,gaussian_hmm,100001,95695,0.956940430595694,67893,27802,70,17,13.293911342250853,0.0010538847754962466,,5,-65186.39560693188,-26241.846084444478,27802,34,130751.06461318902,-0.943883392721548,-28020.89917568367,5.659579203735809,0.06399011190702797,state_0_mean=-0.73480336;state_1_mean=-0.1794695;state_2_mean=0.9764612;state_3_mean=1.3615097;state_4_mean=2.7723002
interference,host,host_cpu3-interf_io-run8,train_q_0.9999,gaussian_gmm,100001,95723,0.957220427795722,67920,27803,43,16,13.293914883688103,0.0010688665531061949,,5,-69823.09037187738,-27085.20228638105,27803,14,139801.94594524856,-0.9741827243959662,-27085.20228638105,0.0,0.0,"component_0_mean=-0.73817777,weight=0.38684184;component_1_mean=-0.26071588,weight=0.28998299;component_2_mean=0.44277265,weight=0.17601736;component_3_mean=1.7334294,weight=0.13007707;component_4_mean=3.3807748,weight=0.017080738"
interference,host,host_cpu3-interf_io-run8,train_q_0.9999,gaussian_hmm,100001,95723,0.957220427795722,67920,27803,43,16,13.293914883688103,0.0010688665531061949,,5,-64455.00674435366,-25936.79907140544,27803,34,129288.30040662082,-0.932877713606641,-27638.19949060172,4.962689406884533,0.06119485016711439,state_0_mean=-0.72762748;state_1_mean=-0.17958025;state_2_mean=1.0058637;state_3_mean=1.3398767;state_4_mean=3.0852733
interference,host,host_cpu3-interf_io-run9,base_stable,gaussian_gmm,100001,97376,0.9737502624973751,67785,29591,36,15,13.313971894778277,0.0019060686424601154,,4,-47553.36938421081,-20168.44968485638,29591,11,95229.10382673726,-0.6815737786778541,-20168.44968485638,0.0,0.0,"component_0_mean=-0.60260331,weight=0.3517419;component_1_mean=-0.097435095,weight=0.32006714;component_2_mean=0.70107452,weight=0.32711122;component_3_mean=12.796782,weight=0.0010797454"
interference,host,host_cpu3-interf_io-run9,base_stable,gaussian_hmm,100001,97376,0.9737502624973751,67785,29591,36,15,13.313971894778277,0.0019060686424601154,,5,-45223.55167901879,-19155.622607388934,29591,34,90825.32262919504,-0.6473462406606378,-20352.41327865434,6.125221197192385,0.040444414560691005,state_0_mean=-0.60382037;state_1_mean=-0.11670376;state_2_mean=0.64177819;state_3_mean=0.92226242;state_4_mean=37.828828
interference,host,host_cpu3-interf_io-run9,cap_1000us,gaussian_gmm,100001,97376,0.9737502624973751,67785,29591,36,15,13.313971894778277,0.0019060686424601154,,4,-47553.36938421081,-20168.44968485638,29591,11,95229.10382673726,-0.6815737786778541,-20168.44968485638,0.0,0.0,"component_0_mean=-0.60260331,weight=0.3517419;component_1_mean=-0.097435095,weight=0.32006714;component_2_mean=0.70107452,weight=0.32711122;component_3_mean=12.796782,weight=0.0010797454"
interference,host,host_cpu3-interf_io-run9,cap_1000us,gaussian_hmm,100001,97376,0.9737502624973751,67785,29591,36,15,13.313971894778277,0.0019060686424601154,,5,-45223.55167901879,-19155.622607388934,29591,34,90825.32262919504,-0.6473462406606378,-20355.76547073252,9.046380809915815,0.04055769873757515,state_0_mean=-0.60382037;state_1_mean=-0.11670376;state_2_mean=0.64177819;state_3_mean=0.92226242;state_4_mean=37.828828
interference,host,host_cpu3-interf_io-run9,cap_1500us,gaussian_gmm,100001,97376,0.9737502624973751,67785,29591,36,15,13.313971894778277,0.0019060686424601154,,4,-47553.36938421081,-20168.44968485638,29591,11,95229.10382673726,-0.6815737786778541,-20168.44968485638,0.0,0.0,"component_0_mean=-0.60260331,weight=0.3517419;component_1_mean=-0.097435095,weight=0.32006714;component_2_mean=0.70107452,weight=0.32711122;component_3_mean=12.796782,weight=0.0010797454"
interference,host,host_cpu3-interf_io-run9,cap_1500us,gaussian_hmm,100001,97376,0.9737502624973751,67785,29591,36,15,13.313971894778277,0.0019060686424601154,,5,-45223.55167901879,-19155.622607388934,29591,34,90825.32262919504,-0.6473462406606378,-20358.23207413595,4.978277786986826,0.04064105527853121,state_0_mean=-0.60382037;state_1_mean=-0.11670376;state_2_mean=0.64177819;state_3_mean=0.92226242;state_4_mean=37.828828
interference,host,host_cpu3-interf_io-run9,cap_2000us,gaussian_gmm,100001,97376,0.9737502624973751,67785,29591,36,15,13.313971894778277,0.0019060686424601154,,4,-47553.36938421081,-20168.44968485638,29591,11,95229.10382673726,-0.6815737786778541,-20168.44968485638,0.0,0.0,"component_0_mean=-0.60260331,weight=0.3517419;component_1_mean=-0.097435095,weight=0.32006714;component_2_mean=0.70107452,weight=0.32711122;component_3_mean=12.796782,weight=0.0010797454"
interference,host,host_cpu3-interf_io-run9,cap_2000us,gaussian_hmm,100001,97376,0.9737502624973751,67785,29591,36,15,13.313971894778277,0.0019060686424601154,,5,-45223.55167901879,-19155.622607388934,29591,34,90825.32262919504,-0.6473462406606378,-20354.518556035462,5.0771034868995715,0.04051556042872929,state_0_mean=-0.60382037;state_1_mean=-0.11670376;state_2_mean=0.64177819;state_3_mean=0.92226242;state_4_mean=37.828828
interference,host,host_cpu3-interf_io-run9,cap_2500us,gaussian_gmm,100001,97376,0.9737502624973751,67785,29591,36,15,13.313971894778277,0.0019060686424601154,,4,-47553.36938421081,-20168.44968485638,29591,11,95229.10382673726,-0.6815737786778541,-20168.44968485638,0.0,0.0,"component_0_mean=-0.60260331,weight=0.3517419;component_1_mean=-0.097435095,weight=0.32006714;component_2_mean=0.70107452,weight=0.32711122;component_3_mean=12.796782,weight=0.0010797454"
interference,host,host_cpu3-interf_io-run9,cap_2500us,gaussian_hmm,100001,97376,0.9737502624973751,67785,29591,36,15,13.313971894778277,0.0019060686424601154,,5,-45223.55167901879,-19155.622607388934,29591,34,90825.32262919504,-0.6473462406606378,-20359.71116073599,8.238273402333723,0.04069103961836563,state_0_mean=-0.60382037;state_1_mean=-0.11670376;state_2_mean=0.64177819;state_3_mean=0.92226242;state_4_mean=37.828828
interference,host,host_cpu3-interf_io-run9,train_q_0.999,gaussian_gmm,100001,97300,0.972990270097299,67717,29583,96,23,13.313945596545157,0.0012519551881786843,,5,-74014.29900185099,-31955.12079958401,29583,14,148184.32129919488,-1.0801852685523445,-31955.12079958401,0.0,0.0,"component_0_mean=-0.89834178,weight=0.34560586;component_1_mean=-0.057809431,weight=0.44304405;component_2_mean=1.0688787,weight=0.08794855;component_3_mean=1.6805337,weight=0.090206597;component_4_mean=2.7257987,weight=0.033194949"
interference,host,host_cpu3-interf_io-run9,train_q_0.999,gaussian_hmm,100001,97300,0.972990270097299,67717,29583,96,23,13.313945596545157,0.0012519551881786843,,5,-70525.407161713,-30667.33098966268,29583,34,141428.99946962303,-1.0366538549052726,-32373.765524477603,5.175364268912252,0.05768294408325463,state_0_mean=-0.89874524;state_1_mean=-0.12916205;state_2_mean=1.0832968;state_3_mean=1.2096717;state_4_mean=1.2469988
interference,host,host_cpu3-interf_io-run9,train_q_0.9995,gaussian_gmm,100001,97341,0.97340026599734,67751,29590,62,16,13.313948947524352,0.0012605690496093045,,5,-73846.3094425955,-31824.878179603285,29590,14,147848.34920817395,-1.07552815747223,-31824.878179603285,0.0,0.0,"component_0_mean=-0.89488338,weight=0.34541926;component_1_mean=-0.060815434,weight=0.44222322;component_2_mean=1.0581588,weight=0.086191731;component_3_mean=1.6631911,weight=0.089172903;component_4_mean=2.6082813,weight=0.036992879"
interference,host,host_cpu3-interf_io-run9,train_q_0.9995,gaussian_hmm,100001,97341,0.97340026599734,67751,29590,62,16,13.313948947524352,0.0012605690496093045,,5,-70382.10072831789,-30615.461338649668,29590,34,141142.40366959432,-1.0346556721409148,-32619.81382925433,3.111493481008245,0.06773749545808254,state_0_mean=-0.89484121;state_1_mean=-0.1616154;state_2_mean=0.40989682;state_3_mean=0.98687746;state_4_mean=1.8173785
interference,host,host_cpu3-interf_io-run9,train_q_0.9999,gaussian_gmm,100001,97369,0.973680263197368,67778,29591,43,15,13.313960289770938,0.0014765152738167898,,5,-63939.311411040835,-27400.94364464588,29591,14,128034.35872320662,-0.9259891063041424,-27400.94364464588,0.0,0.0,"component_0_mean=-0.76937405,weight=0.35850922;component_1_mean=-0.091486638,weight=0.38548072;component_2_mean=1.0102243,weight=0.20582395;component_3_mean=1.9275601,weight=0.049911184;component_4_mean=25.311901,weight=0.0002749249"
interference,host,host_cpu3-interf_io-run9,train_q_0.9999,gaussian_hmm,100001,97369,0.973680263197368,67778,29591,43,15,13.313960289770938,0.0014765152738167898,,5,-60553.70594366847,-26224.59871547234,29591,34,121485.62764721182,-0.8862356363580933,-27934.27448979491,3.5631434394417365,0.05777688399589632,state_0_mean=-0.77163413;state_1_mean=-0.14476686;state_2_mean=0.83598363;state_3_mean=1.0762873;state_4_mean=16.754578
