condition,environment,run,view,n_total,n_kept,kept_fraction,n_train,n_test,train_segments,test_segments,standardization_center_log_ns,standardization_scale_log_ns,reason,model,order,train_loglik,test_loglik,scored_test_observations,parameters_count,train_bic,test_loglik_per_obs,shuffled_test_loglik_mean,shuffled_test_loglik_sd,temporal_gain_per_obs,parameters
interference,host,host_cpu3-interf_io-run4,raw,100001,100001,1.0,70000,30001,1,1,13.326758370523278,0.25762377201362985,,iid_gaussian,1,-99325.19732432708,-72401.67731969838,30001,2,198672.70714969622,-2.4133088003632674,-72401.67731969838,0.0,0.0,mean=1.6192254e-15;sd=1
interference,host,host_cpu3-interf_io-run4,raw,100001,100001,1.0,70000,30001,1,1,13.326758370523278,0.25762377201362985,,ar1_gaussian,1,,-24263.110413798247,30000,3,,-0.8087703471266082,,,,intercept=-5.1760941e-07;phi=0.95091763;sd=0.30944858
interference,host,host_cpu3-interf_io-run4,raw,100001,100001,1.0,70000,30001,1,1,13.326758370523278,0.25762377201362985,,gaussian_gmm,2,266185.2830200754,111542.20575427328,30001,5,-532314.7847875457,3.7179495934893265,111542.20575427328,0.0,0.0,"component_0_mean=-0.060981364,weight=0.99494885;component_1_mean=12.011786,weight=0.0050511506"
interference,host,host_cpu3-interf_io-run4,raw,100001,100001,1.0,70000,30001,1,1,13.326758370523278,0.25762377201362985,,gaussian_hmm,2,267599.9341659247,113069.34011008833,30001,7,-535121.7745782022,3.7688523752571026,110702.12932515683,26.803716644530386,0.07890439601784964,state_0_mean=-0.060982268;state_1_mean=11.829307
interference,host,host_cpu3-interf_io-run4,raw,100001,100001,1.0,70000,30001,1,1,13.326758370523278,0.25762377201362985,,gaussian_gmm,3,266254.8583111311,111619.44943512921,30001,8,-532420.4666180939,3.7205242970277395,111619.44943512921,0.0,0.0,"component_0_mean=-0.060981496,weight=0.99494283;component_1_mean=6.4209028,weight=0.0024664504;component_2_mean=17.306478,weight=0.0025907214"
interference,host,host_cpu3-interf_io-run4,raw,100001,100001,1.0,70000,30001,1,1,13.326758370523278,0.25762377201362985,,gaussian_hmm,3,267953.00588871114,113311.50554347991,30001,14,-535749.8242701278,3.77692428730642,108551.64742917233,23.921020105229154,0.15865664858863326,state_0_mean=-0.060983256;state_1_mean=1.2756434;state_2_mean=16.081022
interference,host,host_cpu3-interf_io-run4,raw,100001,100001,1.0,70000,30001,1,1,13.326758370523278,0.25762377201362985,,gaussian_gmm,4,266268.7851333078,111628.46935544623,30001,11,-532414.8515108842,3.7208249510165072,111628.46935544623,0.0,0.0,"component_0_mean=-0.060981581,weight=0.99493895;component_1_mean=4.187168,weight=0.0019579806;component_2_mean=14.870275,weight=0.0016188193;component_3_mean=19.135779,weight=0.0014842494"
interference,host,host_cpu3-interf_io-run4,raw,100001,100001,1.0,70000,30001,1,1,13.326758370523278,0.25762377201362985,,gaussian_hmm,4,268084.8364637909,113479.02904345361,30001,23,-535913.0791655981,3.7825082178411926,108084.43942765487,44.227898212827306,0.1798136600712891,state_0_mean=-0.060983259;state_1_mean=1.2695108;state_2_mean=13.528284;state_3_mean=18.950186
interference,host,host_cpu3-interf_io-run4,raw,100001,100001,1.0,70000,30001,1,1,13.326758370523278,0.25762377201362985,,gaussian_gmm,5,266303.67719203164,111634.80658291462,30001,14,-532451.1668767688,3.721036184890991,111634.80658291462,0.0,0.0,"component_0_mean=-0.060981935,weight=0.99492243;component_1_mean=1.3696459,weight=0.0014241038;component_2_mean=12.153885,weight=0.0011013889;component_3_mean=16.122684,weight=0.0013380565;component_4_mean=19.573488,weight=0.0012140177"
interference,host,host_cpu3-interf_io-run4,raw,100001,100001,1.0,70000,30001,1,1,13.326758370523278,0.25762377201362985,,gaussian_hmm,5,268342.0342274225,113582.55188838602,30001,34,-536304.75593713,3.78595886431739,109595.2736228951,14.033177215888355,0.1329048453548523,state_0_mean=-0.060988747;state_1_mean=0.083539092;state_2_mean=9.0917194;state_3_mean=15.196501;state_4_mean=19.316853
interference,host,host_cpu3-interf_io-run4,stable,100001,99222,0.992210077899221,69620,29602,20,17,13.311156662552115,0.008249098962565067,,iid_gaussian,1,-98786.00068170932,-28939.485734338337,29602,2,197594.30297774138,-0.9776192735064637,-28939.485734338337,0.0,0.0,mean=1.7524625e-13;sd=1
interference,host,host_cpu3-interf_io-run4,stable,100001,99222,0.992210077899221,69620,29602,20,17,13.311156662552115,0.008249098962565067,,ar1_gaussian,1,,-28924.690093913356,29585,3,,-0.9776809225591805,,,,intercept=-1.1875756e-05;phi=0.0094749476;sd=1.0000863
interference,host,host_cpu3-interf_io-run4,stable,100001,99222,0.992210077899221,69620,29602,20,17,13.311156662552115,0.008249098962565067,,gaussian_gmm,2,28935.244904522555,12170.272979914134,29602,5,-57814.73577323828,0.4111300918827827,12170.272979914134,0.0,0.0,"component_0_mean=-0.013256995,weight=0.99874724;component_1_mean=10.569008,weight=0.0012527559"
interference,host,host_cpu3-interf_io-run4,stable,100001,99222,0.992210077899221,69620,29602,20,17,13.311156662552115,0.008249098962565067,,gaussian_hmm,2,25373.290351223914,11739.164992973849,29602,7,-50668.52505231827,0.3965666168831109,12114.539746698914,0.0004403569305216756,-0.012680722712150044,state_0_mean=-0.01262962;state_1_mean=12.33317
interference,host,host_cpu3-interf_io-run4,stable,100001,99222,0.992210077899221,69620,29602,20,17,13.311156662552115,0.008249098962565067,,gaussian_gmm,3,29049.38206263147,12183.369409611641,29602,8,-58009.55766797202,0.4115725089389785,12183.369409611641,0.0,0.0,"component_0_mean=-0.013351617,weight=0.9985792;component_1_mean=6.0024969,weight=0.0013920687;component_2_mean=173.24097,weight=2.8727377e-05"
interference,host,host_cpu3-interf_io-run4,stable,100001,99222,0.992210077899221,69620,29602,20,17,13.311156662552115,0.008249098962565067,,gaussian_hmm,3,29128.530377085128,12202.722820643914,29602,14,-58100.94945391114,0.41222629621795537,12177.086322012678,1.6955626197584692,0.0008660394105545727,state_0_mean=-0.013383809;state_1_mean=5.5296966;state_2_mean=173.24097
interference,host,host_cpu3-interf_io-run4,stable,100001,99222,0.992210077899221,69620,29602,20,17,13.311156662552115,0.008249098962565067,,gaussian_gmm,4,54981.53616701336,23082.967901829717,29602,11,-109840.41345525169,0.779777309027421,23082.967901829717,0.0,0.0,"component_0_mean=-0.12016003,weight=0.51379079;component_1_mean=0.10011067,weight=0.48503034;component_2_mean=7.1327497,weight=0.0011501377;component_3_mean=173.24097,weight=2.8727377e-05"
interference,host,host_cpu3-interf_io-run4,stable,100001,99222,0.992210077899221,69620,29602,20,17,13.311156662552115,0.008249098962565067,,gaussian_hmm,4,29165.95597839406,12209.564602135673,29602,23,-58075.44339207672,0.41245742186797085,12182.78590526502,0.5996824388575144,0.0009046245818070813,state_0_mean=-0.013411377;state_1_mean=4.4860743;state_2_mean=35.238196;state_3_mean=173.24097
interference,host,host_cpu3-interf_io-run4,stable,100001,99222,0.992210077899221,69620,29602,20,17,13.311156662552115,0.008249098962565067,,gaussian_gmm,5,55012.2426522278,23085.26819740198,29602,14,-109868.37400419648,0.7798550164651706,23085.26819740198,0.0,0.0,"component_0_mean=-0.12015047,weight=0.51389706;component_1_mean=0.10014474,weight=0.48492193;component_2_mean=6.0290894,weight=0.0011091868;component_3_mean=35.238196,weight=4.3091066e-05;component_4_mean=173.24097,weight=2.8727377e-05"
interference,host,host_cpu3-interf_io-run4,stable,100001,99222,0.992210077899221,69620,29602,20,17,13.311156662552115,0.008249098962565067,,gaussian_hmm,5,55314.54143542258,23616.066536789876,29602,34,-110249.95542735873,0.7977861812306559,23186.08051445005,18.50322829316512,0.01452557335111912,state_0_mean=-0.12138489;state_1_mean=0.095974957;state_2_mean=5.3482294;state_3_mean=35.238196;state_4_mean=173.24097
interference,container,docker_cpu3-interf_io-run9,raw,100001,100001,1.0,70000,30001,1,1,13.542537337302747,1.2073371589416029,,iid_gaussian,1,-99325.1973243271,-39868.873200648006,30001,2,198672.70714969627,-1.3289181427501753,-39868.873200648006,0.0,0.0,mean=9.4847305e-16;sd=1
interference,container,docker_cpu3-interf_io-run9,raw,100001,100001,1.0,70000,30001,1,1,13.542537337302747,1.2073371589416029,,ar1_gaussian,1,,22942.137836451504,30000,3,,0.7647379278817168,,,,intercept=-1.6633856e-07;phi=0.99381828;sd=0.11102086
interference,container,docker_cpu3-interf_io-run9,raw,100001,100001,1.0,70000,30001,1,1,13.542537337302747,1.2073371589416029,,gaussian_gmm,2,385371.2954945839,166777.9503929223,30001,5,-770686.8097365627,5.559079710440395,166777.9503929223,0.0,0.0,"component_0_mean=-0.19266976,weight=0.96172798;component_1_mean=4.8415507,weight=0.038272015"
interference,container,docker_cpu3-interf_io-run9,raw,100001,100001,1.0,70000,30001,1,1,13.542537337302747,1.2073371589416029,,gaussian_hmm,2,451879.7780573536,194175.56752789184,30001,7,-903681.46236106,6.472303174157256,184323.50473749364,43.867583085170935,0.3283911466417184,state_0_mean=-0.19267075;state_1_mean=4.8105497
interference,container,docker_cpu3-interf_io-run9,raw,100001,100001,1.0,70000,30001,1,1,13.542537337302747,1.2073371589416029,,gaussian_gmm,3,385822.24810607184,166889.15256568295,30001,8,-771555.2462079754,5.562786325978566,166889.15256568295,0.0,0.0,"component_0_mean=-0.19266978,weight=0.96172554;component_1_mean=4.0762522,weight=0.023004882;component_2_mean=5.9937326,weight=0.015269574"
interference,container,docker_cpu3-interf_io-run9,raw,100001,100001,1.0,70000,30001,1,1,13.542537337302747,1.2073371589416029,,gaussian_hmm,3,453966.4798333948,194874.86259167473,30001,14,-907776.7721594952,6.495612232648069,184487.36127343192,92.36053308851143,0.346238502658005,state_0_mean=-0.19267077;state_1_mean=3.7745124;state_2_mean=5.9610775
interference,container,docker_cpu3-interf_io-run9,raw,100001,100001,1.0,70000,30001,1,1,13.542537337302747,1.2073371589416029,,gaussian_gmm,4,385916.69156893645,166912.66332694693,30001,11,-771710.6643821415,5.563569991898501,166912.66332694693,0.0,0.0,"component_0_mean=-0.1926699,weight=0.96170567;component_1_mean=2.9851369,weight=0.0063020937;component_2_mean=4.2251577,weight=0.01377296;component_3_mean=5.9434955,weight=0.018219277"
interference,container,docker_cpu3-interf_io-run9,raw,100001,100001,1.0,70000,30001,1,1,13.542537337302747,1.2073371589416029,,gaussian_hmm,4,454899.5421667252,195254.86986265195,30001,23,-909542.4905714667,6.508278719464416,184403.08009507827,53.15697075262237,0.36171426844350774,state_0_mean=-0.19267078;state_1_mean=3.584556;state_2_mean=5.4448871;state_3_mean=6.1918171
interference,container,docker_cpu3-interf_io-run9,raw,100001,100001,1.0,70000,30001,1,1,13.542537337302747,1.2073371589416029,,gaussian_gmm,5,385985.71788629674,166931.85692239762,30001,14,-771815.248265299,5.564209757088018,166931.85692239762,0.0,0.0,"component_0_mean=-0.19266989,weight=0.96170654;component_1_mean=2.8052882,weight=0.0058898498;component_2_mean=4.0608334,weight=0.01132802;component_3_mean=5.3553406,weight=0.0082882981;component_4_mean=6.129626,weight=0.01278729"
interference,container,docker_cpu3-interf_io-run9,raw,100001,100001,1.0,70000,30001,1,1,13.542537337302747,1.2073371589416029,,gaussian_hmm,5,455354.7484295706,195642.7200943166,30001,34,-910330.1843414261,6.521206629589567,181980.6341349357,69.80383724450033,0.45538768572317256,state_0_mean=-0.19267147;state_1_mean=-0.18510438;state_2_mean=3.1002366;state_3_mean=4.666066;state_4_mean=6.0347184
interference,container,docker_cpu3-interf_io-run9,stable,100001,96077,0.960760392396076,67146,28931,37,19,13.309930823850767,0.0008769026225222623,,iid_gaussian,1,-95275.54675056096,-48741.7486718436,28931,2,190573.322750386,-1.6847585175708961,-48741.7486718436,0.0,0.0,mean=4.0311708e-13;sd=1
interference,container,docker_cpu3-interf_io-run9,stable,100001,96077,0.960760392396076,67146,28931,37,19,13.309930823850767,0.0008769026225222623,,ar1_gaussian,1,,-48947.21704775361,28912,3,,-1.6929723660678477,,,,intercept=-0.00025114694;phi=0.20306658;sd=0.97705552
interference,container,docker_cpu3-interf_io-run9,stable,100001,96077,0.960760392396076,67146,28931,37,19,13.309930823850767,0.0008769026225222623,,gaussian_gmm,2,12295.839319540382,2851.979774724833,28931,5,-24536.105515920535,0.09857867943468367,2851.979774724833,0.0,0.0,"component_0_mean=-0.018965829,weight=0.9959005;component_1_mean=4.6074078,weight=0.0040995023"
interference,container,docker_cpu3-interf_io-run9,stable,100001,96077,0.960760392396076,67146,28931,37,19,13.309930823850767,0.0008769026225222623,,gaussian_hmm,2,8692.471919624828,4020.180527470642,28931,7,-17307.141466825335,0.13895753784765968,2553.612279843343,10.752364048763887,0.050691930718858635,state_0_mean=-0.018684299;state_1_mean=4.4815663
interference,container,docker_cpu3-interf_io-run9,stable,100001,96077,0.960760392396076,67146,28931,37,19,13.309930823850767,0.0008769026225222623,,gaussian_gmm,3,14915.55905177684,4704.137738809818,28931,8,-29742.201106497312,0.1625985185029836,4704.137738809818,0.0,0.0,"component_0_mean=-0.049082969,weight=0.92217145;component_1_mean=0.37084304,weight=0.075583168;component_2_mean=7.67506,weight=0.0022453793"
interference,container,docker_cpu3-interf_io-run9,stable,100001,96077,0.960760392396076,67146,28931,37,19,13.309930823850767,0.0008769026225222623,,gaussian_hmm,3,12883.898994160403,4813.021706829749,28931,14,-25612.19324347216,0.16636209280113887,3080.332990467283,12.816239229522663,0.05989038458271287,state_0_mean=-0.020785271;state_1_mean=1.7079722;state_2_mean=68.841199
interference,container,docker_cpu3-interf_io-run9,stable,100001,96077,0.960760392396076,67146,28931,37,19,13.309930823850767,0.0008769026225222623,,gaussian_gmm,4,15329.832710276602,5065.03621087596,28931,11,-30537.404549600695,0.17507297400283295,5065.03621087596,0.0,0.0,"component_0_mean=-0.075716402,weight=0.71623386;component_1_mean=0.12802141,weight=0.27979346;component_2_mean=1.430175,weight=0.0036269293;component_3_mean=38.246676,weight=0.00034575435"
interference,container,docker_cpu3-interf_io-run9,stable,100001,96077,0.960760392396076,67146,28931,37,19,13.309930823850767,0.0008769026225222623,,gaussian_hmm,4,21587.358101351416,8746.961413883411,28931,23,-42919.07983616577,0.3023387167357994,2432.4954381310117,44.30281098155524,0.218259513177989,state_0_mean=-0.054761867;state_1_mean=0.28765562;state_2_mean=1.3343346;state_3_mean=19.120438
interference,container,docker_cpu3-interf_io-run9,stable,100001,96077,0.960760392396076,67146,28931,37,19,13.309930823850767,0.0008769026225222623,,gaussian_gmm,5,15333.846296377096,5082.407397272901,28931,14,-30512.087847905546,0.1756734090516367,5082.407397272901,0.0,0.0,"component_0_mean=-0.077428566,weight=0.71277511;component_1_mean=0.12910457,weight=0.28276162;component_2_mean=1.2503167,weight=0.0040271257;component_3_mean=22.266559,weight=0.00039238496;component_4_mean=112.21533,weight=4.3764902e-05"
interference,container,docker_cpu3-interf_io-run9,stable,100001,96077,0.960760392396076,67146,28931,37,19,13.309930823850767,0.0008769026225222623,,gaussian_hmm,5,24040.760236017628,9096.596270722957,28931,34,-47703.62323454569,0.31442384538118134,2117.2786621039368,30.988767258965797,0.24124010952331482,state_0_mean=-0.054845382;state_1_mean=0.23263645;state_2_mean=0.3009977;state_3_mean=1.3280457;state_4_mean=43.905999
interference,container,docker_cpu3-interf_io-run5,raw,100001,100001,1.0,70000,30001,1,1,13.417614920391154,0.7355249013867529,,iid_gaussian,1,-99325.19732432708,-45481.1218486733,30001,2,198672.70714969622,-1.5159868620603745,-45481.1218486733,0.0,0.0,mean=-1.2099528e-15;sd=1
interference,container,docker_cpu3-interf_io-run5,raw,100001,100001,1.0,70000,30001,1,1,13.417614920391154,0.7355249013867529,,ar1_gaussian,1,,10880.907069720917,30000,3,,0.36269690232403057,,,,intercept=-1.4249494e-07;phi=0.98375436;sd=0.17952249
interference,container,docker_cpu3-interf_io-run5,raw,100001,100001,1.0,70000,30001,1,1,13.417614920391154,0.7355249013867529,,gaussian_gmm,2,357613.0825421951,154394.6679275497,30001,5,-715170.3838317851,5.146317387005423,154394.6679275497,0.0,0.0,"component_0_mean=-0.14072037,weight=0.97876757;component_1_mean=6.4868936,weight=0.021232433"
interference,container,docker_cpu3-interf_io-run5,raw,100001,100001,1.0,70000,30001,1,1,13.417614920391154,0.7355249013867529,,gaussian_hmm,2,369886.40747649386,160666.56267984898,30001,7,-739694.7211993405,5.355373576875737,154823.3262050479,38.11464394893501,0.1947680568914732,state_0_mean=-0.14072221;state_1_mean=6.4010454
interference,container,docker_cpu3-interf_io-run5,raw,100001,100001,1.0,70000,30001,1,1,13.417614920391154,0.7355249013867529,,gaussian_gmm,3,357797.7448972925,154399.73109656814,30001,8,-715506.2397904168,5.146486153680482,154399.73109656814,0.0,0.0,"component_0_mean=-0.14072086,weight=0.9787056;component_1_mean=4.9773084,weight=0.0081793255;component_2_mean=7.3970829,weight=0.01311507"
interference,container,docker_cpu3-interf_io-run5,raw,100001,100001,1.0,70000,30001,1,1,13.417614920391154,0.7355249013867529,,gaussian_hmm,3,370832.11778150726,160924.8506340096,30001,14,-741508.04805572,5.363982888370708,154769.9218338479,19.44021143448624,0.20515745475689795,state_0_mean=-0.1407253;state_1_mean=3.3883621;state_2_mean=7.4444125
interference,container,docker_cpu3-interf_io-run5,raw,100001,100001,1.0,70000,30001,1,1,13.417614920391154,0.7355249013867529,,gaussian_gmm,4,357832.15197122615,154397.33202837905,30001,11,-715541.585186721,5.146406187406388,154397.33202837905,0.0,0.0,"component_0_mean=-0.14072095,weight=0.97869327;component_1_mean=4.238864,weight=0.0056876784;component_2_mean=6.5482273,weight=0.0092903871;component_3_mean=8.3394787,weight=0.0063286668"
interference,container,docker_cpu3-interf_io-run5,raw,100001,100001,1.0,70000,30001,1,1,13.417614920391154,0.7355249013867529,,gaussian_hmm,4,411784.55924389005,177891.95686884626,30001,23,-823312.5247257964,5.929534244486725,166720.38709370952,85.62930395633755,0.37237324672966704,state_0_mean=-0.14110651;state_1_mean=-0.13896068;state_2_mean=4.7676493;state_3_mean=7.7811448
interference,container,docker_cpu3-interf_io-run5,raw,100001,100001,1.0,70000,30001,1,1,13.417614920391154,0.7355249013867529,,gaussian_gmm,5,357859.4217281625,154386.2543114517,30001,14,-715562.6559490305,5.14603694248364,154386.2543114517,0.0,0.0,"component_0_mean=-0.14072102,weight=0.97868325;component_1_mean=3.1821201,weight=0.0034668543;component_2_mean=5.629357,weight=0.0054208265;component_3_mean=7.1355163,weight=0.0072668443;component_4_mean=8.5856154,weight=0.0051622281"
interference,container,docker_cpu3-interf_io-run5,raw,100001,100001,1.0,70000,30001,1,1,13.417614920391154,0.7355249013867529,,gaussian_hmm,5,412389.3623037326,178160.453728233,30001,34,-824399.4120897502,5.938483841479718,166302.3098137472,63.67307851207397,0.39525828853990824,state_0_mean=-0.14110651;state_1_mean=-0.13896084;state_2_mean=4.1515882;state_3_mean=6.7362883;state_4_mean=8.4158771
interference,container,docker_cpu3-interf_io-run5,stable,100001,97630,0.9762902370976291,68345,29285,40,15,13.314162233452633,0.005720981926400301,,iid_gaussian,1,-96976.85405187335,-27500.14303162034,29285,2,193975.97275111987,-0.9390521779621083,-27500.14303162034,0.0,0.0,mean=9.9422545e-14;sd=1
interference,container,docker_cpu3-interf_io-run5,stable,100001,97630,0.9762902370976291,68345,29285,40,15,13.314162233452633,0.005720981926400301,,ar1_gaussian,1,,-27484.14706363599,29270,3,,-0.9389869171040653,,,,intercept=-5.1837683e-06;phi=0.014790734;sd=1.000171
interference,container,docker_cpu3-interf_io-run5,stable,100001,97630,0.9762902370976291,68345,29285,40,15,13.314162233452633,0.005720981926400301,,gaussian_gmm,2,57027.456405335695,31577.696567989777,29285,5,-113999.25119223846,1.0782891093730502,31577.696567989777,0.0,0.0,"component_0_mean=-0.056949637,weight=0.84250649;component_1_mean=0.30465026,weight=0.15749351"
interference,container,docker_cpu3-interf_io-run5,stable,100001,97630,0.9762902370976291,68345,29285,40,15,13.314162233452633,0.005720981926400301,,gaussian_hmm,2,-17214.528293058458,1202.205733087191,29285,7,34506.98285192302,0.04105192873782452,1202.2057330872108,3.6289753529225604e-11,-6.754826622353147e-16,state_0_mean=-0.0036351539;state_1_mean=248.44096
interference,container,docker_cpu3-interf_io-run5,stable,100001,97630,0.9762902370976291,68345,29285,40,15,13.314162233452633,0.005720981926400301,,gaussian_gmm,3,71496.13174861783,36137.807451678294,29285,8,-142903.20490774297,1.234004010642933,36137.807451678294,0.0,0.0,"component_0_mean=-0.058891402,weight=0.81574931;component_1_mean=0.24102513,weight=0.18423606;component_2_mean=248.44096,weight=1.4631648e-05"
interference,container,docker_cpu3-interf_io-run5,stable,100001,97630,0.9762902370976291,68345,29285,40,15,13.314162233452633,0.005720981926400301,,gaussian_hmm,3,81341.85816199536,39382.01891420844,29285,14,-162527.8637923785,1.3447846649891904,32984.29394171875,78.40519878531626,0.21846422989549907,state_0_mean=-0.059689529;state_1_mean=0.24273529;state_2_mean=248.44096
interference,container,docker_cpu3-interf_io-run5,stable,100001,97630,0.9762902370976291,68345,29285,40,15,13.314162233452633,0.005720981926400301,,gaussian_gmm,4,88678.02598735804,41132.1653451085,29285,11,-177233.59641416362,1.4045472202529794,41132.1653451085,0.0,0.0,"component_0_mean=-0.060743454,weight=0.79185701;component_1_mean=0.18907997,weight=0.20739871;component_2_mean=7.1954062,weight=0.00072964414;component_3_mean=248.44096,weight=1.4631648e-05"
interference,container,docker_cpu3-interf_io-run5,stable,100001,97630,0.9762902370976291,68345,29285,40,15,13.314162233452633,0.005720981926400301,,gaussian_hmm,4,98722.6988326469,44931.464126046456,29285,23,-197189.3542205023,1.534282538024465,32807.904641944624,38.295887329669334,0.4139852990985772,state_0_mean=-0.059844117;state_1_mean=0.16423689;state_2_mean=0.45902747;state_3_mean=248.44096
interference,container,docker_cpu3-interf_io-run5,stable,100001,97630,0.9762902370976291,68345,29285,40,15,13.314162233452633,0.005720981926400301,,gaussian_gmm,5,90248.64770230607,41911.34119874864,29285,14,-180341.44287299993,1.4311538739541962,41911.34119874864,0.0,0.0,"component_0_mean=-0.061488296,weight=0.79926676;component_1_mean=0.10025449,weight=0.132953;component_2_mean=0.39995939,weight=0.06676888;component_3_mean=5.4944636,weight=0.00099672586;component_4_mean=248.44096,weight=1.4631648e-05"
interference,container,docker_cpu3-interf_io-run5,stable,100001,97630,0.9762902370976291,68345,29285,40,15,13.314162233452633,0.005720981926400301,,gaussian_hmm,5,109290.99573473545,49643.81387796608,29285,34,-218203.49246412696,1.6951959664663165,27881.269715598883,177.1171008855108,0.7431293891878845,state_0_mean=-0.059451991;state_1_mean=0.13252821;state_2_mean=0.40420344;state_3_mean=0.90635018;state_4_mean=248.44096
interference,container,docker_cpu3-interf_io-run6,raw,100001,100001,1.0,70000,30001,1,1,13.428108167760087,0.8371668777206734,,iid_gaussian,1,-99325.19732432709,-53802.727912723145,30001,2,198672.70714969625,-1.7933644849412735,-53802.727912723145,0.0,0.0,mean=-7.4058854e-16;sd=1
interference,container,docker_cpu3-interf_io-run6,raw,100001,100001,1.0,70000,30001,1,1,13.428108167760087,0.8371668777206734,,ar1_gaussian,1,,12703.65007939815,30000,3,,0.423455002646605,,,,intercept=-1.8989942e-07;phi=0.98780702;sd=0.15568568
interference,container,docker_cpu3-interf_io-run6,raw,100001,100001,1.0,70000,30001,1,1,13.428108167760087,0.8371668777206734,,gaussian_gmm,2,395648.60034734744,166166.71386051978,30001,5,-791241.4194420897,5.538705838489377,166166.71386051978,0.0,0.0,"component_0_mean=-0.14116991,weight=0.97830118;component_1_mean=6.3647093,weight=0.021698821"
interference,container,docker_cpu3-interf_io-run6,raw,100001,100001,1.0,70000,30001,1,1,13.428108167760087,0.8371668777206734,,gaussian_hmm,2,451136.426094586,191736.3778291729,30001,7,-902194.7584355248,6.390999560987064,182662.6042131178,41.76779205939471,0.3024490389005404,state_0_mean=-0.14117044;state_1_mean=6.3255783
interference,container,docker_cpu3-interf_io-run6,raw,100001,100001,1.0,70000,30001,1,1,13.428108167760087,0.8371668777206734,,gaussian_gmm,3,395840.52362468326,166334.0063236375,30001,8,-791591.7972451983,5.544282068052315,166334.0063236375,0.0,0.0,"component_0_mean=-0.14116987,weight=0.97830726;component_1_mean=5.4946139,weight=0.016588635;component_2_mean=9.2003052,weight=0.0051041093"
interference,container,docker_cpu3-interf_io-run6,raw,100001,100001,1.0,70000,30001,1,1,13.428108167760087,0.8371668777206734,,gaussian_hmm,3,452151.93238642963,192521.34230012575,30001,14,-904147.6772655648,6.417164171198485,182252.07197739487,58.09371594593842,0.34229760083766814,state_0_mean=-0.14117042;state_1_mean=5.2220194;state_2_mean=9.0765847
interference,container,docker_cpu3-interf_io-run6,raw,100001,100001,1.0,70000,30001,1,1,13.428108167760087,0.8371668777206734,,gaussian_gmm,4,395888.75088014384,166299.68821232524,30001,11,-791654.7830045563,5.543138169138537,166299.68821232524,0.0,0.0,"component_0_mean=-0.14116992,weight=0.97829947;component_1_mean=3.9485873,weight=0.0050357936;component_2_mean=5.8981528,weight=0.010350187;component_3_mean=9.0545113,weight=0.0063145542"
interference,container,docker_cpu3-interf_io-run6,raw,100001,100001,1.0,70000,30001,1,1,13.428108167760087,0.8371668777206734,,gaussian_hmm,4,452774.0316859732,192745.02378815453,30001,23,-905291.4696099628,6.424619972272742,180218.25058945914,56.4262497072191,0.41754518845023125,state_0_mean=-0.14117048;state_1_mean=3.4925254;state_2_mean=6.0249171;state_3_mean=8.9936974
interference,container,docker_cpu3-interf_io-run6,raw,100001,100001,1.0,70000,30001,1,1,13.428108167760087,0.8371668777206734,,gaussian_gmm,5,395880.78467341233,166298.34470665565,30001,14,-791605.3818395302,5.543093387108952,166298.34470665565,0.0,0.0,"component_0_mean=-0.14116992,weight=0.97829913;component_1_mean=3.2816046,weight=0.0034453343;component_2_mean=5.2034395,weight=0.0056657956;component_3_mean=6.3789532,weight=0.006217755;component_4_mean=9.0483285,weight=0.0063719828"
interference,container,docker_cpu3-interf_io-run6,raw,100001,100001,1.0,70000,30001,1,1,13.428108167760087,0.8371668777206734,,gaussian_hmm,5,453163.02125326113,193115.05140025995,30001,34,-905946.7299888072,6.436953814881503,180273.61288466695,44.32452326552344,0.42803368273034254,state_0_mean=-0.14117048;state_1_mean=3.5394595;state_2_mean=5.8541558;state_3_mean=7.8506686;state_4_mean=9.3599636
interference,container,docker_cpu3-interf_io-run6,stable,100001,97217,0.9721602783972161,68259,28958,44,18,13.309937635104557,0.0015830096305509416,,iid_gaussian,1,-96854.82533801775,-26804.40634115814,28958,2,193731.91280518047,-0.9256304420594703,-26804.40634115814,0.0,0.0,mean=-1.1986317e-12;sd=1
interference,container,docker_cpu3-interf_io-run6,stable,100001,97217,0.9721602783972161,68259,28958,44,18,13.309937635104557,0.0015830096305509416,,ar1_gaussian,1,,-26780.675145194364,28940,3,,-0.925386148762763,,,,intercept=-0.00013225036;phi=0.011207999;sd=0.99980292
interference,container,docker_cpu3-interf_io-run6,stable,100001,97217,0.9721602783972161,68259,28958,44,18,13.309937635104557,0.0015830096305509416,,gaussian_gmm,2,47042.92336842428,23014.395284064078,28958,5,-94030.19141398613,0.7947508558624241,23014.395284064078,0.0,0.0,"component_0_mean=-0.013493479,weight=0.99079903;component_1_mean=1.4530342,weight=0.0092009712"
interference,container,docker_cpu3-interf_io-run6,stable,100001,97217,0.9721602783972161,68259,28958,44,18,13.309937635104557,0.0015830096305509416,,gaussian_hmm,2,44021.179311611595,22757.20839423156,28958,7,-87964.44117121579,0.7858694797372594,22757.21305693144,0.00552032693534197,-1.6101595003141645e-07,state_0_mean=-0.010593459;state_1_mean=2.6039723
interference,container,docker_cpu3-interf_io-run6,stable,100001,97217,0.9721602783972161,68259,28958,44,18,13.309937635104557,0.0015830096305509416,,gaussian_gmm,3,47090.352223483926,23016.00603933725,28958,8,-94091.65593038796,0.7948064797063765,23016.00603933725,0.0,0.0,"component_0_mean=-0.013575967,weight=0.99059856;component_1_mean=1.2020894,weight=0.0093721391;component_2_mean=74.476872,weight=2.9300166e-05"
interference,container,docker_cpu3-interf_io-run6,stable,100001,97217,0.9721602783972161,68259,28958,44,18,13.309937635104557,0.0015830096305509416,,gaussian_hmm,3,44038.65098264587,22759.843211593085,28958,14,-87921.46706127696,0.7859604672834134,22759.849263611286,0.0024808739676797607,-2.0899296227102348e-07,state_0_mean=-0.010623115;state_1_mean=2.0563963;state_2_mean=74.476875
interference,container,docker_cpu3-interf_io-run6,stable,100001,97217,0.9721602783972161,68259,28958,44,18,13.309937635104557,0.0015830096305509416,,gaussian_gmm,4,52076.589028455805,24285.131918061452,28958,11,-104030.73634661427,0.8386329138083242,24285.131918061452,0.0,0.0,"component_0_mean=-0.038703262,weight=0.81397699;component_1_mean=0.12454187,weight=0.18550566;component_2_mean=13.233916,weight=0.00049198121;component_3_mean=74.47944,weight=2.5369483e-05"
interference,container,docker_cpu3-interf_io-run6,stable,100001,97217,0.9721602783972161,68259,28958,44,18,13.309937635104557,0.0015830096305509416,,gaussian_hmm,4,61783.051008885064,28528.33773412219,28958,23,-123310.08753260296,0.9851625711071963,21230.955177591044,50.98569854451134,0.2519988451043285,state_0_mean=-0.040028556;state_1_mean=0.16483708;state_2_mean=14.040259;state_3_mean=74.477614
interference,container,docker_cpu3-interf_io-run6,stable,100001,97217,0.9721602783972161,68259,28958,44,18,13.309937635104557,0.0015830096305509416,,gaussian_gmm,5,52112.65900151216,24453.23959733508,28958,14,-104069.48309900954,0.8444381379009283,24453.23959733508,0.0,0.0,"component_0_mean=-0.045718705,weight=0.76185683;component_1_mean=0.10041783,weight=0.23133923;component_2_mean=0.67209153,weight=0.0067453418;component_3_mean=74.476872,weight=2.9300166e-05;component_4_mean=166.71759,weight=2.9300166e-05"
interference,container,docker_cpu3-interf_io-run6,stable,100001,97217,0.9721602783972161,68259,28958,44,18,13.309937635104557,0.0015830096305509416,,gaussian_hmm,5,64734.39092195272,29188.061487441595,28958,34,-129090.32564844094,1.0079446607998341,21015.89588069529,38.522398139624315,0.28220752837717744,state_0_mean=-0.040362533;state_1_mean=0.13582233;state_2_mean=0.62175981;state_3_mean=74.476872;state_4_mean=166.71759
interference,host,host_cpu3-interf_io-run3,raw,100001,100001,1.0,70000,30001,1,1,13.322511664381267,0.21882649610234298,,iid_gaussian,1,-99325.19732432709,-32324.538750236075,30001,2,198672.70714969625,-1.0774487100508674,-32324.538750236075,0.0,0.0,mean=5.2166018e-15;sd=1
interference,host,host_cpu3-interf_io-run3,raw,100001,100001,1.0,70000,30001,1,1,13.322511664381267,0.21882649610234298,,ar1_gaussian,1,,-3737.882570893101,30000,3,,-0.1245960856964367,,,,intercept=-8.5280331e-07;phi=0.95134145;sd=0.30814315
interference,host,host_cpu3-interf_io-run3,raw,100001,100001,1.0,70000,30001,1,1,13.322511664381267,0.21882649610234298,,gaussian_gmm,2,253811.67829071183,108869.04508535258,30001,5,-507567.5753288185,3.6288472079381546,108869.04508535258,0.0,0.0,"component_0_mean=-0.05111024,weight=0.99595449;component_1_mean=12.582709,weight=0.0040455099"
interference,host,host_cpu3-interf_io-run3,raw,100001,100001,1.0,70000,30001,1,1,13.322511664381267,0.21882649610234298,,gaussian_hmm,2,254726.78165584273,109001.62153856998,30001,7,-509375.4695580382,3.633266275743141,108757.43007606108,4.685965018989727,0.008139444102159846,state_0_mean=-0.051107104;state_1_mean=12.785785
interference,host,host_cpu3-interf_io-run3,raw,100001,100001,1.0,70000,30001,1,1,13.322511664381267,0.21882649610234298,,gaussian_gmm,3,253875.8137376026,108878.22013472379,30001,8,-507662.377471037,3.6291530327230355,108878.22013472379,0.0,0.0,"component_0_mean=-0.05111068,weight=0.99593977;component_1_mean=4.771022,weight=0.0020754262;component_2_mean=20.65754,weight=0.0019848082"
interference,host,host_cpu3-interf_io-run3,raw,100001,100001,1.0,70000,30001,1,1,13.322511664381267,0.21882649610234298,,gaussian_hmm,3,255102.4898137872,109128.45793959028,30001,14,-510048.7921202799,3.6374940148525146,108629.43315150923,5.653457036265987,0.01663360514919667,state_0_mean=-0.051112017;state_1_mean=1.3838211;state_2_mean=19.369539
interference,host,host_cpu3-interf_io-run3,raw,100001,100001,1.0,70000,30001,1,1,13.322511664381267,0.21882649610234298,,gaussian_gmm,4,253926.75185479806,108905.00788745182,30001,11,-507730.78495386476,3.630045928050792,108905.00788745182,0.0,0.0,"component_0_mean=-0.051111842,weight=0.99589898;component_1_mean=1.2518214,weight=0.0015559623;component_2_mean=16.411443,weight=0.0013429483;component_3_mean=22.389606,weight=0.001202108"
interference,host,host_cpu3-interf_io-run3,raw,100001,100001,1.0,70000,30001,1,1,13.322511664381267,0.21882649610234298,,gaussian_hmm,4,255191.6024611205,109140.67234240724,30001,23,-510126.61116025725,3.637901148041973,108632.67481619571,8.251785115417748,0.016932686450836076,state_0_mean=-0.051112019;state_1_mean=1.3824553;state_2_mean=15.978172;state_3_mean=22.460457
interference,host,host_cpu3-interf_io-run3,raw,100001,100001,1.0,70000,30001,1,1,13.322511664381267,0.21882649610234298,,gaussian_gmm,5,253938.32364094516,108912.47890990955,30001,14,-507720.45977459586,3.630294953831857,108912.47890990955,0.0,0.0,"component_0_mean=-0.05111201,weight=0.99589276;component_1_mean=1.0092205,weight=0.0015140992;component_2_mean=13.797876,weight=0.00074445833;component_3_mean=19.280213,weight=0.00099921698;component_4_mean=23.352368,weight=0.00084946252"
interference,host,host_cpu3-interf_io-run3,raw,100001,100001,1.0,70000,30001,1,1,13.322511664381267,0.21882649610234298,,gaussian_hmm,5,267506.2693753606,114007.77253162017,30001,34,-534633.2262330062,3.8001324133068954,113377.61459378016,20.942994656039016,0.02100456444251877,state_0_mean=-0.055645921;state_1_mean=-0.047194763;state_2_mean=1.4435106;state_3_mean=16.015104;state_4_mean=22.489594
interference,host,host_cpu3-interf_io-run3,stable,100001,99659,0.996580034199658,69737,29922,14,8,13.311547724987786,0.014659287455727837,,iid_gaussian,1,-98952.01649009426,-30593.37156219049,29922,2,197926.33795279328,-1.0224373892851577,-30593.37156219049,0.0,0.0,mean=-9.4037764e-14;sd=1
interference,host,host_cpu3-interf_io-run3,stable,100001,99659,0.996580034199658,69737,29922,14,8,13.311547724987786,0.014659287455727837,,ar1_gaussian,1,,-30588.243017400244,29914,3,,-1.0225393801363991,,,,intercept=-5.3847094e-06;phi=0.0027849513;sd=1.0000984
interference,host,host_cpu3-interf_io-run3,stable,100001,99659,0.996580034199658,69737,29922,14,8,13.311547724987786,0.014659287455727837,,gaussian_gmm,2,67013.75181178894,28344.006492062195,29922,5,-133971.74119206597,0.9472631004632777,28344.006492062195,0.0,0.0,"component_0_mean=-0.015056857,weight=0.99854167;component_1_mean=10.309692,weight=0.0014583268"
interference,host,host_cpu3-interf_io-run3,stable,100001,99659,0.996580034199658,69737,29922,14,8,13.311547724987786,0.014659287455727837,,gaussian_hmm,2,63849.592869170425,28308.635142246192,29922,7,-127621.11833422416,0.9460809819613057,28245.95213328256,190.29173021501708,0.0020948803209555325,state_0_mean=-0.014792425;state_1_mean=11.346486
interference,host,host_cpu3-interf_io-run3,stable,100001,99659,0.996580034199658,69737,29922,14,8,13.311547724987786,0.014659287455727837,,gaussian_gmm,3,67104.60818524365,28385.690000567443,29922,8,-134119.99648006822,0.9486561727346916,28385.690000567443,0.0,0.0,"component_0_mean=-0.015091726,weight=0.99843698;component_1_mean=3.8875833,weight=0.0014626394;component_2_mean=93.461869,weight=0.00010038323"
interference,host,host_cpu3-interf_io-run3,stable,100001,99659,0.996580034199658,69737,29922,14,8,13.311547724987786,0.014659287455727837,,gaussian_hmm,3,63928.71879340631,28349.74975097405,29922,14,-127701.30277857924,0.9474550414736331,28348.276594771276,4.689467459313733,4.923321311321703e-05,state_0_mean=-0.014823489;state_1_mean=4.2094028;state_2_mean=93.464055
interference,host,host_cpu3-interf_io-run3,stable,100001,99659,0.996580034199658,69737,29922,14,8,13.311547724987786,0.014659287455727837,,gaussian_gmm,4,79503.55751174389,33285.478532194364,29922,11,-158884.43767416154,1.1124082124254517,33285.478532194364,0.0,0.0,"component_0_mean=-0.085322791,weight=0.43746602;component_1_mean=0.039731077,weight=0.56106543;component_2_mean=4.1312542,weight=0.0013681698;component_3_mean=93.463382,weight=0.00010037975"
interference,host,host_cpu3-interf_io-run3,stable,100001,99659,0.996580034199658,69737,29922,14,8,13.311547724987786,0.014659287455727837,,gaussian_hmm,4,76452.4272788712,33266.59022748469,29922,23,-152648.34737278754,1.1117769610147947,32950.316663882564,531.6615899447482,0.010569933948336486,state_0_mean=-0.087548207;state_1_mean=0.033447511;state_2_mean=4.4930403;state_3_mean=93.464401
interference,host,host_cpu3-interf_io-run3,stable,100001,99659,0.996580034199658,69737,29922,14,8,13.311547724987786,0.014659287455727837,,gaussian_gmm,5,79598.09307549609,33314.17256884659,29922,14,-159040.0513427588,1.1133671736129467,33314.17256884659,0.0,0.0,"component_0_mean=-0.085343297,weight=0.43736599;component_1_mean=0.039667917,weight=0.56103277;component_2_mean=2.0690671,weight=0.0013784527;component_3_mean=23.188647,weight=0.00012243314;component_4_mean=93.465555,weight=0.00010035873"
interference,host,host_cpu3-interf_io-run3,stable,100001,99659,0.996580034199658,69737,29922,14,8,13.311547724987786,0.014659287455727837,,gaussian_hmm,5,79828.90880528299,33416.80004087343,29922,34,-159278.63307628492,1.1167970069137567,33256.828663058164,17.398406239653916,0.005346279587436182,state_0_mean=-0.087986103;state_1_mean=0.034806607;state_2_mean=1.9872526;state_3_mean=22.456641;state_4_mean=93.465216
interference,container,docker_cpu3-interf_io-run7,raw,100001,100001,1.0,70000,30001,1,1,13.646190055543217,1.4850453537914974,,iid_gaussian,1,-99325.19732432709,-40920.42055400199,30001,2,198672.70714969625,-1.3639685528483048,-40920.42055400199,0.0,0.0,mean=5.2295945e-16;sd=1
interference,container,docker_cpu3-interf_io-run7,raw,100001,100001,1.0,70000,30001,1,1,13.646190055543217,1.4850453537914974,,ar1_gaussian,1,,28730.766155407007,30000,3,,0.9576922051802336,,,,intercept=-4.5745137e-08;phi=0.99544383;sd=0.095351278
interference,container,docker_cpu3-interf_io-run7,raw,100001,100001,1.0,70000,30001,1,1,13.646190055543217,1.4850453537914974,,gaussian_gmm,2,361514.3425643591,156934.95282871157,30001,5,-722972.903876113,5.230990727932788,156934.95282871157,0.0,0.0,"component_0_mean=-0.22934561,weight=0.9472832;component_1_mean=4.1211769,weight=0.052716797"
interference,container,docker_cpu3-interf_io-run7,raw,100001,100001,1.0,70000,30001,1,1,13.646190055543217,1.4850453537914974,,gaussian_hmm,2,396914.97642626794,172597.58600068177,30001,7,-793751.8590988887,5.753061097986126,157283.92090372118,97.3274735039078,0.5104384886157323,state_0_mean=-0.22934648;state_1_mean=4.1093373
interference,container,docker_cpu3-interf_io-run7,raw,100001,100001,1.0,70000,30001,1,1,13.646190055543217,1.4850453537914974,,gaussian_gmm,3,362078.372861271,157099.22361338465,30001,8,-724067.4957183738,5.236466238238213,157099.22361338465,0.0,0.0,"component_0_mean=-0.22934563,weight=0.9472803;component_1_mean=3.2918657,weight=0.024219025;component_2_mean=4.8254588,weight=0.028500672"
interference,container,docker_cpu3-interf_io-run7,raw,100001,100001,1.0,70000,30001,1,1,13.646190055543217,1.4850453537914974,,gaussian_hmm,3,399651.99555573874,173572.68598058855,30001,14,-799147.803604183,5.785563347241377,157328.34858826053,46.586945303156725,0.5414598644154534,state_0_mean=-0.22934651;state_1_mean=3.1701076;state_2_mean=4.8681139
interference,container,docker_cpu3-interf_io-run7,raw,100001,100001,1.0,70000,30001,1,1,13.646190055543217,1.4850453537914974,,gaussian_gmm,4,362149.5973157139,157122.7446389538,30001,11,-724176.4758756964,5.23725024629025,157122.7446389538,0.0,0.0,"component_0_mean=-0.2293457,weight=0.94726908;component_1_mean=2.6349244,weight=0.0089303488;component_2_mean=3.6593234,weight=0.016331904;component_3_mean=4.8767418,weight=0.027468664"
interference,container,docker_cpu3-interf_io-run7,raw,100001,100001,1.0,70000,30001,1,1,13.646190055543217,1.4850453537914974,,gaussian_hmm,4,401128.28033576027,174151.43844919582,30001,23,-801999.9669095369,5.804854453158089,156936.47585963242,83.79913513124718,0.5738129592201392,state_0_mean=-0.22934659;state_1_mean=2.931455;state_2_mean=4.375357;state_3_mean=5.0718206
interference,container,docker_cpu3-interf_io-run7,raw,100001,100001,1.0,70000,30001,1,1,13.646190055543217,1.4850453537914974,,gaussian_gmm,5,362234.2617076699,157150.43622555217,30001,14,-724312.3359080453,5.238173268409459,157150.43622555217,0.0,0.0,"component_0_mean=-0.22934571,weight=0.94726859;component_1_mean=2.2486328,weight=0.0059367685;component_2_mean=3.2962314,weight=0.01256449;component_3_mean=4.3548386,weight=0.014569037;component_4_mean=5.0374093,weight=0.019661117"
interference,container,docker_cpu3-interf_io-run7,raw,100001,100001,1.0,70000,30001,1,1,13.646190055543217,1.4850453537914974,,gaussian_hmm,5,401957.26596034924,174528.97583810234,30001,34,-803535.2194029834,5.817438613316301,156877.51476219186,70.02033765618302,0.58836242378289,state_0_mean=-0.22934659;state_1_mean=2.9045552;state_2_mean=4.2923684;state_3_mean=4.8255447;state_4_mean=5.1950546
interference,container,docker_cpu3-interf_io-run7,stable,100001,94586,0.945850541494585,66099,28487,40,17,13.305623864439102,0.0053436022889246605,,iid_gaussian,1,-93789.91810629566,-26548.497077312466,28487,2,187602.03403038558,-0.9319513138383285,-26548.497077312466,0.0,0.0,mean=-4.1405166e-14;sd=1
interference,container,docker_cpu3-interf_io-run7,stable,100001,94586,0.945850541494585,66099,28487,40,17,13.305623864439102,0.0053436022889246605,,ar1_gaussian,1,,-26538.596223973225,28470,3,,-0.9321600359667448,,,,intercept=1.6897111e-06;phi=0.0093211309;sd=1.0002564
interference,container,docker_cpu3-interf_io-run7,stable,100001,94586,0.945850541494585,66099,28487,40,17,13.305623864439102,0.0053436022889246605,,gaussian_gmm,2,27316.498484205193,11609.02454740821,28487,5,-54577.50242392472,0.4075200809986383,11609.02454740821,0.0,0.0,"component_0_mean=-0.0038394412,weight=0.99998487;component_1_mean=253.77939,weight=1.5128822e-05"
interference,container,docker_cpu3-interf_io-run7,stable,100001,94586,0.945850541494585,66099,28487,40,17,13.305623864439102,0.0053436022889246605,,gaussian_hmm,2,27311.894039489627,11609.019045055029,28487,7,-54546.095716699325,0.4075198878455095,11609.019045055069,2.1844708844160562e-11,-1.4047729447821407e-15,state_0_mean=-0.0038394412;state_1_mean=253.77939
interference,container,docker_cpu3-interf_io-run7,stable,100001,94586,0.945850541494585,66099,28487,40,17,13.305623864439102,0.0053436022889246605,,gaussian_gmm,3,79736.69899770533,34428.22125479681,28487,8,-159384.6067242336,1.208559035868881,34428.22125479681,0.0,0.0,"component_0_mean=-0.065247992,weight=0.77517472;component_1_mean=0.20790525,weight=0.22481015;component_2_mean=253.77939,weight=1.5128822e-05"
interference,container,docker_cpu3-interf_io-run7,stable,100001,94586,0.945850541494585,66099,28487,40,17,13.305623864439102,0.0053436022889246605,,gaussian_hmm,3,90865.39482911145,38742.66856729482,28487,14,-181575.40493366306,1.3600122360127365,30381.77640335844,77.98593826889507,0.2934985138461889,state_0_mean=-0.065398304;state_1_mean=0.22801152;state_2_mean=253.77939
interference,container,docker_cpu3-interf_io-run7,stable,100001,94586,0.945850541494585,66099,28487,40,17,13.305623864439102,0.0053436022889246605,,gaussian_gmm,4,82276.77441127872,36352.53101210132,28487,11,-164431.46082468898,1.276109488963433,36352.53101210132,0.0,0.0,"component_0_mean=-0.065403538,weight=0.78209121;component_1_mean=0.20905476,weight=0.21547621;component_2_mean=0.9372763,weight=0.0024174539;component_3_mean=253.77939,weight=1.5128822e-05"
interference,container,docker_cpu3-interf_io-run7,stable,100001,94586,0.945850541494585,66099,28487,40,17,13.305623864439102,0.0053436022889246605,,gaussian_hmm,4,99901.64016358012,42825.05798794192,28487,23,-199548.00542252618,1.5033193382224144,22596.756316242263,66.09794918173674,0.7100888711236583,state_0_mean=-0.064813488;state_1_mean=0.19426892;state_2_mean=0.43421863;state_3_mean=253.77939
interference,container,docker_cpu3-interf_io-run7,stable,100001,94586,0.945850541494585,66099,28487,40,17,13.305623864439102,0.0053436022889246605,,gaussian_gmm,5,83534.53292415765,37078.089762863165,28487,14,-166913.68112375546,1.3015793085569967,37078.089762863165,0.0,0.0,"component_0_mean=-0.065718103,weight=0.78905935;component_1_mean=0.14268186,weight=0.15547929;component_2_mean=0.43356029,weight=0.042244437;component_3_mean=0.56935565,weight=0.013201792;component_4_mean=253.77939,weight=1.5128822e-05"
interference,container,docker_cpu3-interf_io-run7,stable,100001,94586,0.945850541494585,66099,28487,40,17,13.305623864439102,0.0053436022889246605,,gaussian_hmm,5,105050.64334663167,46097.235445126214,28487,34,-209723.92379076083,1.6181849771870052,22982.62136372556,99.65471423577947,0.8114092070558729,state_0_mean=-0.064745279;state_1_mean=0.16243187;state_2_mean=0.43413409;state_3_mean=0.50764211;state_4_mean=253.77939
interference,container,docker_cpu3-interf_io-run8,raw,100001,100001,1.0,70000,30001,1,1,13.621463557628052,1.4193572252655478,,iid_gaussian,1,-99325.19732432709,-46425.809731171656,30001,2,198672.70714969625,-1.5474754085254376,-46425.809731171656,0.0,0.0,mean=1.4357024e-15;sd=1
interference,container,docker_cpu3-interf_io-run8,raw,100001,100001,1.0,70000,30001,1,1,13.621463557628052,1.4193572252655478,,ar1_gaussian,1,,26601.75888388553,30000,3,,0.8867252961295177,,,,intercept=2.4411189e-05;phi=0.99567027;sd=0.093125905
interference,container,docker_cpu3-interf_io-run8,raw,100001,100001,1.0,70000,30001,1,1,13.621463557628052,1.4193572252655478,,gaussian_gmm,2,360708.54351637035,153177.47933264013,30001,5,-721361.3057801356,5.105745786228463,153177.47933264013,0.0,0.0,"component_0_mean=-0.21651398,weight=0.95257999;component_1_mean=4.3493644,weight=0.047420007"
interference,container,docker_cpu3-interf_io-run8,raw,100001,100001,1.0,70000,30001,1,1,13.621463557628052,1.4193572252655478,,gaussian_hmm,2,390801.42463989096,168830.90794069978,30001,7,-781524.7555261347,5.627509347711736,152298.2841443002,55.78157030792198,0.5510690909102886,state_0_mean=-0.21651678;state_1_mean=4.3048844
interference,container,docker_cpu3-interf_io-run8,raw,100001,100001,1.0,70000,30001,1,1,13.621463557628052,1.4193572252655478,,gaussian_gmm,3,361419.4337256416,153513.3003284363,30001,8,-722749.6174471149,5.116939446299667,153513.3003284363,0.0,0.0,"component_0_mean=-0.21651411,weight=0.9525614;component_1_mean=3.4152629,weight=0.020991954;component_2_mean=5.0875989,weight=0.026446649"
interference,container,docker_cpu3-interf_io-run8,raw,100001,100001,1.0,70000,30001,1,1,13.621463557628052,1.4193572252655478,,gaussian_hmm,3,393706.2614585814,170220.41329628354,30001,14,-787256.3354098683,5.673824649054483,153231.34131589677,72.59482392048406,0.5662835232287846,state_0_mean=-0.21651834;state_1_mean=3.1241405;state_2_mean=5.1076989
interference,container,docker_cpu3-interf_io-run8,raw,100001,100001,1.0,70000,30001,1,1,13.621463557628052,1.4193572252655478,,gaussian_gmm,4,361521.12679423037,153541.94181388407,30001,11,-722919.5348327294,5.117894130658447,153541.94181388407,0.0,0.0,"component_0_mean=-0.21651445,weight=0.95250979;component_1_mean=2.7725708,weight=0.0081132336;component_2_mean=3.7683731,weight=0.013213137;component_3_mean=5.1194927,weight=0.026163841"
interference,container,docker_cpu3-interf_io-run8,raw,100001,100001,1.0,70000,30001,1,1,13.621463557628052,1.4193572252655478,,gaussian_hmm,4,394979.64363972336,170726.85279149818,30001,23,-789702.693517463,5.690705402869844,152484.59230315505,66.76692904419363,0.6080550811087342,state_0_mean=-0.21652159;state_1_mean=1.5932022;state_2_mean=3.8003641;state_3_mean=5.1553376
interference,container,docker_cpu3-interf_io-run8,raw,100001,100001,1.0,70000,30001,1,1,13.621463557628052,1.4193572252655478,,gaussian_gmm,5,361573.41026599496,153594.6564806844,30001,14,-722990.6330246954,5.119651227648559,153594.6564806844,0.0,0.0,"component_0_mean=-0.21651454,weight=0.95249654;component_1_mean=2.3529367,weight=0.0053228504;component_2_mean=3.3702618,weight=0.010533252;component_3_mean=4.5769098,weight=0.011541022;component_4_mean=5.2412823,weight=0.020106337"
interference,container,docker_cpu3-interf_io-run8,raw,100001,100001,1.0,70000,30001,1,1,13.621463557628052,1.4193572252655478,,gaussian_hmm,5,396661.6780154268,171470.11481019156,30001,34,-792944.0435131385,5.715479977673796,138619.812792662,163.2774551096952,1.0949735681320474,state_0_mean=-0.21652597;state_1_mean=-0.081735562;state_2_mean=3.2444276;state_3_mean=4.7474195;state_4_mean=5.360186
interference,container,docker_cpu3-interf_io-run8,stable,100001,94744,0.9474305256947431,66522,28222,33,18,13.314167165637066,0.0013780331467548802,,iid_gaussian,1,-94390.12910584123,-29907.993088650102,28222,2,188802.46878768047,-1.0597403829866807,-29907.993088650102,0.0,0.0,mean=1.7449277e-12;sd=1
interference,container,docker_cpu3-interf_io-run8,stable,100001,94744,0.9474305256947431,66522,28222,33,18,13.314167165637066,0.0013780331467548802,,ar1_gaussian,1,,-29030.0716915438,28204,3,,-1.029289167903269,,,,intercept=-6.9694288e-05;phi=0.25085638;sd=0.96786465
interference,container,docker_cpu3-interf_io-run8,stable,100001,94744,0.9474305256947431,66522,28222,33,18,13.314167165637066,0.0013780331467548802,,gaussian_gmm,2,-19785.456981937954,-4512.408860731529,28222,5,39626.44040387091,-0.1598897619138094,-4512.408860731529,0.0,0.0,"component_0_mean=-0.26607842,weight=0.78637265;component_1_mean=0.9794476,weight=0.21362735"
interference,container,docker_cpu3-interf_io-run8,stable,100001,94744,0.9474305256947431,66522,28222,33,18,13.314167165637066,0.0013780331467548802,,gaussian_hmm,2,-10311.457435417324,-736.8242095288936,28222,7,20700.65188682765,-0.026108150008110467,-8579.536458875931,89.77392689441932,0.27789356705219465,state_0_mean=-0.2672931;state_1_mean=1.0447294
interference,container,docker_cpu3-interf_io-run8,stable,100001,94744,0.9474305256947431,66522,28222,33,18,13.314167165637066,0.0013780331467548802,,gaussian_gmm,3,-8596.335618608384,-1785.0726947668709,28222,8,17281.51354120877,-0.06325110533508861,-1785.0726947668709,0.0,0.0,"component_0_mean=-0.26855843,weight=0.78657538;component_1_mean=0.9050605,weight=0.2106894;component_2_mean=7.5148569,weight=0.0027352206"
interference,container,docker_cpu3-interf_io-run8,stable,100001,94744,0.9474305256947431,66522,28222,33,18,13.314167165637066,0.0013780331467548802,,gaussian_hmm,3,2917.7965710612707,2504.917489213973,28222,14,-5680.119110136536,0.08875761778803674,-6052.85881399573,56.336994078256694,0.303230681851382,state_0_mean=-0.26880239;state_1_mean=0.96265233;state_2_mean=7.3269826
interference,container,docker_cpu3-interf_io-run8,stable,100001,94744,0.9474305256947431,66522,28222,33,18,13.314167165637066,0.0013780331467548802,,gaussian_gmm,4,-7548.74783564827,-902.8104366483086,28222,11,15219.653839285544,-0.03198959806705083,-902.8104366483086,0.0,0.0,"component_0_mean=-0.27004127,weight=0.79822431;component_1_mean=0.4114818,weight=0.10264695;component_2_mean=1.5617491,weight=0.094979078;component_3_mean=6.0204163,weight=0.0041496567"
interference,container,docker_cpu3-interf_io-run8,stable,100001,94744,0.9474305256947431,66522,28222,33,18,13.314167165637066,0.0013780331467548802,,gaussian_hmm,4,12442.826935364923,7013.389371691323,28222,23,-24630.232246752836,0.24850787937393956,-16059.464148214718,103.75433717252918,0.8175484912446334,state_0_mean=-0.26680359;state_1_mean=0.80517805;state_2_mean=1.6562518;state_3_mean=5.4639004
interference,container,docker_cpu3-interf_io-run8,stable,100001,94744,0.9474305256947431,66522,28222,33,18,13.314167165637066,0.0013780331467548802,,gaussian_gmm,5,-6532.000124648326,-524.5636365851406,28222,14,13219.474281282659,-0.018587046863622017,-524.5636365851406,0.0,0.0,"component_0_mean=-0.27061055,weight=0.79191277;component_1_mean=0.46011999,weight=0.12636912;component_2_mean=1.6450061,weight=0.06483454;component_3_mean=2.3693098,weight=0.016614588;component_4_mean=37.684235,weight=0.00026898958"
interference,container,docker_cpu3-interf_io-run8,stable,100001,94744,0.9474305256947431,66522,28222,33,18,13.314167165637066,0.0013780331467548802,,gaussian_hmm,5,15966.265411990375,8557.053878068791,28222,34,-31554.951032014735,0.30320508390861,-15799.606922296094,94.45815212060613,0.8630380837773682,state_0_mean=-0.26691332;state_1_mean=0.44555029;state_2_mean=1.374131;state_3_mean=1.6567169;state_4_mean=3.8894887
interference,container,docker_cpu3-interf_io-run4,raw,100001,100001,1.0,70000,30001,1,1,13.482186720369178,0.9962846117447216,,iid_gaussian,1,-99325.19732432708,-30231.43554768675,30001,2,198672.70714969622,-1.0076809288919286,-30231.43554768675,0.0,0.0,mean=-2.6635202e-16;sd=1
interference,container,docker_cpu3-interf_io-run4,raw,100001,100001,1.0,70000,30001,1,1,13.482186720369178,0.9962846117447216,,ar1_gaussian,1,,27984.805286335795,30000,3,,0.9328268428778599,,,,intercept=-1.8764495e-07;phi=0.99060702;sd=0.13674187
interference,container,docker_cpu3-interf_io-run4,raw,100001,100001,1.0,70000,30001,1,1,13.482186720369178,0.9962846117447216,,gaussian_gmm,2,389153.94279368327,170805.13036812068,30001,5,-778252.1043347614,5.693314568451741,170805.13036812068,0.0,0.0,"component_0_mean=-0.17290875,weight=0.9691001;component_1_mean=5.4228619,weight=0.030899899"
interference,container,docker_cpu3-interf_io-run4,raw,100001,100001,1.0,70000,30001,1,1,13.482186720369178,0.9962846117447216,,gaussian_hmm,2,446683.6036807099,180669.2104856185,30001,7,-893289.1136077726,6.0221062793113065,178694.27027292657,23.928545778122412,0.06582914611819374,state_0_mean=-0.17290882;state_1_mean=5.4198224
interference,container,docker_cpu3-interf_io-run4,raw,100001,100001,1.0,70000,30001,1,1,13.482186720369178,0.9962846117447216,,gaussian_gmm,3,389217.00362432445,170836.45261436922,30001,8,-778344.7572444807,5.694358608525357,170836.45261436922,0.0,0.0,"component_0_mean=-0.17290875,weight=0.96910006;component_1_mean=4.6266506,weight=0.017213779;component_2_mean=6.424281,weight=0.01368616"
interference,container,docker_cpu3-interf_io-run4,raw,100001,100001,1.0,70000,30001,1,1,13.482186720369178,0.9962846117447216,,gaussian_hmm,3,447885.251549287,180609.76343113,30001,14,-895614.3155912795,6.020124776878437,178657.13360580202,19.74705974744522,0.06508549132788848,state_0_mean=-0.17290882;state_1_mean=4.6137882;state_2_mean=6.8432521
interference,container,docker_cpu3-interf_io-run4,raw,100001,100001,1.0,70000,30001,1,1,13.482186720369178,0.9962846117447216,,gaussian_gmm,4,389331.97916333645,170912.081474551,30001,11,-778541.2395709415,5.69687948650215,170912.081474551,0.0,0.0,"component_0_mean=-0.17290875,weight=0.96909995;component_1_mean=3.6806259,weight=0.0070196465;component_2_mean=5.2573192,weight=0.014067899;component_3_mean=6.9064656,weight=0.0098125054"
interference,container,docker_cpu3-interf_io-run4,raw,100001,100001,1.0,70000,30001,1,1,13.482186720369178,0.9962846117447216,,gaussian_hmm,4,448778.476756036,181013.0484232451,30001,23,-897300.3597500883,6.033567161869441,178845.88519154344,21.660213484115907,0.07223636651117221,state_0_mean=-0.17290884;state_1_mean=3.6316182;state_2_mean=5.4221591;state_3_mean=6.9225317
interference,container,docker_cpu3-interf_io-run4,raw,100001,100001,1.0,70000,30001,1,1,13.482186720369178,0.9962846117447216,,gaussian_gmm,5,389348.76058745023,170930.8633467945,30001,14,-778541.333667606,5.697505528042216,170930.8633467945,0.0,0.0,"component_0_mean=-0.17290875,weight=0.96909991;component_1_mean=3.1747768,weight=0.0045198531;component_2_mean=4.6662739,weight=0.0083827582;component_3_mean=5.721168,weight=0.009345283;component_4_mean=7.0079513,weight=0.0086521932"
interference,container,docker_cpu3-interf_io-run4,raw,100001,100001,1.0,70000,30001,1,1,13.482186720369178,0.9962846117447216,,gaussian_hmm,5,448991.75634646055,182870.99732268002,30001,34,-897604.2001752061,6.095496727531749,180757.6275077738,22.330577043449555,0.07044331238646082,state_0_mean=-0.17290917;state_1_mean=-0.16331321;state_2_mean=3.7257639;state_3_mean=5.4524695;state_4_mean=6.928918
interference,container,docker_cpu3-interf_io-run4,stable,100001,97442,0.974410255897441,67643,29799,38,6,13.309930689796644,0.002303675851243654,,iid_gaussian,1,-95980.75920156368,-296783.04731221334,29799,2,191983.7624014363,-9.959496872788126,-296783.04731221334,0.0,0.0,mean=1.0490864e-12;sd=1
interference,container,docker_cpu3-interf_io-run4,stable,100001,97442,0.974410255897441,67643,29799,38,6,13.309930689796644,0.002303675851243654,,ar1_gaussian,1,,-296767.7462127993,29793,3,,-9.960989031410039,,,,intercept=-9.6432639e-05;phi=0.0064822441;sd=0.99996701
interference,container,docker_cpu3-interf_io-run4,stable,100001,97442,0.974410255897441,67643,29799,38,6,13.309930689796644,0.002303675851243654,,gaussian_gmm,2,22253.618044400282,-8861716.646720693,29799,5,-44451.62609302815,-297.383021132276,-8861716.646720693,0.0,0.0,"component_0_mean=-0.0037861989,weight=0.99998522;component_1_mean=256.10606,weight=1.4783496e-05"
interference,container,docker_cpu3-interf_io-run4,stable,100001,97442,0.974410255897441,67643,29799,38,6,13.309930689796644,0.002303675851243654,,gaussian_hmm,2,22249.01354169023,-8787150.095751997,29799,7,-44420.17308929908,-294.88070390791626,-8787150.095753413,4.135971759363161e-07,4.750529592991467e-11,state_0_mean=-0.0037861989;state_1_mean=256.10606
interference,container,docker_cpu3-interf_io-run4,stable,100001,97442,0.974410255897441,67643,29799,38,6,13.309930689796644,0.002303675851243654,,gaussian_gmm,3,67604.84429714188,-748416.7489603405,29799,8,-135120.7126010479,-25.115498807353955,-748416.7489603405,0.0,0.0,"component_0_mean=-0.020930923,weight=0.94110425;component_1_mean=0.27024075,weight=0.05888097;component_2_mean=256.10606,weight=1.4783496e-05"
interference,container,docker_cpu3-interf_io-run4,stable,100001,97442,0.974410255897441,67643,29799,38,6,13.309930689796644,0.002303675851243654,,gaussian_hmm,3,55175.23132533599,-10051841.19966607,29799,14,-110194.75466250922,-337.32142688231386,-9973825.797512298,3497.550995863649,-2.618054369400697,state_0_mean=-0.0043143662;state_1_mean=35.721984;state_2_mean=256.10606
interference,container,docker_cpu3-interf_io-run4,stable,100001,97442,0.974410255897441,67643,29799,38,6,13.309930689796644,0.002303675851243654,,gaussian_gmm,4,72558.62148863205,-7266424.652735093,29799,11,-144994.90098656478,-243.8479362641395,-7266424.652735093,0.0,0.0,"component_0_mean=-0.026698098,weight=0.89119852;component_1_mean=0.17908177,weight=0.10877191;component_2_mean=35.721984,weight=1.4783496e-05;component_3_mean=256.10606,weight=1.4783496e-05"
interference,container,docker_cpu3-interf_io-run4,stable,100001,97442,0.974410255897441,67643,29799,38,6,13.309930689796644,0.002303675851243654,,gaussian_hmm,4,84151.10714589883,-8891791.290646156,29799,23,-168046.40831124454,-298.39227123883876,-8908052.41541555,30.46789172744634,0.5456936396990958,state_0_mean=-0.030586903;state_1_mean=0.16849921;state_2_mean=35.721984;state_3_mean=256.10606
interference,container,docker_cpu3-interf_io-run4,stable,100001,97442,0.974410255897441,67643,29799,38,6,13.309930689796644,0.002303675851243654,,gaussian_gmm,5,73214.2206389515,-6024944.74621913,29799,14,-146272.73328974025,-202.18613866972484,-6024944.74621913,0.0,0.0,"component_0_mean=-0.047440072,weight=0.60890499;component_1_mean=0.025517057,weight=0.31164421;component_2_mean=0.20926413,weight=0.079421233;component_3_mean=35.721984,weight=1.4783496e-05;component_4_mean=256.10606,weight=1.4783496e-05"
interference,container,docker_cpu3-interf_io-run4,stable,100001,97442,0.974410255897441,67643,29799,38,6,13.309930689796644,0.002303675851243654,,gaussian_hmm,5,88526.00278478867,-6107389.268941329,29799,34,-176673.85759832492,-204.95282623381084,-6136650.607706426,179.8182877105461,0.9819570712136935,state_0_mean=-0.031454324;state_1_mean=0.096973814;state_2_mean=0.37392422;state_3_mean=35.721984;state_4_mean=256.10606
interference,container,docker_cpu3-interf_io-run10,raw,100001,100001,1.0,70000,30001,1,1,13.486329934984814,1.0696273797081062,,iid_gaussian,1,-99325.19732432708,-86332.0068341277,30001,2,198672.70714969622,-2.877637639882927,-86332.0068341277,0.0,0.0,mean=2.0918378e-15;sd=1
interference,container,docker_cpu3-interf_io-run10,raw,100001,100001,1.0,70000,30001,1,1,13.486329934984814,1.0696273797081062,,ar1_gaussian,1,,9937.788478452749,30000,3,,0.33125961594842496,,,,intercept=-1.0530787e-07;phi=0.99263697;sd=0.1211293
interference,container,docker_cpu3-interf_io-run10,raw,100001,100001,1.0,70000,30001,1,1,13.486329934984814,1.0696273797081062,,gaussian_gmm,2,367041.02812653326,134738.79288428058,30001,5,-734026.2750004614,4.491143391362974,134738.79288428058,0.0,0.0,"component_0_mean=-0.17194854,weight=0.96912475;component_1_mean=5.3971902,weight=0.030875248"
interference,container,docker_cpu3-interf_io-run10,raw,100001,100001,1.0,70000,30001,1,1,13.486329934984814,1.0696273797081062,,gaussian_hmm,2,389413.1816616963,151713.42079710844,30001,7,-778748.2695697454,5.056945461721558,123784.50449112288,235.5674910549261,0.9309328457713264,state_0_mean=-0.17195015;state_1_mean=5.3507632
interference,container,docker_cpu3-interf_io-run10,raw,100001,100001,1.0,70000,30001,1,1,13.486329934984814,1.0696273797081062,,gaussian_gmm,3,367453.54785050196,135586.91321723646,30001,8,-734817.8456968357,4.519413126803656,135586.91321723646,0.0,0.0,"component_0_mean=-0.17194858,weight=0.96911888;component_1_mean=4.443585,weight=0.017709161;component_2_mean=6.6767921,weight=0.013171962"
interference,container,docker_cpu3-interf_io-run10,raw,100001,100001,1.0,70000,30001,1,1,13.486329934984814,1.0696273797081062,,gaussian_hmm,3,391208.6685170231,154491.86056396033,30001,14,-782261.1495267517,5.149557033564226,123303.33108462654,138.92905256144445,1.039582996544575,state_0_mean=-0.17195075;state_1_mean=4.1417881;state_2_mean=6.6814492
interference,container,docker_cpu3-interf_io-run10,raw,100001,100001,1.0,70000,30001,1,1,13.486329934984814,1.0696273797081062,,gaussian_gmm,4,367530.53155765834,135625.81258947222,30001,11,-734938.3443595853,4.520709729324763,135625.81258947222,0.0,0.0,"component_0_mean=-0.17194881,weight=0.96908595;component_1_mean=3.3152246,weight=0.0056372334;component_2_mean=4.7517532,weight=0.010691604;component_3_mean=6.6602146,weight=0.014585208"
interference,container,docker_cpu3-interf_io-run10,raw,100001,100001,1.0,70000,30001,1,1,13.486329934984814,1.0696273797081062,,gaussian_hmm,4,394485.8760489118,155828.3052200397,30001,23,-788715.15833584,5.194103703877861,121077.61299157873,95.36777944776358,1.1583177970221317,state_0_mean=-0.17207719;state_1_mean=-0.17182001;state_2_mean=4.2694816;state_3_mean=6.6970657
interference,container,docker_cpu3-interf_io-run10,raw,100001,100001,1.0,70000,30001,1,1,13.486329934984814,1.0696273797081062,,gaussian_gmm,5,367584.2944123534,135688.3902664528,30001,14,-735012.4013174124,4.522795582362348,135688.3902664528,0.0,0.0,"component_0_mean=-0.17194882,weight=0.96908497;component_1_mean=2.9553121,weight=0.004573356;component_2_mean=4.4506807,weight=0.008794489;component_3_mean=5.9239413,weight=0.0063626677;component_4_mean=6.8204786,weight=0.011184521"
interference,container,docker_cpu3-interf_io-run10,raw,100001,100001,1.0,70000,30001,1,1,13.486329934984814,1.0696273797081062,,gaussian_hmm,5,395241.9065158218,157045.57257465148,30001,34,-790104.5005139286,5.23467792989072,119490.55112388353,142.09799842961942,1.2517923219482001,state_0_mean=-0.17207719;state_1_mean=-0.17182003;state_2_mean=3.9321083;state_3_mean=6.0523136;state_4_mean=6.9089216
interference,container,docker_cpu3-interf_io-run10,stable,100001,94471,0.9447005529944701,67640,26831,40,20,13.302417558153762,0.0011227403782492393,,iid_gaussian,1,-95976.50238596406,-30331.244682916094,26831,2,191975.24868153414,-1.1304552451610486,-30331.244682916094,0.0,0.0,mean=4.9826736e-13;sd=1
interference,container,docker_cpu3-interf_io-run10,stable,100001,94471,0.9447005529944701,67640,26831,40,20,13.302417558153762,0.0011227403782492393,,ar1_gaussian,1,,-29876.287284211736,26811,3,,-1.1143294649290119,,,,intercept=-0.00012113468;phi=0.15026042;sd=0.9884025
interference,container,docker_cpu3-interf_io-run10,stable,100001,94471,0.9447005529944701,67640,26831,40,20,13.302417558153762,0.0011227403782492393,,gaussian_gmm,2,-26544.20520337712,-12064.800464969778,26831,5,53144.02018076931,-0.44965899388654085,-12064.800464969778,0.0,0.0,"component_0_mean=-0.26294328,weight=0.80986998;component_1_mean=1.1200223,weight=0.19013002"
interference,container,docker_cpu3-interf_io-run10,stable,100001,94471,0.9447005529944701,67640,26831,40,20,13.302417558153762,0.0011227403782492393,,gaussian_hmm,2,-51173.052582722936,-17348.902945849964,26831,7,102423.95884906696,-0.6465991929428633,-18130.89429240649,151.510865308116,0.029145069008107264,state_0_mean=-0.17215552;state_1_mean=1.7464387
interference,container,docker_cpu3-interf_io-run10,stable,100001,94471,0.9447005529944701,67640,26831,40,20,13.302417558153762,0.0011227403782492393,,gaussian_gmm,3,-17591.39297689643,-9821.837932476512,26831,8,35271.76159221696,-0.3660630588675976,-9821.837932476512,0.0,0.0,"component_0_mean=-0.26595692,weight=0.81080095;component_1_mean=1.0881971,weight=0.18843053;component_2_mean=13.777874,weight=0.00076851998"
interference,container,docker_cpu3-interf_io-run10,stable,100001,94471,0.9447005529944701,67640,26831,40,20,13.302417558153762,0.0011227403782492393,,gaussian_hmm,3,-8057.775609541585,-4917.397830031434,26831,14,16271.258586325346,-0.18327299877125094,-13776.385739286503,102.28837837918508,0.33017732880828404,state_0_mean=-0.26876754;state_1_mean=1.1118936;state_2_mean=11.363917
interference,container,docker_cpu3-interf_io-run10,stable,100001,94471,0.9447005529944701,67640,26831,40,20,13.302417558153762,0.0011227403782492393,,gaussian_gmm,4,-16828.286133975722,-8784.940232312478,26831,11,33778.91377078458,-0.3274175480717259,-8784.940232312478,0.0,0.0,"component_0_mean=-0.26876878,weight=0.81651537;component_1_mean=0.53301402,weight=0.10342902;component_2_mean=1.921952,weight=0.07865155;component_3_mean=9.3729771,weight=0.0014040604"
interference,container,docker_cpu3-interf_io-run10,stable,100001,94471,0.9447005529944701,67640,26831,40,20,13.302417558153762,0.0011227403782492393,,gaussian_hmm,4,2170.379463659217,392.98806891250376,26831,23,-4084.953966849146,0.014646791730181647,-23325.304172831653,230.82857422552257,0.8839883806695298,state_0_mean=-0.26646156;state_1_mean=0.76966435;state_2_mean=2.117074;state_3_mean=4.1185652
interference,container,docker_cpu3-interf_io-run10,stable,100001,94471,0.9447005529944701,67640,26831,40,20,13.302417558153762,0.0011227403782492393,,gaussian_gmm,5,-15737.626750499696,-8388.242004664588,26831,14,31630.960868241567,-0.3126324775321303,-8388.242004664588,0.0,0.0,"component_0_mean=-0.26892502,weight=0.8092653;component_1_mean=0.62836335,weight=0.13505215;component_2_mean=2.0987685,weight=0.04492341;component_3_mean=2.9002726,weight=0.010509545;component_4_mean=32.074474,weight=0.00024959041"
interference,container,docker_cpu3-interf_io-run10,stable,100001,94471,0.9447005529944701,67640,26831,40,20,13.302417558153762,0.0011227403782492393,,gaussian_hmm,5,4558.151733047439,1164.6934296262264,26831,34,-8738.157002792452,0.04340849873751356,-22071.15043062902,175.8187894479656,0.8660073743153534,state_0_mean=-0.2673416;state_1_mean=0.44606381;state_2_mean=1.1983876;state_3_mean=2.1165435;state_4_mean=3.9046321
interference,container,docker_cpu3-interf_io-run3,raw,100001,100001,1.0,70000,30001,1,1,13.313204307870091,0.10191550366875293,,iid_gaussian,1,-99325.19732432708,-28278.702924022677,30001,2,198672.70714969622,-0.9425920110670537,-28278.702924022677,0.0,0.0,mean=-6.9519501e-15;sd=1
interference,container,docker_cpu3-interf_io-run3,raw,100001,100001,1.0,70000,30001,1,1,13.313204307870091,0.10191550366875293,,ar1_gaussian,1,,-8939.42357013104,30000,3,,-0.2979807856710347,,,,intercept=-1.93499e-06;phi=0.90549738;sd=0.42435774
interference,container,docker_cpu3-interf_io-run3,raw,100001,100001,1.0,70000,30001,1,1,13.313204307870091,0.10191550366875293,,gaussian_gmm,2,286071.6124005044,119339.0975618875,30001,5,-572087.4435484037,3.9778373241521114,119339.0975618875,0.0,0.0,"component_0_mean=-0.028387,weight=0.99137609;component_1_mean=3.2632742,weight=0.0086239131"
interference,container,docker_cpu3-interf_io-run3,raw,100001,100001,1.0,70000,30001,1,1,13.313204307870091,0.10191550366875293,,gaussian_hmm,2,286321.97691559326,119133.67004347326,30001,7,-572565.8600775393,3.9709899684501604,119083.57274517852,3.7234076422696027,0.0016698542813487003,state_0_mean=-0.028393749;state_1_mean=3.1267497
interference,container,docker_cpu3-interf_io-run3,raw,100001,100001,1.0,70000,30001,1,1,13.313204307870091,0.10191550366875293,,gaussian_gmm,3,289848.4832452484,120613.35659255307,30001,8,-579607.7164863285,4.020311209378123,120613.35659255307,0.0,0.0,"component_0_mean=-0.028484689,weight=0.98185332;component_1_mean=-0.0096012395,weight=0.015878827;component_2_mean=12.399527,weight=0.0022678481"
interference,container,docker_cpu3-interf_io-run3,raw,100001,100001,1.0,70000,30001,1,1,13.313204307870091,0.10191550366875293,,gaussian_hmm,3,305717.8079088158,124932.61425315622,30001,14,-611279.4283103371,4.16428166571635,120481.72944346233,4.508614869544033,0.14835788172707207,state_0_mean=-0.03224671;state_1_mean=-0.027239097;state_2_mean=3.0242399
interference,container,docker_cpu3-interf_io-run3,raw,100001,100001,1.0,70000,30001,1,1,13.313204307870091,0.10191550366875293,,gaussian_gmm,4,290132.84468037274,120759.99438911985,30001,11,-580142.9706050141,4.025198973004895,120759.99438911985,0.0,0.0,"component_0_mean=-0.02848962,weight=0.98110729;component_1_mean=-0.010597652,weight=0.016434633;component_2_mean=0.44604876,weight=0.0015167542;component_3_mean=29.160029,weight=0.00094132265"
interference,container,docker_cpu3-interf_io-run3,raw,100001,100001,1.0,70000,30001,1,1,13.313204307870091,0.10191550366875293,,gaussian_hmm,4,310836.4276770544,126142.91356138268,30001,23,-621416.2615921252,4.2046236312583805,121312.51027174733,7.007331978039966,0.16100807605197645,state_0_mean=-0.032248354;state_1_mean=-0.027399203;state_2_mean=-0.013294185;state_3_mean=12.328698
interference,container,docker_cpu3-interf_io-run3,raw,100001,100001,1.0,70000,30001,1,1,13.313204307870091,0.10191550366875293,,gaussian_gmm,5,290143.53507688065,120761.9487298285,30001,14,-580130.8826464668,4.025264115523766,120761.9487298285,0.0,0.0,"component_0_mean=-0.028488752,weight=0.9812721;component_1_mean=-0.01045948,weight=0.016273463;component_2_mean=0.44505762,weight=0.0015092183;component_3_mean=20.123897,weight=0.00056766278;component_4_mean=42.457925,weight=0.00037755386"
interference,container,docker_cpu3-interf_io-run3,raw,100001,100001,1.0,70000,30001,1,1,13.313204307870091,0.10191550366875293,,gaussian_hmm,5,311092.39462979115,126190.99981137067,30001,34,-621805.4767418673,4.206226452830594,121366.8766108857,10.165403756316406,0.16079874672460828,state_0_mean=-0.032248558;state_1_mean=-0.027405303;state_2_mean=-0.013754518;state_3_mean=2.0565261;state_4_mean=37.456056
interference,container,docker_cpu3-interf_io-run3,stable,100001,99897,0.998960010399896,69910,29987,8,3,13.310576668135102,0.014524123470607754,,iid_gaussian,1,-99197.49285633868,-43109.47152846193,29987,2,198417.29564063638,-1.4376053465989238,-43109.47152846193,0.0,0.0,mean=-5.1493259e-14;sd=1
interference,container,docker_cpu3-interf_io-run3,stable,100001,99897,0.998960010399896,69910,29987,8,3,13.310576668135102,0.014524123470607754,,ar1_gaussian,1,,-43106.61782708882,29984,3,,-1.4376540097081383,,,,intercept=-1.0381355e-05;phi=0.00067509087;sd=1.0000576
interference,container,docker_cpu3-interf_io-run3,stable,100001,99897,0.998960010399896,69910,29987,8,3,13.310576668135102,0.014524123470607754,,gaussian_gmm,2,151423.13448126666,60935.593737246505,29987,5,-302790.4941426358,2.032067020283673,60935.593737246505,0.0,0.0,"component_0_mean=-0.018445943,weight=0.99067902;component_1_mean=1.9605242,weight=0.0093209811"
interference,container,docker_cpu3-interf_io-run3,stable,100001,99897,0.998960010399896,69910,29987,8,3,13.310576668135102,0.014524123470607754,,gaussian_hmm,2,140853.47670170484,47635.27166743438,29987,7,-281628.86865555315,1.5885307522404504,60626.20453742108,2388.390990564088,-0.43321882382321325,state_0_mean=-0.0180642;state_1_mean=2.4900368
interference,container,docker_cpu3-interf_io-run3,stable,100001,99897,0.998960010399896,69910,29987,8,3,13.310576668135102,0.014524123470607754,,gaussian_gmm,3,154367.7776287105,61946.7089363745,29987,8,-308646.31554558495,2.065785471583503,61946.7089363745,0.0,0.0,"component_0_mean=-0.019092828,weight=0.98020444;component_1_mean=0.1021666,weight=0.018213788;component_2_mean=10.655157,weight=0.0015817724"
interference,container,docker_cpu3-interf_io-run3,stable,100001,99897,0.998960010399896,69910,29987,8,3,13.310576668135102,0.014524123470607754,,gaussian_hmm,3,154022.70726391487,61377.31972770711,29987,14,-307889.24503211665,2.046797603218298,61756.898853696606,18.718465115830632,-0.012658122719495037,state_0_mean=-0.019073579;state_1_mean=0.10646215;state_2_mean=11.888129
interference,container,docker_cpu3-interf_io-run3,stable,100001,99897,0.998960010399896,69910,29987,8,3,13.310576668135102,0.014524123470607754,,gaussian_gmm,4,154535.73221037193,62039.490763455404,29987,11,-308948.7598169693,2.06887953991581,62039.490763455404,0.0,0.0,"component_0_mean=-0.019101855,weight=0.98009948;component_1_mean=0.10003591,weight=0.018181289;component_2_mean=3.7233738,weight=0.001590485;component_3_mean=85.290829,weight=0.00012874733"
interference,container,docker_cpu3-interf_io-run3,stable,100001,99897,0.998960010399896,69910,29987,8,3,13.310576668135102,0.014524123470607754,,gaussian_hmm,4,154169.37711950333,61444.30679482452,29987,23,-308082.19006747805,2.049031473465986,61846.08425346089,12.12100771672206,-0.013398387922645368,state_0_mean=-0.019081244;state_1_mean=0.10498196;state_2_mean=4.3188211;state_3_mean=85.293006
interference,container,docker_cpu3-interf_io-run3,stable,100001,99897,0.998960010399896,69910,29987,8,3,13.310576668135102,0.014524123470607754,,gaussian_gmm,5,154541.1572392219,62035.35514325369,29987,14,-308926.14498273074,2.068741626146453,62035.35514325369,0.0,0.0,"component_0_mean=-0.019094901,weight=0.98029139;component_1_mean=0.10096188,weight=0.017991291;component_2_mean=3.7274521,weight=0.0015885853;component_3_mean=80.336599,weight=0.00010024366;component_4_mean=102.74426,weight=2.8493293e-05"
interference,container,docker_cpu3-interf_io-run3,stable,100001,99897,0.998960010399896,69910,29987,8,3,13.310576668135102,0.014524123470607754,,gaussian_hmm,5,175014.64565445212,67103.0011748072,29987,34,-349650.02253360103,2.2377363915965987,62935.59238329035,5.8654718515092785,0.13897384838486174,state_0_mean=-0.045556937;state_1_mean=-0.011171456;state_2_mean=0.10915843;state_3_mean=4.3233587;state_4_mean=85.292979
interference,host,host_cpu3-interf_io-run1,raw,100001,100001,1.0,70000,30001,1,1,13.297166414338452,0.015319734240151548,,iid_gaussian,1,-99325.19732432709,-41718.243820906355,30001,2,198672.70714969625,-1.3905617753043684,-41718.243820906355,0.0,0.0,mean=-3.6990246e-14;sd=1
interference,host,host_cpu3-interf_io-run1,raw,100001,100001,1.0,70000,30001,1,1,13.297166414338452,0.015319734240151548,,ar1_gaussian,1,,-41879.26297056435,30000,3,,-1.395975432352145,,,,intercept=-5.0505889e-06;phi=0.11564413;sd=0.99330396
interference,host,host_cpu3-interf_io-run1,raw,100001,100001,1.0,70000,30001,1,1,13.297166414338452,0.015319734240151548,,gaussian_gmm,2,59522.89397482519,26089.819055600063,30001,5,-118990.00669704522,0.8696316474650866,26089.819055600063,0.0,0.0,"component_0_mean=-0.02191942,weight=0.99553043;component_1_mean=4.8822308,weight=0.0044695654"
interference,host,host_cpu3-interf_io-run1,raw,100001,100001,1.0,70000,30001,1,1,13.297166414338452,0.015319734240151548,,gaussian_hmm,2,59538.81361144975,26101.29333889701,30001,7,-118999.53346925227,0.870014110826206,26086.31286087024,1.3891404837113792,0.0004993326231382141,state_0_mean=-0.021919434;state_1_mean=4.880853
interference,host,host_cpu3-interf_io-run1,raw,100001,100001,1.0,70000,30001,1,1,13.297166414338452,0.015319734240151548,,gaussian_gmm,3,60067.323424148744,26354.773840895254,30001,8,-120045.39684412924,0.8784631792571999,26354.773840895254,0.0,0.0,"component_0_mean=-0.022813006,weight=0.9929518;component_1_mean=1.7548648,weight=0.0068141634;component_2_mean=45.693992,weight=0.00023404126"
interference,host,host_cpu3-interf_io-run1,raw,100001,100001,1.0,70000,30001,1,1,13.297166414338452,0.015319734240151548,,gaussian_hmm,3,60093.68587780507,26361.644416692005,30001,14,-120031.1842483157,0.8786921908167062,26352.66323885023,1.4216823611235887,0.0002993626159719745,state_0_mean=-0.022943978;state_1_mean=1.6240002;state_2_mean=40.089279
interference,host,host_cpu3-interf_io-run1,raw,100001,100001,1.0,70000,30001,1,1,13.297166414338452,0.015319734240151548,,gaussian_gmm,4,60076.75477064397,26352.94396668565,30001,11,-120030.7907855566,0.8784021854833388,26352.94396668565,0.0,0.0,"component_0_mean=-0.022783829,weight=0.99304489;component_1_mean=1.7985346,weight=0.0067433461;component_2_mean=42.475417,weight=0.00019747453;component_3_mean=147.65989,weight=1.4285605e-05"
interference,host,host_cpu3-interf_io-run1,raw,100001,100001,1.0,70000,30001,1,1,13.297166414338452,0.015319734240151548,,gaussian_hmm,4,60884.13581108577,26499.613609237746,30001,23,-121511.67786018782,0.8832910106075713,27454.811384924462,37.1815098453242,-0.03183886456073852,state_0_mean=-0.037387135;state_1_mean=0.13307588;state_2_mean=7.6507244;state_3_mean=147.65989
interference,host,host_cpu3-interf_io-run1,raw,100001,100001,1.0,70000,30001,1,1,13.297166414338452,0.015319734240151548,,gaussian_gmm,5,65294.44981963292,28404.44987391927,30001,14,-130432.7121319714,0.9467834363494307,28404.44987391927,0.0,0.0,"component_0_mean=-0.059888809,weight=0.69064942;component_1_mean=0.065755029,weight=0.30619949;component_2_mean=3.808329,weight=0.0030064626;component_3_mean=58.835904,weight=0.00013034577;component_4_mean=147.65989,weight=1.4285562e-05"
interference,host,host_cpu3-interf_io-run1,raw,100001,100001,1.0,70000,30001,1,1,13.297166414338452,0.015319734240151548,,gaussian_hmm,5,61055.99711620244,26610.435578217028,30001,34,-121732.68171468981,0.8869849531087973,27585.2359373648,19.583439464451352,-0.03249226222951808,state_0_mean=-0.037419895;state_1_mean=0.13270818;state_2_mean=5.0649771;state_3_mean=87.813097;state_4_mean=147.65989
interference,host,host_cpu3-interf_io-run1,stable,100001,99980,0.999790002099979,69986,29994,3,2,13.297099517111684,0.010699048617464402,,iid_gaussian,1,-99305.3321848622,-40729.045578455516,29994,2,198632.97647072645,-1.3579064339019642,-40729.045578455516,0.0,0.0,mean=-8.080487e-14;sd=1
interference,host,host_cpu3-interf_io-run1,stable,100001,99980,0.999790002099979,69986,29994,3,2,13.297099517111684,0.010699048617464402,,ar1_gaussian,1,,-40724.26590033611,29992,3,,-1.3578376200432152,,,,intercept=-3.477684e-06;phi=0.014358915;sd=0.99992284
interference,host,host_cpu3-interf_io-run1,stable,100001,99980,0.999790002099979,69986,29994,3,2,13.297099517111684,0.010699048617464402,,gaussian_gmm,2,34540.38091753563,15389.419696081004,29994,5,-69024.98158256612,0.5130832731906716,15389.419696081004,0.0,0.0,"component_0_mean=-0.025319985,weight=0.99522112;component_1_mean=5.2729853,weight=0.0047788838"
interference,host,host_cpu3-interf_io-run1,stable,100001,99980,0.999790002099979,69986,29994,3,2,13.297099517111684,0.010699048617464402,,gaussian_hmm,2,25013.119759409397,10292.404048913564,29994,7,-49948.147165311595,0.34314876471672884,14662.824741498049,0.01259041132825081,-0.14570983171916,state_0_mean=-0.023746823;state_1_mean=7.4115412
interference,host,host_cpu3-interf_io-run1,stable,100001,99980,0.999790002099979,69986,29994,3,2,13.297099517111684,0.010699048617464402,,gaussian_gmm,3,34949.42479735317,15569.360257803173,29994,8,-69809.6011906981,0.5190824917584574,15569.360257803173,0.0,0.0,"component_0_mean=-0.026160797,weight=0.99353188;component_1_mean=2.9933047,weight=0.0064109668;component_2_mean=119.00176,weight=5.7155539e-05"
interference,host,host_cpu3-interf_io-run1,stable,100001,99980,0.999790002099979,69986,29994,3,2,13.297099517111684,0.010699048617464402,,gaussian_hmm,3,34962.99398336584,15578.732880860343,29994,14,-69769.80325971729,0.5193949750236828,15569.686160988746,1.412878227761556,0.0003016176525837773,state_0_mean=-0.026294309;state_1_mean=2.8801238;state_2_mean=118.99778
interference,host,host_cpu3-interf_io-run1,stable,100001,99980,0.999790002099979,69986,29994,3,2,13.297099517111684,0.010699048617464402,,gaussian_gmm,4,40227.87410474015,17664.492547604885,29994,11,-80333.03165396898,0.5889342050945151,17664.492547604885,0.0,0.0,"component_0_mean=-0.075914406,weight=0.73653098;component_1_mean=0.12206265,weight=0.26040362;component_2_mean=5.7595532,weight=0.0030082504;component_3_mean=119.00377,weight=5.71543e-05"
interference,host,host_cpu3-interf_io-run1,stable,100001,99980,0.999790002099979,69986,29994,3,2,13.297099517111684,0.010699048617464402,,gaussian_hmm,4,41756.7625761956,18176.421134460714,29994,23,-83256.93599086754,0.6060019048629964,16205.99053582492,54.87846585236702,0.06569415878628372,state_0_mean=-0.10770847;state_1_mean=0.048349298;state_2_mean=4.3774266;state_3_mean=119.00372
interference,host,host_cpu3-interf_io-run1,stable,100001,99980,0.999790002099979,69986,29994,3,2,13.297099517111684,0.010699048617464402,,gaussian_gmm,5,40540.71377719739,17810.30111119536,29994,14,-80925.24284738037,0.5937954627990718,17810.30111119536,0.0,0.0,"component_0_mean=-0.12384856,weight=0.44627615;component_1_mean=0.0042226745,weight=0.3856146;component_2_mean=0.17918027,weight=0.16515681;component_3_mean=5.9572419,weight=0.0028952851;component_4_mean=119.00377,weight=5.71543e-05"
interference,host,host_cpu3-interf_io-run1,stable,100001,99980,0.999790002099979,69986,29994,3,2,13.297099517111684,0.010699048617464402,,gaussian_hmm,5,44987.993193908755,19533.07314115201,29994,34,-89596.68067078253,0.6512326845753154,16314.49616554037,51.994635383437625,0.10730736065918653,state_0_mean=-0.11079923;state_1_mean=0.0049269715;state_2_mean=0.18196395;state_3_mean=6.0670332;state_4_mean=119.00376
interference,host,host_cpu3-interf_io-run2,raw,100001,100001,1.0,70000,30001,1,1,13.32244913639059,0.1707451843754579,,iid_gaussian,1,-99325.19732432709,-27703.247233922848,30001,2,198672.70714969625,-0.9234107941042915,-27703.247233922848,0.0,0.0,mean=2.1697945e-15;sd=1
interference,host,host_cpu3-interf_io-run2,raw,100001,100001,1.0,70000,30001,1,1,13.32244913639059,0.1707451843754579,,ar1_gaussian,1,,13300.518551390069,30000,3,,0.44335061837966894,,,,intercept=-7.6283706e-07;phi=0.97602178;sd=0.21767604
interference,host,host_cpu3-interf_io-run2,raw,100001,100001,1.0,70000,30001,1,1,13.32244913639059,0.1707451843754579,,gaussian_gmm,2,220575.41143052588,96112.89972786397,30001,5,-441095.0416084466,3.203656535710942,96112.89972786397,0.0,0.0,"component_0_mean=-0.033530025,weight=0.99647763;component_1_mean=9.4856237,weight=0.0035223746"
interference,host,host_cpu3-interf_io-run2,raw,100001,100001,1.0,70000,30001,1,1,13.32244913639059,0.1707451843754579,,gaussian_hmm,2,220915.22048678645,96115.14785838514,30001,7,-441752.34721992566,3.2037314708971416,96099.14655345093,1.825844008140126,0.000533359052505208,state_0_mean=-0.033525576;state_1_mean=9.7183058
interference,host,host_cpu3-interf_io-run2,raw,100001,100001,1.0,70000,30001,1,1,13.32244913639059,0.1707451843754579,,gaussian_gmm,3,221274.62679449318,96444.76032264743,30001,8,-442460.0035848181,3.214718186815354,96444.76032264743,0.0,0.0,"component_0_mean=-0.033621573,weight=0.99397285;component_1_mean=0.11102769,weight=0.0046718252;component_2_mean=24.274709,weight=0.0013553295"
interference,host,host_cpu3-interf_io-run2,raw,100001,100001,1.0,70000,30001,1,1,13.32244913639059,0.1707451843754579,,gaussian_hmm,3,221768.9173691992,96443.89123003393,30001,14,-443381.6472311039,3.2146892180271966,96435.2544349849,2.4663668068135793,0.00028788357218172497,state_0_mean=-0.033625904;state_1_mean=0.11365696;state_2_mean=25.548951
interference,host,host_cpu3-interf_io-run2,raw,100001,100001,1.0,70000,30001,1,1,13.32244913639059,0.1707451843754579,,gaussian_gmm,4,221316.47314532686,96451.46633386485,30001,11,-442510.22753492236,3.214941713071726,96451.46633386485,0.0,0.0,"component_0_mean=-0.033625515,weight=0.99384126;component_1_mean=0.10332051,weight=0.0047685937;component_2_mean=14.021781,weight=0.00069554146;component_3_mean=33.361514,weight=0.00069460277"
interference,host,host_cpu3-interf_io-run2,raw,100001,100001,1.0,70000,30001,1,1,13.32244913639059,0.1707451843754579,,gaussian_hmm,4,221914.0911358736,96507.68368768579,30001,23,-443571.5885097635,3.2168155624041126,96494.19325010189,1.1390063421053604,0.0004496662639210687,state_0_mean=-0.033639157;state_1_mean=0.089282254;state_2_mean=6.9391844;state_3_mean=31.850391
interference,host,host_cpu3-interf_io-run2,raw,100001,100001,1.0,70000,30001,1,1,13.32244913639059,0.1707451843754579,,gaussian_gmm,5,221325.55026358902,96453.28435246769,30001,14,-442494.91301988356,3.215002311671867,96453.28435246769,0.0,0.0,"component_0_mean=-0.033625053,weight=0.99385683;component_1_mean=0.10316521,weight=0.004747749;component_2_mean=9.1405308,weight=0.00052383153;component_3_mean=29.59448,weight=0.00040309164;component_4_mean=34.60247,weight=0.00046850126"
interference,host,host_cpu3-interf_io-run2,raw,100001,100001,1.0,70000,30001,1,1,13.32244913639059,0.1707451843754579,,gaussian_hmm,5,221961.92068417332,96511.71144311855,30001,34,-443544.52885063156,3.2169498164434036,96498.5747166027,1.6523579969522206,0.0004378762879853285,state_0_mean=-0.033640398;state_1_mean=0.086993128;state_2_mean=5.794291;state_3_mean=27.866236;state_4_mean=34.641458
interference,host,host_cpu3-interf_io-run2,stable,100001,99887,0.998860011399886,69886,30001,7,1,13.316894608034913,0.00682515943166897,,iid_gaussian,1,-99163.43833154175,-102241.66966114409,30001,2,198349.18590432758,-3.407942057302893,-102241.66966114409,0.0,0.0,mean=-6.3194239e-14;sd=1
interference,host,host_cpu3-interf_io-run2,stable,100001,99887,0.998860011399886,69886,30001,7,1,13.316894608034913,0.00682515943166897,,ar1_gaussian,1,,-102378.51031355913,30000,3,,-3.4126170104519713,,,,intercept=-2.0957248e-05;phi=0.037856972;sd=0.99932693
interference,host,host_cpu3-interf_io-run2,stable,100001,99887,0.998860011399886,69886,30001,7,1,13.316894608034913,0.00682515943166897,,gaussian_gmm,2,-3128.955084247318,-467.69582635465247,30001,5,6313.683271604831,-0.015589341233780623,-467.69582635465247,0.0,0.0,"component_0_mean=-0.026297065,weight=0.99632077;component_1_mean=7.1211353,weight=0.0036792324"
interference,host,host_cpu3-interf_io-run2,stable,100001,99887,0.998860011399886,69886,30001,7,1,13.316894608034913,0.00682515943166897,,gaussian_hmm,2,-11452.94230197502,-5694.916711648342,30001,7,22983.96694830431,-0.1898242295806254,-1076.2134211438606,0.49828607421550086,-0.15395164462866176,state_0_mean=-0.024241715;state_1_mean=10.032504
interference,host,host_cpu3-interf_io-run2,stable,100001,99887,0.998860011399886,69886,30001,7,1,13.316894608034913,0.00682515943166897,,gaussian_gmm,3,-94.5072231773164,1342.136286436236,30001,8,278.2514113309442,0.04473638500170781,1342.136286436236,0.0,0.0,"component_0_mean=-0.096289882,weight=0.80428775;component_1_mean=0.2727653,weight=0.19349465;component_2_mean=11.122912,weight=0.002217598"
interference,host,host_cpu3-interf_io-run2,stable,100001,99887,0.998860011399886,69886,30001,7,1,13.316894608034913,0.00682515943166897,,gaussian_hmm,3,-2807.5564930748565,-120.3998206795983,30001,14,5771.277674858258,-0.004013193582867182,2.1145145111919375,1.3627017500614793,-0.0040836750505246575,state_0_mean=-0.030884731;state_1_mean=0.92763299;state_2_mean=16.686473
interference,host,host_cpu3-interf_io-run2,stable,100001,99887,0.998860011399886,69886,30001,7,1,13.316894608034913,0.00682515943166897,,gaussian_gmm,4,105.49862706839428,1608.1908555566083,30001,11,-88.2964272943604,0.05360457503271918,1608.1908555566083,0.0,0.0,"component_0_mean=-0.12291687,weight=0.68290248;component_1_mean=0.18729223,weight=0.31450693;component_2_mean=6.0965032,weight=0.0023642127;component_3_mean=46.92199,weight=0.00022637792"
interference,host,host_cpu3-interf_io-run2,stable,100001,99887,0.998860011399886,69886,30001,7,1,13.316894608034913,0.00682515943166897,,gaussian_hmm,4,2520.4905519847684,549.7756905565394,30001,23,-4784.424829662642,0.018325245510367634,-402.20336166354065,5.216174572404862,0.03173157735475751,state_0_mean=-0.22103921;state_1_mean=0.015581169;state_2_mean=0.82638;state_3_mean=16.15085
interference,host,host_cpu3-interf_io-run2,stable,100001,99887,0.998860011399886,69886,30001,7,1,13.316894608034913,0.00682515943166897,,gaussian_gmm,5,115.89870763608667,1325.737979779948,30001,14,-75.63272656362838,0.04418979299956495,1325.737979779948,0.0,0.0,"component_0_mean=-0.12343145,weight=0.68313825;component_1_mean=0.18848103,weight=0.3141985;component_2_mean=5.199958,weight=0.0022349483;component_3_mean=20.179848,weight=0.000371072;component_4_mean=104.6625,weight=5.7236069e-05"
interference,host,host_cpu3-interf_io-run2,stable,100001,99887,0.998860011399886,69886,30001,7,1,13.316894608034913,0.00682515943166897,,gaussian_hmm,5,6331.2762912469125,2308.488749121171,30001,34,-12283.295481344501,0.07694706006870342,1117.9629764425194,20.148709893593743,0.03968286966029971,state_0_mean=-0.23659023;state_1_mean=-0.10521119;state_2_mean=0.1647542;state_3_mean=6.1641435;state_4_mean=58.016624
interference,host,host_cpu3-interf_io-run10,raw,100001,100001,1.0,70000,30001,1,1,13.424209622370064,0.8689374135018012,,iid_gaussian,1,-99325.19732432708,-70590.7345947437,30001,2,198672.70714969622,-2.3529460549562913,-70590.7345947437,0.0,0.0,mean=4.7748472e-16;sd=1
interference,host,host_cpu3-interf_io-run10,raw,100001,100001,1.0,70000,30001,1,1,13.424209622370064,0.8689374135018012,,ar1_gaussian,1,,14330.87864428766,30000,3,,0.4776959548095887,,,,intercept=-1.4724602e-07;phi=0.98892608;sd=0.14841118
interference,host,host_cpu3-interf_io-run10,raw,100001,100001,1.0,70000,30001,1,1,13.424209622370064,0.8689374135018012,,gaussian_gmm,2,340554.0868543033,138417.92100927167,30001,5,-681052.3924560015,4.613776907745464,138417.92100927167,0.0,0.0,"component_0_mean=-0.14749209,weight=0.9768048;component_1_mean=6.2112418,weight=0.023195198"
interference,host,host_cpu3-interf_io-run10,raw,100001,100001,1.0,70000,30001,1,1,13.424209622370064,0.8689374135018012,,gaussian_hmm,2,350312.6162856806,145850.03286390423,30001,7,-700547.1388177141,4.861505711939743,131401.40632546952,65.53501192247963,0.48160483112011954,state_0_mean=-0.14749209;state_1_mean=6.2114021
interference,host,host_cpu3-interf_io-run10,raw,100001,100001,1.0,70000,30001,1,1,13.424209622370064,0.8689374135018012,,gaussian_gmm,3,340728.61743162345,138454.1567514753,30001,8,-681367.9848590787,4.614984725558324,138454.1567514753,0.0,0.0,"component_0_mean=-0.14749207,weight=0.97680687;component_1_mean=5.1957735,weight=0.014782203;component_2_mean=7.9974861,weight=0.0084109294"
interference,host,host_cpu3-interf_io-run10,raw,100001,100001,1.0,70000,30001,1,1,13.424209622370064,0.8689374135018012,,gaussian_hmm,3,351457.0548761655,146794.48152537533,30001,14,-702757.9222450366,4.892986284636357,129897.37701753352,74.34724770303997,0.5632180429932939,state_0_mean=-0.1474921;state_1_mean=4.8570997;state_2_mean=7.9464302
interference,host,host_cpu3-interf_io-run10,raw,100001,100001,1.0,70000,30001,1,1,13.424209622370064,0.8689374135018012,,gaussian_gmm,4,340783.4754957461,138436.14017459,30001,11,-681444.2322357609,4.614384193013232,138436.14017459,0.0,0.0,"component_0_mean=-0.14749238,weight=0.97677349;component_1_mean=3.6963242,weight=0.0045873987;component_2_mean=5.5454053,weight=0.0087670487;component_3_mean=7.9510552,weight=0.0098720599"
interference,host,host_cpu3-interf_io-run10,raw,100001,100001,1.0,70000,30001,1,1,13.424209622370064,0.8689374135018012,,gaussian_hmm,4,383578.6339577496,158779.87216269976,30001,23,-766900.6741535155,5.292485989223684,140650.37324346136,122.87177859732647,0.6042964874250323,state_0_mean=-0.14807631;state_1_mean=-0.14538332;state_2_mean=4.9055607;state_3_mean=7.9463653
interference,host,host_cpu3-interf_io-run10,raw,100001,100001,1.0,70000,30001,1,1,13.424209622370064,0.8689374135018012,,gaussian_gmm,5,340801.6985366025,138216.45516167936,30001,14,-681447.2095659105,4.607061603335867,138216.45516167936,0.0,0.0,"component_0_mean=-0.14749238,weight=0.97677304;component_1_mean=3.5341841,weight=0.0042534765;component_2_mean=5.3305739,weight=0.0075209524;component_3_mean=7.1303104,weight=0.0049793518;component_4_mean=8.2553973,weight=0.0064731827"
interference,host,host_cpu3-interf_io-run10,raw,100001,100001,1.0,70000,30001,1,1,13.424209622370064,0.8689374135018012,,gaussian_hmm,5,384083.0042326397,159041.12531762727,30001,34,-767786.6959475643,5.301194137449661,135731.54717893407,82.09744832110536,0.7769600392884639,state_0_mean=-0.14807631;state_1_mean=-0.14538335;state_2_mean=3.7185289;state_3_mean=5.8139553;state_4_mean=7.9518332
interference,host,host_cpu3-interf_io-run10,stable,100001,96644,0.966430335696643,68170,28474,41,15,13.29605374187877,0.0013531686408895932,,iid_gaussian,1,-96728.53980856252,-52033.64765688532,28474,2,193479.33913685376,-1.8274091331349764,-52033.64765688532,0.0,0.0,mean=-5.3690806e-13;sd=1
interference,host,host_cpu3-interf_io-run10,stable,100001,96644,0.966430335696643,68170,28474,41,15,13.29605374187877,0.0013531686408895932,,ar1_gaussian,1,,-52054.13052939886,28459,3,,-1.8290920457289035,,,,intercept=-5.1012233e-05;phi=0.15078374;sd=0.98829143
interference,host,host_cpu3-interf_io-run10,stable,100001,96644,0.966430335696643,68170,28474,41,15,13.29605374187877,0.0013531686408895932,,gaussian_gmm,2,-55094.514571271866,-29590.059170030017,28474,5,110244.67794186552,-1.039195728384843,-29590.059170030017,0.0,0.0,"component_0_mean=-0.41228037,weight=0.73072047;component_1_mean=1.1187694,weight=0.26927953"
interference,host,host_cpu3-interf_io-run10,stable,100001,96644,0.966430335696643,68170,28474,41,15,13.29605374187877,0.0013531686408895932,,gaussian_hmm,2,-52603.09054211406,-29028.011367640207,28474,7,105284.08940327863,-1.019456745369116,-30535.504893079204,43.1366813384632,0.052942808366895994,state_0_mean=-0.41366515;state_1_mean=1.1142614
interference,host,host_cpu3-interf_io-run10,stable,100001,96644,0.966430335696643,68170,28474,41,15,13.29605374187877,0.0013531686408895932,,gaussian_gmm,3,-49422.761271144314,-20689.283894299573,28474,8,98934.56062120348,-0.7266026513415598,-20689.283894299573,0.0,0.0,"component_0_mean=-0.4133751,weight=0.74472526;component_1_mean=1.1878979,weight=0.25481108;component_2_mean=11.131859,weight=0.00046365502"
interference,host,host_cpu3-interf_io-run10,stable,100001,96644,0.966430335696643,68170,28474,41,15,13.29605374187877,0.0013531686408895932,,gaussian_hmm,3,-46911.96286421045,-21051.110811279,28474,14,93979.7423665219,-0.7393099252398327,-21677.60716685683,35.670017509494166,0.02200240063137706,state_0_mean=-0.41424087;state_1_mean=1.1778401;state_2_mean=9.6655731
interference,host,host_cpu3-interf_io-run10,stable,100001,96644,0.966430335696643,68170,28474,41,15,13.29605374187877,0.0013531686408895932,,gaussian_gmm,4,-47280.18173290504,-19465.55811732484,28474,11,94682.790824318,-0.683625697735648,-19465.55811732484,0.0,0.0,"component_0_mean=-0.49898707,weight=0.57022084;component_1_mean=-0.10019819,weight=0.21148947;component_2_mean=1.3796825,weight=0.21783037;component_3_mean=11.29259,weight=0.0004593228"
interference,host,host_cpu3-interf_io-run10,stable,100001,96644,0.966430335696643,68170,28474,41,15,13.29605374187877,0.0013531686408895932,,gaussian_hmm,4,-41095.50317004883,-18612.3470449805,28474,23,82446.99081697788,-0.6536611310311337,-21724.91222848697,5.312485188775389,0.10931253717449149,state_0_mean=-0.41022752;state_1_mean=0.97422766;state_2_mean=1.4966825;state_3_mean=6.8785429
interference,host,host_cpu3-interf_io-run10,stable,100001,96644,0.966430335696643,68170,28474,41,15,13.29605374187877,0.0013531686408895932,,gaussian_gmm,5,-46963.57570468444,-19317.460375390685,28474,14,94082.96804746987,-0.67842454082288,-19317.460375390685,0.0,0.0,"component_0_mean=-0.497937,weight=0.55287927;component_1_mean=-0.11107323,weight=0.25327094;component_2_mean=1.4639341,weight=0.18149367;component_3_mean=2.8222903,weight=0.012296208;component_4_mean=50.616276,weight=5.991021e-05"
interference,host,host_cpu3-interf_io-run10,stable,100001,96644,0.966430335696643,68170,28474,41,15,13.29605374187877,0.0013531686408895932,,gaussian_hmm,5,-38770.14059097346,-17741.86103112636,28474,34,77918.69301733506,-0.6230898725548345,-20470.27909030865,9.556921094709184,0.09582138298736713,state_0_mean=-0.53096941;state_1_mean=-0.23201722;state_2_mean=0.9954879;state_3_mean=1.6680813;state_4_mean=6.8583573
interference,host,host_cpu3-interf_io-run9,raw,100001,100001,1.0,70000,30001,1,1,13.481625391404028,1.0063214928313238,,iid_gaussian,1,-99325.19732432709,-31030.33638694313,30001,2,198672.70714969625,-1.03431006922913,-31030.33638694313,0.0,0.0,mean=-1.2862854e-15;sd=1
interference,host,host_cpu3-interf_io-run9,raw,100001,100001,1.0,70000,30001,1,1,13.481625391404028,1.0063214928313238,,ar1_gaussian,1,,21902.531473355393,30000,3,,0.7300843824451798,,,,intercept=-6.2738478e-08;phi=0.99163859;sd=0.12904807
interference,host,host_cpu3-interf_io-run9,raw,100001,100001,1.0,70000,30001,1,1,13.481625391404028,1.0063214928313238,,gaussian_gmm,2,340819.7025675715,152361.84525331954,30001,5,-681583.6238825378,5.078558889814324,152361.84525331954,0.0,0.0,"component_0_mean=-0.16662114,weight=0.97079544;component_1_mean=5.5386916,weight=0.029204559"
interference,host,host_cpu3-interf_io-run9,raw,100001,100001,1.0,70000,30001,1,1,13.481625391404028,1.0063214928313238,,gaussian_hmm,2,352775.12678242393,156001.1222413049,30001,7,-705472.1598112007,5.1998640792408555,152526.92407852336,15.03462206237003,0.11580274533454019,state_0_mean=-0.16662124;state_1_mean=5.5364673
interference,host,host_cpu3-interf_io-run9,raw,100001,100001,1.0,70000,30001,1,1,13.481625391404028,1.0063214928313238,,gaussian_gmm,3,340969.8970230611,152344.08297292283,30001,8,-681850.544041954,5.077966833536309,152344.08297292283,0.0,0.0,"component_0_mean=-0.16662114,weight=0.97079587;component_1_mean=4.7935802,weight=0.019776522;component_2_mean=7.1019865,weight=0.0094276114"
interference,host,host_cpu3-interf_io-run9,raw,100001,100001,1.0,70000,30001,1,1,13.481625391404028,1.0063214928313238,,gaussian_hmm,3,354098.1794557043,156142.34165358916,30001,14,-708040.1714041141,5.204571236078436,152825.66878846224,28.358986085685533,0.11055207710166069,state_0_mean=-0.16662136;state_1_mean=4.4550224;state_2_mean=7.0596564
interference,host,host_cpu3-interf_io-run9,raw,100001,100001,1.0,70000,30001,1,1,13.481625391404028,1.0063214928313238,,gaussian_gmm,4,341052.5894482225,152346.3852788758,30001,11,-681982.4601407136,5.078043574510043,152346.3852788758,0.0,0.0,"component_0_mean=-0.16662128,weight=0.97077839;component_1_mean=3.5468078,weight=0.0062793138;component_2_mean=5.0925668,weight=0.011581187;component_3_mean=7.0858283,weight=0.011361107"
interference,host,host_cpu3-interf_io-run9,raw,100001,100001,1.0,70000,30001,1,1,13.481625391404028,1.0063214928313238,,gaussian_hmm,4,354840.89524164674,156286.36417167258,30001,23,-709425.1967213098,5.20937182666153,152890.86924553584,20.740825445086017,0.11317939155817285,state_0_mean=-0.16662151;state_1_mean=3.3249652;state_2_mean=5.2442528;state_3_mean=7.0563371
interference,host,host_cpu3-interf_io-run9,raw,100001,100001,1.0,70000,30001,1,1,13.481625391404028,1.0063214928313238,,gaussian_gmm,5,341081.1802719664,152344.88549268886,30001,14,-682006.1730366383,5.077993583303519,152344.88549268886,0.0,0.0,"component_0_mean=-0.16662129,weight=0.970778;component_1_mean=3.4442072,weight=0.005934083;component_2_mean=4.9752806,weight=0.010597717;component_3_mean=6.4754029,weight=0.0057533166;component_4_mean=7.3999248,weight=0.0069368824"
interference,host,host_cpu3-interf_io-run9,raw,100001,100001,1.0,70000,30001,1,1,13.481625391404028,1.0063214928313238,,gaussian_hmm,5,359748.31996746635,157754.72118257865,30001,34,-719117.3274172177,5.258315428904991,153657.38251293675,30.064570810800035,0.13657340320795652,state_0_mean=-0.1668253;state_1_mean=-0.16487161;state_2_mean=3.4241188;state_3_mean=5.2789361;state_4_mean=7.059048
interference,host,host_cpu3-interf_io-run9,stable,100001,97376,0.9737502624973751,67785,29591,36,15,13.313971894778277,0.0019060686424601154,,iid_gaussian,1,-96182.24847327874,-33295.17055908516,29591,2,192386.7451389785,-1.1251789584361855,-33295.17055908516,0.0,0.0,mean=-3.5024804e-13;sd=1
interference,host,host_cpu3-interf_io-run9,stable,100001,97376,0.9737502624973751,67785,29591,36,15,13.313971894778277,0.0019060686424601154,,ar1_gaussian,1,,-32973.81904828127,29576,3,,-1.11488433352317,,,,intercept=-5.5558915e-05;phi=0.17315738;sd=0.98494252
interference,host,host_cpu3-interf_io-run9,stable,100001,97376,0.9737502624973751,67785,29591,36,15,13.313971894778277,0.0019060686424601154,,gaussian_gmm,2,-68300.00381577463,-28822.500137479114,29591,5,136655.62811260184,-0.9740292703010751,-28822.500137479114,0.0,0.0,"component_0_mean=-0.020510163,weight=0.99617691;component_1_mean=5.3442996,weight=0.0038230923"
interference,host,host_cpu3-interf_io-run9,stable,100001,97376,0.9737502624973751,67785,29591,36,15,13.313971894778277,0.0019060686424601154,,gaussian_hmm,2,-67841.86878461455,-28840.056691180933,29591,7,135761.6062427027,-0.9746225775127888,-28892.544113262567,5.527365131007014,0.0017737630388170247,state_0_mean=-0.043785396;state_1_mean=1.9518351
interference,host,host_cpu3-interf_io-run9,stable,100001,97376,0.9737502624973751,67785,29591,36,15,13.313971894778277,0.0019060686424601154,,gaussian_gmm,3,-52009.62309036207,-21991.29550949882,29591,8,104108.23895040824,-0.7431751380317941,-21991.29550949882,0.0,0.0,"component_0_mean=-0.59672008,weight=0.32290381;component_1_mean=0.26030472,weight=0.67477834;component_2_mean=7.3495691,weight=0.002317851"
interference,host,host_cpu3-interf_io-run9,stable,100001,97376,0.9737502624973751,67785,29591,36,15,13.313971894778277,0.0019060686424601154,,gaussian_hmm,3,-51675.528121063195,-21911.175771321796,29591,14,103506.79358907358,-0.7404675668724205,-22045.950132377304,8.231574119979836,0.00455457270979379,state_0_mean=-0.59773452;state_1_mean=0.24304488;state_2_mean=2.9113978
interference,host,host_cpu3-interf_io-run9,stable,100001,97376,0.9737502624973751,67785,29591,36,15,13.313971894778277,0.0019060686424601154,,gaussian_gmm,4,-47553.36938421081,-20168.44968485638,29591,11,95229.10382673726,-0.6815737786778541,-20168.44968485638,0.0,0.0,"component_0_mean=-0.60260331,weight=0.3517419;component_1_mean=-0.097435095,weight=0.32006714;component_2_mean=0.70107452,weight=0.32711122;component_3_mean=12.796782,weight=0.0010797454"
interference,host,host_cpu3-interf_io-run9,stable,100001,97376,0.9737502624973751,67785,29591,36,15,13.313971894778277,0.0019060686424601154,,gaussian_hmm,4,-50317.6705780077,-21266.641240220128,29591,23,100891.19536885721,-0.71868612889798,-22142.71066586878,12.452243361181068,0.029605941862345074,state_0_mean=-0.59809406;state_1_mean=0.19880057;state_2_mean=1.0283198;state_3_mean=35.705248
interference,host,host_cpu3-interf_io-run9,stable,100001,97376,0.9737502624973751,67785,29591,36,15,13.313971894778277,0.0019060686424601154,,gaussian_gmm,5,-47539.25276093648,-20165.211329313403,29591,14,95234.24286882015,-0.6814643414995574,-20165.211329313403,0.0,0.0,"component_0_mean=-0.60259733,weight=0.35193484;component_1_mean=-0.097527635,weight=0.32033766;component_2_mean=0.70165616,weight=0.32648478;component_3_mean=9.5501063,weight=0.00121321;component_4_mean=89.829943,weight=2.9504916e-05"
interference,host,host_cpu3-interf_io-run9,stable,100001,97376,0.9737502624973751,67785,29591,36,15,13.313971894778277,0.0019060686424601154,,gaussian_hmm,5,-45223.55167901879,-19155.622607388934,29591,34,90825.32262919504,-0.6473462406606378,-20355.60782261872,8.06415093418782,0.040552371167915456,state_0_mean=-0.60382037;state_1_mean=-0.11670376;state_2_mean=0.64177819;state_3_mean=0.92226242;state_4_mean=37.828828
interference,container,docker_cpu3-interf_io-run2,raw,100001,100001,1.0,70000,30001,1,1,13.30469445459621,0.02294138806117864,,iid_gaussian,1,-99325.19732432709,-67139.5794391169,30001,2,198672.70714969625,-2.237911384257755,-67139.5794391169,0.0,0.0,mean=1.1400354e-14;sd=1
interference,container,docker_cpu3-interf_io-run2,raw,100001,100001,1.0,70000,30001,1,1,13.30469445459621,0.02294138806117864,,ar1_gaussian,1,,-61395.975858939215,30000,3,,-2.046532528631307,,,,intercept=-2.4086863e-06;phi=0.17989086;sd=0.98370042
interference,container,docker_cpu3-interf_io-run2,raw,100001,100001,1.0,70000,30001,1,1,13.30469445459621,0.02294138806117864,,gaussian_gmm,2,105249.03637789687,42286.71123341825,30001,5,-210442.29150318858,1.4095100574453603,42286.71123341825,0.0,0.0,"component_0_mean=-0.01954402,weight=0.99577113;component_1_mean=4.6020238,weight=0.0042288724"
interference,container,docker_cpu3-interf_io-run2,raw,100001,100001,1.0,70000,30001,1,1,13.30469445459621,0.02294138806117864,,gaussian_hmm,2,105256.44684843485,42296.22406387137,30001,7,-210434.79994322246,1.4098271412243382,42281.252291683915,0.9301260428312034,0.0004990424381672249,state_0_mean=-0.019550845;state_1_mean=4.5697488
interference,container,docker_cpu3-interf_io-run2,raw,100001,100001,1.0,70000,30001,1,1,13.30469445459621,0.02294138806117864,,gaussian_gmm,3,111405.08462407596,44066.00588224795,30001,8,-222720.91924398366,1.4688179021448602,44066.00588224795,0.0,0.0,"component_0_mean=-0.029746314,weight=0.89944983;component_1_mean=0.079915083,weight=0.098764364;component_2_mean=10.56249,weight=0.0017858056"
interference,container,docker_cpu3-interf_io-run2,raw,100001,100001,1.0,70000,30001,1,1,13.30469445459621,0.02294138806117864,,gaussian_hmm,3,110943.23467118232,43968.181545219704,30001,14,-221730.2818350702,1.4655571996006702,43956.35345655027,34.167499742256524,0.00039425648043177835,state_0_mean=-0.027959545;state_1_mean=0.093632631;state_2_mean=10.207507
interference,container,docker_cpu3-interf_io-run2,raw,100001,100001,1.0,70000,30001,1,1,13.30469445459621,0.02294138806117864,,gaussian_gmm,4,111595.77145328706,44232.94578549007,30001,11,-223068.82415084276,1.4743823801036655,44232.94578549007,0.0,0.0,"component_0_mean=-0.029706471,weight=0.90138265;component_1_mean=0.08138938,weight=0.096637831;component_2_mean=2.0794289,weight=0.0015886951;component_3_mean=39.935941,weight=0.00039082655"
interference,container,docker_cpu3-interf_io-run2,raw,100001,100001,1.0,70000,30001,1,1,13.30469445459621,0.02294138806117864,,gaussian_hmm,4,113226.23671120415,45298.6065204116,30001,23,-226195.87966042457,1.5099032205730343,42675.14644156744,45.91031374930853,0.08744575443632413,state_0_mean=-0.041540138;state_1_mean=0.015379735;state_2_mean=1.1870595;state_3_mean=35.027485
interference,container,docker_cpu3-interf_io-run2,raw,100001,100001,1.0,70000,30001,1,1,13.30469445459621,0.02294138806117864,,gaussian_gmm,5,111598.87915423559,44230.19126913232,30001,14,-223041.57080117674,1.4742905659522123,44230.19126913232,0.0,0.0,"component_0_mean=-0.029730274,weight=0.90087626;component_1_mean=0.081032521,weight=0.097144896;component_2_mean=2.0720206,weight=0.0015842805;component_3_mean=33.757078,weight=0.00036071856;component_4_mean=102.00642,weight=3.384038e-05"
interference,container,docker_cpu3-interf_io-run2,raw,100001,100001,1.0,70000,30001,1,1,13.30469445459621,0.02294138806117864,,gaussian_hmm,5,113230.12599705622,44385.61213453185,30001,34,-226080.93947639738,1.4794710887814357,42659.65858977486,30.346948379899672,0.05752986716299437,state_0_mean=-0.041499324;state_1_mean=0.015592964;state_2_mean=1.2177411;state_3_mean=34.212324;state_4_mean=43.707844
interference,container,docker_cpu3-interf_io-run2,stable,100001,99955,0.999540004599954,69978,29977,4,4,13.30455804758399,0.015599040423851112,,iid_gaussian,1,-99293.98067659659,-34052.07121628299,29977,2,198610.27322556503,-1.1359399278207623,-34052.07121628299,0.0,0.0,mean=-2.671912e-14;sd=1
interference,container,docker_cpu3-interf_io-run2,stable,100001,99955,0.999540004599954,69978,29977,4,4,13.30455804758399,0.015599040423851112,,ar1_gaussian,1,,-34048.60850813741,29973,3,,-1.135975995333714,,,,intercept=-4.4384122e-06;phi=0.0028996262;sd=1.000031
interference,container,docker_cpu3-interf_io-run2,stable,100001,99955,0.999540004599954,69978,29977,4,4,13.30455804758399,0.015599040423851112,,gaussian_gmm,2,78403.80754277643,30964.124093924278,29977,5,-156751.83540462327,1.0329293823239243,30964.124093924278,0.0,0.0,"component_0_mean=-0.020173347,weight=0.99531826;component_1_mean=4.2887681,weight=0.0046817407"
interference,container,docker_cpu3-interf_io-run2,stable,100001,99955,0.999540004599954,69978,29977,4,4,13.30455804758399,0.015599040423851112,,gaussian_hmm,2,67377.23561137902,29774.07374315139,29977,7,-134676.3796694566,0.9932306015662472,30916.935473813406,1.2811521419838905,-0.038124619897321764,state_0_mean=-0.019115367;state_1_mean=8.2043798
interference,container,docker_cpu3-interf_io-run2,stable,100001,99955,0.999540004599954,69978,29977,4,4,13.30455804758399,0.015599040423851112,,gaussian_gmm,3,84489.25692243251,32652.8303147349,29977,8,-168889.26635537768,1.0892627786214397,32652.8303147349,0.0,0.0,"component_0_mean=-0.035050721,weight=0.89906199;component_1_mean=0.12585259,weight=0.099201437;component_2_mean=10.957234,weight=0.0017365708"
interference,container,docker_cpu3-interf_io-run2,stable,100001,99955,0.999540004599954,69978,29977,4,4,13.30455804758399,0.015599040423851112,,gaussian_hmm,3,81264.11149365308,32033.21112661774,29977,14,-162372.0398807033,1.0685929588223553,32162.722144329127,57.17770606859669,-0.004320346189124517,state_0_mean=-0.030002279;state_1_mean=0.1221863;state_2_mean=12.491412
interference,container,docker_cpu3-interf_io-run2,stable,100001,99955,0.999540004599954,69978,29977,4,4,13.30455804758399,0.015599040423851112,,gaussian_gmm,4,84652.16347635756,32761.45599244805,29977,11,-169181.61165467,1.0928864126646445,32761.45599244805,0.0,0.0,"component_0_mean=-0.034984888,weight=0.90096582;component_1_mean=0.12795244,weight=0.097125161;component_2_mean=3.0487339,weight=0.0015839098;component_3_mean=43.873603,weight=0.00032511273"
interference,container,docker_cpu3-interf_io-run2,stable,100001,99955,0.999540004599954,69978,29977,4,4,13.30455804758399,0.015599040423851112,,gaussian_hmm,4,86266.08047037938,33817.559435685806,29977,23,-172275.57440848261,1.1281168707904663,31226.007516242138,34.208897957320715,0.0864513433446865,state_0_mean=-0.052264573;state_1_mean=0.031771268;state_2_mean=1.9568232;state_3_mean=44.74739
interference,container,docker_cpu3-interf_io-run2,stable,100001,99955,0.999540004599954,69978,29977,4,4,13.30455804758399,0.015599040423851112,,gaussian_gmm,5,84661.26605213503,32763.326269966197,29977,14,-169166.3489976672,1.0929488030812355,32763.326269966197,0.0,0.0,"component_0_mean=-0.035049284,weight=0.9000263;component_1_mean=0.12698497,weight=0.098065352;component_2_mean=3.0040263,weight=0.0015653896;component_3_mean=21.967401,weight=0.00023420032;component_4_mean=85.004326,weight=0.00010876161"
interference,container,docker_cpu3-interf_io-run2,stable,100001,99955,0.999540004599954,69978,29977,4,4,13.30455804758399,0.015599040423851112,,gaussian_hmm,5,86266.04192957429,33818.43243185489,29977,34,-172152.78202882732,1.1281459929897886,31215.094785875273,54.12088559363654,0.08684450231776417,state_0_mean=-0.052230446;state_1_mean=0.031880576;state_2_mean=2.0572367;state_3_mean=44.871936;state_4_mean=70.92997
interference,host,host_cpu3-interf_io-run7,raw,100001,100001,1.0,70000,30001,1,1,13.59465002962682,1.3386435468092326,,iid_gaussian,1,-99325.19732432708,-36073.39671851909,30001,2,198672.70714969622,-1.2024064770680676,-36073.39671851909,0.0,0.0,mean=2.5985563e-16;sd=1
interference,host,host_cpu3-interf_io-run7,raw,100001,100001,1.0,70000,30001,1,1,13.59465002962682,1.3386435468092326,,ar1_gaussian,1,,27920.16100599897,30000,3,,0.930672033533299,,,,intercept=-8.5145608e-08;phi=0.99427185;sd=0.1068824
interference,host,host_cpu3-interf_io-run7,raw,100001,100001,1.0,70000,30001,1,1,13.59465002962682,1.3386435468092326,,gaussian_gmm,2,343325.37942384486,152726.48282865126,30001,5,-686594.9775950846,5.090713070519358,152726.48282865126,0.0,0.0,"component_0_mean=-0.21190641,weight=0.95415721;component_1_mean=4.4105527,weight=0.045842787"
interference,host,host_cpu3-interf_io-run7,raw,100001,100001,1.0,70000,30001,1,1,13.59465002962682,1.3386435468092326,,gaussian_hmm,2,362170.0720499085,159206.99650980096,30001,7,-724262.0503461699,5.306722992893602,150639.69216888052,72.55099813170139,0.2855672924542662,state_0_mean=-0.21190641;state_1_mean=4.4105436
interference,host,host_cpu3-interf_io-run7,raw,100001,100001,1.0,70000,30001,1,1,13.59465002962682,1.3386435468092326,,gaussian_gmm,3,343809.7459279712,152876.69364497584,30001,8,-687530.2418517742,5.095719930834833,152876.69364497584,0.0,0.0,"component_0_mean=-0.21190641,weight=0.95415697;component_1_mean=3.6468683,weight=0.025512033;component_2_mean=5.3687947,weight=0.020330998"
interference,host,host_cpu3-interf_io-run7,raw,100001,100001,1.0,70000,30001,1,1,13.59465002962682,1.3386435468092326,,gaussian_hmm,3,364590.0013561301,159868.82095841435,30001,14,-729023.8152049658,5.328783072511395,150802.30239026033,53.42213630712309,0.3022072120313995,state_0_mean=-0.21190651;state_1_mean=3.5075016;state_2_mean=5.4086497
interference,host,host_cpu3-interf_io-run7,raw,100001,100001,1.0,70000,30001,1,1,13.59465002962682,1.3386435468092326,,gaussian_gmm,4,343887.93734353513,152883.76928182426,30001,11,-687653.1559313389,5.095955777534891,152883.76928182426,0.0,0.0,"component_0_mean=-0.21190642,weight=0.954155;component_1_mean=2.8505354,weight=0.0083347407;component_2_mean=3.8818342,weight=0.015549065;component_3_mean=5.3764939,weight=0.02196119"
interference,host,host_cpu3-interf_io-run7,raw,100001,100001,1.0,70000,30001,1,1,13.59465002962682,1.3386435468092326,,gaussian_hmm,4,365671.5031827209,160113.61469248967,30001,23,-731086.4126034582,5.336942591663267,150588.83662109534,48.62723532213324,0.317482019645823,state_0_mean=-0.21190651;state_1_mean=3.1924409;state_2_mean=4.7783991;state_3_mean=5.5535009
interference,host,host_cpu3-interf_io-run7,raw,100001,100001,1.0,70000,30001,1,1,13.59465002962682,1.3386435468092326,,gaussian_gmm,5,343930.6682702038,152904.4812912846,30001,14,-687705.1490331131,5.096646154837659,152904.4812912846,0.0,0.0,"component_0_mean=-0.21190642,weight=0.95415471;component_1_mean=2.4553255,weight=0.0059844333;component_2_mean=3.5848149,weight=0.012659825;component_3_mean=4.7274381,weight=0.0096800183;component_4_mean=5.4992791,weight=0.017521016"
interference,host,host_cpu3-interf_io-run7,raw,100001,100001,1.0,70000,30001,1,1,13.59465002962682,1.3386435468092326,,gaussian_hmm,5,371517.91507936415,162651.1126171346,30001,34,-742656.5176410133,5.421523036469938,153016.08963431866,40.90340707465801,0.32115672753628044,state_0_mean=-0.21220486;state_1_mean=-0.21073979;state_2_mean=3.2005997;state_3_mean=4.7782127;state_4_mean=5.5532248
interference,host,host_cpu3-interf_io-run7,stable,100001,95700,0.9569904300956991,66584,29116,42,15,13.311000515530582,0.0018178745958071336,,iid_gaussian,1,-94478.10329489992,-35463.98667937179,29116,2,188978.4190289747,-1.2180239964065047,-35463.98667937179,0.0,0.0,mean=-4.4618208e-13;sd=1
interference,host,host_cpu3-interf_io-run7,stable,100001,95700,0.9569904300956991,66584,29116,42,15,13.311000515530582,0.0018178745958071336,,ar1_gaussian,1,,-35405.899287473236,29101,3,,-1.2166557605399553,,,,intercept=-4.192295e-05;phi=0.072247406;sd=0.99740573
interference,host,host_cpu3-interf_io-run7,stable,100001,95700,0.9569904300956991,66584,29116,42,15,13.311000515530582,0.0018178745958071336,,gaussian_gmm,2,-73246.61223864663,-29963.510257455066,29116,5,146548.7555752304,-1.0291080593987865,-29963.510257455066,0.0,0.0,"component_0_mean=-0.27885779,weight=0.76792221;component_1_mean=0.92271257,weight=0.23207779"
interference,host,host_cpu3-interf_io-run7,stable,100001,95700,0.9569904300956991,66584,29116,42,15,13.311000515530582,0.0018178745958071336,,gaussian_hmm,2,-72538.95666006915,-31741.774040459517,29116,7,145155.6568572503,-1.090183199631114,-31742.453986410565,0.09425430310725808,2.33530001046695e-05,state_0_mean=-0.010270799;state_1_mean=24.874182
interference,host,host_cpu3-interf_io-run7,stable,100001,95700,0.9569904300956991,66584,29116,42,15,13.311000515530582,0.0018178745958071336,,gaussian_gmm,3,-41747.57411192318,-18407.55282313327,29116,8,83583.99798054577,-0.6322143434240028,-18407.55282313327,0.0,0.0,"component_0_mean=-0.5785564,weight=0.43609056;component_1_mean=0.42963332,weight=0.56354249;component_2_mean=27.759635,weight=0.00036694852"
interference,host,host_cpu3-interf_io-run7,stable,100001,95700,0.9569904300956991,66584,29116,42,15,13.311000515530582,0.0018178745958071336,,gaussian_hmm,3,-41683.38697656722,-18337.70604844253,29116,14,83522.2610273584,-0.6298154296071758,-18432.54017593168,8.74925128185026,0.0032571138717251676,state_0_mean=-0.57895844;state_1_mean=0.42809242;state_2_mean=28.373756
interference,host,host_cpu3-interf_io-run7,stable,100001,95700,0.9569904300956991,66584,29116,42,15,13.311000515530582,0.0018178745958071336,,gaussian_gmm,4,-36987.86732302518,-16228.413884843341,29116,11,74097.90306151204,-0.5573709948084675,-16228.413884843341,0.0,0.0,"component_0_mean=-0.57816643,weight=0.46180911;component_1_mean=0.15879103,weight=0.40510338;component_2_mean=1.4490656,weight=0.13262156;component_3_mean=22.530916,weight=0.00046595528"
interference,host,host_cpu3-interf_io-run7,stable,100001,95700,0.9569904300956991,66584,29116,42,15,13.311000515530582,0.0018178745958071336,,gaussian_hmm,4,-36948.427902936164,-16161.820505058437,29116,23,74152.29885638313,-0.5550838200665763,-16255.308521119514,7.786889759703376,0.003210881167092917,state_0_mean=-0.57909697;state_1_mean=0.15459287;state_2_mean=1.4557386;state_3_mean=24.173414
interference,host,host_cpu3-interf_io-run7,stable,100001,95700,0.9569904300956991,66584,29116,42,15,13.311000515530582,0.0018178745958071336,,gaussian_gmm,5,-36506.02960225635,-16069.137656487632,29116,14,73167.54627873666,-0.5519005926805753,-16069.137656487632,0.0,0.0,"component_0_mean=-0.57945121,weight=0.46174991;component_1_mean=-0.085599605,weight=0.20783714;component_2_mean=0.39951198,weight=0.18929004;component_3_mean=1.4166488,weight=0.14067649;component_4_mean=23.384529,weight=0.00044642775"
interference,host,host_cpu3-interf_io-run7,stable,100001,95700,0.9569904300956991,66584,29116,42,15,13.311000515530582,0.0018178745958071336,,gaussian_hmm,5,-36896.00507000182,-16163.473770142045,29116,34,74169.62160597612,-0.5551406020793394,-16253.440104649906,7.089927992708483,0.0030899276860784676,state_0_mean=-0.57910181;state_1_mean=0.15528454;state_2_mean=1.4585958;state_3_mean=20.079968;state_4_mean=101.86342
interference,host,host_cpu3-interf_io-run8,raw,100001,100001,1.0,70000,30001,1,1,13.450661005588186,0.9784632019669995,,iid_gaussian,1,-99325.19732432709,-76394.87350694486,30001,2,198672.70714969625,-2.5464109032013886,-76394.87350694486,0.0,0.0,mean=3.7029427e-16;sd=1
interference,host,host_cpu3-interf_io-run8,raw,100001,100001,1.0,70000,30001,1,1,13.450661005588186,0.9784632019669995,,ar1_gaussian,1,,13398.617824027515,30000,3,,0.4466205941342505,,,,intercept=-7.9243064e-08;phi=0.99157518;sd=0.12953439
interference,host,host_cpu3-interf_io-run8,raw,100001,100001,1.0,70000,30001,1,1,13.450661005588186,0.9784632019669995,,gaussian_gmm,2,350663.10571426386,137393.95284870773,30001,5,-701270.4301759226,4.579645773431143,137393.95284870773,0.0,0.0,"component_0_mean=-0.16019863,weight=0.97286679;component_1_mean=5.7439542,weight=0.027133212"
interference,host,host_cpu3-interf_io-run8,raw,100001,100001,1.0,70000,30001,1,1,13.450661005588186,0.9784632019669995,,gaussian_hmm,2,363815.1145890646,148424.2935562182,30001,7,-727552.135424482,4.947311541489224,128712.09601852605,88.06905159899063,0.6570513495447539,state_0_mean=-0.1602002;state_1_mean=5.7032493
interference,host,host_cpu3-interf_io-run8,raw,100001,100001,1.0,70000,30001,1,1,13.450661005588186,0.9784632019669995,,gaussian_gmm,3,350845.2350657756,137631.12996134599,30001,8,-701601.2201273829,4.587551413664411,137631.12996134599,0.0,0.0,"component_0_mean=-0.16019928,weight=0.97278891;component_1_mean=4.5923063,weight=0.013894641;component_2_mean=6.9111222,weight=0.013316453"
interference,host,host_cpu3-interf_io-run8,raw,100001,100001,1.0,70000,30001,1,1,13.450661005588186,0.9784632019669995,,gaussian_hmm,3,365101.1344444933,149807.8505770378,30001,14,-730046.0813816921,4.9934285716155395,128555.70716096605,97.79114213806915,0.708381167830131,state_0_mean=-0.16020227;state_1_mean=4.0874026;state_2_mean=7.011592
interference,host,host_cpu3-interf_io-run8,raw,100001,100001,1.0,70000,30001,1,1,13.450661005588186,0.9784632019669995,,gaussian_gmm,4,350947.7146119975,137706.38745388683,30001,11,-701772.7104682636,4.590059913132457,137706.38745388683,0.0,0.0,"component_0_mean=-0.16019998,weight=0.97270089;component_1_mean=3.8085305,weight=0.0067890072;component_2_mean=5.352033,weight=0.0096591149;component_3_mean=7.2135969,weight=0.010850984"
interference,host,host_cpu3-interf_io-run8,raw,100001,100001,1.0,70000,30001,1,1,13.450661005588186,0.9784632019669995,,gaussian_hmm,4,366963.5866536728,150594.65659428222,30001,23,-733670.5795453619,5.019654564657252,125334.44242549331,171.4590293134038,0.8419790729905307,state_0_mean=-0.1603451;state_1_mean=-0.16004916;state_2_mean=4.5300988;state_3_mean=7.159816
interference,host,host_cpu3-interf_io-run8,raw,100001,100001,1.0,70000,30001,1,1,13.450661005588186,0.9784632019669995,,gaussian_gmm,5,350980.84709229576,137709.88478453396,30001,14,-701805.5066772971,4.590176486934901,137709.88478453396,0.0,0.0,"component_0_mean=-0.16020024,weight=0.97266783;component_1_mean=2.7551492,weight=0.0036519494;component_2_mean=4.5678736,weight=0.0069650302;component_3_mean=6.1219884,weight=0.0074372515;component_4_mean=7.373816,weight=0.0092779376"
interference,host,host_cpu3-interf_io-run8,raw,100001,100001,1.0,70000,30001,1,1,13.450661005588186,0.9784632019669995,,gaussian_hmm,5,380977.956692085,155922.20408128278,30001,34,-761576.600866455,5.197233561590706,127467.06735278454,104.89066628906774,0.9484729418518796,state_0_mean=-0.1605683;state_1_mean=-0.15871395;state_2_mean=3.9674536;state_3_mean=6.0332379;state_4_mean=7.4006255
interference,host,host_cpu3-interf_io-run8,stable,100001,95730,0.9572904270957291,67927,27803,37,16,13.29393767300921,0.004891678680445034,,iid_gaussian,1,-96383.7377449938,-26097.574659855265,27803,2,192789.72786774382,-0.9386603841260032,-26097.574659855265,0.0,0.0,mean=2.1885683e-13;sd=1
interference,host,host_cpu3-interf_io-run8,stable,100001,95730,0.9572904270957291,67927,27803,37,16,13.29393767300921,0.004891678680445034,,ar1_gaussian,1,,-26086.249655737363,27787,3,,-0.9387933082282133,,,,intercept=-8.9208997e-06;phi=0.011875196;sd=1.0001865
interference,host,host_cpu3-interf_io-run8,stable,100001,95730,0.9572904270957291,67927,27803,37,16,13.29393767300921,0.004891678680445034,,gaussian_gmm,2,-962.3349931238345,4432.48732056571,27803,5,1980.3009306381741,0.15942478583482755,4432.48732056571,0.0,0.0,"component_0_mean=-0.0037195594,weight=0.99998528;component_1_mean=252.65479,weight=1.4721687e-05"
interference,host,host_cpu3-interf_io-run8,stable,100001,95730,0.9572904270957291,67927,27803,37,16,13.29393767300921,0.004891678680445034,,gaussian_hmm,2,-966.9395263901822,4432.555644032937,27803,7,2011.7623749270717,0.15942724324831628,4432.555644032969,1.794828387648605e-11,-1.1449237334838862e-15,state_0_mean=-0.0037195594;state_1_mean=252.65479
interference,host,host_cpu3-interf_io-run8,stable,100001,95730,0.9572904270957291,67927,27803,37,16,13.29393767300921,0.004891678680445034,,gaussian_gmm,3,22204.50438660821,12164.117400012787,27803,8,-44319.99926219161,0.43751096644293014,12164.117400012787,0.0,0.0,"component_0_mean=-0.10995938,weight=0.67030894;component_1_mean=0.21229079,weight=0.32967634;component_2_mean=252.65479,weight=1.4721687e-05"
interference,host,host_cpu3-interf_io-run8,stable,100001,95730,0.9572904270957291,67927,27803,37,16,13.29393767300921,0.004891678680445034,,gaussian_hmm,3,23951.215133947695,12515.900895037257,27803,14,-47746.66362360198,0.4501636835966355,11545.26297425896,34.26261350341753,0.03491126571874609,state_0_mean=-0.10723259;state_1_mean=0.21910667;state_2_mean=252.65479
interference,host,host_cpu3-interf_io-run8,stable,100001,95730,0.9572904270957291,67927,27803,37,16,13.29393767300921,0.004891678680445034,,gaussian_gmm,4,28589.94956515103,12987.336763699766,27803,11,-57057.51105264295,0.4671199785526658,12987.336763699766,0.0,0.0,"component_0_mean=-0.12609493,weight=0.59675725;component_1_mean=0.15805958,weight=0.39269947;component_2_mean=0.89837973,weight=0.010528559;component_3_mean=252.65479,weight=1.4721687e-05"
interference,host,host_cpu3-interf_io-run8,stable,100001,95730,0.9572904270957291,67927,27803,37,16,13.29393767300921,0.004891678680445034,,gaussian_hmm,4,30160.804641740884,13432.154801016137,27803,23,-60065.70693928545,0.4831189008745868,12469.823127096384,29.9877891929997,0.03461251210012418,state_0_mean=-0.12019497;state_1_mean=0.17867508;state_2_mean=0.90007839;state_3_mean=252.65479
interference,host,host_cpu3-interf_io-run8,stable,100001,95730,0.9572904270957291,67927,27803,37,16,13.29393767300921,0.004891678680445034,,gaussian_gmm,5,31844.153743855262,14660.062762838123,27803,14,-63532.54084341711,0.5272834860568328,14660.062762838123,0.0,0.0,"component_0_mean=-0.15636695,weight=0.40796206;component_1_mean=-0.020520184,weight=0.38090421;component_2_mean=0.29852888,weight=0.20523787;component_3_mean=1.1254733,weight=0.0058811447;component_4_mean=252.65479,weight=1.4721687e-05"
interference,host,host_cpu3-interf_io-run8,stable,100001,95730,0.9572904270957291,67927,27803,37,16,13.29393767300921,0.004891678680445034,,gaussian_hmm,5,34434.65598107932,14607.242641685989,27803,34,-68491.0215403032,0.52538368671316,12818.18946005453,4.110003876677529,0.06434748702051792,state_0_mean=-0.12144482;state_1_mean=0.16340525;state_2_mean=0.24404454;state_3_mean=1.0738505;state_4_mean=252.65479
interference,host,host_cpu3-interf_io-run5,raw,100001,100001,1.0,70000,30001,1,1,13.373276485318936,0.5646292262774766,,iid_gaussian,1,-99325.19732432708,-40621.67203542014,30001,2,198672.70714969622,-1.3540106008273103,-40621.67203542014,0.0,0.0,mean=-3.7971404e-15;sd=1
interference,host,host_cpu3-interf_io-run5,raw,100001,100001,1.0,70000,30001,1,1,13.373276485318936,0.5646292262774766,,ar1_gaussian,1,,7990.67647806464,30000,3,,0.26635588260215465,,,,intercept=-2.280383e-07;phi=0.98613188;sd=0.16596611
interference,host,host_cpu3-interf_io-run5,raw,100001,100001,1.0,70000,30001,1,1,13.373276485318936,0.5646292262774766,,gaussian_gmm,2,304640.79134644626,132106.56408341168,30001,5,-609225.8014402874,4.403405355935192,132106.56408341168,0.0,0.0,"component_0_mean=-0.10241156,weight=0.98827576;component_1_mean=8.632619,weight=0.011724237"
interference,host,host_cpu3-interf_io-run5,raw,100001,100001,1.0,70000,30001,1,1,13.373276485318936,0.5646292262774766,,gaussian_hmm,2,308660.37750545633,134018.07939614457,30001,7,-617242.6612572655,4.467120409191179,130909.30477797012,15.03805375572388,0.10362236652693106,state_0_mean=-0.10240996;state_1_mean=8.7078697
interference,host,host_cpu3-interf_io-run5,raw,100001,100001,1.0,70000,30001,1,1,13.373276485318936,0.5646292262774766,,gaussian_gmm,3,304726.35991090484,132125.95762003967,30001,8,-609363.4698176414,4.404051785608469,132125.95762003967,0.0,0.0,"component_0_mean=-0.10241241,weight=0.98821905;component_1_mean=6.9958369,weight=0.0067151655;component_2_mean=10.704706,weight=0.0050657805"
interference,host,host_cpu3-interf_io-run5,raw,100001,100001,1.0,70000,30001,1,1,13.373276485318936,0.5646292262774766,,gaussian_hmm,3,309170.1927368289,134167.7112571325,30001,14,-618184.1979663633,4.472107971638695,131040.9425548168,18.727873975642204,0.10422214933887887,state_0_mean=-0.10241056;state_1_mean=6.9184404;state_2_mean=11.394887
interference,host,host_cpu3-interf_io-run5,raw,100001,100001,1.0,70000,30001,1,1,13.373276485318936,0.5646292262774766,,gaussian_gmm,4,304810.9836128263,132152.7921711837,30001,11,-609499.2484699213,4.404946240831429,132152.7921711837,0.0,0.0,"component_0_mean=-0.10241313,weight=0.98816926;component_1_mean=4.5220938,weight=0.0029422586;component_2_mean=8.5744206,weight=0.0049079624;component_3_mean=11.509401,weight=0.0039805199"
interference,host,host_cpu3-interf_io-run5,raw,100001,100001,1.0,70000,30001,1,1,13.373276485318936,0.5646292262774766,,gaussian_hmm,4,309740.5200017501,134428.08769205285,30001,23,-619224.4462415165,4.480786896838534,130726.73661947736,24.362305852985806,0.1233742566106293,state_0_mean=-0.10243547;state_1_mean=-0.068672819;state_2_mean=7.5957198;state_3_mean=11.45864
interference,host,host_cpu3-interf_io-run5,raw,100001,100001,1.0,70000,30001,1,1,13.373276485318936,0.5646292262774766,,gaussian_gmm,5,304822.3173972691,132159.85638520552,30001,14,-609488.4472872437,4.405181706783291,132159.85638520552,0.0,0.0,"component_0_mean=-0.10241338,weight=0.98815146;component_1_mean=2.6996679,weight=0.0018836556;component_2_mean=7.2708759,weight=0.0025311965;component_3_mean=9.1505192,weight=0.0033620434;component_4_mean=11.53005,weight=0.0040716414"
interference,host,host_cpu3-interf_io-run5,raw,100001,100001,1.0,70000,30001,1,1,13.373276485318936,0.5646292262774766,,gaussian_hmm,5,321624.26891161397,139763.6240270619,30001,34,-642869.2253055129,4.658632179829402,130651.63855534152,63.79266689902676,0.3037227249665135,state_0_mean=-0.10358787;state_1_mean=-0.10063176;state_2_mean=3.4323153;state_3_mean=8.4459428;state_4_mean=11.478576
interference,host,host_cpu3-interf_io-run5,stable,100001,98708,0.987070129298707,69103,29605,23,13,13.315529424843286,0.007158104410303376,,iid_gaussian,1,-98052.40946004249,-36664.97602597418,29605,2,196127.10562693328,-1.2384724210766487,-36664.97602597418,0.0,0.0,mean=-2.0484952e-13;sd=1
interference,host,host_cpu3-interf_io-run5,stable,100001,98708,0.987070129298707,69103,29605,23,13,13.315529424843286,0.007158104410303376,,ar1_gaussian,1,,-36647.99384939497,29592,3,,-1.238442614537543,,,,intercept=-4.7277243e-06;phi=0.016601166;sd=1.0000187
interference,host,host_cpu3-interf_io-run5,stable,100001,98708,0.987070129298707,69103,29605,23,13,13.315529424843286,0.007158104410303376,,gaussian_gmm,2,8775.64102873336,5528.751518823926,29605,5,-17495.565290345952,0.18675060019672102,5528.751518823926,0.0,0.0,"component_0_mean=-0.011594564,weight=0.99848111;component_1_mean=7.6219686,weight=0.0015188928"
interference,host,host_cpu3-interf_io-run5,stable,100001,98708,0.987070129298707,69103,29605,23,13,13.315529424843286,0.007158104410303376,,gaussian_hmm,2,7751.909053547366,5206.36985464677,29605,7,-15425.814633125658,0.17586116718955483,5458.732163275345,0.016426089016190998,-0.00852431375202075,state_0_mean=-0.01119848;state_1_mean=8.6120269
interference,host,host_cpu3-interf_io-run5,stable,100001,98708,0.987070129298707,69103,29605,23,13,13.315529424843286,0.007158104410303376,,gaussian_gmm,3,21528.19638664854,14900.35524313434,29605,8,-42967.24594590385,0.503305362037978,14900.35524313434,0.0,0.0,"component_0_mean=-0.22877571,weight=0.23968576;component_1_mean=0.056887275,weight=0.75869283;component_2_mean=7.2001225,weight=0.0016214048"
interference,host,host_cpu3-interf_io-run5,stable,100001,98708,0.987070129298707,69103,29605,23,13,13.315529424843286,0.007158104410303376,,gaussian_hmm,3,19755.157859241033,10632.267245834817,29605,14,-39354.30877054392,0.35913755263755504,5496.027598632974,32.79841532063315,0.1734923035704051,state_0_mean=-0.10404039;state_1_mean=0.12916174;state_2_mean=12.018773
interference,host,host_cpu3-interf_io-run5,stable,100001,98708,0.987070129298707,69103,29605,23,13,13.315529424843286,0.007158104410303376,,gaussian_gmm,4,25061.336039711445,16142.951112348379,29605,11,-50000.0951917572,0.5452778622647654,16142.951112348379,0.0,0.0,"component_0_mean=-0.22967826,weight=0.24887583;component_1_mean=-0.0073935615,weight=0.57672255;component_2_mean=0.29184752,weight=0.1737314;component_3_mean=15.998035,weight=0.00067022748"
interference,host,host_cpu3-interf_io-run5,stable,100001,98708,0.987070129298707,69103,29605,23,13,13.315529424843286,0.007158104410303376,,gaussian_hmm,4,34295.68682053815,19954.39082573135,29605,23,-68335.07651232077,0.6740209702999949,14932.110180337451,15.832244204288637,0.16964298751541623,state_0_mean=-0.22868046;state_1_mean=-0.010521663;state_2_mean=0.1228519;state_3_mean=11.768907
interference,host,host_cpu3-interf_io-run5,stable,100001,98708,0.987070129298707,69103,29605,23,13,13.315529424843286,0.007158104410303376,,gaussian_gmm,5,25113.627480534975,16159.27751759022,29605,14,-50071.2480131318,0.5458293368549306,16159.27751759022,0.0,0.0,"component_0_mean=-0.22968102,weight=0.24896922;component_1_mean=-0.0076906059,weight=0.57690851;component_2_mean=0.29286119,weight=0.17331307;component_3_mean=7.651239,weight=0.00078026306;component_4_mean=169.07342,weight=2.8943807e-05"
interference,host,host_cpu3-interf_io-run5,stable,100001,98708,0.987070129298707,69103,29605,23,13,13.315529424843286,0.007158104410303376,,gaussian_hmm,5,35508.23779752403,20249.57521924089,29605,34,-70637.60157862684,0.6839917317764193,14883.9328156269,46.981217468292755,0.18124108777618614,state_0_mean=-0.22864356;state_1_mean=-0.010419099;state_2_mean=0.1209578;state_3_mean=3.8248195;state_4_mean=169.07987
interference,host,host_cpu3-interf_io-run6,raw,99655,99655,1.0,69758,29897,1,1,13.48272837680467,1.1000278540646125,,iid_gaussian,1,-98981.81419929155,-41346.73159669197,29897,2,197985.93397336,-1.3829725924571685,-41346.73159669197,0.0,0.0,mean=1.1994827e-15;sd=1
interference,host,host_cpu3-interf_io-run6,raw,99655,99655,1.0,69758,29897,1,1,13.48272837680467,1.1000278540646125,,ar1_gaussian,1,,21167.58666336139,29896,3,,0.7080407634252539,,,,intercept=-8.4233531e-08;phi=0.99326773;sd=0.11584313
interference,host,host_cpu3-interf_io-run6,raw,99655,99655,1.0,69758,29897,1,1,13.48272837680467,1.1000278540646125,,gaussian_gmm,2,348305.44676557597,150665.92935942335,29897,5,-696555.1295942097,5.039499928401624,150665.92935942335,0.0,0.0,"component_0_mean=-0.17224424,weight=0.96904504;component_1_mean=5.3921064,weight=0.030954957"
interference,host,host_cpu3-interf_io-run6,raw,99655,99655,1.0,69758,29897,1,1,13.48272837680467,1.1000278540646125,,gaussian_hmm,2,362831.01638201147,157207.38210284777,29897,7,-725583.9632523038,5.258299565269016,148154.1973996424,65.04347702443553,0.30281247962020813,state_0_mean=-0.17224465;state_1_mean=5.383251
interference,host,host_cpu3-interf_io-run6,raw,99655,99655,1.0,69758,29897,1,1,13.48272837680467,1.1000278540646125,,gaussian_gmm,3,348680.2927764615,150825.0340519281,29897,8,-697271.3632538154,5.044821689531662,150825.0340519281,0.0,0.0,"component_0_mean=-0.17224423,weight=0.96904553;component_1_mean=4.4332553,weight=0.017923588;component_2_mean=6.7111839,weight=0.013030884"
interference,host,host_cpu3-interf_io-run6,raw,99655,99655,1.0,69758,29897,1,1,13.48272837680467,1.1000278540646125,,gaussian_hmm,3,364546.5116001838,157921.4318223668,29897,14,-728936.8841769294,5.282183223145025,148209.7551552972,52.85092809041938,0.32483783212595274,state_0_mean=-0.17224479;state_1_mean=4.2633311;state_2_mean=6.7326739
interference,host,host_cpu3-interf_io-run6,raw,99655,99655,1.0,69758,29897,1,1,13.48272837680467,1.1000278540646125,,gaussian_gmm,4,348735.2575189373,150866.8273997518,29897,11,-697347.8343766016,5.046219600620524,150866.8273997518,0.0,0.0,"component_0_mean=-0.17224457,weight=0.96900386;component_1_mean=3.4315797,weight=0.0062078753;component_2_mean=4.8354477,weight=0.011165746;component_3_mean=6.7250021,weight=0.013622516"
interference,host,host_cpu3-interf_io-run6,raw,99655,99655,1.0,69758,29897,1,1,13.48272837680467,1.1000278540646125,,gaussian_hmm,4,365619.3819097279,158187.90222461065,29897,23,-730982.2497095214,5.291096171007481,147679.17605890395,63.54402569227968,0.3514976808946282,state_0_mean=-0.1723755;state_1_mean=-0.17211242;state_2_mean=4.2758725;state_3_mean=6.7252584
interference,host,host_cpu3-interf_io-run6,raw,99655,99655,1.0,69758,29897,1,1,13.48272837680467,1.1000278540646125,,gaussian_gmm,5,348768.7242450367,150870.38729797732,29897,14,-697381.3094666352,5.0463386727088775,150870.38729797732,0.0,0.0,"component_0_mean=-0.17224459,weight=0.96900077;component_1_mean=2.9736397,weight=0.0044790078;component_2_mean=4.3106111,weight=0.007982136;component_3_mean=5.7440982,weight=0.0067695572;component_4_mean=6.8227137,weight=0.011768529"
interference,host,host_cpu3-interf_io-run6,raw,99655,99655,1.0,69758,29897,1,1,13.48272837680467,1.1000278540646125,,gaussian_hmm,5,374361.19547966245,161046.26390384673,29897,34,-748343.1961881177,5.386703144256839,149704.2534198017,60.13202319021507,0.37936951814713926,state_0_mean=-0.1725326;state_1_mean=-0.17086894;state_2_mean=3.8956566;state_3_mean=5.9156508;state_4_mean=6.9095097
interference,host,host_cpu3-interf_io-run6,stable,99655,96385,0.9671867944408208,67417,28968,36,14,13.29325664417052,0.0011654451847274829,,iid_gaussian,1,-95660.07909305944,-78428.43763941343,28968,2,191342.39549110012,-2.7074163780521068,-78428.43763941343,0.0,0.0,mean=1.7699983e-13;sd=1
interference,host,host_cpu3-interf_io-run6,stable,99655,96385,0.9671867944408208,67417,28968,36,14,13.29325664417052,0.0011654451847274829,,ar1_gaussian,1,,-80792.59627954544,28954,3,,-2.790377712217498,,,,intercept=6.1017847e-05;phi=0.18395597;sd=0.98244468
interference,host,host_cpu3-interf_io-run6,stable,99655,96385,0.9671867944408208,67417,28968,36,14,13.29325664417052,0.0011654451847274829,,gaussian_gmm,2,-79027.87140404014,-68487.80721715438,28968,5,158111.33607053335,-2.3642573604375303,-68487.80721715438,0.0,0.0,"component_0_mean=-0.6047998,weight=0.5593838;component_1_mean=0.76782288,weight=0.4406162"
interference,host,host_cpu3-interf_io-run6,stable,99655,96385,0.9671867944408208,67417,28968,36,14,13.29325664417052,0.0011654451847274829,,gaussian_hmm,2,-78091.63853726968,-68082.29223791907,28968,7,156261.10764197368,-2.3502586384258173,-68707.02777489883,33.19088235152099,0.021566402132689823,state_0_mean=-0.60043204;state_1_mean=0.77355645
interference,host,host_cpu3-interf_io-run6,stable,99655,96385,0.9671867944408208,67417,28968,36,14,13.29325664417052,0.0011654451847274829,,gaussian_gmm,3,-74445.71125512627,-63158.1475142515,28968,8,148980.37173017746,-2.180272974118044,-63158.1475142515,0.0,0.0,"component_0_mean=-0.79652158,weight=0.32617445;component_1_mean=-0.13776012,weight=0.4161075;component_2_mean=1.230523,weight=0.25771805"
interference,host,host_cpu3-interf_io-run6,stable,99655,96385,0.9671867944408208,67417,28968,36,14,13.29325664417052,0.0011654451847274829,,gaussian_hmm,3,-72964.10824667724,-60864.909360177255,28968,14,146083.8776282231,-2.1011084424253403,-62804.284337778714,9.623583051982079,0.06694887384705396,state_0_mean=-0.61632202;state_1_mean=0.62828929;state_2_mean=1.2586027
interference,host,host_cpu3-interf_io-run6,stable,99655,96385,0.9671867944408208,67417,28968,36,14,13.29325664417052,0.0011654451847274829,,gaussian_gmm,4,-73582.57403218473,-46767.96330422928,28968,11,147287.45324176623,-1.614469873799685,-46767.96330422928,0.0,0.0,"component_0_mean=-0.80160643,weight=0.31929213;component_1_mean=-0.1547783,weight=0.4532136;component_2_mean=1.2596666,weight=0.19383374;component_3_mean=2.4339591,weight=0.033660534"
interference,host,host_cpu3-interf_io-run6,stable,99655,96385,0.9671867944408208,67417,28968,36,14,13.29325664417052,0.0011654451847274829,,gaussian_hmm,4,-68511.84996691698,-59222.5207240867,28968,23,137279.42894111815,-2.044411789701971,-60858.18074497684,11.900217631153941,0.056464375203332515,state_0_mean=-0.8082514;state_1_mean=-0.21479054;state_2_mean=1.1550198;state_3_mean=1.2709266
interference,host,host_cpu3-interf_io-run6,stable,99655,96385,0.9671867944408208,67417,28968,36,14,13.29325664417052,0.0011654451847274829,,gaussian_gmm,5,-72597.7012009521,-49269.98127994608,28968,14,145351.06353677282,-1.700841662522303,-49269.98127994608,0.0,0.0,"component_0_mean=-0.80368445,weight=0.37233006;component_1_mean=-0.2839033,weight=0.2732578;component_2_mean=0.42846309,weight=0.18436646;component_3_mean=1.5368598,weight=0.12522547;component_4_mean=2.3508698,weight=0.044820198"
interference,host,host_cpu3-interf_io-run6,stable,99655,96385,0.9671867944408208,67417,28968,36,14,13.29325664417052,0.0011654451847274829,,gaussian_hmm,5,-67477.3188844288,-58898.078640369284,28968,34,135332.67195353855,-2.0332117730036345,-60572.13192883384,10.910051441724852,0.05778974345707533,state_0_mean=-0.81327812;state_1_mean=-0.31106546;state_2_mean=0.38958526;state_3_mean=1.2718463;state_4_mean=1.3264511
interference,container,docker_cpu3-interf_io-run1,raw,100001,100001,1.0,70000,30001,1,1,13.316312868089259,0.020369403669687137,,iid_gaussian,1,-99325.19732432709,-54099.59313818553,30001,2,198672.70714969625,-1.8032596626174304,-54099.59313818553,0.0,0.0,mean=6.5915629e-14;sd=1
interference,container,docker_cpu3-interf_io-run1,raw,100001,100001,1.0,70000,30001,1,1,13.316312868089259,0.020369403669687137,,ar1_gaussian,1,,-49018.83793038473,30000,3,,-1.6339612643461578,,,,intercept=-5.7775829e-06;phi=0.29373147;sd=0.9559005
interference,container,docker_cpu3-interf_io-run1,raw,100001,100001,1.0,70000,30001,1,1,13.316312868089259,0.020369403669687137,,gaussian_gmm,2,95135.81284095124,40310.00249697415,30001,5,-190215.8444292973,1.3436219625003882,40310.00249697415,0.0,0.0,"component_0_mean=-0.016903881,weight=0.99510255;component_1_mean=3.4346634,weight=0.0048974508"
interference,container,docker_cpu3-interf_io-run1,raw,100001,100001,1.0,70000,30001,1,1,13.316312868089259,0.020369403669687137,,gaussian_hmm,2,95126.3129487342,40312.265274427955,30001,7,-190174.53214382115,1.3436973859014019,40308.57183743192,1.2728013204479327,0.0001231104628524491,state_0_mean=-0.016910642;state_1_mean=3.4109635
interference,container,docker_cpu3-interf_io-run1,raw,100001,100001,1.0,70000,30001,1,1,13.316312868089259,0.020369403669687137,,gaussian_gmm,3,100260.7090948072,42611.364881810674,30001,8,-200432.16818544615,1.4203314850108555,42611.364881810674,0.0,0.0,"component_0_mean=-0.026023957,weight=0.92442921;component_1_mean=0.11035913,weight=0.073757298;component_2_mean=8.7772868,weight=0.0018134892"
interference,container,docker_cpu3-interf_io-run1,raw,100001,100001,1.0,70000,30001,1,1,13.316312868089259,0.020369403669687137,,gaussian_hmm,3,100052.51834524397,42511.077256400946,30001,14,-199948.8491831935,1.4169886755908452,42480.00724007654,24.466873266034742,0.001035632689723799,state_0_mean=-0.025313002;state_1_mean=0.1081371;state_2_mean=8.8442167
interference,container,docker_cpu3-interf_io-run1,raw,100001,100001,1.0,70000,30001,1,1,13.316312868089259,0.020369403669687137,,gaussian_gmm,4,100467.9793222693,42754.0053337199,30001,11,-200813.23988880723,1.4250860082570547,42754.0053337199,0.0,0.0,"component_0_mean=-0.025934485,weight=0.92772001;component_1_mean=0.11444549,weight=0.070110794;component_2_mean=2.297463,weight=0.001968448;component_3_mean=57.353298,weight=0.00020074941"
interference,container,docker_cpu3-interf_io-run1,raw,100001,100001,1.0,70000,30001,1,1,13.316312868089259,0.020369403669687137,,gaussian_hmm,4,107209.76393975185,45215.24147375154,30001,23,-214162.93411751997,1.5071244783091078,40588.09643766667,78.13198026950778,0.15423302676860356,state_0_mean=-0.047253667;state_1_mean=0.007473089;state_2_mean=0.085969348;state_3_mean=9.1623035
interference,container,docker_cpu3-interf_io-run1,raw,100001,100001,1.0,70000,30001,1,1,13.316312868089259,0.020369403669687137,,gaussian_gmm,5,100466.60902269787,42754.368516120754,30001,14,-200777.0305381013,1.4250981139335608,42754.368516120754,0.0,0.0,"component_0_mean=-0.025900694,weight=0.92825918;component_1_mean=0.11507163,weight=0.069568294;component_2_mean=2.2795368,weight=0.001967219;component_3_mean=44.989171,weight=0.0001748943;component_4_mean=121.13691,weight=3.0416175e-05"
interference,container,docker_cpu3-interf_io-run1,raw,100001,100001,1.0,70000,30001,1,1,13.316312868089259,0.020369403669687137,,gaussian_hmm,5,107399.74313339032,45348.075590607834,30001,34,-214420.17374906558,1.5115521346157739,40745.886217699255,68.49605886563424,0.15340119905698404,state_0_mean=-0.047244335;state_1_mean=0.0073892623;state_2_mean=0.087601341;state_3_mean=2.5107699;state_4_mean=36.967501
interference,container,docker_cpu3-interf_io-run1,stable,100001,99971,0.99970000299997,69978,29993,4,2,13.316169876514792,0.010455026592727942,,iid_gaussian,1,-99293.98067659658,-48567.85911563932,29993,2,198610.273225565,-1.6193064753655628,-48567.85911563932,0.0,0.0,mean=-6.6069569e-14;sd=1
interference,container,docker_cpu3-interf_io-run1,stable,100001,99971,0.99970000299997,69978,29993,4,2,13.316169876514792,0.010455026592727942,,ar1_gaussian,1,,-48565.88862689637,29991,3,,-1.6193487588575362,,,,intercept=-1.1483373e-05;phi=0.0043014258;sd=1.0000221
interference,container,docker_cpu3-interf_io-run1,stable,100001,99971,0.99970000299997,69978,29993,4,2,13.316169876514792,0.010455026592727942,,gaussian_gmm,2,48749.52087298682,20470.835236653358,29993,5,-97443.26206504404,0.6825204293219538,20470.835236653358,0.0,0.0,"component_0_mean=-0.01984739,weight=0.99392918;component_1_mean=3.2494637,weight=0.0060708174"
interference,container,docker_cpu3-interf_io-run1,stable,100001,99971,0.99970000299997,69978,29993,4,2,13.316169876514792,0.010455026592727942,,gaussian_hmm,2,46596.34737542452,20448.097397461144,29993,7,-93114.6031975476,0.681762324457745,20451.957817777104,2.4055118379431564,-0.0001287107096975743,state_0_mean=-0.019215131;state_1_mean=3.7728167
interference,container,docker_cpu3-interf_io-run1,stable,100001,99971,0.99970000299997,69978,29993,4,2,13.316169876514792,0.010455026592727942,,gaussian_gmm,3,53700.55641482069,22691.940202773665,29993,8,-107311.86534015402,0.7565745408186465,22691.940202773665,0.0,0.0,"component_0_mean=-0.037006529,weight=0.92534001;component_1_mean=0.230878,weight=0.072828617;component_2_mean=9.5169374,weight=0.0018313766"
interference,container,docker_cpu3-interf_io-run1,stable,100001,99971,0.99970000299997,69978,29993,4,2,13.316169876514792,0.010455026592727942,,gaussian_hmm,3,54849.41349984146,23662.675982033023,29993,14,-109542.64389308005,0.7889399520565806,20727.2098648681,187.6436606404487,0.09787170730386838,state_0_mean=-0.074415383;state_1_mean=0.054909631;state_2_mean=6.6492966
interference,container,docker_cpu3-interf_io-run1,stable,100001,99971,0.99970000299997,69978,29993,4,2,13.316169876514792,0.010455026592727942,,gaussian_gmm,4,53846.2585604625,22788.623253923128,29993,11,-107569.80182287989,0.7597980613450848,22788.623253923128,0.0,0.0,"component_0_mean=-0.036818056,weight=0.92811801;component_1_mean=0.23744956,weight=0.069777329;component_2_mean=4.3952703,weight=0.0019614466;component_3_mean=62.715116,weight=0.00014321613"
interference,container,docker_cpu3-interf_io-run1,stable,100001,99971,0.99970000299997,69978,29993,4,2,13.316169876514792,0.010455026592727942,,gaussian_hmm,4,57862.21508964386,24877.18858836066,29993,23,-115467.84364701158,0.8294331540146254,20945.578788915525,312.09365189057405,0.13108424630564244,state_0_mean=-0.067870305;state_1_mean=0.053731986;state_2_mean=0.18134428;state_3_mean=7.8128792
interference,container,docker_cpu3-interf_io-run1,stable,100001,99971,0.99970000299997,69978,29993,4,2,13.316169876514792,0.010455026592727942,,gaussian_gmm,5,53849.687267913534,22791.176267417442,29993,14,-107543.1914292242,0.7598831816563012,22791.176267417442,0.0,0.0,"component_0_mean=-0.036853589,weight=0.9278535;component_1_mean=0.23685285,weight=0.070034672;component_2_mean=4.2511683,weight=0.0019440278;component_3_mean=39.138429,weight=0.00013992582;component_4_mean=138.67467,weight=2.7877862e-05"
interference,container,docker_cpu3-interf_io-run1,stable,100001,99971,0.99970000299997,69978,29993,4,2,13.316169876514792,0.010455026592727942,,gaussian_hmm,5,49450.67616307804,20719.313095076133,29993,34,-98522.05049583483,0.6908049576593249,20719.74691092569,1.3492934604665454,-1.4463903229276346e-05,state_0_mean=-0.022261445;state_1_mean=1.1764211;state_2_mean=57.32206;state_3_mean=99.980149;state_4_mean=138.61357
