condition,environment,run,file,variable,n,acf_lag1,shuffle_lag1_low,shuffle_lag1_high,lag1_outside_shuffle_95,high_threshold_ns,high_run_count,high_run_max,high_run_mean,shuffle_high_run_mean_95
cfs_pinned,container,docker_cpu3-baseline_cfs-run1,/home/ghost/hmm_evt/results/derived/cfs_pinned/container/docker_cpu3-baseline_cfs-run1.csv,response_ns,100001,0.9554791577740606,-0.00831528779224709,0.00482112359966757,True,,,,,
cfs_pinned,container,docker_cpu3-baseline_cfs-run1,/home/ghost/hmm_evt/results/derived/cfs_pinned/container/docker_cpu3-baseline_cfs-run1.csv,log_response_ns,100001,0.9552360362029539,-0.006021016033343001,0.005509485985268026,True,1323885.0,4639.0,6.0,1.0786807501616729,1.0588235294117647
cfs_pinned,container,docker_cpu3-baseline_cfs-run10,/home/ghost/hmm_evt/results/derived/cfs_pinned/container/docker_cpu3-baseline_cfs-run10.csv,response_ns,100001,0.9716635988259749,-0.005900987254159674,0.005745270024686555,True,,,,,
cfs_pinned,container,docker_cpu3-baseline_cfs-run10,/home/ghost/hmm_evt/results/derived/cfs_pinned/container/docker_cpu3-baseline_cfs-run10.csv,log_response_ns,100001,0.9710699573002844,-0.005841395623437987,0.0065285125088012895,True,1293140.0,3794.0,15.0,1.3186610437532946,1.0583879839221493
cfs_pinned,container,docker_cpu3-baseline_cfs-run2,/home/ghost/hmm_evt/results/derived/cfs_pinned/container/docker_cpu3-baseline_cfs-run2.csv,response_ns,100001,0.9785705014036803,-0.006724589085781885,0.006958969316817187,True,,,,,
cfs_pinned,container,docker_cpu3-baseline_cfs-run2,/home/ghost/hmm_evt/results/derived/cfs_pinned/container/docker_cpu3-baseline_cfs-run2.csv,log_response_ns,100001,0.9782513937898568,-0.006610043043451986,0.006256500619118214,True,1294267.0,3587.0,17.0,1.39448006690828,1.0581764332557648
cfs_pinned,container,docker_cpu3-baseline_cfs-run3,/home/ghost/hmm_evt/results/derived/cfs_pinned/container/docker_cpu3-baseline_cfs-run3.csv,response_ns,100001,0.9735834771235886,-0.005328038836875181,0.005862131749156945,True,,,,,
cfs_pinned,container,docker_cpu3-baseline_cfs-run3,/home/ghost/hmm_evt/results/derived/cfs_pinned/container/docker_cpu3-baseline_cfs-run3.csv,log_response_ns,100001,0.9729472709484368,-0.005588533115530696,0.005077076445751089,True,1273260.0,3698.0,7.0,1.3537047052460789,1.058138431102847
cfs_pinned,container,docker_cpu3-baseline_cfs-run4,/home/ghost/hmm_evt/results/derived/cfs_pinned/container/docker_cpu3-baseline_cfs-run4.csv,response_ns,100001,0.9764495849124858,-0.005473597387184004,0.007181260425663961,True,,,,,
cfs_pinned,container,docker_cpu3-baseline_cfs-run4,/home/ghost/hmm_evt/results/derived/cfs_pinned/container/docker_cpu3-baseline_cfs-run4.csv,log_response_ns,100001,0.9753494578121833,-0.005493347636555805,0.00707783975851234,True,1302824.0,3178.0,15.0,1.57960981749528,1.058625052720371
cfs_pinned,container,docker_cpu3-baseline_cfs-run5,/home/ghost/hmm_evt/results/derived/cfs_pinned/container/docker_cpu3-baseline_cfs-run5.csv,response_ns,100001,0.9738493383735368,-0.005701957498258002,0.006114510335229955,True,,,,,
cfs_pinned,container,docker_cpu3-baseline_cfs-run5,/home/ghost/hmm_evt/results/derived/cfs_pinned/container/docker_cpu3-baseline_cfs-run5.csv,log_response_ns,100001,0.9727099465186957,-0.0061767307701822375,0.0054819311576423755,True,1277345.0,2985.0,8.0,1.6753768844221106,1.0581887431231485
cfs_pinned,container,docker_cpu3-baseline_cfs-run6,/home/ghost/hmm_evt/results/derived/cfs_pinned/container/docker_cpu3-baseline_cfs-run6.csv,response_ns,100001,0.9762643053274356,-0.005425737284847212,0.006228782185554395,True,,,,,
cfs_pinned,container,docker_cpu3-baseline_cfs-run6,/home/ghost/hmm_evt/results/derived/cfs_pinned/container/docker_cpu3-baseline_cfs-run6.csv,log_response_ns,100001,0.9756424203762375,-0.005825157573369716,0.0060587748890366675,True,1310286.0,3784.0,10.0,1.3242600422832982,1.058300512279678
cfs_pinned,container,docker_cpu3-baseline_cfs-run7,/home/ghost/hmm_evt/results/derived/cfs_pinned/container/docker_cpu3-baseline_cfs-run7.csv,response_ns,100001,0.974067404237254,-0.007011031315278458,0.006313760346025595,True,,,,,
cfs_pinned,container,docker_cpu3-baseline_cfs-run7,/home/ghost/hmm_evt/results/derived/cfs_pinned/container/docker_cpu3-baseline_cfs-run7.csv,log_response_ns,100001,0.9732425109471814,-0.006160948093962033,0.006655926845984577,True,1285376.0,2878.0,18.0,1.7387074357192496,1.0579281183932348
cfs_pinned,container,docker_cpu3-baseline_cfs-run8,/home/ghost/hmm_evt/results/derived/cfs_pinned/container/docker_cpu3-baseline_cfs-run8.csv,response_ns,100001,0.9715534501195663,-0.006232053822325404,0.005666455102254469,True,,,,,
cfs_pinned,container,docker_cpu3-baseline_cfs-run8,/home/ghost/hmm_evt/results/derived/cfs_pinned/container/docker_cpu3-baseline_cfs-run8.csv,log_response_ns,100001,0.9713488321931543,-0.006508289569810963,0.005404240308887396,True,1285122.0,4177.0,17.0,1.1987072061288007,1.0579025788607856
cfs_pinned,container,docker_cpu3-baseline_cfs-run9,/home/ghost/hmm_evt/results/derived/cfs_pinned/container/docker_cpu3-baseline_cfs-run9.csv,response_ns,100001,0.9721556684725113,-0.005905897733587035,0.006368167244978335,True,,,,,
cfs_pinned,container,docker_cpu3-baseline_cfs-run9,/home/ghost/hmm_evt/results/derived/cfs_pinned/container/docker_cpu3-baseline_cfs-run9.csv,log_response_ns,100001,0.9716813158487931,-0.005640287928339565,0.006462850166237925,True,1317187.0,4156.0,8.0,1.2052454282964389,1.0585376162299238
cfs_pinned,host,host_cpu3-baseline_cfs-run1,/home/ghost/hmm_evt/results/derived/cfs_pinned/host/host_cpu3-baseline_cfs-run1.csv,response_ns,100001,0.9785226035727979,-0.00510519231710694,0.006140601622175232,True,,,,,
cfs_pinned,host,host_cpu3-baseline_cfs-run1,/home/ghost/hmm_evt/results/derived/cfs_pinned/host/host_cpu3-baseline_cfs-run1.csv,log_response_ns,100001,0.9777510639488253,-0.006082220587019002,0.006419929187448096,True,1364486.0,3008.0,34.0,1.6632313829787233,1.0575043089907197
cfs_pinned,host,host_cpu3-baseline_cfs-run10,/home/ghost/hmm_evt/results/derived/cfs_pinned/host/host_cpu3-baseline_cfs-run10.csv,response_ns,100001,0.9751186276771668,-0.006047532157191083,0.004914640450888805,True,,,,,
cfs_pinned,host,host_cpu3-baseline_cfs-run10,/home/ghost/hmm_evt/results/derived/cfs_pinned/host/host_cpu3-baseline_cfs-run10.csv,log_response_ns,100001,0.9745097325465207,-0.006976026447458776,0.006344398887396437,True,1341744.0,4168.0,6.0,1.2000959692898272,1.0579526226734348
cfs_pinned,host,host_cpu3-baseline_cfs-run2,/home/ghost/hmm_evt/results/derived/cfs_pinned/host/host_cpu3-baseline_cfs-run2.csv,response_ns,100001,0.9715119351481467,-0.005141697465881175,0.0062392066674153285,True,,,,,
cfs_pinned,host,host_cpu3-baseline_cfs-run2,/home/ghost/hmm_evt/results/derived/cfs_pinned/host/host_cpu3-baseline_cfs-run2.csv,log_response_ns,100001,0.9711840483004416,-0.007321931349526034,0.006371360960198366,True,1373149.0,2779.0,81.0,1.8002878733357324,1.0579403679424826
cfs_pinned,host,host_cpu3-baseline_cfs-run3,/home/ghost/hmm_evt/results/derived/cfs_pinned/host/host_cpu3-baseline_cfs-run3.csv,response_ns,100001,0.9767968140453656,-0.006009551284498488,0.006691675118833704,True,,,,,
cfs_pinned,host,host_cpu3-baseline_cfs-run3,/home/ghost/hmm_evt/results/derived/cfs_pinned/host/host_cpu3-baseline_cfs-run3.csv,log_response_ns,100001,0.9765399780462339,-0.005787931615059396,0.005742041211615287,True,1379014.0,3897.0,6.0,1.283551449833205,1.0584115385562698
cfs_pinned,host,host_cpu3-baseline_cfs-run4,/home/ghost/hmm_evt/results/derived/cfs_pinned/host/host_cpu3-baseline_cfs-run4.csv,response_ns,100001,0.9716969724903328,-0.00567500012931557,0.006621463083631217,True,,,,,
cfs_pinned,host,host_cpu3-baseline_cfs-run4,/home/ghost/hmm_evt/results/derived/cfs_pinned/host/host_cpu3-baseline_cfs-run4.csv,log_response_ns,100001,0.9711425867980958,-0.006741150480130953,0.004803957668071953,True,1373000.0,4144.0,5.0,1.2075289575289576,1.057704502219404
cfs_pinned,host,host_cpu3-baseline_cfs-run5,/home/ghost/hmm_evt/results/derived/cfs_pinned/host/host_cpu3-baseline_cfs-run5.csv,response_ns,100001,0.9771207656665306,-0.0059231969543546955,0.006197934280419206,True,,,,,
cfs_pinned,host,host_cpu3-baseline_cfs-run5,/home/ghost/hmm_evt/results/derived/cfs_pinned/host/host_cpu3-baseline_cfs-run5.csv,log_response_ns,100001,0.9767400814192653,-0.0059124581745670065,0.006268999560618425,True,1373138.0,4165.0,5.0,1.2012004801920768,1.0572696534234995
cfs_pinned,host,host_cpu3-baseline_cfs-run6,/home/ghost/hmm_evt/results/derived/cfs_pinned/host/host_cpu3-baseline_cfs-run6.csv,response_ns,100001,0.9726360355685115,-0.006478040361166039,0.006113580233308269,True,,,,,
cfs_pinned,host,host_cpu3-baseline_cfs-run6,/home/ghost/hmm_evt/results/derived/cfs_pinned/host/host_cpu3-baseline_cfs-run6.csv,log_response_ns,100001,0.9723109001428799,-0.0056493050612708385,0.005500290210458925,True,1366069.0,4431.0,6.0,1.1290904987587451,1.0579403679424826
cfs_pinned,host,host_cpu3-baseline_cfs-run7,/home/ghost/hmm_evt/results/derived/cfs_pinned/host/host_cpu3-baseline_cfs-run7.csv,response_ns,100001,0.9762522464496894,-0.006074078159369891,0.0056723747613080956,True,,,,,
cfs_pinned,host,host_cpu3-baseline_cfs-run7,/home/ghost/hmm_evt/results/derived/cfs_pinned/host/host_cpu3-baseline_cfs-run7.csv,log_response_ns,100001,0.975432059686163,-0.005397817609691807,0.006766398640056864,True,1110683.0,3718.0,39.0,1.3469607315761163,1.0574435985616029
cfs_pinned,host,host_cpu3-baseline_cfs-run8,/home/ghost/hmm_evt/results/derived/cfs_pinned/host/host_cpu3-baseline_cfs-run8.csv,response_ns,100001,0.9510924908114027,-0.006194533137690479,0.006720360824381595,True,,,,,
cfs_pinned,host,host_cpu3-baseline_cfs-run8,/home/ghost/hmm_evt/results/derived/cfs_pinned/host/host_cpu3-baseline_cfs-run8.csv,log_response_ns,100001,0.9507138598680458,-0.006767207029331499,0.00609520871176637,True,1108678.0,3888.0,8.0,1.2867798353909465,1.058175321361928
cfs_pinned,host,host_cpu3-baseline_cfs-run9,/home/ghost/hmm_evt/results/derived/cfs_pinned/host/host_cpu3-baseline_cfs-run9.csv,response_ns,100001,0.9674808231645421,-0.006233135569971747,0.005804343983123573,True,,,,,
cfs_pinned,host,host_cpu3-baseline_cfs-run9,/home/ghost/hmm_evt/results/derived/cfs_pinned/host/host_cpu3-baseline_cfs-run9.csv,log_response_ns,100001,0.9671414591042622,-0.005156430118564027,0.006368533209678203,True,1370706.0,4026.0,7.0,1.243417784401391,1.0572557060215062
cfs_quota,container,quota_13-run1,/home/ghost/hmm_evt/results/derived/cfs_quota/container/quota_13-run1.csv,response_ns,100001,-0.08889938007872002,-0.006578758480583254,0.005682053854158621,True,,,,,
cfs_quota,container,quota_13-run1,/home/ghost/hmm_evt/results/derived/cfs_quota/container/quota_13-run1.csv,log_response_ns,100001,-0.08866623564469585,-0.005966738008542385,0.005568320277835043,True,658350.0,5001.0,1.0,1.0,1.058199940887626
cfs_quota,container,quota_13-run10,/home/ghost/hmm_evt/results/derived/cfs_quota/container/quota_13-run10.csv,response_ns,100001,0.7785170634577496,-0.00016323163836390293,-0.00012934712342975817,True,,,,,
cfs_quota,container,quota_13-run10,/home/ghost/hmm_evt/results/derived/cfs_quota/container/quota_13-run10.csv,log_response_ns,100001,0.820136352396061,-0.00034295070429569773,-3.779176177346894e-05,True,651958.0,4985.0,8.0,1.0034102306920762,1.0586243386243386
cfs_quota,container,quota_13-run2,/home/ghost/hmm_evt/results/derived/cfs_quota/container/quota_13-run2.csv,response_ns,100001,0.0060335597739519815,-0.004041624560063453,0.0039977646975583965,True,,,,,
cfs_quota,container,quota_13-run2,/home/ghost/hmm_evt/results/derived/cfs_quota/container/quota_13-run2.csv,log_response_ns,100001,0.005733874874319497,-0.004253869020102175,0.003970893913298673,True,655045.0,4714.0,6.0,1.0806109461179465,1.0594841930116472
cfs_quota,container,quota_13-run3,/home/ghost/hmm_evt/results/derived/cfs_quota/container/quota_13-run3.csv,response_ns,100001,-0.04607924622788592,-0.006083936251806523,0.005466756938141119,True,,,,,
cfs_quota,container,quota_13-run3,/home/ghost/hmm_evt/results/derived/cfs_quota/container/quota_13-run3.csv,log_response_ns,100001,-0.04595831463316075,-0.005867110333719365,0.005437602251606691,True,652104.0,5001.0,1.0,1.0,1.0582223506419857
cfs_quota,container,quota_13-run4,/home/ghost/hmm_evt/results/derived/cfs_quota/container/quota_13-run4.csv,response_ns,100001,0.11129227624075616,-0.0061192990811123026,0.005592171826874651,True,,,,,
cfs_quota,container,quota_13-run4,/home/ghost/hmm_evt/results/derived/cfs_quota/container/quota_13-run4.csv,log_response_ns,100001,0.11137078949206439,-0.006294696560446473,0.006700601402340398,True,654929.0,4519.0,7.0,1.1141845541048905,1.057562043405894
cfs_quota,container,quota_13-run5,/home/ghost/hmm_evt/results/derived/cfs_quota/container/quota_13-run5.csv,response_ns,100001,0.03617295205761566,-0.005987220663185132,0.00621481003279184,True,,,,,
cfs_quota,container,quota_13-run5,/home/ghost/hmm_evt/results/derived/cfs_quota/container/quota_13-run5.csv,log_response_ns,100001,0.03617707207973302,-0.006824571925704499,0.006095438790673631,True,654951.0,4723.0,8.0,1.067118356976498,1.0590460180710233
cfs_quota,container,quota_13-run6,/home/ghost/hmm_evt/results/derived/cfs_quota/container/quota_13-run6.csv,response_ns,100001,-0.02145455045037416,-0.003082982864606779,0.0065344172531749956,True,,,,,
cfs_quota,container,quota_13-run6,/home/ghost/hmm_evt/results/derived/cfs_quota/container/quota_13-run6.csv,log_response_ns,100001,-0.025158631470421505,-0.0038899457059954267,0.0062046983419221675,True,651922.0,5001.0,2.0,1.0001999600079985,1.0573041160200114
cfs_quota,container,quota_13-run7,/home/ghost/hmm_evt/results/derived/cfs_quota/container/quota_13-run7.csv,response_ns,100001,0.0014961366157040584,-0.0024650295025248027,0.0021291042236036683,False,,,,,
cfs_quota,container,quota_13-run7,/home/ghost/hmm_evt/results/derived/cfs_quota/container/quota_13-run7.csv,log_response_ns,100001,0.0013984157160493562,-0.002464089646787722,0.0024998294749875795,False,654972.0,4665.0,6.0,1.077599142550911,1.0583380791912385
cfs_quota,container,quota_13-run8,/home/ghost/hmm_evt/results/derived/cfs_quota/container/quota_13-run8.csv,response_ns,100001,-0.026962661617420742,-0.0024766153954993773,0.0053806713027542,True,,,,,
cfs_quota,container,quota_13-run8,/home/ghost/hmm_evt/results/derived/cfs_quota/container/quota_13-run8.csv,log_response_ns,100001,-0.029825453025189408,-0.002919250102635921,0.005383422818644903,True,658415.0,5001.0,1.0,1.0,1.0579648825893802
cfs_quota,container,quota_13-run9,/home/ghost/hmm_evt/results/derived/cfs_quota/container/quota_13-run9.csv,response_ns,100001,-0.04259341926277632,-0.006808170024675998,0.006750923183585324,True,,,,,
cfs_quota,container,quota_13-run9,/home/ghost/hmm_evt/results/derived/cfs_quota/container/quota_13-run9.csv,log_response_ns,100001,-0.0425764109719876,-0.005446962003758816,0.0059193895793736885,True,658407.0,5001.0,1.0,1.0,1.0584126984126985
cfs_quota,container,quota_15-run1,/home/ghost/hmm_evt/results/derived/cfs_quota/container/quota_15-run1.csv,response_ns,100001,-0.04503904532096834,-0.00612627527440765,0.005306988973265431,True,,,,,
cfs_quota,container,quota_15-run1,/home/ghost/hmm_evt/results/derived/cfs_quota/container/quota_15-run1.csv,log_response_ns,100001,-0.04473485262837686,-0.00731692134418453,0.0050948879546759964,True,651184.0,5001.0,1.0,1.0,1.0579760756160685
cfs_quota,container,quota_15-run10,/home/ghost/hmm_evt/results/derived/cfs_quota/container/quota_15-run10.csv,response_ns,100001,-0.03859370633353134,-0.006548908928063209,0.007326633633728038,True,,,,,
cfs_quota,container,quota_15-run10,/home/ghost/hmm_evt/results/derived/cfs_quota/container/quota_15-run10.csv,log_response_ns,100001,-0.03837190781974628,-0.007085132642623804,0.0068101061562729805,True,651815.0,5001.0,1.0,1.0,1.0581887431231485
cfs_quota,container,quota_15-run2,/home/ghost/hmm_evt/results/derived/cfs_quota/container/quota_15-run2.csv,response_ns,100001,-0.013117239923288964,-0.006364478063613936,0.007030415122345482,True,,,,,
cfs_quota,container,quota_15-run2,/home/ghost/hmm_evt/results/derived/cfs_quota/container/quota_15-run2.csv,log_response_ns,100001,-0.013078479081691224,-0.006634367863882111,0.005704825072070929,True,658506.0,5001.0,1.0,1.0,1.0584126984126985
cfs_quota,container,quota_15-run3,/home/ghost/hmm_evt/results/derived/cfs_quota/container/quota_15-run3.csv,response_ns,100001,-0.025557424188635647,-0.004434195343576133,0.005602840866898667,True,,,,,
cfs_quota,container,quota_15-run3,/home/ghost/hmm_evt/results/derived/cfs_quota/container/quota_15-run3.csv,log_response_ns,100001,-0.024839102622788697,-0.00526850078596276,0.004275771353554951,True,652086.0,5001.0,1.0,1.0,1.0581887431231485
cfs_quota,container,quota_15-run4,/home/ghost/hmm_evt/results/derived/cfs_quota/container/quota_15-run4.csv,response_ns,100001,0.005365802484350326,-0.003722327577793308,0.0042642464005380595,True,,,,,
cfs_quota,container,quota_15-run4,/home/ghost/hmm_evt/results/derived/cfs_quota/container/quota_15-run4.csv,log_response_ns,100001,0.005181704973872766,-0.003844144071083537,0.0038677194443547955,True,654961.0,4721.0,9.0,1.0696886252912519,1.0582564962279966
cfs_quota,container,quota_15-run5,/home/ghost/hmm_evt/results/derived/cfs_quota/container/quota_15-run5.csv,response_ns,100001,-0.05522439971332444,-0.005981604709601767,0.004830905264479107,True,,,,,
cfs_quota,container,quota_15-run5,/home/ghost/hmm_evt/results/derived/cfs_quota/container/quota_15-run5.csv,log_response_ns,100001,-0.05522814965684612,-0.005881582732241687,0.006992437601061554,True,651519.0,4999.0,2.0,1.0004000800160031,1.0573050477531243
cfs_quota,container,quota_15-run6,/home/ghost/hmm_evt/results/derived/cfs_quota/container/quota_15-run6.csv,response_ns,100001,-0.006480756622692702,-0.005297989006884723,0.006175101275981995,True,,,,,
cfs_quota,container,quota_15-run6,/home/ghost/hmm_evt/results/derived/cfs_quota/container/quota_15-run6.csv,log_response_ns,100001,-0.006241549779476731,-0.004599249289290689,0.004327527503888479,True,657513.0,5001.0,1.0,1.0,1.0586367485182049
cfs_quota,container,quota_15-run7,/home/ghost/hmm_evt/results/derived/cfs_quota/container/quota_15-run7.csv,response_ns,100001,0.0031515297427015376,-0.0018227869588785576,0.0014301151982779516,True,,,,,
cfs_quota,container,quota_15-run7,/home/ghost/hmm_evt/results/derived/cfs_quota/container/quota_15-run7.csv,log_response_ns,100001,0.0029964073405815248,-0.0016356419581034104,0.001491115426995675,True,654444.0,4702.0,6.0,1.0799659719268397,1.0596938637728157
cfs_quota,container,quota_15-run8,/home/ghost/hmm_evt/results/derived/cfs_quota/container/quota_15-run8.csv,response_ns,100001,-0.03224276982648791,-0.005958875708525891,0.005370821221468389,True,,,,,
cfs_quota,container,quota_15-run8,/home/ghost/hmm_evt/results/derived/cfs_quota/container/quota_15-run8.csv,log_response_ns,100001,-0.0318340466005691,-0.0074440532586858696,0.0051053305169646524,True,658582.0,5002.0,1.0,1.0,1.0577400925420033
cfs_quota,container,quota_15-run9,/home/ghost/hmm_evt/results/derived/cfs_quota/container/quota_15-run9.csv,response_ns,100001,-0.04564777689021172,-0.0053979004918710835,0.005307222839478252,True,,,,,
cfs_quota,container,quota_15-run9,/home/ghost/hmm_evt/results/derived/cfs_quota/container/quota_15-run9.csv,log_response_ns,100001,-0.04563673333544437,-0.006276538096066789,0.006033390201199492,True,651766.0,5001.0,1.0,1.0,1.0581887431231485
cfs_quota,container,quota_17-run1,/home/ghost/hmm_evt/results/derived/cfs_quota/container/quota_17-run1.csv,response_ns,100001,-0.026514429165340293,-0.005529633128530832,0.00721478381516918,True,,,,,
cfs_quota,container,quota_17-run1,/home/ghost/hmm_evt/results/derived/cfs_quota/container/quota_17-run1.csv,log_response_ns,100001,-0.0264557867011681,-0.0058674225908252955,0.006446975125774426,True,656346.0,5000.0,2.0,1.0002,1.057987273380546
cfs_quota,container,quota_17-run10,/home/ghost/hmm_evt/results/derived/cfs_quota/container/quota_17-run10.csv,response_ns,100001,0.026359159437010955,-0.006699414198445131,0.005460645113758111,True,,,,,
cfs_quota,container,quota_17-run10,/home/ghost/hmm_evt/results/derived/cfs_quota/container/quota_17-run10.csv,log_response_ns,100001,0.025901851721469676,-0.005365570881642874,0.00504296266328316,True,653708.0,4684.0,11.0,1.0768573868488471,1.0583409415856193
cfs_quota,container,quota_17-run2,/home/ghost/hmm_evt/results/derived/cfs_quota/container/quota_17-run2.csv,response_ns,100001,-0.04275770714280335,-0.0055314272605519734,0.006490774882586965,True,,,,,
cfs_quota,container,quota_17-run2,/home/ghost/hmm_evt/results/derived/cfs_quota/container/quota_17-run2.csv,log_response_ns,100001,-0.042668345798019876,-0.0063139891401754345,0.005891425991806808,True,658477.0,5000.0,2.0,1.0002,1.0581887431231485
cfs_quota,container,quota_17-run3,/home/ghost/hmm_evt/results/derived/cfs_quota/container/quota_17-run3.csv,response_ns,100001,-0.014950277169549189,-0.00722222562272051,0.004771329892484257,True,,,,,
cfs_quota,container,quota_17-run3,/home/ghost/hmm_evt/results/derived/cfs_quota/container/quota_17-run3.csv,log_response_ns,100001,-0.014770773642407581,-0.006243912022057001,0.005332774510784571,True,658404.0,5001.0,1.0,1.0,1.0586703845089436
cfs_quota,container,quota_17-run4,/home/ghost/hmm_evt/results/derived/cfs_quota/container/quota_17-run4.csv,response_ns,100001,-1.434863816854574e-05,-0.0001662781558437525,0.00047694149532768787,False,,,,,
cfs_quota,container,quota_17-run4,/home/ghost/hmm_evt/results/derived/cfs_quota/container/quota_17-run4.csv,log_response_ns,100001,-0.00028701129419227665,-0.00044712693531926377,0.0013006680762484538,False,658520.0,5000.0,2.0,1.0002,1.058199940887626
cfs_quota,container,quota_17-run5,/home/ghost/hmm_evt/results/derived/cfs_quota/container/quota_17-run5.csv,response_ns,100001,-0.02278572559912538,-0.006953647310269392,0.005748351619504552,True,,,,,
cfs_quota,container,quota_17-run5,/home/ghost/hmm_evt/results/derived/cfs_quota/container/quota_17-run5.csv,log_response_ns,100001,-0.022677871301498766,-0.006382482511718903,0.005279814290178629,True,652920.0,5004.0,1.0,1.0,1.0577268685654015
cfs_quota,container,quota_17-run6,/home/ghost/hmm_evt/results/derived/cfs_quota/container/quota_17-run6.csv,response_ns,100001,0.005678643889724858,-0.0025809217213391892,0.0029108456824052695,True,,,,,
cfs_quota,container,quota_17-run6,/home/ghost/hmm_evt/results/derived/cfs_quota/container/quota_17-run6.csv,log_response_ns,100001,0.005401505108666177,-0.0030256802223647284,0.0027003433330941625,True,654966.0,4805.0,6.0,1.0630593132154007,1.059542208577446
cfs_quota,container,quota_17-run7,/home/ghost/hmm_evt/results/derived/cfs_quota/container/quota_17-run7.csv,response_ns,100001,-0.03838853819673354,-0.005731575240239628,0.005833950943622568,True,,,,,
cfs_quota,container,quota_17-run7,/home/ghost/hmm_evt/results/derived/cfs_quota/container/quota_17-run7.csv,log_response_ns,100001,-0.03836573782187742,-0.005252742615577043,0.007317078228759919,True,657312.0,5001.0,1.0,1.0,1.0586591677631967
cfs_quota,container,quota_17-run8,/home/ghost/hmm_evt/results/derived/cfs_quota/container/quota_17-run8.csv,response_ns,100001,-0.001199279937201089,-0.003544927746091331,0.007605044049868029,False,,,,,
cfs_quota,container,quota_17-run8,/home/ghost/hmm_evt/results/derived/cfs_quota/container/quota_17-run8.csv,log_response_ns,100001,-0.0010962556369178975,-0.003248780177596531,0.007492948101903714,False,658460.0,5001.0,1.0,1.0,1.0570927397473167
cfs_quota,container,quota_17-run9,/home/ghost/hmm_evt/results/derived/cfs_quota/container/quota_17-run9.csv,response_ns,100001,0.25555451405722973,-0.00010473914797570245,0.00022491670851380798,True,,,,,
cfs_quota,container,quota_17-run9,/home/ghost/hmm_evt/results/derived/cfs_quota/container/quota_17-run9.csv,log_response_ns,100001,0.4172847931162966,-0.0003369940645821922,0.0007594501345998378,True,652068.0,5001.0,2.0,1.0003999200159968,1.058175321361928
container_churn,container,docker_cpu3-churn_runtime-run1,/home/ghost/hmm_evt/results/derived/container_churn/container/docker_cpu3-churn_runtime-run1.csv,response_ns,100001,0.00172319450165351,-0.0011084134162851306,0.0011400527045908981,True,,,,,
container_churn,container,docker_cpu3-churn_runtime-run1,/home/ghost/hmm_evt/results/derived/container_churn/container/docker_cpu3-churn_runtime-run1.csv,log_response_ns,100001,0.0021868029891136133,-0.0011459576204526374,0.006608142510797555,False,603672.0,4487.0,4.0,1.1199019389347002,1.058340353833193
container_churn,container,docker_cpu3-churn_runtime-run10,/home/ghost/hmm_evt/results/derived/container_churn/container/docker_cpu3-churn_runtime-run10.csv,response_ns,100001,0.08819149608439288,-0.0013478289837882463,0.0032644974120881135,True,,,,,
container_churn,container,docker_cpu3-churn_runtime-run10,/home/ghost/hmm_evt/results/derived/container_churn/container/docker_cpu3-churn_runtime-run10.csv,log_response_ns,100001,0.08483101455686276,-0.0015504624093826997,0.003568831507596653,True,603871.0,4433.0,5.0,1.1308369050304534,1.0578181050854611
container_churn,container,docker_cpu3-churn_runtime-run2,/home/ghost/hmm_evt/results/derived/container_churn/container/docker_cpu3-churn_runtime-run2.csv,response_ns,100001,0.012335565875337488,-0.002588399170667759,0.0038894330940795717,True,,,,,
container_churn,container,docker_cpu3-churn_runtime-run2,/home/ghost/hmm_evt/results/derived/container_churn/container/docker_cpu3-churn_runtime-run2.csv,log_response_ns,100001,0.014564195735054674,-0.002787431244271554,0.003535710556844247,True,606566.0,4930.0,3.0,1.014604462474645,1.0579526226734348
container_churn,container,docker_cpu3-churn_runtime-run3,/home/ghost/hmm_evt/results/derived/container_churn/container/docker_cpu3-churn_runtime-run3.csv,response_ns,100001,0.005333613624084729,-0.0019895788814311894,0.0029169470653105903,True,,,,,
container_churn,container,docker_cpu3-churn_runtime-run3,/home/ghost/hmm_evt/results/derived/container_churn/container/docker_cpu3-churn_runtime-run3.csv,log_response_ns,100001,0.00670100683725585,-0.0021374656300426086,0.0023949292860045296,True,607259.0,4921.0,3.0,1.0166632798211745,1.0579403679424826
container_churn,container,docker_cpu3-churn_runtime-run4,/home/ghost/hmm_evt/results/derived/container_churn/container/docker_cpu3-churn_runtime-run4.csv,response_ns,100001,0.003107834968336334,-0.0011174526009861455,0.000564152763775833,True,,,,,
container_churn,container,docker_cpu3-churn_runtime-run4,/home/ghost/hmm_evt/results/derived/container_churn/container/docker_cpu3-churn_runtime-run4.csv,log_response_ns,100001,0.00400108089999694,-0.001107617852391811,0.0029539395299967935,True,603844.0,4455.0,5.0,1.1257014590347925,1.0584746590009777
container_churn,container,docker_cpu3-churn_runtime-run5,/home/ghost/hmm_evt/results/derived/container_churn/container/docker_cpu3-churn_runtime-run5.csv,response_ns,100001,0.012394945602125191,-0.0025916233214339636,0.0039071349631912555,True,,,,,
container_churn,container,docker_cpu3-churn_runtime-run5,/home/ghost/hmm_evt/results/derived/container_churn/container/docker_cpu3-churn_runtime-run5.csv,log_response_ns,100001,0.014456318807517217,-0.0029390243880460473,0.003777192793579942,True,607309.0,4905.0,3.0,1.0201834862385322,1.058599534588534
container_churn,container,docker_cpu3-churn_runtime-run6,/home/ghost/hmm_evt/results/derived/container_churn/container/docker_cpu3-churn_runtime-run6.csv,response_ns,100001,0.005280911605238295,-0.0016221433803617583,0.002690927532768446,True,,,,,
container_churn,container,docker_cpu3-churn_runtime-run6,/home/ghost/hmm_evt/results/derived/container_churn/container/docker_cpu3-churn_runtime-run6.csv,log_response_ns,100001,0.0060995938398546255,-0.0016506983466131736,0.0018335028202385595,True,603840.0,4421.0,5.0,1.1320968106763176,1.0574688358335094
container_churn,container,docker_cpu3-churn_runtime-run7,/home/ghost/hmm_evt/results/derived/container_churn/container/docker_cpu3-churn_runtime-run7.csv,response_ns,100001,0.018368262829231884,-0.002518002319852325,0.002702247739622626,True,,,,,
container_churn,container,docker_cpu3-churn_runtime-run7,/home/ghost/hmm_evt/results/derived/container_churn/container/docker_cpu3-churn_runtime-run7.csv,log_response_ns,100001,0.02102196163468387,-0.0028523462325048326,0.003225765189897907,True,607280.0,4926.0,3.0,1.0158343483556638,1.057704502219404
container_churn,container,docker_cpu3-churn_runtime-run8,/home/ghost/hmm_evt/results/derived/container_churn/container/docker_cpu3-churn_runtime-run8.csv,response_ns,100001,0.9697282212436935,-0.0032222165240239956,0.006752679587246405,True,,,,,
container_churn,container,docker_cpu3-churn_runtime-run8,/home/ghost/hmm_evt/results/derived/container_churn/container/docker_cpu3-churn_runtime-run8.csv,log_response_ns,100001,0.9615784727625137,-0.005413858963262302,0.0069165283969389564,True,607350.0,4332.0,76.0,1.1555863342566943,1.058350951374207
container_churn,container,docker_cpu3-churn_runtime-run9,/home/ghost/hmm_evt/results/derived/container_churn/container/docker_cpu3-churn_runtime-run9.csv,response_ns,100001,0.010252280108352612,-0.0023074445380372316,0.002166357488899001,True,,,,,
container_churn,container,docker_cpu3-churn_runtime-run9,/home/ghost/hmm_evt/results/derived/container_churn/container/docker_cpu3-churn_runtime-run9.csv,log_response_ns,100001,0.011528737755617701,-0.002754155609425298,0.0027562303837644396,True,607294.0,4939.0,3.0,1.0131605588175745,1.0579281183932348
container_churn,host,host_cpu3-churn_runtime-run1,/home/ghost/hmm_evt/results/derived/container_churn/host/host_cpu3-churn_runtime-run1.csv,response_ns,100001,0.0004887409489478956,-0.002782278321261665,0.00481633529167132,False,,,,,
container_churn,host,host_cpu3-churn_runtime-run1,/home/ghost/hmm_evt/results/derived/container_churn/host/host_cpu3-churn_runtime-run1.csv,log_response_ns,100001,0.0006782670365359161,-0.0030837477239586152,0.004827135985383491,False,605974.0,4762.0,3.0,1.0535489290214195,1.0582267289476752
container_churn,host,host_cpu3-churn_runtime-run10,/home/ghost/hmm_evt/results/derived/container_churn/host/host_cpu3-churn_runtime-run10.csv,response_ns,100001,0.5547975781475343,-0.00016128473538366028,0.00015245702823309763,True,,,,,
container_churn,host,host_cpu3-churn_runtime-run10,/home/ghost/hmm_evt/results/derived/container_churn/host/host_cpu3-churn_runtime-run10.csv,log_response_ns,100001,0.6306481977136342,-0.0007819303934577601,0.0008141691278552262,True,605861.0,4741.0,5.0,1.0563172326513395,1.0585611791775984
container_churn,host,host_cpu3-churn_runtime-run2,/home/ghost/hmm_evt/results/derived/container_churn/host/host_cpu3-churn_runtime-run2.csv,response_ns,100001,0.006565218769136662,-0.003190308030248415,0.0040950649739691074,True,,,,,
container_churn,host,host_cpu3-churn_runtime-run2,/home/ghost/hmm_evt/results/derived/container_churn/host/host_cpu3-churn_runtime-run2.csv,log_response_ns,100001,0.007426198578616992,-0.0039011539857317055,0.006133157354942439,True,608088.0,4753.0,3.0,1.0536503261098253,1.0579015278050083
container_churn,host,host_cpu3-churn_runtime-run3,/home/ghost/hmm_evt/results/derived/container_churn/host/host_cpu3-churn_runtime-run3.csv,response_ns,100001,0.9480745852504591,-0.00022262215584357352,-0.00020108345082163627,True,,,,,
container_churn,host,host_cpu3-churn_runtime-run3,/home/ghost/hmm_evt/results/derived/container_churn/host/host_cpu3-churn_runtime-run3.csv,log_response_ns,100001,0.97072799632779,-0.00044364072664357086,0.00012168538569079827,True,605819.0,4706.0,29.0,1.063323416914577,1.0586107343296955
container_churn,host,host_cpu3-churn_runtime-run4,/home/ghost/hmm_evt/results/derived/container_churn/host/host_cpu3-churn_runtime-run4.csv,response_ns,100001,0.03594675994788687,-0.004153877729679852,0.0045619829786822,True,,,,,
container_churn,host,host_cpu3-churn_runtime-run4,/home/ghost/hmm_evt/results/derived/container_churn/host/host_cpu3-churn_runtime-run4.csv,log_response_ns,100001,0.03987978131042304,-0.004416205694318534,0.005761158644484435,True,608586.0,4704.0,4.0,1.0637755102040816,1.0584204429696935
container_churn,host,host_cpu3-churn_runtime-run5,/home/ghost/hmm_evt/results/derived/container_churn/host/host_cpu3-churn_runtime-run5.csv,response_ns,100001,0.005878332581070425,-0.0034037808709624466,0.0036138756278787875,True,,,,,
container_churn,host,host_cpu3-churn_runtime-run5,/home/ghost/hmm_evt/results/derived/container_churn/host/host_cpu3-churn_runtime-run5.csv,log_response_ns,100001,0.0065827909858013536,-0.0033208012109361583,0.005259599043900866,True,605592.0,4744.0,4.0,1.0543844856661047,1.0584115385562698
container_churn,host,host_cpu3-churn_runtime-run6,/home/ghost/hmm_evt/results/derived/container_churn/host/host_cpu3-churn_runtime-run6.csv,response_ns,100001,0.011445998481097078,-0.0027559688931750098,0.0045614577734641466,True,,,,,
container_churn,host,host_cpu3-churn_runtime-run6,/home/ghost/hmm_evt/results/derived/container_churn/host/host_cpu3-churn_runtime-run6.csv,log_response_ns,100001,0.013467106427592138,-0.0038643621819246486,0.003674930294832195,True,607966.0,4721.0,3.0,1.0593094683329802,1.0586479557672894
container_churn,host,host_cpu3-churn_runtime-run7,/home/ghost/hmm_evt/results/derived/container_churn/host/host_cpu3-churn_runtime-run7.csv,response_ns,100001,0.007532007320400819,-0.004040580337508299,0.004570630584174309,True,,,,,
container_churn,host,host_cpu3-churn_runtime-run7,/home/ghost/hmm_evt/results/derived/container_churn/host/host_cpu3-churn_runtime-run7.csv,log_response_ns,100001,0.00846421301480023,-0.0039219497002943,0.004327055491300417,True,608471.0,4751.0,4.0,1.0528309829509577,1.0575052854122622
container_churn,host,host_cpu3-churn_runtime-run8,/home/ghost/hmm_evt/results/derived/container_churn/host/host_cpu3-churn_runtime-run8.csv,response_ns,100001,0.004579905247460728,-0.0027903309048650095,0.0038815276340246675,True,,,,,
container_churn,host,host_cpu3-churn_runtime-run8,/home/ghost/hmm_evt/results/derived/container_churn/host/host_cpu3-churn_runtime-run8.csv,log_response_ns,100001,0.0053121473476565265,-0.00346894423487986,0.004167682725920254,True,605855.0,4725.0,3.0,1.0607407407407408,1.0587353078560755
container_churn,host,host_cpu3-churn_runtime-run9,/home/ghost/hmm_evt/results/derived/container_churn/host/host_cpu3-churn_runtime-run9.csv,response_ns,100001,0.009125034439524515,-0.0036358319728737286,0.003907663572313239,True,,,,,
container_churn,host,host_cpu3-churn_runtime-run9,/home/ghost/hmm_evt/results/derived/container_churn/host/host_cpu3-churn_runtime-run9.csv,log_response_ns,100001,0.010411400228103409,-0.0036733447754899212,0.004297435229108805,True,607520.0,4764.0,3.0,1.051007556675063,1.0581261447444805
cpu_migration,container,migration_unpinned_nomask-run1,/home/ghost/hmm_evt/results/derived/cpu_migration/container/migration_unpinned_nomask-run1.csv,response_ns,100001,0.05797928911264731,-0.00475609539772135,0.004630060269422128,True,,,,,
cpu_migration,container,migration_unpinned_nomask-run1,/home/ghost/hmm_evt/results/derived/cpu_migration/container/migration_unpinned_nomask-run1.csv,log_response_ns,100001,0.05652188921575956,-0.004278876925894721,0.004447614452218958,True,653783.0,4387.0,12.0,1.1399589696831547,1.0577411167512691
cpu_migration,container,migration_unpinned_nomask-run10,/home/ghost/hmm_evt/results/derived/cpu_migration/container/migration_unpinned_nomask-run10.csv,response_ns,100001,0.003225835617838124,-0.0027759443081721417,0.005554556712470083,False,,,,,
cpu_migration,container,migration_unpinned_nomask-run10,/home/ghost/hmm_evt/results/derived/cpu_migration/container/migration_unpinned_nomask-run10.csv,log_response_ns,100001,0.0028574655429063644,-0.0026570935268025557,0.004738888637561038,False,645325.0,4968.0,8.0,1.0074476650563606,1.0585871404399323
cpu_migration,container,migration_unpinned_nomask-run2,/home/ghost/hmm_evt/results/derived/cpu_migration/container/migration_unpinned_nomask-run2.csv,response_ns,100001,-0.1928189883047717,-0.005713507734456241,0.006204946423798525,True,,,,,
cpu_migration,container,migration_unpinned_nomask-run2,/home/ghost/hmm_evt/results/derived/cpu_migration/container/migration_unpinned_nomask-run2.csv,log_response_ns,100001,-0.19298353565785747,-0.005689159095237725,0.006539855854091543,True,632388.0,4938.0,6.0,1.0164034021871202,1.0590841949778433
cpu_migration,container,migration_unpinned_nomask-run3,/home/ghost/hmm_evt/results/derived/cpu_migration/container/migration_unpinned_nomask-run3.csv,response_ns,100001,0.038098379465820675,-0.0035605945971987738,0.00557485990209931,True,,,,,
cpu_migration,container,migration_unpinned_nomask-run3,/home/ghost/hmm_evt/results/derived/cpu_migration/container/migration_unpinned_nomask-run3.csv,log_response_ns,100001,0.04005484485561068,-0.0033639289566583922,0.005713129723980331,True,647596.0,4906.0,3.0,1.0201793721973094,1.0576923076923077
cpu_migration,container,migration_unpinned_nomask-run4,/home/ghost/hmm_evt/results/derived/cpu_migration/container/migration_unpinned_nomask-run4.csv,response_ns,100001,-0.0036770912480352364,-0.005913287955687852,0.0066477524589730105,False,,,,,
cpu_migration,container,migration_unpinned_nomask-run4,/home/ghost/hmm_evt/results/derived/cpu_migration/container/migration_unpinned_nomask-run4.csv,log_response_ns,100001,-0.0037120005693421177,-0.00586975695671162,0.007255658773359405,False,656471.0,4965.0,5.0,1.0072507552870091,1.0586591677631967
cpu_migration,container,migration_unpinned_nomask-run5,/home/ghost/hmm_evt/results/derived/cpu_migration/container/migration_unpinned_nomask-run5.csv,response_ns,100001,0.025643512486235847,-0.00557111792736579,0.006329421366710691,True,,,,,
cpu_migration,container,migration_unpinned_nomask-run5,/home/ghost/hmm_evt/results/derived/cpu_migration/container/migration_unpinned_nomask-run5.csv,log_response_ns,100001,0.025380199817136854,-0.0063121233783237415,0.00726279722857718,True,646406.0,4913.0,8.0,1.018929371056381,1.0588210500575355
cpu_migration,container,migration_unpinned_nomask-run6,/home/ghost/hmm_evt/results/derived/cpu_migration/container/migration_unpinned_nomask-run6.csv,response_ns,100001,0.008391691149603392,-0.0063141660084737265,0.005945223070857241,True,,,,,
cpu_migration,container,migration_unpinned_nomask-run6,/home/ghost/hmm_evt/results/derived/cpu_migration/container/migration_unpinned_nomask-run6.csv,log_response_ns,100001,0.008264654672598251,-0.005039093246020564,0.00617744253354598,True,657689.0,4941.0,7.0,1.0127504553734061,1.056855658057116
cpu_migration,container,migration_unpinned_nomask-run7,/home/ghost/hmm_evt/results/derived/cpu_migration/container/migration_unpinned_nomask-run7.csv,response_ns,100001,0.0046243674106574645,-0.005773176437866711,0.006664264877037704,False,,,,,
cpu_migration,container,migration_unpinned_nomask-run7,/home/ghost/hmm_evt/results/derived/cpu_migration/container/migration_unpinned_nomask-run7.csv,log_response_ns,100001,0.004506356644709359,-0.0051357544566861925,0.006464787979283503,False,656905.0,4956.0,4.0,1.0112994350282485,1.0583105663369898
cpu_migration,container,migration_unpinned_nomask-run8,/home/ghost/hmm_evt/results/derived/cpu_migration/container/migration_unpinned_nomask-run8.csv,response_ns,100001,0.009912370440695224,-0.005872647911352209,0.005877053462035237,True,,,,,
cpu_migration,container,migration_unpinned_nomask-run8,/home/ghost/hmm_evt/results/derived/cpu_migration/container/migration_unpinned_nomask-run8.csv,log_response_ns,100001,0.009880150205392594,-0.005120967308569288,0.006146257814302552,True,655531.0,4941.0,7.0,1.012548067192876,1.058175321361928
cpu_migration,container,migration_unpinned_nomask-run9,/home/ghost/hmm_evt/results/derived/cpu_migration/container/migration_unpinned_nomask-run9.csv,response_ns,100001,0.028904539988931492,-0.0041949284761844475,0.004022125430163114,True,,,,,
cpu_migration,container,migration_unpinned_nomask-run9,/home/ghost/hmm_evt/results/derived/cpu_migration/container/migration_unpinned_nomask-run9.csv,log_response_ns,100001,0.028067671318854875,-0.0036623647416223165,0.005019246459404898,True,652896.0,4488.0,8.0,1.1176470588235294,1.058026965854251
cpu_migration,container,migration_unpinned_pinned-run1,/home/ghost/hmm_evt/results/derived/cpu_migration/container/migration_unpinned_pinned-run1.csv,response_ns,100001,-0.0012812276732779308,-0.006672802428600078,0.00627830218038809,False,,,,,
cpu_migration,container,migration_unpinned_pinned-run1,/home/ghost/hmm_evt/results/derived/cpu_migration/container/migration_unpinned_pinned-run1.csv,log_response_ns,100001,-0.0012925731500791602,-0.006362070911102476,0.006539279875145668,False,639239.0,4797.0,8.0,1.0621221596831354,1.0594718236639633
cpu_migration,container,migration_unpinned_pinned-run10,/home/ghost/hmm_evt/results/derived/cpu_migration/container/migration_unpinned_pinned-run10.csv,response_ns,100001,-0.0030068995561179086,-0.0017838194065548966,0.0017170905426618515,True,,,,,
cpu_migration,container,migration_unpinned_pinned-run10,/home/ghost/hmm_evt/results/derived/cpu_migration/container/migration_unpinned_pinned-run10.csv,log_response_ns,100001,-0.0029472528876706844,-0.0019114718191059644,0.0016152822428621009,True,655041.0,4792.0,5.0,1.0701168614357262,1.0592852716380914
cpu_migration,container,migration_unpinned_pinned-run2,/home/ghost/hmm_evt/results/derived/cpu_migration/container/migration_unpinned_pinned-run2.csv,response_ns,100001,-0.03952589932489559,-0.006131652527428157,0.005625789323412977,True,,,,,
cpu_migration,container,migration_unpinned_pinned-run2,/home/ghost/hmm_evt/results/derived/cpu_migration/container/migration_unpinned_pinned-run2.csv,log_response_ns,100001,-0.03950249587440579,-0.00592069173311663,0.005665882105065123,True,658417.0,4999.0,2.0,1.0004000800160031,1.0579760756160685
cpu_migration,container,migration_unpinned_pinned-run3,/home/ghost/hmm_evt/results/derived/cpu_migration/container/migration_unpinned_pinned-run3.csv,response_ns,100001,-0.01115612473472995,-0.0039844045657229385,0.0036625106280366725,True,,,,,
cpu_migration,container,migration_unpinned_pinned-run3,/home/ghost/hmm_evt/results/derived/cpu_migration/container/migration_unpinned_pinned-run3.csv,log_response_ns,100001,-0.010539071766692573,-0.004857510992648374,0.0032620170613102896,True,651766.0,5001.0,1.0,1.0,1.0579760756160685
cpu_migration,container,migration_unpinned_pinned-run4,/home/ghost/hmm_evt/results/derived/cpu_migration/container/migration_unpinned_pinned-run4.csv,response_ns,100001,-0.045379034779352234,-0.005694141067956719,0.006146672251523311,True,,,,,
cpu_migration,container,migration_unpinned_pinned-run4,/home/ghost/hmm_evt/results/derived/cpu_migration/container/migration_unpinned_pinned-run4.csv,log_response_ns,100001,-0.045133152912264565,-0.006189616579094179,0.005034015242848508,True,652241.0,5001.0,1.0,1.0,1.0581887431231485
cpu_migration,container,migration_unpinned_pinned-run5,/home/ghost/hmm_evt/results/derived/cpu_migration/container/migration_unpinned_pinned-run5.csv,response_ns,100001,0.024419695106962274,-0.005398519194730413,0.0056631066616350785,True,,,,,
cpu_migration,container,migration_unpinned_pinned-run5,/home/ghost/hmm_evt/results/derived/cpu_migration/container/migration_unpinned_pinned-run5.csv,log_response_ns,100001,0.024416388973486778,-0.005997175292995214,0.006375265428686803,True,655061.0,4749.0,7.0,1.073068014318804,1.0592392434005404
cpu_migration,container,migration_unpinned_pinned-run6,/home/ghost/hmm_evt/results/derived/cpu_migration/container/migration_unpinned_pinned-run6.csv,response_ns,100001,0.021323458119293773,-0.005807138767497017,0.00687226012257358,True,,,,,
cpu_migration,container,migration_unpinned_pinned-run6,/home/ghost/hmm_evt/results/derived/cpu_migration/container/migration_unpinned_pinned-run6.csv,log_response_ns,100001,0.021318193696205384,-0.0057908177651885655,0.006894625092987174,True,655058.0,4701.0,5.0,1.0670070197830248,1.0577815267819486
cpu_migration,container,migration_unpinned_pinned-run7,/home/ghost/hmm_evt/results/derived/cpu_migration/container/migration_unpinned_pinned-run7.csv,response_ns,100001,-0.016535634543529507,-0.005535343608812127,0.0067481227694261925,True,,,,,
cpu_migration,container,migration_unpinned_pinned-run7,/home/ghost/hmm_evt/results/derived/cpu_migration/container/migration_unpinned_pinned-run7.csv,log_response_ns,100001,-0.016505290295275,-0.00601875528187165,0.00676236677509485,True,658339.0,5001.0,1.0,1.0,1.0577523050431747
cpu_migration,container,migration_unpinned_pinned-run8,/home/ghost/hmm_evt/results/derived/cpu_migration/container/migration_unpinned_pinned-run8.csv,response_ns,100001,-0.030043850760517313,-0.007111935277414373,0.005315886900692959,True,,,,,
cpu_migration,container,migration_unpinned_pinned-run8,/home/ghost/hmm_evt/results/derived/cpu_migration/container/migration_unpinned_pinned-run8.csv,log_response_ns,100001,-0.02933129263876086,-0.005741405238475579,0.003981812345626732,True,657776.0,5000.0,2.0,1.0002,1.0584126984126985
cpu_migration,container,migration_unpinned_pinned-run9,/home/ghost/hmm_evt/results/derived/cpu_migration/container/migration_unpinned_pinned-run9.csv,response_ns,100001,-0.049921557090324614,-0.0057054376046972504,0.0059091213186630125,True,,,,,
cpu_migration,container,migration_unpinned_pinned-run9,/home/ghost/hmm_evt/results/derived/cpu_migration/container/migration_unpinned_pinned-run9.csv,log_response_ns,100001,-0.04991687521333013,-0.005323932246597332,0.007069249719955096,True,651820.0,5001.0,1.0,1.0,1.0577523050431747
interference,container,docker_cpu3-interf_docker_cross_core-run1,/home/ghost/hmm_evt/results/derived/interference/container/docker_cpu3-interf_docker_cross_core-run1.csv,response_ns,100001,-0.049619951533674954,-0.006457326715507909,0.0054916073726133455,True,,,,,
interference,container,docker_cpu3-interf_docker_cross_core-run1,/home/ghost/hmm_evt/results/derived/interference/container/docker_cpu3-interf_docker_cross_core-run1.csv,log_response_ns,100001,-0.04960748893148366,-0.0068444720648168185,0.005659027212009607,True,605015.0,4994.0,2.0,1.0014016820184222,1.0586479557672894
interference,container,docker_cpu3-interf_docker_cross_core-run10,/home/ghost/hmm_evt/results/derived/interference/container/docker_cpu3-interf_docker_cross_core-run10.csv,response_ns,100001,-0.032374122976786684,-0.006301723566211875,0.0048451310734686235,True,,,,,
interference,container,docker_cpu3-interf_docker_cross_core-run10,/home/ghost/hmm_evt/results/derived/interference/container/docker_cpu3-interf_docker_cross_core-run10.csv,log_response_ns,100001,-0.032342668683685925,-0.005522775075474102,0.005752980945933858,True,606315.0,4983.0,2.0,1.0038129640778648,1.0579638132025513
interference,container,docker_cpu3-interf_docker_cross_core-run2,/home/ghost/hmm_evt/results/derived/interference/container/docker_cpu3-interf_docker_cross_core-run2.csv,response_ns,100001,-0.021742646191666243,-0.006923109042649348,0.006114425027612553,True,,,,,
interference,container,docker_cpu3-interf_docker_cross_core-run2,/home/ghost/hmm_evt/results/derived/interference/container/docker_cpu3-interf_docker_cross_core-run2.csv,log_response_ns,100001,-0.021648996968590458,-0.0059010059380412904,0.005811604423235313,True,607048.0,4995.0,2.0,1.0014014014014014,1.0581876285206109
interference,container,docker_cpu3-interf_docker_cross_core-run3,/home/ghost/hmm_evt/results/derived/interference/container/docker_cpu3-interf_docker_cross_core-run3.csv,response_ns,100001,-0.04369259029767462,-0.006330531474887776,0.007016281309206672,True,,,,,
interference,container,docker_cpu3-interf_docker_cross_core-run3,/home/ghost/hmm_evt/results/derived/interference/container/docker_cpu3-interf_docker_cross_core-run3.csv,log_response_ns,100001,-0.04367275640887052,-0.005039700725814486,0.006010975021856512,True,606598.0,4978.0,2.0,1.0046203294495781,1.057293868921776
interference,container,docker_cpu3-interf_docker_cross_core-run4,/home/ghost/hmm_evt/results/derived/interference/container/docker_cpu3-interf_docker_cross_core-run4.csv,response_ns,100001,0.27745890731798917,-0.006147035406798533,0.00672694458928041,True,,,,,
interference,container,docker_cpu3-interf_docker_cross_core-run4,/home/ghost/hmm_evt/results/derived/interference/container/docker_cpu3-interf_docker_cross_core-run4.csv,log_response_ns,100001,0.2777603368185673,-0.004847203906027143,0.00631819191860747,True,603557.0,4788.0,4.0,1.0520050125313283,1.057526768843166
interference,container,docker_cpu3-interf_docker_cross_core-run5,/home/ghost/hmm_evt/results/derived/interference/container/docker_cpu3-interf_docker_cross_core-run5.csv,response_ns,100001,0.030021222352796893,-0.006744384935532559,0.00665274976966849,True,,,,,
interference,container,docker_cpu3-interf_docker_cross_core-run5,/home/ghost/hmm_evt/results/derived/interference/container/docker_cpu3-interf_docker_cross_core-run5.csv,log_response_ns,100001,0.03000561466288387,-0.005793798514515377,0.006474559680669432,True,603675.0,4749.0,4.0,1.0600126342387872,1.0589089095556947
interference,container,docker_cpu3-interf_docker_cross_core-run6,/home/ghost/hmm_evt/results/derived/interference/container/docker_cpu3-interf_docker_cross_core-run6.csv,response_ns,100001,-0.016227035045597284,-0.006161993166412227,0.00556431117070177,True,,,,,
interference,container,docker_cpu3-interf_docker_cross_core-run6,/home/ghost/hmm_evt/results/derived/interference/container/docker_cpu3-interf_docker_cross_core-run6.csv,log_response_ns,100001,-0.01628720731757987,-0.006402025753998468,0.0068364357443571385,True,603581.0,4851.0,3.0,1.0434961863533292,1.0587853900419983
interference,container,docker_cpu3-interf_docker_cross_core-run7,/home/ghost/hmm_evt/results/derived/interference/container/docker_cpu3-interf_docker_cross_core-run7.csv,response_ns,100001,-0.009323440772558048,-0.006488973719363257,0.005472062618600031,True,,,,,
interference,container,docker_cpu3-interf_docker_cross_core-run7,/home/ghost/hmm_evt/results/derived/interference/container/docker_cpu3-interf_docker_cross_core-run7.csv,log_response_ns,100001,-0.009245678864212476,-0.005777612618318669,0.0053307084680105045,True,607453.0,4995.0,2.0,1.0012012012012013,1.0575286291088681
interference,container,docker_cpu3-interf_docker_cross_core-run8,/home/ghost/hmm_evt/results/derived/interference/container/docker_cpu3-interf_docker_cross_core-run8.csv,response_ns,100001,-0.03257809642056776,-0.006421520705940667,0.005283366850187325,True,,,,,
interference,container,docker_cpu3-interf_docker_cross_core-run8,/home/ghost/hmm_evt/results/derived/interference/container/docker_cpu3-interf_docker_cross_core-run8.csv,log_response_ns,100001,-0.0325547100916887,-0.005554229572020762,0.006728966562083757,True,607044.0,4977.0,2.0,1.004822182037372,1.0577523050431747
interference,container,docker_cpu3-interf_docker_cross_core-run9,/home/ghost/hmm_evt/results/derived/interference/container/docker_cpu3-interf_docker_cross_core-run9.csv,response_ns,100001,0.25092718753544485,-0.005037747112020351,0.005656545998685091,True,,,,,
interference,container,docker_cpu3-interf_docker_cross_core-run9,/home/ghost/hmm_evt/results/derived/interference/container/docker_cpu3-interf_docker_cross_core-run9.csv,log_response_ns,100001,0.25116185523558743,-0.005330231231392243,0.006740600889003178,True,603629.0,4704.0,4.0,1.065263605442177,1.0585128855090833
interference,container,docker_cpu3-interf_io-run1,/home/ghost/hmm_evt/results/derived/interference/container/docker_cpu3-interf_io-run1.csv,response_ns,100001,0.4147590404743146,-0.00019694240163269767,0.0003310427564958321,True,,,,,
interference,container,docker_cpu3-interf_io-run1,/home/ghost/hmm_evt/results/derived/interference/container/docker_cpu3-interf_io-run1.csv,log_response_ns,100001,0.387920193519005,-0.0007188081983107097,0.001218327930509722,True,608189.0,4792.0,4.0,1.0436143572621035,1.058199940887626
interference,container,docker_cpu3-interf_io-run10,/home/ghost/hmm_evt/results/derived/interference/container/docker_cpu3-interf_io-run10.csv,response_ns,100001,0.9958930987911617,-0.005481979251446636,0.005613968978642545,True,,,,,
interference,container,docker_cpu3-interf_io-run10,/home/ghost/hmm_evt/results/derived/interference/container/docker_cpu3-interf_io-run10.csv,log_response_ns,100001,0.9951830187730091,-0.006626388283937819,0.006402720696891227,True,17887210.0,51.0,425.0,98.05882352941177,1.0579760756160685
interference,container,docker_cpu3-interf_io-run2,/home/ghost/hmm_evt/results/derived/interference/container/docker_cpu3-interf_io-run2.csv,response_ns,100001,0.4454082164759184,-0.00023209417753961194,1.6689163230337245e-05,True,,,,,
interference,container,docker_cpu3-interf_io-run2,/home/ghost/hmm_evt/results/derived/interference/container/docker_cpu3-interf_io-run2.csv,log_response_ns,100001,0.36919174065979155,-0.000659204765307068,0.0012453490885588102,True,601131.0,4768.0,4.0,1.0488674496644295,1.0577523050431747
interference,container,docker_cpu3-interf_io-run3,/home/ghost/hmm_evt/results/derived/interference/container/docker_cpu3-interf_io-run3.csv,response_ns,100001,0.912997987827008,-0.00034005058992493827,4.547028135338213e-06,True,,,,,
interference,container,docker_cpu3-interf_io-run3,/home/ghost/hmm_evt/results/derived/interference/container/docker_cpu3-interf_io-run3.csv,log_response_ns,100001,0.8877321621778848,-0.0006489049068745768,0.01428923833454336,True,603836.0,4128.0,21.0,1.215843023255814,1.0577561429711224
interference,container,docker_cpu3-interf_io-run4,/home/ghost/hmm_evt/results/derived/interference/container/docker_cpu3-interf_io-run4.csv,response_ns,100001,0.9936377279191758,-0.005630867647735912,0.006798527608617912,True,,,,,
interference,container,docker_cpu3-interf_io-run4,/home/ghost/hmm_evt/results/derived/interference/container/docker_cpu3-interf_io-run4.csv,log_response_ns,100001,0.9902133991564918,-0.006107481121886439,0.005059483712485006,True,603737.0,1863.0,337.0,2.696725711218465,1.0581297388374051
interference,container,docker_cpu3-interf_io-run5,/home/ghost/hmm_evt/results/derived/interference/container/docker_cpu3-interf_io-run5.csv,response_ns,100001,0.9896969246230116,-0.004425436259945479,0.007109035250967423,True,,,,,
interference,container,docker_cpu3-interf_io-run5,/home/ghost/hmm_evt/results/derived/interference/container/docker_cpu3-interf_io-run5.csv,log_response_ns,100001,0.9852512908922666,-0.005349563933228799,0.005474170302826434,True,607117.0,2816.0,237.0,1.7805397727272727,1.0580402854233717
interference,container,docker_cpu3-interf_io-run6,/home/ghost/hmm_evt/results/derived/interference/container/docker_cpu3-interf_io-run6.csv,response_ns,100001,0.9969561621307496,-0.005379221389851319,0.00608089438966204,True,,,,,
interference,container,docker_cpu3-interf_io-run6,/home/ghost/hmm_evt/results/derived/interference/container/docker_cpu3-interf_io-run6.csv,log_response_ns,100001,0.9899462891089835,-0.005556353196872885,0.005532414077222711,True,603416.0,1697.0,554.0,2.9587507365939896,1.0581664910432034
interference,container,docker_cpu3-interf_io-run7,/home/ghost/hmm_evt/results/derived/interference/container/docker_cpu3-interf_io-run7.csv,response_ns,100001,0.9969066963808302,-0.006301816248213447,0.006928105583861498,True,,,,,
interference,container,docker_cpu3-interf_io-run7,/home/ghost/hmm_evt/results/derived/interference/container/docker_cpu3-interf_io-run7.csv,log_response_ns,100001,0.9953622304230294,-0.0066368124449767705,0.00516244636067879,True,9561761.0,51.0,667.0,98.05882352941177,1.0577411167512691
interference,container,docker_cpu3-interf_io-run8,/home/ghost/hmm_evt/results/derived/interference/container/docker_cpu3-interf_io-run8.csv,response_ns,100001,0.9971267475595323,-0.00643787217255955,0.005951681083894905,True,,,,,
interference,container,docker_cpu3-interf_io-run8,/home/ghost/hmm_evt/results/derived/interference/container/docker_cpu3-interf_io-run8.csv,log_response_ns,100001,0.9957974402411732,-0.005673860881898262,0.005944319908532615,True,612358.0,64.0,639.0,78.140625,1.0586367485182049
interference,container,docker_cpu3-interf_io-run9,/home/ghost/hmm_evt/results/derived/interference/container/docker_cpu3-interf_io-run9.csv,response_ns,100001,0.9960762455376156,-0.0061406058612119355,0.005930504898145396,True,,,,,
interference,container,docker_cpu3-interf_io-run9,/home/ghost/hmm_evt/results/derived/interference/container/docker_cpu3-interf_io-run9.csv,log_response_ns,100001,0.9934067091307822,-0.0062313484475623555,0.005571904552811485,True,603472.0,922.0,484.0,5.433839479392625,1.0583016476552598
interference,container,docker_cpu3-interf_memory-run1,/home/ghost/hmm_evt/results/derived/interference/container/docker_cpu3-interf_memory-run1.csv,response_ns,100001,0.07350940941480376,-0.003330835957991537,0.004772096796531736,True,,,,,
interference,container,docker_cpu3-interf_memory-run1,/home/ghost/hmm_evt/results/derived/interference/container/docker_cpu3-interf_memory-run1.csv,log_response_ns,100001,0.08614803394808153,-0.0036730945645614002,0.004544036613061757,True,607864.0,4685.0,6.0,1.0683030949839916,1.0577034860088126
interference,container,docker_cpu3-interf_memory-run10,/home/ghost/hmm_evt/results/derived/interference/container/docker_cpu3-interf_memory-run10.csv,response_ns,100001,0.053375529937780136,-0.0013601287108168099,0.006578726931853857,True,,,,,
interference,container,docker_cpu3-interf_memory-run10,/home/ghost/hmm_evt/results/derived/interference/container/docker_cpu3-interf_memory-run10.csv,log_response_ns,100001,0.06024553161205981,-0.0014503020254662416,0.004618416603411472,True,603714.0,3249.0,60.0,1.5460141582025237,1.058186603512384
interference,container,docker_cpu3-interf_memory-run2,/home/ghost/hmm_evt/results/derived/interference/container/docker_cpu3-interf_memory-run2.csv,response_ns,100001,0.014125196498007723,-0.0022810413007009816,0.0038822594966661317,True,,,,,
interference,container,docker_cpu3-interf_memory-run2,/home/ghost/hmm_evt/results/derived/interference/container/docker_cpu3-interf_memory-run2.csv,log_response_ns,100001,0.017372635824726635,-0.002342520638315704,0.009726268030533615,True,598579.0,4834.0,4.0,1.03537443111295,1.058139534883721
interference,container,docker_cpu3-interf_memory-run3,/home/ghost/hmm_evt/results/derived/interference/container/docker_cpu3-interf_memory-run3.csv,response_ns,100001,0.0049379993932682316,-0.0013059163324446142,0.00769225161620603,False,,,,,
interference,container,docker_cpu3-interf_memory-run3,/home/ghost/hmm_evt/results/derived/interference/container/docker_cpu3-interf_memory-run3.csv,log_response_ns,100001,0.006179675982768798,-0.0015126376520378055,0.00493485658402106,True,603781.0,4129.0,15.0,1.2121579074836522,1.0581507226563462
interference,container,docker_cpu3-interf_memory-run4,/home/ghost/hmm_evt/results/derived/interference/container/docker_cpu3-interf_memory-run4.csv,response_ns,100001,0.12494681122086551,-0.004859941618498894,0.005282660797499004,True,,,,,
interference,container,docker_cpu3-interf_memory-run4,/home/ghost/hmm_evt/results/derived/interference/container/docker_cpu3-interf_memory-run4.csv,log_response_ns,100001,0.13220665546621932,-0.005120173664326425,0.0050052324209024675,True,608319.0,4811.0,4.0,1.0399085429224693,1.0570574399921129
interference,container,docker_cpu3-interf_memory-run5,/home/ghost/hmm_evt/results/derived/interference/container/docker_cpu3-interf_memory-run5.csv,response_ns,100001,0.020020471789678636,-0.0008026184233236088,0.0030978693197565486,True,,,,,
interference,container,docker_cpu3-interf_memory-run5,/home/ghost/hmm_evt/results/derived/interference/container/docker_cpu3-interf_memory-run5.csv,log_response_ns,100001,0.024284885911544884,-0.0008893425196388441,0.007139323463065564,True,603773.0,3178.0,48.0,1.578351164254248,1.0584623198411713
interference,container,docker_cpu3-interf_memory-run6,/home/ghost/hmm_evt/results/derived/interference/container/docker_cpu3-interf_memory-run6.csv,response_ns,100001,0.1128254783260931,-0.0025894987204327763,0.006683703653100959,True,,,,,
interference,container,docker_cpu3-interf_memory-run6,/home/ghost/hmm_evt/results/derived/interference/container/docker_cpu3-interf_memory-run6.csv,log_response_ns,100001,0.1125126841290978,-0.0027807684623837228,0.006495325132206655,True,608550.0,4814.0,8.0,1.0390527627752388,1.0577400925420033
interference,container,docker_cpu3-interf_memory-run7,/home/ghost/hmm_evt/results/derived/interference/container/docker_cpu3-interf_memory-run7.csv,response_ns,100001,0.008841098590884854,-0.0013027620046481966,0.0057655253056448676,True,,,,,
interference,container,docker_cpu3-interf_memory-run7,/home/ghost/hmm_evt/results/derived/interference/container/docker_cpu3-interf_memory-run7.csv,log_response_ns,100001,0.010678940439075326,-0.0015209824383204725,0.006983756369036108,True,603869.0,4093.0,7.0,1.2281944783777181,1.0587727357268522
interference,container,docker_cpu3-interf_memory-run8,/home/ghost/hmm_evt/results/derived/interference/container/docker_cpu3-interf_memory-run8.csv,response_ns,100001,0.18677551734292183,-0.0019451295599804829,0.004559164767566449,True,,,,,
interference,container,docker_cpu3-interf_memory-run8,/home/ghost/hmm_evt/results/derived/interference/container/docker_cpu3-interf_memory-run8.csv,log_response_ns,100001,0.19715420605291714,-0.0021724239478929184,0.0062154112237209356,True,608386.0,4849.0,5.0,1.0323778098577026,1.0585747515330937
interference,container,docker_cpu3-interf_memory-run9,/home/ghost/hmm_evt/results/derived/interference/container/docker_cpu3-interf_memory-run9.csv,response_ns,100001,0.015710365236143265,-0.0024341876795588224,0.005272546221151948,True,,,,,
interference,container,docker_cpu3-interf_memory-run9,/home/ghost/hmm_evt/results/derived/interference/container/docker_cpu3-interf_memory-run9.csv,log_response_ns,100001,0.019296907330371173,-0.0025365438053914216,0.010575229282749355,True,608154.0,4836.0,5.0,1.0343258891645988,1.05798620847098
interference,container,docker_cpu3-interf_same_core-run1,/home/ghost/hmm_evt/results/derived/interference/container/docker_cpu3-interf_same_core-run1.csv,response_ns,100001,-0.05344730663607722,-0.006161378411640803,0.005663528957407403,True,,,,,
interference,container,docker_cpu3-interf_same_core-run1,/home/ghost/hmm_evt/results/derived/interference/container/docker_cpu3-interf_same_core-run1.csv,log_response_ns,100001,-0.05359261830682097,-0.005629438617394648,0.005966956578254324,True,605788.0,4608.0,7.0,1.0887586805555556,1.0580147287814965
interference,container,docker_cpu3-interf_same_core-run10,/home/ghost/hmm_evt/results/derived/interference/container/docker_cpu3-interf_same_core-run10.csv,response_ns,100001,0.0033262739110999106,-0.003779794292221354,0.012188506246290537,False,,,,,
interference,container,docker_cpu3-interf_same_core-run10,/home/ghost/hmm_evt/results/derived/interference/container/docker_cpu3-interf_same_core-run10.csv,log_response_ns,100001,0.0034145291255594165,-0.0034256644647427917,0.013041975437632473,False,597892.0,4704.0,4.0,1.0748299319727892,1.0584159370574175
interference,container,docker_cpu3-interf_same_core-run2,/home/ghost/hmm_evt/results/derived/interference/container/docker_cpu3-interf_same_core-run2.csv,response_ns,100001,0.05903554350394974,-0.006170506475811531,0.006427518074531396,True,,,,,
interference,container,docker_cpu3-interf_same_core-run2,/home/ghost/hmm_evt/results/derived/interference/container/docker_cpu3-interf_same_core-run2.csv,log_response_ns,100001,0.059007404211415,-0.006266349924328971,0.005719804608696285,True,605717.0,4569.0,11.0,1.099584154081856,1.0583637937185868
interference,container,docker_cpu3-interf_same_core-run3,/home/ghost/hmm_evt/results/derived/interference/container/docker_cpu3-interf_same_core-run3.csv,response_ns,100001,0.01999620084888759,-0.0059982836412665426,0.005765082517793881,True,,,,,
interference,container,docker_cpu3-interf_same_core-run3,/home/ghost/hmm_evt/results/derived/interference/container/docker_cpu3-interf_same_core-run3.csv,log_response_ns,100001,0.01993098216579762,-0.005554260373562231,0.006386697507677333,True,605864.0,4666.0,6.0,1.0730818688384054,1.0581149619611159
interference,container,docker_cpu3-interf_same_core-run4,/home/ghost/hmm_evt/results/derived/interference/container/docker_cpu3-interf_same_core-run4.csv,response_ns,100001,0.0001422867594284352,-0.0068699818766533045,0.005955517928743404,False,,,,,
interference,container,docker_cpu3-interf_same_core-run4,/home/ghost/hmm_evt/results/derived/interference/container/docker_cpu3-interf_same_core-run4.csv,log_response_ns,100001,7.364085555758813e-05,-0.0060382210893589,0.0058597127691571126,False,605523.0,4641.0,5.0,1.0801551389786683,1.0589465479414417
interference,container,docker_cpu3-interf_same_core-run5,/home/ghost/hmm_evt/results/derived/interference/container/docker_cpu3-interf_same_core-run5.csv,response_ns,100001,-0.0024131806109090196,-0.00596839544124393,0.005632611419543396,False,,,,,
interference,container,docker_cpu3-interf_same_core-run5,/home/ghost/hmm_evt/results/derived/interference/container/docker_cpu3-interf_same_core-run5.csv,log_response_ns,100001,-0.0024979776187751277,-0.006869727175410249,0.006476065758981107,False,605873.0,4771.0,6.0,1.0637182980507232,1.0590678138336036
interference,container,docker_cpu3-interf_same_core-run6,/home/ghost/hmm_evt/results/derived/interference/container/docker_cpu3-interf_same_core-run6.csv,response_ns,100001,0.029174812516732325,-0.005885084092368299,0.0055743373531861465,True,,,,,
interference,container,docker_cpu3-interf_same_core-run6,/home/ghost/hmm_evt/results/derived/interference/container/docker_cpu3-interf_same_core-run6.csv,log_response_ns,100001,0.029115846012479806,-0.006081803271824598,0.006026006386426527,True,605964.0,4685.0,6.0,1.0757737459978656,1.0588235294117647
interference,container,docker_cpu3-interf_same_core-run7,/home/ghost/hmm_evt/results/derived/interference/container/docker_cpu3-interf_same_core-run7.csv,response_ns,100001,-0.013979050763692531,-0.005873555018393113,0.006306588656092353,True,,,,,
interference,container,docker_cpu3-interf_same_core-run7,/home/ghost/hmm_evt/results/derived/interference/container/docker_cpu3-interf_same_core-run7.csv,log_response_ns,100001,-0.014057083619604442,-0.005907424934894562,0.006977143113480822,True,605930.0,4673.0,9.0,1.0836721592124974,1.059203716944425
interference,container,docker_cpu3-interf_same_core-run8,/home/ghost/hmm_evt/results/derived/interference/container/docker_cpu3-interf_same_core-run8.csv,response_ns,100001,-0.0018536817107098046,-0.006201324577118539,0.005656079247677441,False,,,,,
interference,container,docker_cpu3-interf_same_core-run8,/home/ghost/hmm_evt/results/derived/interference/container/docker_cpu3-interf_same_core-run8.csv,log_response_ns,100001,-0.001894924985940873,-0.00650649647957698,0.005847991935695056,False,605970.0,4747.0,6.0,1.0714135243311564,1.0582715197747525
interference,container,docker_cpu3-interf_same_core-run9,/home/ghost/hmm_evt/results/derived/interference/container/docker_cpu3-interf_same_core-run9.csv,response_ns,100001,0.007133476042500567,-0.005719004876713304,0.005173789950236673,True,,,,,
interference,container,docker_cpu3-interf_same_core-run9,/home/ghost/hmm_evt/results/derived/interference/container/docker_cpu3-interf_same_core-run9.csv,log_response_ns,100001,0.007081605521165518,-0.006061866319912849,0.006776162587779013,True,606041.0,4787.0,7.0,1.062251932316691,1.0589448058552982
interference,host,host_cpu3-interf_host_cross_core-run1,/home/ghost/hmm_evt/results/derived/interference/host/host_cpu3-interf_host_cross_core-run1.csv,response_ns,100001,0.001854541811146211,-0.0062410224916938295,0.0059240628452659205,False,,,,,
interference,host,host_cpu3-interf_host_cross_core-run1,/home/ghost/hmm_evt/results/derived/interference/host/host_cpu3-interf_host_cross_core-run1.csv,log_response_ns,100001,0.001858012316509227,-0.005269485597164948,0.005480364880191573,False,605550.0,4758.0,3.0,1.0527532576712904,1.0578669482576557
interference,host,host_cpu3-interf_host_cross_core-run10,/home/ghost/hmm_evt/results/derived/interference/host/host_cpu3-interf_host_cross_core-run10.csv,response_ns,100001,-0.02232942274224946,-0.0060034542062487395,0.007057609217079165,True,,,,,
interference,host,host_cpu3-interf_host_cross_core-run10,/home/ghost/hmm_evt/results/derived/interference/host/host_cpu3-interf_host_cross_core-run10.csv,log_response_ns,100001,-0.022314289111784995,-0.006198241182479222,0.006516448547628291,True,596511.0,4844.0,3.0,1.032411230388109,1.0577634980698631
interference,host,host_cpu3-interf_host_cross_core-run2,/home/ghost/hmm_evt/results/derived/interference/host/host_cpu3-interf_host_cross_core-run2.csv,response_ns,100001,-0.012232916015476184,-0.006064839843228823,0.006926165432308906,True,,,,,
interference,host,host_cpu3-interf_host_cross_core-run2,/home/ghost/hmm_evt/results/derived/interference/host/host_cpu3-interf_host_cross_core-run2.csv,log_response_ns,100001,-0.012227200721981168,-0.0055710616193089665,0.005686596259825055,True,597664.0,4744.0,5.0,1.0556492411467115,1.0585611791775984
interference,host,host_cpu3-interf_host_cross_core-run3,/home/ghost/hmm_evt/results/derived/interference/host/host_cpu3-interf_host_cross_core-run3.csv,response_ns,100001,0.013368393668163205,-0.005953222393587018,0.005595080188502196,True,,,,,
interference,host,host_cpu3-interf_host_cross_core-run3,/home/ghost/hmm_evt/results/derived/interference/host/host_cpu3-interf_host_cross_core-run3.csv,log_response_ns,100001,0.013391949656699112,-0.005581677032250487,0.006732359119333157,True,605619.0,4736.0,4.0,1.0576435810810811,1.0578669482576557
interference,host,host_cpu3-interf_host_cross_core-run4,/home/ghost/hmm_evt/results/derived/interference/host/host_cpu3-interf_host_cross_core-run4.csv,response_ns,100001,0.0062366022821060295,-0.006276236304593607,0.005847628076013708,True,,,,,
interference,host,host_cpu3-interf_host_cross_core-run4,/home/ghost/hmm_evt/results/derived/interference/host/host_cpu3-interf_host_cross_core-run4.csv,log_response_ns,100001,0.006243735811644746,-0.005835140914107558,0.005510268009207248,True,606025.0,4749.0,3.0,1.054958938723942,1.0574193502681752
interference,host,host_cpu3-interf_host_cross_core-run5,/home/ghost/hmm_evt/results/derived/interference/host/host_cpu3-interf_host_cross_core-run5.csv,response_ns,100001,-0.018887178211987845,-0.005561842596692957,0.005647317223860021,True,,,,,
interference,host,host_cpu3-interf_host_cross_core-run5,/home/ghost/hmm_evt/results/derived/interference/host/host_cpu3-interf_host_cross_core-run5.csv,log_response_ns,100001,-0.018872799306845912,-0.004901238160015135,0.005624916759582176,True,595489.0,4805.0,3.0,1.0420395421436004,1.0581149619611159
interference,host,host_cpu3-interf_host_cross_core-run6,/home/ghost/hmm_evt/results/derived/interference/host/host_cpu3-interf_host_cross_core-run6.csv,response_ns,100001,-0.004259168909229765,-0.005201238438290338,0.005774093542006782,False,,,,,
interference,host,host_cpu3-interf_host_cross_core-run6,/home/ghost/hmm_evt/results/derived/interference/host/host_cpu3-interf_host_cross_core-run6.csv,log_response_ns,100001,-0.004235676632983766,-0.006710766520997703,0.0055824630109361315,False,608682.0,4777.0,4.0,1.0473100272137326,1.058175321361928
interference,host,host_cpu3-interf_host_cross_core-run7,/home/ghost/hmm_evt/results/derived/interference/host/host_cpu3-interf_host_cross_core-run7.csv,response_ns,100001,0.0036129962140666596,-0.0070325462545516495,0.005938424086064076,False,,,,,
interference,host,host_cpu3-interf_host_cross_core-run7,/home/ghost/hmm_evt/results/derived/interference/host/host_cpu3-interf_host_cross_core-run7.csv,log_response_ns,100001,0.0036196531092615464,-0.004618334066049091,0.005254170463683711,False,606082.0,4755.0,3.0,1.0525762355415351,1.0581507226563462
interference,host,host_cpu3-interf_host_cross_core-run8,/home/ghost/hmm_evt/results/derived/interference/host/host_cpu3-interf_host_cross_core-run8.csv,response_ns,100001,0.007255204252192246,-0.006274363619169381,0.0064737071941009874,True,,,,,
interference,host,host_cpu3-interf_host_cross_core-run8,/home/ghost/hmm_evt/results/derived/interference/host/host_cpu3-interf_host_cross_core-run8.csv,log_response_ns,100001,0.007261631114679434,-0.005892085354168602,0.006193070830755675,True,605662.0,4737.0,4.0,1.056575891914714,1.0588222872342379
interference,host,host_cpu3-interf_host_cross_core-run9,/home/ghost/hmm_evt/results/derived/interference/host/host_cpu3-interf_host_cross_core-run9.csv,response_ns,100001,-0.02629892418548361,-0.006374424563462883,0.0061371682376046045,True,,,,,
interference,host,host_cpu3-interf_host_cross_core-run9,/home/ghost/hmm_evt/results/derived/interference/host/host_cpu3-interf_host_cross_core-run9.csv,log_response_ns,100001,-0.026274287980118303,-0.006695051420636306,0.0058617575677898295,True,596157.0,4905.0,3.0,1.0209989806320081,1.0587737843551797
interference,host,host_cpu3-interf_io-run1,/home/ghost/hmm_evt/results/derived/interference/host/host_cpu3-interf_io-run1.csv,response_ns,100001,0.062262535759758354,-0.00039949803021625417,0.0009826618254146911,True,,,,,
interference,host,host_cpu3-interf_io-run1,/home/ghost/hmm_evt/results/derived/interference/host/host_cpu3-interf_io-run1.csv,log_response_ns,100001,0.08405805717240332,-0.0011623187904146607,0.002032971516581671,True,597104.0,4754.0,3.0,1.0534286916281026,1.0585499894314099
interference,host,host_cpu3-interf_io-run10,/home/ghost/hmm_evt/results/derived/interference/host/host_cpu3-interf_io-run10.csv,response_ns,100001,0.9965512215079303,-0.005396948745347473,0.007126176858028531,True,,,,,
interference,host,host_cpu3-interf_io-run10,/home/ghost/hmm_evt/results/derived/interference/host/host_cpu3-interf_io-run10.csv,log_response_ns,100001,0.9928573607141397,-0.007051748437595786,0.006678372674922065,True,596748.0,1901.0,617.0,2.632298790110468,1.058151829139353
interference,host,host_cpu3-interf_io-run2,/home/ghost/hmm_evt/results/derived/interference/host/host_cpu3-interf_io-run2.csv,response_ns,100001,0.9784781200865481,-0.0005345473787910255,0.01021567274104368,True,,,,,
interference,host,host_cpu3-interf_io-run2,/home/ghost/hmm_evt/results/derived/interference/host/host_cpu3-interf_io-run2.csv,log_response_ns,100001,0.9727437754692014,-0.0009054962414546925,0.014351223177874631,True,609198.0,4622.0,70.0,1.0828645607961922,1.0579158740224055
interference,host,host_cpu3-interf_io-run3,/home/ghost/hmm_evt/results/derived/interference/host/host_cpu3-interf_io-run3.csv,response_ns,100001,0.9515188182722693,-0.0012405855654655082,0.009480500398287333,True,,,,,
interference,host,host_cpu3-interf_io-run3,/home/ghost/hmm_evt/results/derived/interference/host/host_cpu3-interf_io-run3.csv,log_response_ns,100001,0.942886976688285,-0.002239542276788744,0.009037061740957437,True,605718.0,4479.0,46.0,1.1167671355213218,1.0584115385562698
interference,host,host_cpu3-interf_io-run4,/home/ghost/hmm_evt/results/derived/interference/host/host_cpu3-interf_io-run4.csv,response_ns,100001,0.9541803422244749,-0.0034938572286709385,0.007687093415419549,True,,,,,
interference,host,host_cpu3-interf_io-run4,/home/ghost/hmm_evt/results/derived/interference/host/host_cpu3-interf_io-run4.csv,log_response_ns,100001,0.959055677020094,-0.005514440310794689,0.007303344100481713,True,605784.0,4182.0,51.0,1.197274031563845,1.058573560107957
interference,host,host_cpu3-interf_io-run5,/home/ghost/hmm_evt/results/derived/interference/host/host_cpu3-interf_io-run5.csv,response_ns,100001,0.9894099005500882,-0.00411146780999654,0.007558154060420069,True,,,,,
interference,host,host_cpu3-interf_io-run5,/home/ghost/hmm_evt/results/derived/interference/host/host_cpu3-interf_io-run5.csv,log_response_ns,100001,0.9846005407716654,-0.005910048301828236,0.005933577385574066,True,608321.0,3545.0,204.0,1.4110014104372355,1.0579526226734348
interference,host,host_cpu3-interf_io-run6,/home/ghost/hmm_evt/results/derived/interference/host/host_cpu3-interf_io-run6.csv,response_ns,99655,0.9952198299807199,-0.005707014150221209,0.006436289658342622,True,,,,,
interference,host,host_cpu3-interf_io-run6,/home/ghost/hmm_evt/results/derived/interference/host/host_cpu3-interf_io-run6.csv,log_response_ns,99655,0.9927363399794741,-0.006248780314409055,0.007359681078071001,True,595031.3,1908.0,539.0,2.611635220125786,1.057748439416084
interference,host,host_cpu3-interf_io-run7,/home/ghost/hmm_evt/results/derived/interference/host/host_cpu3-interf_io-run7.csv,response_ns,100001,0.9965284289264714,-0.005293198044299944,0.005822319360991311,True,,,,,
interference,host,host_cpu3-interf_io-run7,/home/ghost/hmm_evt/results/derived/interference/host/host_cpu3-interf_io-run7.csv,log_response_ns,100001,0.9938581995951246,-0.005631175364591876,0.005808285987172216,True,605925.0,1018.0,601.0,4.915520628683693,1.0583756345177664
interference,host,host_cpu3-interf_io-run8,/home/ghost/hmm_evt/results/derived/interference/host/host_cpu3-interf_io-run8.csv,response_ns,100001,0.9966323303406474,-0.006737574313244098,0.0062799260484756175,True,,,,,
interference,host,host_cpu3-interf_io-run8,/home/ghost/hmm_evt/results/derived/interference/host/host_cpu3-interf_io-run8.csv,log_response_ns,100001,0.9944187605611203,-0.006624291115310896,0.0050479136472426165,True,595593.0,1033.0,608.0,4.846079380445305,1.058138431102847
interference,host,host_cpu3-interf_io-run9,/home/ghost/hmm_evt/results/derived/interference/host/host_cpu3-interf_io-run9.csv,response_ns,100001,0.9957838789733569,-0.005561884607593417,0.006479129174682852,True,,,,,
interference,host,host_cpu3-interf_io-run9,/home/ghost/hmm_evt/results/derived/interference/host/host_cpu3-interf_io-run9.csv,log_response_ns,100001,0.9897668428759763,-0.007019397897209362,0.006031803744982811,True,607342.0,2418.0,466.0,2.068238213399504,1.0586367485182049
interference,host,host_cpu3-interf_memory-run1,/home/ghost/hmm_evt/results/derived/interference/host/host_cpu3-interf_memory-run1.csv,response_ns,100001,0.029033789503202796,-0.0026120498201566496,0.007846757917278029,True,,,,,
interference,host,host_cpu3-interf_memory-run1,/home/ghost/hmm_evt/results/derived/interference/host/host_cpu3-interf_memory-run1.csv,log_response_ns,100001,0.036685469345749386,-0.0032342490282494924,0.006204117289305257,True,608806.0,4458.0,27.0,1.1220278151637506,1.0590838375704859
interference,host,host_cpu3-interf_memory-run10,/home/ghost/hmm_evt/results/derived/interference/host/host_cpu3-interf_memory-run10.csv,response_ns,100001,0.0936191312858642,-0.0031233332316652294,0.00892802572221752,True,,,,,
interference,host,host_cpu3-interf_memory-run10,/home/ghost/hmm_evt/results/derived/interference/host/host_cpu3-interf_memory-run10.csv,log_response_ns,100001,0.09251227954834569,-0.0036302205215989073,0.006637408384989966,True,594480.0,4624.0,5.0,1.0819636678200693,1.05929556964517
interference,host,host_cpu3-interf_memory-run2,/home/ghost/hmm_evt/results/derived/interference/host/host_cpu3-interf_memory-run2.csv,response_ns,100001,0.05900421392263592,-0.002426427480095432,0.005167952517939016,True,,,,,
interference,host,host_cpu3-interf_memory-run2,/home/ghost/hmm_evt/results/derived/interference/host/host_cpu3-interf_memory-run2.csv,log_response_ns,100001,0.0663444026727221,-0.0029108694108558168,0.011566294353388065,True,592111.0,4651.0,5.0,1.0752526338421844,1.058199940887626
interference,host,host_cpu3-interf_memory-run3,/home/ghost/hmm_evt/results/derived/interference/host/host_cpu3-interf_memory-run3.csv,response_ns,100001,0.13228789498654336,-0.0025413045007029456,0.007469255533386262,True,,,,,
interference,host,host_cpu3-interf_memory-run3,/home/ghost/hmm_evt/results/derived/interference/host/host_cpu3-interf_memory-run3.csv,log_response_ns,100001,0.1345569191414505,-0.0030803720546682544,0.008534134933177975,True,605909.0,4304.0,136.0,1.1619423791821561,1.0577411167512691
interference,host,host_cpu3-interf_memory-run4,/home/ghost/hmm_evt/results/derived/interference/host/host_cpu3-interf_memory-run4.csv,response_ns,100001,0.16595319173661682,-0.004449198164307096,0.00904336415651628,True,,,,,
interference,host,host_cpu3-interf_memory-run4,/home/ghost/hmm_evt/results/derived/interference/host/host_cpu3-interf_memory-run4.csv,log_response_ns,100001,0.16579735737543275,-0.004023369932609531,0.006792432393401556,True,609600.0,4581.0,12.0,1.0921196245361275,1.0577167019027485
interference,host,host_cpu3-interf_memory-run5,/home/ghost/hmm_evt/results/derived/interference/host/host_cpu3-interf_memory-run5.csv,response_ns,100001,0.006698003514739738,-0.002616757075304802,0.010542402292805305,False,,,,,
interference,host,host_cpu3-interf_memory-run5,/home/ghost/hmm_evt/results/derived/interference/host/host_cpu3-interf_memory-run5.csv,log_response_ns,100001,0.009637288666555754,-0.003237230017104452,0.009218957256944982,True,609493.0,4602.0,7.0,1.0871360278139939,1.0583991814251532
interference,host,host_cpu3-interf_memory-run6,/home/ghost/hmm_evt/results/derived/interference/host/host_cpu3-interf_memory-run6.csv,response_ns,100001,0.04020253226057497,-0.0039139374398764575,0.0075616343258557445,True,,,,,
interference,host,host_cpu3-interf_memory-run6,/home/ghost/hmm_evt/results/derived/interference/host/host_cpu3-interf_memory-run6.csv,log_response_ns,100001,0.042911716618492836,-0.004091439728373028,0.009015883375972136,True,606087.0,4665.0,6.0,1.072668810289389,1.0572687247092811
interference,host,host_cpu3-interf_memory-run7,/home/ghost/hmm_evt/results/derived/interference/host/host_cpu3-interf_memory-run7.csv,response_ns,100001,0.050267459309427366,-0.0031688556540731628,0.008636431285517658,True,,,,,
interference,host,host_cpu3-interf_memory-run7,/home/ghost/hmm_evt/results/derived/interference/host/host_cpu3-interf_memory-run7.csv,log_response_ns,100001,0.0631939932104697,-0.0034649977860630944,0.009889416582145462,True,608491.0,4325.0,230.0,1.156300578034682,1.0582111433929013
interference,host,host_cpu3-interf_memory-run8,/home/ghost/hmm_evt/results/derived/interference/host/host_cpu3-interf_memory-run8.csv,response_ns,100001,0.14000316524915626,-0.003940127247198284,0.007860585035065114,True,,,,,
interference,host,host_cpu3-interf_memory-run8,/home/ghost/hmm_evt/results/derived/interference/host/host_cpu3-interf_memory-run8.csv,log_response_ns,100001,0.1443133303938993,-0.004381547209707966,0.008364009810215588,True,609647.0,4638.0,8.0,1.079344545062527,1.0581496211107912
interference,host,host_cpu3-interf_memory-run9,/home/ghost/hmm_evt/results/derived/interference/host/host_cpu3-interf_memory-run9.csv,response_ns,100001,0.02364770314511846,-0.0027611805620806123,0.010074600878117058,True,,,,,
interference,host,host_cpu3-interf_memory-run9,/home/ghost/hmm_evt/results/derived/interference/host/host_cpu3-interf_memory-run9.csv,log_response_ns,100001,0.027393592227161968,-0.003042180305455704,0.008151667960041083,True,609144.0,4702.0,4.0,1.0644406635474266,1.0590351248413035
interference,host,host_cpu3-interf_same_core-run1,/home/ghost/hmm_evt/results/derived/interference/host/host_cpu3-interf_same_core-run1.csv,response_ns,100001,0.005153997017456369,-0.004730525529857372,0.005670603610061274,False,,,,,
interference,host,host_cpu3-interf_same_core-run1,/home/ghost/hmm_evt/results/derived/interference/host/host_cpu3-interf_same_core-run1.csv,log_response_ns,100001,0.0051547220840024045,-0.005557822996126364,0.006264123973465838,False,606438.0,4779.0,4.0,1.0527306967984935,1.0593809222994315
interference,host,host_cpu3-interf_same_core-run10,/home/ghost/hmm_evt/results/derived/interference/host/host_cpu3-interf_same_core-run10.csv,response_ns,100001,0.001361373832649038,-0.005296290259171419,0.005192312139560495,False,,,,,
interference,host,host_cpu3-interf_same_core-run10,/home/ghost/hmm_evt/results/derived/interference/host/host_cpu3-interf_same_core-run10.csv,log_response_ns,100001,0.001390782310920447,-0.006459584133239527,0.005999235628095456,False,606752.0,4740.0,3.0,1.0565400843881856,1.0581026832875555
interference,host,host_cpu3-interf_same_core-run2,/home/ghost/hmm_evt/results/derived/interference/host/host_cpu3-interf_same_core-run2.csv,response_ns,100001,0.007045840564233013,-0.005944834714448668,0.005217484636171435,True,,,,,
interference,host,host_cpu3-interf_same_core-run2,/home/ghost/hmm_evt/results/derived/interference/host/host_cpu3-interf_same_core-run2.csv,log_response_ns,100001,0.007016361474642736,-0.006742492612755306,0.00640993493658626,True,606949.0,4762.0,3.0,1.0503989920201595,1.0579638132025513
interference,host,host_cpu3-interf_same_core-run3,/home/ghost/hmm_evt/results/derived/interference/host/host_cpu3-interf_same_core-run3.csv,response_ns,100001,0.003853523331706127,-0.0053457437415987165,0.0075157362881356025,False,,,,,
interference,host,host_cpu3-interf_same_core-run3,/home/ghost/hmm_evt/results/derived/interference/host/host_cpu3-interf_same_core-run3.csv,log_response_ns,100001,0.0038523921363548415,-0.006335856928897485,0.006196864944978339,False,607060.0,4739.0,4.0,1.056974045157206,1.058985200845666
interference,host,host_cpu3-interf_same_core-run4,/home/ghost/hmm_evt/results/derived/interference/host/host_cpu3-interf_same_core-run4.csv,response_ns,100001,0.005657079913680129,-0.006285223575422261,0.006388207358957571,False,,,,,
interference,host,host_cpu3-interf_same_core-run4,/home/ghost/hmm_evt/results/derived/interference/host/host_cpu3-interf_same_core-run4.csv,log_response_ns,100001,0.00565964736038954,-0.006393973571637317,0.00623383654120747,False,606808.0,4768.0,3.0,1.0511744966442953,1.0585228922452634
interference,host,host_cpu3-interf_same_core-run5,/home/ghost/hmm_evt/results/derived/interference/host/host_cpu3-interf_same_core-run5.csv,response_ns,100001,0.0052270804665898035,-0.006576871257035907,0.0063043385728602155,False,,,,,
interference,host,host_cpu3-interf_same_core-run5,/home/ghost/hmm_evt/results/derived/interference/host/host_cpu3-interf_same_core-run5.csv,log_response_ns,100001,0.005225717131631211,-0.006543732544206653,0.007349068845136796,False,606760.0,4762.0,4.0,1.0520789584208317,1.0574081891093288
interference,host,host_cpu3-interf_same_core-run6,/home/ghost/hmm_evt/results/derived/interference/host/host_cpu3-interf_same_core-run6.csv,response_ns,100001,-0.0007984858453390191,-0.006318599017691004,0.005809935878209694,False,,,,,
interference,host,host_cpu3-interf_same_core-run6,/home/ghost/hmm_evt/results/derived/interference/host/host_cpu3-interf_same_core-run6.csv,log_response_ns,100001,-0.000802669212728098,-0.006657290882879215,0.005657948038816552,False,606747.0,4761.0,4.0,1.05250997689561,1.0587365307416015
interference,host,host_cpu3-interf_same_core-run7,/home/ghost/hmm_evt/results/derived/interference/host/host_cpu3-interf_same_core-run7.csv,response_ns,100001,-0.006736544809153958,-0.00527913447894867,0.0060738375211678965,True,,,,,
interference,host,host_cpu3-interf_same_core-run7,/home/ghost/hmm_evt/results/derived/interference/host/host_cpu3-interf_same_core-run7.csv,log_response_ns,100001,-0.006739941615264002,-0.006039516594583498,0.00590560977098297,True,606774.0,4745.0,4.0,1.0564805057955744,1.0580525355078567
interference,host,host_cpu3-interf_same_core-run8,/home/ghost/hmm_evt/results/derived/interference/host/host_cpu3-interf_same_core-run8.csv,response_ns,100001,0.0012252553565182506,-0.005957613680897853,0.005698391545840815,False,,,,,
interference,host,host_cpu3-interf_same_core-run8,/home/ghost/hmm_evt/results/derived/interference/host/host_cpu3-interf_same_core-run8.csv,log_response_ns,100001,0.001226638672404184,-0.006093526973157834,0.006157197818647121,False,606636.0,4743.0,3.0,1.0628294328484083,1.0590447400855698
interference,host,host_cpu3-interf_same_core-run9,/home/ghost/hmm_evt/results/derived/interference/host/host_cpu3-interf_same_core-run9.csv,response_ns,100001,-0.005605355036325429,-0.006310863287562804,0.006343192528226304,False,,,,,
interference,host,host_cpu3-interf_same_core-run9,/home/ghost/hmm_evt/results/derived/interference/host/host_cpu3-interf_same_core-run9.csv,log_response_ns,100001,-0.005610663059485579,-0.006089079410758654,0.007113671815223494,False,606658.0,4742.0,3.0,1.0554618304512864,1.0579158740224055
sched_fifo_isolated,container,docker_cpu3-rt_isolated-run1,/home/ghost/hmm_evt/results/derived/sched_fifo_isolated/container/docker_cpu3-rt_isolated-run1.csv,response_ns,100001,0.030110144379525482,-0.006211034690556494,0.006498088249146562,True,,,,,
sched_fifo_isolated,container,docker_cpu3-rt_isolated-run1,/home/ghost/hmm_evt/results/derived/sched_fifo_isolated/container/docker_cpu3-rt_isolated-run1.csv,log_response_ns,100001,0.030120969149878347,-0.0059263966534639995,0.006750169615721631,True,603311.0,4728.0,3.0,1.0647208121827412,1.058474745537643
sched_fifo_isolated,container,docker_cpu3-rt_isolated-run10,/home/ghost/hmm_evt/results/derived/sched_fifo_isolated/container/docker_cpu3-rt_isolated-run10.csv,response_ns,100001,-0.00939874730163647,-0.004905078645743417,0.006287512877095105,True,,,,,
sched_fifo_isolated,container,docker_cpu3-rt_isolated-run10,/home/ghost/hmm_evt/results/derived/sched_fifo_isolated/container/docker_cpu3-rt_isolated-run10.csv,log_response_ns,100001,-0.009351562017634237,-0.005794961357992456,0.006569481860313997,True,606872.0,5001.0,1.0,1.0,1.0584126984126985
sched_fifo_isolated,container,docker_cpu3-rt_isolated-run2,/home/ghost/hmm_evt/results/derived/sched_fifo_isolated/container/docker_cpu3-rt_isolated-run2.csv,response_ns,100001,-0.04661258508453273,-0.005109396719060798,0.006582051983279626,True,,,,,
sched_fifo_isolated,container,docker_cpu3-rt_isolated-run2,/home/ghost/hmm_evt/results/derived/sched_fifo_isolated/container/docker_cpu3-rt_isolated-run2.csv,log_response_ns,100001,-0.046603091110364696,-0.006957844923278655,0.007030801703020194,True,605686.0,5001.0,1.0,1.0,1.0577634980698631
sched_fifo_isolated,container,docker_cpu3-rt_isolated-run3,/home/ghost/hmm_evt/results/derived/sched_fifo_isolated/container/docker_cpu3-rt_isolated-run3.csv,response_ns,100001,0.009744389602302792,-0.006019606354355663,0.006430593641818502,True,,,,,
sched_fifo_isolated,container,docker_cpu3-rt_isolated-run3,/home/ghost/hmm_evt/results/derived/sched_fifo_isolated/container/docker_cpu3-rt_isolated-run3.csv,log_response_ns,100001,0.009701336678887737,-0.006471918324043765,0.0061961322617751615,True,603312.0,4695.0,5.0,1.0651757188498403,1.0579760756160685
sched_fifo_isolated,container,docker_cpu3-rt_isolated-run4,/home/ghost/hmm_evt/results/derived/sched_fifo_isolated/container/docker_cpu3-rt_isolated-run4.csv,response_ns,100001,-0.028861262217282312,-0.00543111619547618,0.005930789333169481,True,,,,,
sched_fifo_isolated,container,docker_cpu3-rt_isolated-run4,/home/ghost/hmm_evt/results/derived/sched_fifo_isolated/container/docker_cpu3-rt_isolated-run4.csv,log_response_ns,100001,-0.028834427413223267,-0.005061776861710451,0.006714432561407026,True,606836.0,5000.0,2.0,1.0002,1.0575174455487417
sched_fifo_isolated,container,docker_cpu3-rt_isolated-run5,/home/ghost/hmm_evt/results/derived/sched_fifo_isolated/container/docker_cpu3-rt_isolated-run5.csv,response_ns,100001,-0.014395880827860466,-0.005854237457052038,0.004644791595882832,True,,,,,
sched_fifo_isolated,container,docker_cpu3-rt_isolated-run5,/home/ghost/hmm_evt/results/derived/sched_fifo_isolated/container/docker_cpu3-rt_isolated-run5.csv,log_response_ns,100001,-0.014468149134379191,-0.005650132222147222,0.005213126342488448,True,603273.0,4759.0,5.0,1.0519016600126077,1.0583621413821513
sched_fifo_isolated,container,docker_cpu3-rt_isolated-run6,/home/ghost/hmm_evt/results/derived/sched_fifo_isolated/container/docker_cpu3-rt_isolated-run6.csv,response_ns,100001,-0.002567348578525532,-0.005319536919736082,0.005626175971405349,False,,,,,
sched_fifo_isolated,container,docker_cpu3-rt_isolated-run6,/home/ghost/hmm_evt/results/derived/sched_fifo_isolated/container/docker_cpu3-rt_isolated-run6.csv,log_response_ns,100001,-0.0026131458676148384,-0.0055818493270283,0.005962156060536918,False,603293.0,4757.0,8.0,1.054235862938827,1.058921654709752
sched_fifo_isolated,container,docker_cpu3-rt_isolated-run7,/home/ghost/hmm_evt/results/derived/sched_fifo_isolated/container/docker_cpu3-rt_isolated-run7.csv,response_ns,100001,-0.028128501546311323,-0.005417786271088272,0.005288630563333026,True,,,,,
sched_fifo_isolated,container,docker_cpu3-rt_isolated-run7,/home/ghost/hmm_evt/results/derived/sched_fifo_isolated/container/docker_cpu3-rt_isolated-run7.csv,log_response_ns,100001,-0.028104801085511652,-0.0056329929474167595,0.0060397313256149105,True,606968.0,5000.0,2.0,1.0002,1.057293868921776
sched_fifo_isolated,container,docker_cpu3-rt_isolated-run8,/home/ghost/hmm_evt/results/derived/sched_fifo_isolated/container/docker_cpu3-rt_isolated-run8.csv,response_ns,100001,-0.048902702550813894,-0.005088520959481421,0.006205773626895936,True,,,,,
sched_fifo_isolated,container,docker_cpu3-rt_isolated-run8,/home/ghost/hmm_evt/results/derived/sched_fifo_isolated/container/docker_cpu3-rt_isolated-run8.csv,log_response_ns,100001,-0.0488978235646581,-0.006769865230682847,0.006838436680799977,True,606684.0,5001.0,1.0,1.0,1.0588608934998942
sched_fifo_isolated,container,docker_cpu3-rt_isolated-run9,/home/ghost/hmm_evt/results/derived/sched_fifo_isolated/container/docker_cpu3-rt_isolated-run9.csv,response_ns,100001,-0.012790517982831493,-0.006265001953029177,0.00586487169829634,True,,,,,
sched_fifo_isolated,container,docker_cpu3-rt_isolated-run9,/home/ghost/hmm_evt/results/derived/sched_fifo_isolated/container/docker_cpu3-rt_isolated-run9.csv,log_response_ns,100001,-0.012879275118612876,-0.005738197826020507,0.006001828434806295,True,603286.0,4772.0,4.0,1.0532271584241408,1.0583280690671721
sched_fifo_isolated,host,host_cpu3-rt_isolated-run1,/home/ghost/hmm_evt/results/derived/sched_fifo_isolated/host/host_cpu3-rt_isolated-run1.csv,response_ns,100001,-0.01319174800574894,-0.006176492096405709,0.00703425421194032,True,,,,,
sched_fifo_isolated,host,host_cpu3-rt_isolated-run1,/home/ghost/hmm_evt/results/derived/sched_fifo_isolated/host/host_cpu3-rt_isolated-run1.csv,log_response_ns,100001,-0.013190967274753915,-0.006514649501567595,0.006558223447109309,True,598347.0,4724.0,3.0,1.0601185436071126,1.0581138635779537
sched_fifo_isolated,host,host_cpu3-rt_isolated-run10,/home/ghost/hmm_evt/results/derived/sched_fifo_isolated/host/host_cpu3-rt_isolated-run10.csv,response_ns,100001,0.0036069724806681047,-0.006023811805095998,0.005067084569118108,False,,,,,
sched_fifo_isolated,host,host_cpu3-rt_isolated-run10,/home/ghost/hmm_evt/results/derived/sched_fifo_isolated/host/host_cpu3-rt_isolated-run10.csv,log_response_ns,100001,0.0036048754238869082,-0.006871110651122412,0.006429402186079682,False,605710.0,4747.0,3.0,1.05435011586265,1.0579270570654713
sched_fifo_isolated,host,host_cpu3-rt_isolated-run2,/home/ghost/hmm_evt/results/derived/sched_fifo_isolated/host/host_cpu3-rt_isolated-run2.csv,response_ns,100001,0.00046825109929038845,-0.00718483520640981,0.005687231385776447,False,,,,,
sched_fifo_isolated,host,host_cpu3-rt_isolated-run2,/home/ghost/hmm_evt/results/derived/sched_fifo_isolated/host/host_cpu3-rt_isolated-run2.csv,log_response_ns,100001,0.0004788039844966997,-0.006163025002996464,0.005646229335914382,False,605738.0,4763.0,4.0,1.0505983623766533,1.0577268685654015
sched_fifo_isolated,host,host_cpu3-rt_isolated-run3,/home/ghost/hmm_evt/results/derived/sched_fifo_isolated/host/host_cpu3-rt_isolated-run3.csv,response_ns,100001,-0.02140201907619129,-0.005349019690208384,0.005012289494403749,True,,,,,
sched_fifo_isolated,host,host_cpu3-rt_isolated-run3,/home/ghost/hmm_evt/results/derived/sched_fifo_isolated/host/host_cpu3-rt_isolated-run3.csv,log_response_ns,100001,-0.02139649027919326,-0.006225196394339459,0.0065232679681102934,True,600505.0,4866.0,3.0,1.0304151253596383,1.058252427184466
sched_fifo_isolated,host,host_cpu3-rt_isolated-run4,/home/ghost/hmm_evt/results/derived/sched_fifo_isolated/host/host_cpu3-rt_isolated-run4.csv,response_ns,100001,-0.013811080788552024,-0.005708739440723991,0.006214477218889886,True,,,,,
sched_fifo_isolated,host,host_cpu3-rt_isolated-run4,/home/ghost/hmm_evt/results/derived/sched_fifo_isolated/host/host_cpu3-rt_isolated-run4.csv,log_response_ns,100001,-0.013800442339471896,-0.005727960456167316,0.005615069418943689,True,608054.0,4773.0,4.0,1.0486067462811648,1.0581507226563462
sched_fifo_isolated,host,host_cpu3-rt_isolated-run5,/home/ghost/hmm_evt/results/derived/sched_fifo_isolated/host/host_cpu3-rt_isolated-run5.csv,response_ns,100001,-0.018801816640003063,-0.005715380075051174,0.005957007886789784,True,,,,,
sched_fifo_isolated,host,host_cpu3-rt_isolated-run5,/home/ghost/hmm_evt/results/derived/sched_fifo_isolated/host/host_cpu3-rt_isolated-run5.csv,log_response_ns,100001,-0.018781107091870593,-0.006164610469793832,0.005188330700865172,True,607335.0,4833.0,4.0,1.0357955721084213,1.0576801183181914
sched_fifo_isolated,host,host_cpu3-rt_isolated-run6,/home/ghost/hmm_evt/results/derived/sched_fifo_isolated/host/host_cpu3-rt_isolated-run6.csv,response_ns,100001,0.0011471620936164143,-0.006467595130050044,0.006714114872607195,False,,,,,
sched_fifo_isolated,host,host_cpu3-rt_isolated-run6,/home/ghost/hmm_evt/results/derived/sched_fifo_isolated/host/host_cpu3-rt_isolated-run6.csv,log_response_ns,100001,0.0011505009043111893,-0.006166317470362224,0.006526060056855415,False,605347.0,4744.0,3.0,1.0543844856661047,1.0581764332557648
sched_fifo_isolated,host,host_cpu3-rt_isolated-run7,/home/ghost/hmm_evt/results/derived/sched_fifo_isolated/host/host_cpu3-rt_isolated-run7.csv,response_ns,100001,-0.004759295392912129,-0.005061575969676793,0.00661057518056562,False,,,,,
sched_fifo_isolated,host,host_cpu3-rt_isolated-run7,/home/ghost/hmm_evt/results/derived/sched_fifo_isolated/host/host_cpu3-rt_isolated-run7.csv,log_response_ns,100001,-0.004752445489853105,-0.005153775337651448,0.006118143023566612,False,607976.0,4757.0,4.0,1.0525541307546773,1.0588086114228503
sched_fifo_isolated,host,host_cpu3-rt_isolated-run8,/home/ghost/hmm_evt/results/derived/sched_fifo_isolated/host/host_cpu3-rt_isolated-run8.csv,response_ns,100001,-0.007360972983509275,-0.005553895245906151,0.005992988455408342,True,,,,,
sched_fifo_isolated,host,host_cpu3-rt_isolated-run8,/home/ghost/hmm_evt/results/derived/sched_fifo_isolated/host/host_cpu3-rt_isolated-run8.csv,log_response_ns,100001,-0.007365667698740663,-0.006110661021458947,0.005190188684021564,True,600092.0,4744.0,3.0,1.054806070826307,1.058174214411812
sched_fifo_isolated,host,host_cpu3-rt_isolated-run9,/home/ghost/hmm_evt/results/derived/sched_fifo_isolated/host/host_cpu3-rt_isolated-run9.csv,response_ns,100001,-0.010336416582532032,-0.006980494633769198,0.005339032662499045,True,,,,,
sched_fifo_isolated,host,host_cpu3-rt_isolated-run9,/home/ghost/hmm_evt/results/derived/sched_fifo_isolated/host/host_cpu3-rt_isolated-run9.csv,log_response_ns,100001,-0.010332807808856113,-0.006324464511335448,0.005323249139006933,True,599665.0,4766.0,5.0,1.053294167016366,1.0590717299578059
shared_cpuset_contention,container,docker_sharing_shared_pool_k0-run1,/home/ghost/hmm_evt/results/derived/shared_cpuset_contention/container/docker_sharing_shared_pool_k0-run1.csv,response_ns,100001,0.17855206068784812,-0.005731256557105814,0.007170484188279285,True,,,,,
shared_cpuset_contention,container,docker_sharing_shared_pool_k0-run1,/home/ghost/hmm_evt/results/derived/shared_cpuset_contention/container/docker_sharing_shared_pool_k0-run1.csv,log_response_ns,100001,0.17812531131464054,-0.005520857567135755,0.005610891165792228,True,637542.0,4812.0,5.0,1.0405236907730673,1.0572324476832957
shared_cpuset_contention,container,docker_sharing_shared_pool_k0-run10,/home/ghost/hmm_evt/results/derived/shared_cpuset_contention/container/docker_sharing_shared_pool_k0-run10.csv,response_ns,100001,-0.008631610528531609,-0.005938998917173358,0.005648564727476828,True,,,,,
shared_cpuset_contention,container,docker_sharing_shared_pool_k0-run10,/home/ghost/hmm_evt/results/derived/shared_cpuset_contention/container/docker_sharing_shared_pool_k0-run10.csv,log_response_ns,100001,-0.008649515592133434,-0.005621653027322307,0.005843910034999962,True,657738.0,4965.0,4.0,1.0078549848942597,1.0574809805579037
shared_cpuset_contention,container,docker_sharing_shared_pool_k0-run2,/home/ghost/hmm_evt/results/derived/shared_cpuset_contention/container/docker_sharing_shared_pool_k0-run2.csv,response_ns,100001,0.43278534846460737,-0.0033207681548615246,0.006437177940390021,True,,,,,
shared_cpuset_contention,container,docker_sharing_shared_pool_k0-run2,/home/ghost/hmm_evt/results/derived/shared_cpuset_contention/container/docker_sharing_shared_pool_k0-run2.csv,log_response_ns,100001,0.43316587189681266,-0.0032386272294612,0.010372013320091895,True,653817.0,4410.0,12.0,1.1507936507936507,1.0590567612687813
shared_cpuset_contention,container,docker_sharing_shared_pool_k0-run3,/home/ghost/hmm_evt/results/derived/shared_cpuset_contention/container/docker_sharing_shared_pool_k0-run3.csv,response_ns,100001,0.08586457873561319,-0.006204594909283101,0.0064971493505193495,True,,,,,
shared_cpuset_contention,container,docker_sharing_shared_pool_k0-run3,/home/ghost/hmm_evt/results/derived/shared_cpuset_contention/container/docker_sharing_shared_pool_k0-run3.csv,log_response_ns,100001,0.08601391731350289,-0.005675094866020415,0.005735703745197827,True,650903.0,4975.0,4.0,1.0060301507537688,1.0583632903362232
shared_cpuset_contention,container,docker_sharing_shared_pool_k0-run4,/home/ghost/hmm_evt/results/derived/shared_cpuset_contention/container/docker_sharing_shared_pool_k0-run4.csv,response_ns,100001,0.06255988576407563,-0.005809847967701571,0.0057791591378510915,True,,,,,
shared_cpuset_contention,container,docker_sharing_shared_pool_k0-run4,/home/ghost/hmm_evt/results/derived/shared_cpuset_contention/container/docker_sharing_shared_pool_k0-run4.csv,log_response_ns,100001,0.06277900679493995,-0.006098243146455901,0.007012501652437767,True,657554.0,4960.0,4.0,1.0086693548387098,1.058186518864932
shared_cpuset_contention,container,docker_sharing_shared_pool_k0-run5,/home/ghost/hmm_evt/results/derived/shared_cpuset_contention/container/docker_sharing_shared_pool_k0-run5.csv,response_ns,100001,0.0755135578593346,-0.006027396656762429,0.006880099193185933,True,,,,,
shared_cpuset_contention,container,docker_sharing_shared_pool_k0-run5,/home/ghost/hmm_evt/results/derived/shared_cpuset_contention/container/docker_sharing_shared_pool_k0-run5.csv,log_response_ns,100001,0.07564439336683859,-0.005936604223274596,0.006029323546169349,True,639973.0,4970.0,5.0,1.0074446680080482,1.0567861650284935
shared_cpuset_contention,container,docker_sharing_shared_pool_k0-run6,/home/ghost/hmm_evt/results/derived/shared_cpuset_contention/container/docker_sharing_shared_pool_k0-run6.csv,response_ns,100001,0.017365157602413393,-0.003813006018417937,0.006660291081398237,True,,,,,
shared_cpuset_contention,container,docker_sharing_shared_pool_k0-run6,/home/ghost/hmm_evt/results/derived/shared_cpuset_contention/container/docker_sharing_shared_pool_k0-run6.csv,log_response_ns,100001,0.01731578517979954,-0.0043196699862820915,0.00626269922196683,True,646967.0,4967.0,6.0,1.0068451781759613,1.0579648825893802
shared_cpuset_contention,container,docker_sharing_shared_pool_k0-run7,/home/ghost/hmm_evt/results/derived/shared_cpuset_contention/container/docker_sharing_shared_pool_k0-run7.csv,response_ns,100001,-0.004354008487745257,-0.005104814150019749,0.007431664813428286,False,,,,,
shared_cpuset_contention,container,docker_sharing_shared_pool_k0-run7,/home/ghost/hmm_evt/results/derived/shared_cpuset_contention/container/docker_sharing_shared_pool_k0-run7.csv,log_response_ns,100001,-0.0043899409242000665,-0.005261332125869034,0.006724803425266186,False,651246.0,4955.0,5.0,1.01029263370333,1.0581496211107912
shared_cpuset_contention,container,docker_sharing_shared_pool_k0-run8,/home/ghost/hmm_evt/results/derived/shared_cpuset_contention/container/docker_sharing_shared_pool_k0-run8.csv,response_ns,100001,0.0068557245051006814,-0.0038430969198347442,0.00635421018878804,True,,,,,
shared_cpuset_contention,container,docker_sharing_shared_pool_k0-run8,/home/ghost/hmm_evt/results/derived/shared_cpuset_contention/container/docker_sharing_shared_pool_k0-run8.csv,log_response_ns,100001,0.006763880331965145,-0.0035051011093021004,0.006677353677328514,True,645307.0,4966.0,4.0,1.0072492952074104,1.0581764332557648
shared_cpuset_contention,container,docker_sharing_shared_pool_k0-run9,/home/ghost/hmm_evt/results/derived/shared_cpuset_contention/container/docker_sharing_shared_pool_k0-run9.csv,response_ns,100001,0.008568483715338856,-0.0016403191307328433,0.004658630306707912,True,,,,,
shared_cpuset_contention,container,docker_sharing_shared_pool_k0-run9,/home/ghost/hmm_evt/results/derived/shared_cpuset_contention/container/docker_sharing_shared_pool_k0-run9.csv,log_response_ns,100001,0.00985624373032786,-0.001714196066274425,0.0018262806198426195,True,653776.0,4609.0,12.0,1.100021696680408,1.0584661657216368
shared_cpuset_contention,container,docker_sharing_shared_pool_k10-run1,/home/ghost/hmm_evt/results/derived/shared_cpuset_contention/container/docker_sharing_shared_pool_k10-run1.csv,response_ns,100001,-0.06785510642018502,-0.005799852119064795,0.006481029369483656,True,,,,,
shared_cpuset_contention,container,docker_sharing_shared_pool_k10-run1,/home/ghost/hmm_evt/results/derived/shared_cpuset_contention/container/docker_sharing_shared_pool_k10-run1.csv,log_response_ns,100001,-0.05277178446727517,-0.0065842817815779725,0.0054841374658040586,True,1983517.0,4991.0,2.0,1.002805049088359,1.0590463315622012
shared_cpuset_contention,container,docker_sharing_shared_pool_k10-run10,/home/ghost/hmm_evt/results/derived/shared_cpuset_contention/container/docker_sharing_shared_pool_k10-run10.csv,response_ns,100001,-0.14935870117449357,-0.005395471178969287,0.005911814795960193,True,,,,,
shared_cpuset_contention,container,docker_sharing_shared_pool_k10-run10,/home/ghost/hmm_evt/results/derived/shared_cpuset_contention/container/docker_sharing_shared_pool_k10-run10.csv,log_response_ns,100001,-0.15702818166386065,-0.0057606623763209325,0.005792223643970623,True,1900942.0,4971.0,2.0,1.0070408368537518,1.058350951374207
shared_cpuset_contention,container,docker_sharing_shared_pool_k10-run2,/home/ghost/hmm_evt/results/derived/shared_cpuset_contention/container/docker_sharing_shared_pool_k10-run2.csv,response_ns,100001,-0.07710555129822534,-0.0062447522159540265,0.00646368753860994,True,,,,,
shared_cpuset_contention,container,docker_sharing_shared_pool_k10-run2,/home/ghost/hmm_evt/results/derived/shared_cpuset_contention/container/docker_sharing_shared_pool_k10-run2.csv,log_response_ns,100001,-0.059236139467696784,-0.005484937664784646,0.007333358916705025,True,2866113.0,5009.0,1.0,1.0,1.0576547494399098
shared_cpuset_contention,container,docker_sharing_shared_pool_k10-run3,/home/ghost/hmm_evt/results/derived/shared_cpuset_contention/container/docker_sharing_shared_pool_k10-run3.csv,response_ns,100001,-0.08934273457304494,-0.00630385652572694,0.0052600919133476,True,,,,,
shared_cpuset_contention,container,docker_sharing_shared_pool_k10-run3,/home/ghost/hmm_evt/results/derived/shared_cpuset_contention/container/docker_sharing_shared_pool_k10-run3.csv,log_response_ns,100001,-0.08618201568297462,-0.005648422053016751,0.0069304009900837335,True,1997988.0,4983.0,2.0,1.00421432871764,1.0574921566409787
shared_cpuset_contention,container,docker_sharing_shared_pool_k10-run4,/home/ghost/hmm_evt/results/derived/shared_cpuset_contention/container/docker_sharing_shared_pool_k10-run4.csv,response_ns,100001,-0.08918200746677148,-0.006772744434612905,0.006374858324811253,True,,,,,
shared_cpuset_contention,container,docker_sharing_shared_pool_k10-run4,/home/ghost/hmm_evt/results/derived/shared_cpuset_contention/container/docker_sharing_shared_pool_k10-run4.csv,log_response_ns,100001,-0.08434484972456281,-0.006239818372727602,0.006333098273152326,True,1992446.0,4993.0,2.0,1.0030042058882436,1.0585499894314099
shared_cpuset_contention,container,docker_sharing_shared_pool_k10-run5,/home/ghost/hmm_evt/results/derived/shared_cpuset_contention/container/docker_sharing_shared_pool_k10-run5.csv,response_ns,100001,-0.09404646593300484,-0.005036866446672554,0.006667696245262632,True,,,,,
shared_cpuset_contention,container,docker_sharing_shared_pool_k10-run5,/home/ghost/hmm_evt/results/derived/shared_cpuset_contention/container/docker_sharing_shared_pool_k10-run5.csv,log_response_ns,100001,-0.09024183153678339,-0.006170067353265357,0.006142365856622234,True,2930834.0,5008.0,2.0,1.0001996805111821,1.0576547494399098
shared_cpuset_contention,container,docker_sharing_shared_pool_k10-run6,/home/ghost/hmm_evt/results/derived/shared_cpuset_contention/container/docker_sharing_shared_pool_k10-run6.csv,response_ns,100001,-0.08108682677413775,-0.00570151202141297,0.006431031588317799,True,,,,,
shared_cpuset_contention,container,docker_sharing_shared_pool_k10-run6,/home/ghost/hmm_evt/results/derived/shared_cpuset_contention/container/docker_sharing_shared_pool_k10-run6.csv,log_response_ns,100001,-0.08392072277313388,-0.00622360712341314,0.005928559568258936,True,2730802.0,4998.0,2.0,1.001000400160064,1.0583991814251532
shared_cpuset_contention,container,docker_sharing_shared_pool_k10-run7,/home/ghost/hmm_evt/results/derived/shared_cpuset_contention/container/docker_sharing_shared_pool_k10-run7.csv,response_ns,100001,-0.09289073836240334,-0.005242983219977247,0.006094279936707211,True,,,,,
shared_cpuset_contention,container,docker_sharing_shared_pool_k10-run7,/home/ghost/hmm_evt/results/derived/shared_cpuset_contention/container/docker_sharing_shared_pool_k10-run7.csv,log_response_ns,100001,-0.08710875623548374,-0.005993828560856342,0.006949175820428668,True,2889720.0,5013.0,1.0,1.0,1.0580637080661814
shared_cpuset_contention,container,docker_sharing_shared_pool_k10-run8,/home/ghost/hmm_evt/results/derived/shared_cpuset_contention/container/docker_sharing_shared_pool_k10-run8.csv,response_ns,100001,-0.07106284724535879,-0.0057180909652980935,0.005508516773430213,True,,,,,
shared_cpuset_contention,container,docker_sharing_shared_pool_k10-run8,/home/ghost/hmm_evt/results/derived/shared_cpuset_contention/container/docker_sharing_shared_pool_k10-run8.csv,log_response_ns,100001,-0.05786948382454525,-0.005442055808719921,0.005895496721814949,True,1996266.0,4978.0,2.0,1.0046203294495781,1.0570815609159683
shared_cpuset_contention,container,docker_sharing_shared_pool_k10-run9,/home/ghost/hmm_evt/results/derived/shared_cpuset_contention/container/docker_sharing_shared_pool_k10-run9.csv,response_ns,100001,-0.1148361021931119,-0.0056191745303499395,0.004826831735479096,True,,,,,
shared_cpuset_contention,container,docker_sharing_shared_pool_k10-run9,/home/ghost/hmm_evt/results/derived/shared_cpuset_contention/container/docker_sharing_shared_pool_k10-run9.csv,log_response_ns,100001,-0.13147790441988683,-0.005967171201158177,0.007050464521632356,True,3077250.0,5004.0,1.0,1.0,1.0577156830280956
shared_cpuset_contention,container,docker_sharing_shared_pool_k12-run1,/home/ghost/hmm_evt/results/derived/shared_cpuset_contention/container/docker_sharing_shared_pool_k12-run1.csv,response_ns,100001,-0.15575554924799526,-0.006106292692057783,0.0052360228620043706,True,,,,,
shared_cpuset_contention,container,docker_sharing_shared_pool_k12-run1,/home/ghost/hmm_evt/results/derived/shared_cpuset_contention/container/docker_sharing_shared_pool_k12-run1.csv,log_response_ns,100001,-0.16420497117017674,-0.005622122223813795,0.005755956261872395,True,2997568.0,4991.0,2.0,1.0034061310358646,1.057879171947613
shared_cpuset_contention,container,docker_sharing_shared_pool_k12-run10,/home/ghost/hmm_evt/results/derived/shared_cpuset_contention/container/docker_sharing_shared_pool_k12-run10.csv,response_ns,100001,-0.16274730241127194,-0.005186422056992278,0.005578541874084957,True,,,,,
shared_cpuset_contention,container,docker_sharing_shared_pool_k12-run10,/home/ghost/hmm_evt/results/derived/shared_cpuset_contention/container/docker_sharing_shared_pool_k12-run10.csv,log_response_ns,100001,-0.17907490873876591,-0.005921261121712177,0.0054815918175118265,True,3052748.0,4999.0,2.0,1.002600520104021,1.058064790764482
shared_cpuset_contention,container,docker_sharing_shared_pool_k12-run2,/home/ghost/hmm_evt/results/derived/shared_cpuset_contention/container/docker_sharing_shared_pool_k12-run2.csv,response_ns,100001,-0.16125823954909763,-0.00458431077442968,0.006223857243888694,True,,,,,
shared_cpuset_contention,container,docker_sharing_shared_pool_k12-run2,/home/ghost/hmm_evt/results/derived/shared_cpuset_contention/container/docker_sharing_shared_pool_k12-run2.csv,log_response_ns,100001,-0.1687015860079718,-0.006086541394636728,0.005751334444082426,True,2973190.0,5012.0,2.0,1.0035913806863528,1.0585016835016836
shared_cpuset_contention,container,docker_sharing_shared_pool_k12-run3,/home/ghost/hmm_evt/results/derived/shared_cpuset_contention/container/docker_sharing_shared_pool_k12-run3.csv,response_ns,100001,-0.1663586019518481,-0.006206914284385226,0.0069804221549261344,True,,,,,
shared_cpuset_contention,container,docker_sharing_shared_pool_k12-run3,/home/ghost/hmm_evt/results/derived/shared_cpuset_contention/container/docker_sharing_shared_pool_k12-run3.csv,log_response_ns,100001,-0.1730537327912219,-0.00533150433477112,0.005515482590692247,True,2951784.0,5012.0,2.0,1.0015961691939346,1.0575211473860084
shared_cpuset_contention,container,docker_sharing_shared_pool_k12-run4,/home/ghost/hmm_evt/results/derived/shared_cpuset_contention/container/docker_sharing_shared_pool_k12-run4.csv,response_ns,100001,-0.11998942022837747,-0.005629270696742161,0.006761775728102568,True,,,,,
shared_cpuset_contention,container,docker_sharing_shared_pool_k12-run4,/home/ghost/hmm_evt/results/derived/shared_cpuset_contention/container/docker_sharing_shared_pool_k12-run4.csv,log_response_ns,100001,-0.11985234591662042,-0.00618382338675225,0.00605158001414336,True,2553588.0,4991.0,2.0,1.002404327790022,1.0570797924160753
shared_cpuset_contention,container,docker_sharing_shared_pool_k12-run5,/home/ghost/hmm_evt/results/derived/shared_cpuset_contention/container/docker_sharing_shared_pool_k12-run5.csv,response_ns,100001,-0.16846310359741187,-0.005904276470781962,0.0060828505591869735,True,,,,,
shared_cpuset_contention,container,docker_sharing_shared_pool_k12-run5,/home/ghost/hmm_evt/results/derived/shared_cpuset_contention/container/docker_sharing_shared_pool_k12-run5.csv,log_response_ns,100001,-0.17146663035163623,-0.006752718467191129,0.006482020317541517,True,2852255.0,4980.0,2.0,1.004417670682731,1.0590726233326275
shared_cpuset_contention,container,docker_sharing_shared_pool_k12-run6,/home/ghost/hmm_evt/results/derived/shared_cpuset_contention/container/docker_sharing_shared_pool_k12-run6.csv,response_ns,100001,-0.23259356401101686,-0.005920680326980944,0.005583174764411699,True,,,,,
shared_cpuset_contention,container,docker_sharing_shared_pool_k12-run6,/home/ghost/hmm_evt/results/derived/shared_cpuset_contention/container/docker_sharing_shared_pool_k12-run6.csv,log_response_ns,100001,-0.23866307302074283,-0.006773545707755762,0.007453540945287044,True,2987994.0,4959.0,3.0,1.0098810244000807,1.058348663858503
shared_cpuset_contention,container,docker_sharing_shared_pool_k12-run7,/home/ghost/hmm_evt/results/derived/shared_cpuset_contention/container/docker_sharing_shared_pool_k12-run7.csv,response_ns,100001,-0.18226387088928492,-0.006989869011280902,0.0064017356258776375,True,,,,,
shared_cpuset_contention,container,docker_sharing_shared_pool_k12-run7,/home/ghost/hmm_evt/results/derived/shared_cpuset_contention/container/docker_sharing_shared_pool_k12-run7.csv,log_response_ns,100001,-0.19394340651729,-0.0053716648893520355,0.005718268664689798,True,2634960.0,4995.0,2.0,1.0044044044044045,1.057557522864084
shared_cpuset_contention,container,docker_sharing_shared_pool_k12-run8,/home/ghost/hmm_evt/results/derived/shared_cpuset_contention/container/docker_sharing_shared_pool_k12-run8.csv,response_ns,100001,-0.0527872865432061,-0.007654879890475428,0.006389752110764733,True,,,,,
shared_cpuset_contention,container,docker_sharing_shared_pool_k12-run8,/home/ghost/hmm_evt/results/derived/shared_cpuset_contention/container/docker_sharing_shared_pool_k12-run8.csv,log_response_ns,100001,-0.09470301450307074,-0.005747118298249379,0.005996469163868135,True,3076722.0,4593.0,2.0,1.0892662747659483,1.0579403679424826
shared_cpuset_contention,container,docker_sharing_shared_pool_k12-run9,/home/ghost/hmm_evt/results/derived/shared_cpuset_contention/container/docker_sharing_shared_pool_k12-run9.csv,response_ns,100001,-0.16470693788453197,-0.00563148173088861,0.005747583002922542,True,,,,,
shared_cpuset_contention,container,docker_sharing_shared_pool_k12-run9,/home/ghost/hmm_evt/results/derived/shared_cpuset_contention/container/docker_sharing_shared_pool_k12-run9.csv,log_response_ns,100001,-0.17228983308745147,-0.006411657250375316,0.00610258142982244,True,3000840.0,5004.0,2.0,1.0023980815347722,1.0575696582492808
shared_cpuset_contention,container,docker_sharing_shared_pool_k2-run1,/home/ghost/hmm_evt/results/derived/shared_cpuset_contention/container/docker_sharing_shared_pool_k2-run1.csv,response_ns,100001,0.048095568827255686,-0.002849365364356775,0.0032169139878604485,True,,,,,
shared_cpuset_contention,container,docker_sharing_shared_pool_k2-run1,/home/ghost/hmm_evt/results/derived/shared_cpuset_contention/container/docker_sharing_shared_pool_k2-run1.csv,log_response_ns,100001,0.05195230352338846,-0.0032619565851765707,0.0036369661268594714,True,653871.0,4687.0,7.0,1.079155109878387,1.059056315609461
shared_cpuset_contention,container,docker_sharing_shared_pool_k2-run10,/home/ghost/hmm_evt/results/derived/shared_cpuset_contention/container/docker_sharing_shared_pool_k2-run10.csv,response_ns,100001,-0.009099236127968625,-0.005761706257390569,0.005560765979670096,True,,,,,
shared_cpuset_contention,container,docker_sharing_shared_pool_k2-run10,/home/ghost/hmm_evt/results/derived/shared_cpuset_contention/container/docker_sharing_shared_pool_k2-run10.csv,log_response_ns,100001,-0.009133231758047188,-0.0061829328248504045,0.00594361067154091,True,646508.0,4994.0,4.0,1.0020024028834602,1.058151829139353
shared_cpuset_contention,container,docker_sharing_shared_pool_k2-run2,/home/ghost/hmm_evt/results/derived/shared_cpuset_contention/container/docker_sharing_shared_pool_k2-run2.csv,response_ns,100001,0.08991126169992307,-0.005351275894121467,0.006993735975570092,True,,,,,
shared_cpuset_contention,container,docker_sharing_shared_pool_k2-run2,/home/ghost/hmm_evt/results/derived/shared_cpuset_contention/container/docker_sharing_shared_pool_k2-run2.csv,log_response_ns,100001,0.08724931540944544,-0.005268119727335253,0.0066850776385302966,True,657790.0,4944.0,5.0,1.0115291262135921,1.0586591677631967
shared_cpuset_contention,container,docker_sharing_shared_pool_k2-run3,/home/ghost/hmm_evt/results/derived/shared_cpuset_contention/container/docker_sharing_shared_pool_k2-run3.csv,response_ns,100001,0.9060819153669908,-0.006371405937499344,0.005786728394352077,True,,,,,
shared_cpuset_contention,container,docker_sharing_shared_pool_k2-run3,/home/ghost/hmm_evt/results/derived/shared_cpuset_contention/container/docker_sharing_shared_pool_k2-run3.csv,log_response_ns,100001,0.9071418941346753,-0.006372328677434794,0.005568802730365446,True,662304.0,4735.0,3.0,1.0565997888067582,1.0584103836678407
shared_cpuset_contention,container,docker_sharing_shared_pool_k2-run4,/home/ghost/hmm_evt/results/derived/shared_cpuset_contention/container/docker_sharing_shared_pool_k2-run4.csv,response_ns,100001,0.7253949449356496,-0.00434222835410901,0.006240983711952247,True,,,,,
shared_cpuset_contention,container,docker_sharing_shared_pool_k2-run4,/home/ghost/hmm_evt/results/derived/shared_cpuset_contention/container/docker_sharing_shared_pool_k2-run4.csv,log_response_ns,100001,0.7254493383331448,-0.005049049445962228,0.00544410504404596,True,653917.0,1727.0,182.0,2.9073537927041113,1.0593050575916416
shared_cpuset_contention,container,docker_sharing_shared_pool_k2-run5,/home/ghost/hmm_evt/results/derived/shared_cpuset_contention/container/docker_sharing_shared_pool_k2-run5.csv,response_ns,100001,0.2874813322754846,-0.00579332900071355,0.006775873918777145,True,,,,,
shared_cpuset_contention,container,docker_sharing_shared_pool_k2-run5,/home/ghost/hmm_evt/results/derived/shared_cpuset_contention/container/docker_sharing_shared_pool_k2-run5.csv,log_response_ns,100001,0.2860562968555039,-0.004904425955819268,0.007586519614961931,True,650118.0,4853.0,27.0,1.0304966000412117,1.0579760756160685
shared_cpuset_contention,container,docker_sharing_shared_pool_k2-run6,/home/ghost/hmm_evt/results/derived/shared_cpuset_contention/container/docker_sharing_shared_pool_k2-run6.csv,response_ns,100001,-0.02094335902563141,-0.004845964366129433,0.006361738162527292,True,,,,,
shared_cpuset_contention,container,docker_sharing_shared_pool_k2-run6,/home/ghost/hmm_evt/results/derived/shared_cpuset_contention/container/docker_sharing_shared_pool_k2-run6.csv,log_response_ns,100001,-0.02099555137724273,-0.0052059592704415255,0.006796500479971171,True,651678.0,4993.0,2.0,1.0018025235329462,1.057292934953344
shared_cpuset_contention,container,docker_sharing_shared_pool_k2-run7,/home/ghost/hmm_evt/results/derived/shared_cpuset_contention/container/docker_sharing_shared_pool_k2-run7.csv,response_ns,100001,0.003276282995606962,-0.005942432463507665,0.0070141807236993965,False,,,,,
shared_cpuset_contention,container,docker_sharing_shared_pool_k2-run7,/home/ghost/hmm_evt/results/derived/shared_cpuset_contention/container/docker_sharing_shared_pool_k2-run7.csv,log_response_ns,100001,0.003032994952078166,-0.005916424424846622,0.007794363472930031,False,646392.0,4974.0,8.0,1.0068355448331323,1.057879171947613
shared_cpuset_contention,container,docker_sharing_shared_pool_k2-run8,/home/ghost/hmm_evt/results/derived/shared_cpuset_contention/container/docker_sharing_shared_pool_k2-run8.csv,response_ns,100001,0.24425132450335335,-0.006048261008323492,0.007852916208512082,True,,,,,
shared_cpuset_contention,container,docker_sharing_shared_pool_k2-run8,/home/ghost/hmm_evt/results/derived/shared_cpuset_contention/container/docker_sharing_shared_pool_k2-run8.csv,log_response_ns,100001,0.2428295702397546,-0.004918200404590374,0.006194932386551998,True,648879.0,4880.0,5.0,1.028483606557377,1.058860759493671
shared_cpuset_contention,container,docker_sharing_shared_pool_k2-run9,/home/ghost/hmm_evt/results/derived/shared_cpuset_contention/container/docker_sharing_shared_pool_k2-run9.csv,response_ns,100001,-0.0025689809393839138,-0.004626624807551489,0.00644239104158431,False,,,,,
shared_cpuset_contention,container,docker_sharing_shared_pool_k2-run9,/home/ghost/hmm_evt/results/derived/shared_cpuset_contention/container/docker_sharing_shared_pool_k2-run9.csv,log_response_ns,100001,-0.002603456004103712,-0.005530279501522496,0.0063398751007370515,False,646312.0,4970.0,8.0,1.0062374245472836,1.0584126984126985
shared_cpuset_contention,container,docker_sharing_shared_pool_k4-run1,/home/ghost/hmm_evt/results/derived/shared_cpuset_contention/container/docker_sharing_shared_pool_k4-run1.csv,response_ns,100001,0.011773622979783446,-0.004408163799226297,0.007930278810649503,True,,,,,
shared_cpuset_contention,container,docker_sharing_shared_pool_k4-run1,/home/ghost/hmm_evt/results/derived/shared_cpuset_contention/container/docker_sharing_shared_pool_k4-run1.csv,log_response_ns,100001,0.011835802936543446,-0.004652758657773187,0.007001324166265715,True,653904.0,4626.0,7.0,1.0977086035451795,1.0599150503575554
shared_cpuset_contention,container,docker_sharing_shared_pool_k4-run10,/home/ghost/hmm_evt/results/derived/shared_cpuset_contention/container/docker_sharing_shared_pool_k4-run10.csv,response_ns,100001,0.9685676060177033,-0.007186859116150191,0.005767930108870974,True,,,,,
shared_cpuset_contention,container,docker_sharing_shared_pool_k4-run10,/home/ghost/hmm_evt/results/derived/shared_cpuset_contention/container/docker_sharing_shared_pool_k4-run10.csv,log_response_ns,100001,0.9688200231199825,-0.0053162654755891485,0.006172409544089408,True,652493.0,4747.0,9.0,1.055192753317885,1.0578669482576557
shared_cpuset_contention,container,docker_sharing_shared_pool_k4-run2,/home/ghost/hmm_evt/results/derived/shared_cpuset_contention/container/docker_sharing_shared_pool_k4-run2.csv,response_ns,100001,0.08204728929940164,-0.0010655713728552874,0.001786296862108778,True,,,,,
shared_cpuset_contention,container,docker_sharing_shared_pool_k4-run2,/home/ghost/hmm_evt/results/derived/shared_cpuset_contention/container/docker_sharing_shared_pool_k4-run2.csv,log_response_ns,100001,0.16065865771281504,-0.0016176822949543219,0.00770173062378682,True,653922.0,3344.0,927.0,1.506877990430622,1.0579577804832734
shared_cpuset_contention,container,docker_sharing_shared_pool_k4-run3,/home/ghost/hmm_evt/results/derived/shared_cpuset_contention/container/docker_sharing_shared_pool_k4-run3.csv,response_ns,100001,0.050599044534520084,-0.005579249363759244,0.005853692758880314,True,,,,,
shared_cpuset_contention,container,docker_sharing_shared_pool_k4-run3,/home/ghost/hmm_evt/results/derived/shared_cpuset_contention/container/docker_sharing_shared_pool_k4-run3.csv,log_response_ns,100001,0.05059694706826954,-0.005299460050517587,0.006146178812557752,True,657914.0,4918.0,7.0,1.0172834485563238,1.0581641285956007
shared_cpuset_contention,container,docker_sharing_shared_pool_k4-run4,/home/ghost/hmm_evt/results/derived/shared_cpuset_contention/container/docker_sharing_shared_pool_k4-run4.csv,response_ns,100001,0.9555066974166366,-0.0058056615881828645,0.005881081620515581,True,,,,,
shared_cpuset_contention,container,docker_sharing_shared_pool_k4-run4,/home/ghost/hmm_evt/results/derived/shared_cpuset_contention/container/docker_sharing_shared_pool_k4-run4.csv,log_response_ns,100001,0.9575348782841612,-0.0054105088822160195,0.006782978656040923,True,662505.0,4502.0,7.0,1.1128387383385163,1.058078141499472
shared_cpuset_contention,container,docker_sharing_shared_pool_k4-run5,/home/ghost/hmm_evt/results/derived/shared_cpuset_contention/container/docker_sharing_shared_pool_k4-run5.csv,response_ns,100001,0.03147495583280319,-0.00671984823339732,0.005817564522652211,True,,,,,
shared_cpuset_contention,container,docker_sharing_shared_pool_k4-run5,/home/ghost/hmm_evt/results/derived/shared_cpuset_contention/container/docker_sharing_shared_pool_k4-run5.csv,log_response_ns,100001,0.031076574478818154,-0.00616152918711863,0.0064242066868346066,True,644390.0,4962.0,7.0,1.0078597339782345,1.058199940887626
shared_cpuset_contention,container,docker_sharing_shared_pool_k4-run6,/home/ghost/hmm_evt/results/derived/shared_cpuset_contention/container/docker_sharing_shared_pool_k4-run6.csv,response_ns,100001,0.02628070820236375,-0.00591491307416522,0.005924223193021212,True,,,,,
shared_cpuset_contention,container,docker_sharing_shared_pool_k4-run6,/home/ghost/hmm_evt/results/derived/shared_cpuset_contention/container/docker_sharing_shared_pool_k4-run6.csv,log_response_ns,100001,0.026123031214256257,-0.006543397057262772,0.006793336431319889,True,656817.0,4943.0,5.0,1.0121383775035404,1.058611933982226
shared_cpuset_contention,container,docker_sharing_shared_pool_k4-run7,/home/ghost/hmm_evt/results/derived/shared_cpuset_contention/container/docker_sharing_shared_pool_k4-run7.csv,response_ns,100001,0.9501544514920292,-0.006793960651765387,0.006023471756517916,True,,,,,
shared_cpuset_contention,container,docker_sharing_shared_pool_k4-run7,/home/ghost/hmm_evt/results/derived/shared_cpuset_contention/container/docker_sharing_shared_pool_k4-run7.csv,log_response_ns,100001,0.9535986225855578,-0.006519391448362792,0.005463275675365937,True,662516.0,4150.0,8.0,1.205301204819277,1.0581764332557648
shared_cpuset_contention,container,docker_sharing_shared_pool_k4-run8,/home/ghost/hmm_evt/results/derived/shared_cpuset_contention/container/docker_sharing_shared_pool_k4-run8.csv,response_ns,100001,0.9361108592629104,-0.0057690911654715024,0.006369525890497386,True,,,,,
shared_cpuset_contention,container,docker_sharing_shared_pool_k4-run8,/home/ghost/hmm_evt/results/derived/shared_cpuset_contention/container/docker_sharing_shared_pool_k4-run8.csv,log_response_ns,100001,0.9363817789927261,-0.00510736867696131,0.006155514405219948,True,652420.0,687.0,3746.0,7.2809315866084425,1.058635543369667
shared_cpuset_contention,container,docker_sharing_shared_pool_k4-run9,/home/ghost/hmm_evt/results/derived/shared_cpuset_contention/container/docker_sharing_shared_pool_k4-run9.csv,response_ns,100001,0.0528768670407889,-0.004702128353917601,0.0051930480361056085,True,,,,,
shared_cpuset_contention,container,docker_sharing_shared_pool_k4-run9,/home/ghost/hmm_evt/results/derived/shared_cpuset_contention/container/docker_sharing_shared_pool_k4-run9.csv,log_response_ns,100001,0.0530277588481852,-0.004487044364775412,0.004887512238155716,True,652473.0,4641.0,8.0,1.0937297996121524,1.059497596615784
shared_cpuset_contention,container,docker_sharing_shared_pool_k6-run1,/home/ghost/hmm_evt/results/derived/shared_cpuset_contention/container/docker_sharing_shared_pool_k6-run1.csv,response_ns,100001,0.8825022460780193,-0.006435968456496423,0.007301841808216763,True,,,,,
shared_cpuset_contention,container,docker_sharing_shared_pool_k6-run1,/home/ghost/hmm_evt/results/derived/shared_cpuset_contention/container/docker_sharing_shared_pool_k6-run1.csv,log_response_ns,100001,0.9081296442525268,-0.0054702344685574065,0.005377833394731638,True,657317.0,4483.0,12.0,1.1157706892705777,1.0581764332557648
shared_cpuset_contention,container,docker_sharing_shared_pool_k6-run10,/home/ghost/hmm_evt/results/derived/shared_cpuset_contention/container/docker_sharing_shared_pool_k6-run10.csv,response_ns,100001,0.9619000595429267,-0.004595140472224494,0.006017819229758161,True,,,,,
shared_cpuset_contention,container,docker_sharing_shared_pool_k6-run10,/home/ghost/hmm_evt/results/derived/shared_cpuset_contention/container/docker_sharing_shared_pool_k6-run10.csv,log_response_ns,100001,0.9623543239232962,-0.0063616238850004265,0.006266250125343054,True,629484.0,4878.0,3.0,1.0272652726527265,1.0578425163605658
shared_cpuset_contention,container,docker_sharing_shared_pool_k6-run2,/home/ghost/hmm_evt/results/derived/shared_cpuset_contention/container/docker_sharing_shared_pool_k6-run2.csv,response_ns,100001,0.9745251517956577,-0.007245855432590245,0.006295991781145764,True,,,,,
shared_cpuset_contention,container,docker_sharing_shared_pool_k6-run2,/home/ghost/hmm_evt/results/derived/shared_cpuset_contention/container/docker_sharing_shared_pool_k6-run2.csv,log_response_ns,100001,0.9744653551978808,-0.00584941515502571,0.006414204325100226,True,651379.0,4571.0,11.0,1.0962590242835266,1.0580658783783783
shared_cpuset_contention,container,docker_sharing_shared_pool_k6-run3,/home/ghost/hmm_evt/results/derived/shared_cpuset_contention/container/docker_sharing_shared_pool_k6-run3.csv,response_ns,100001,0.9875782890019406,-0.007096321238484654,0.005732238303836882,True,,,,,
shared_cpuset_contention,container,docker_sharing_shared_pool_k6-run3,/home/ghost/hmm_evt/results/derived/shared_cpuset_contention/container/docker_sharing_shared_pool_k6-run3.csv,log_response_ns,100001,0.9877450944550671,-0.0060604413846278606,0.005859728082416756,True,659906.0,3045.0,20.0,1.6525451559934319,1.0591454430646179
shared_cpuset_contention,container,docker_sharing_shared_pool_k6-run4,/home/ghost/hmm_evt/results/derived/shared_cpuset_contention/container/docker_sharing_shared_pool_k6-run4.csv,response_ns,100001,0.8081035906990255,-0.005010801647554663,0.005600483404369686,True,,,,,
shared_cpuset_contention,container,docker_sharing_shared_pool_k6-run4,/home/ghost/hmm_evt/results/derived/shared_cpuset_contention/container/docker_sharing_shared_pool_k6-run4.csv,log_response_ns,100001,0.8095884063006515,-0.005442019491452717,0.006268709182812154,True,659025.0,4945.0,27.0,1.0115267947421638,1.0581876285206109
shared_cpuset_contention,container,docker_sharing_shared_pool_k6-run5,/home/ghost/hmm_evt/results/derived/shared_cpuset_contention/container/docker_sharing_shared_pool_k6-run5.csv,response_ns,100001,0.9538699110949684,-0.006543955666158175,0.005519214244032652,True,,,,,
shared_cpuset_contention,container,docker_sharing_shared_pool_k6-run5,/home/ghost/hmm_evt/results/derived/shared_cpuset_contention/container/docker_sharing_shared_pool_k6-run5.csv,log_response_ns,100001,0.9542076549591006,-0.006572843023256821,0.005170456625482503,True,621645.0,4864.0,5.0,1.0293996710526316,1.0585623678646934
shared_cpuset_contention,container,docker_sharing_shared_pool_k6-run6,/home/ghost/hmm_evt/results/derived/shared_cpuset_contention/container/docker_sharing_shared_pool_k6-run6.csv,response_ns,100001,0.8179881501819783,-0.007593242976730374,0.005957556652146124,True,,,,,
shared_cpuset_contention,container,docker_sharing_shared_pool_k6-run6,/home/ghost/hmm_evt/results/derived/shared_cpuset_contention/container/docker_sharing_shared_pool_k6-run6.csv,log_response_ns,100001,0.8329875313183305,-0.005922107179849637,0.005946004881693863,True,658160.0,4608.0,78.0,1.0863715277777777,1.0585747515330937
shared_cpuset_contention,container,docker_sharing_shared_pool_k6-run7,/home/ghost/hmm_evt/results/derived/shared_cpuset_contention/container/docker_sharing_shared_pool_k6-run7.csv,response_ns,100001,0.9713782487887017,-0.00622839085473918,0.006317055537032606,True,,,,,
shared_cpuset_contention,container,docker_sharing_shared_pool_k6-run7,/home/ghost/hmm_evt/results/derived/shared_cpuset_contention/container/docker_sharing_shared_pool_k6-run7.csv,log_response_ns,100001,0.9714841710578993,-0.005751924040559237,0.007618352128591953,True,658484.0,3519.0,69.0,1.421142369991475,1.0588608934998942
shared_cpuset_contention,container,docker_sharing_shared_pool_k6-run8,/home/ghost/hmm_evt/results/derived/shared_cpuset_contention/container/docker_sharing_shared_pool_k6-run8.csv,response_ns,100001,0.9816035914268263,-0.00640972452815765,0.005653491423254742,True,,,,,
shared_cpuset_contention,container,docker_sharing_shared_pool_k6-run8,/home/ghost/hmm_evt/results/derived/shared_cpuset_contention/container/docker_sharing_shared_pool_k6-run8.csv,log_response_ns,100001,0.9808922385319216,-0.005102857712671704,0.006422331712796716,True,657570.0,2876.0,31.0,1.7444367176634215,1.0580035661700373
shared_cpuset_contention,container,docker_sharing_shared_pool_k6-run9,/home/ghost/hmm_evt/results/derived/shared_cpuset_contention/container/docker_sharing_shared_pool_k6-run9.csv,response_ns,100001,0.9590987441976181,-0.005919776325895437,0.006845471822552212,True,,,,,
shared_cpuset_contention,container,docker_sharing_shared_pool_k6-run9,/home/ghost/hmm_evt/results/derived/shared_cpuset_contention/container/docker_sharing_shared_pool_k6-run9.csv,log_response_ns,100001,0.9599899779400634,-0.006966649279275249,0.006691460675998824,True,647965.0,4340.0,392.0,1.1527649769585253,1.059060118543607
shared_cpuset_contention,container,docker_sharing_shared_pool_k8-run1,/home/ghost/hmm_evt/results/derived/shared_cpuset_contention/container/docker_sharing_shared_pool_k8-run1.csv,response_ns,100001,0.07184191826597638,-0.0022815031619020983,0.002933926409887106,True,,,,,
shared_cpuset_contention,container,docker_sharing_shared_pool_k8-run1,/home/ghost/hmm_evt/results/derived/shared_cpuset_contention/container/docker_sharing_shared_pool_k8-run1.csv,log_response_ns,100001,0.14370836535587372,-0.0027988570599085006,0.0031522132740298943,True,658012.0,3449.0,14.0,1.4514351986082923,1.058127245825407
shared_cpuset_contention,container,docker_sharing_shared_pool_k8-run10,/home/ghost/hmm_evt/results/derived/shared_cpuset_contention/container/docker_sharing_shared_pool_k8-run10.csv,response_ns,100001,0.07242773481171161,-0.0021926685365246832,0.0037483042276161074,True,,,,,
shared_cpuset_contention,container,docker_sharing_shared_pool_k8-run10,/home/ghost/hmm_evt/results/derived/shared_cpuset_contention/container/docker_sharing_shared_pool_k8-run10.csv,log_response_ns,100001,0.11513878092149762,-0.002839364415488383,0.003811694471137724,True,660820.0,2535.0,23.0,1.9775147928994083,1.0580525355078567
shared_cpuset_contention,container,docker_sharing_shared_pool_k8-run2,/home/ghost/hmm_evt/results/derived/shared_cpuset_contention/container/docker_sharing_shared_pool_k8-run2.csv,response_ns,100001,0.5093651842398446,-0.005373354428867042,0.005618399782494014,True,,,,,
shared_cpuset_contention,container,docker_sharing_shared_pool_k8-run2,/home/ghost/hmm_evt/results/derived/shared_cpuset_contention/container/docker_sharing_shared_pool_k8-run2.csv,log_response_ns,100001,0.5350469499591086,-0.00581758925626279,0.0070551923511442335,True,637421.0,3194.0,11.0,1.567313713212273,1.058127245825407
shared_cpuset_contention,container,docker_sharing_shared_pool_k8-run3,/home/ghost/hmm_evt/results/derived/shared_cpuset_contention/container/docker_sharing_shared_pool_k8-run3.csv,response_ns,100001,0.026812836274238812,-0.0013196648575188416,0.002575421051395019,True,,,,,
shared_cpuset_contention,container,docker_sharing_shared_pool_k8-run3,/home/ghost/hmm_evt/results/derived/shared_cpuset_contention/container/docker_sharing_shared_pool_k8-run3.csv,log_response_ns,100001,0.04540650868071001,-0.001627181865347082,0.002826074936992081,True,645462.0,2576.0,103.0,1.9452639751552796,1.0578536844614563
shared_cpuset_contention,container,docker_sharing_shared_pool_k8-run4,/home/ghost/hmm_evt/results/derived/shared_cpuset_contention/container/docker_sharing_shared_pool_k8-run4.csv,response_ns,100001,-0.011135987215537222,-0.0027378697331030275,0.003039136187326618,True,,,,,
shared_cpuset_contention,container,docker_sharing_shared_pool_k8-run4,/home/ghost/hmm_evt/results/derived/shared_cpuset_contention/container/docker_sharing_shared_pool_k8-run4.csv,log_response_ns,100001,-0.01571437963871926,-0.0026004077670434517,0.003255552123760237,True,614686.0,4925.0,3.0,1.0158375634517767,1.0595199039930896
shared_cpuset_contention,container,docker_sharing_shared_pool_k8-run5,/home/ghost/hmm_evt/results/derived/shared_cpuset_contention/container/docker_sharing_shared_pool_k8-run5.csv,response_ns,100001,0.2319540203483953,-0.003818831928437107,0.004785108904238019,True,,,,,
shared_cpuset_contention,container,docker_sharing_shared_pool_k8-run5,/home/ghost/hmm_evt/results/derived/shared_cpuset_contention/container/docker_sharing_shared_pool_k8-run5.csv,log_response_ns,100001,0.2712059825174212,-0.0043974574952899935,0.004292732847704522,True,658290.0,3911.0,8.0,1.281513679365891,1.0582993818438209
shared_cpuset_contention,container,docker_sharing_shared_pool_k8-run6,/home/ghost/hmm_evt/results/derived/shared_cpuset_contention/container/docker_sharing_shared_pool_k8-run6.csv,response_ns,100001,-0.00014398926645745134,-0.00035076706521894893,0.0006232804608582134,False,,,,,
shared_cpuset_contention,container,docker_sharing_shared_pool_k8-run6,/home/ghost/hmm_evt/results/derived/shared_cpuset_contention/container/docker_sharing_shared_pool_k8-run6.csv,log_response_ns,100001,0.009017063853353045,-0.0008450005914351037,0.0017153442985410991,True,657323.0,2714.0,20.0,1.8434045689019898,1.0586231362249137
shared_cpuset_contention,container,docker_sharing_shared_pool_k8-run7,/home/ghost/hmm_evt/results/derived/shared_cpuset_contention/container/docker_sharing_shared_pool_k8-run7.csv,response_ns,100001,0.2436358860393391,-0.0047219032412934205,0.0056490366788617885,True,,,,,
shared_cpuset_contention,container,docker_sharing_shared_pool_k8-run7,/home/ghost/hmm_evt/results/derived/shared_cpuset_contention/container/docker_sharing_shared_pool_k8-run7.csv,log_response_ns,100001,0.26544372616547307,-0.005014474711168346,0.0045552161275704845,True,660945.0,3702.0,11.0,1.3538627768773637,1.058277027027027
shared_cpuset_contention,container,docker_sharing_shared_pool_k8-run8,/home/ghost/hmm_evt/results/derived/shared_cpuset_contention/container/docker_sharing_shared_pool_k8-run8.csv,response_ns,100001,0.027380146219903898,-0.001517452230444041,0.004652735416845195,True,,,,,
shared_cpuset_contention,container,docker_sharing_shared_pool_k8-run8,/home/ghost/hmm_evt/results/derived/shared_cpuset_contention/container/docker_sharing_shared_pool_k8-run8.csv,log_response_ns,100001,0.04269617183448781,-0.0020136624638876057,0.005297447871845662,True,657546.0,1156.0,43.0,4.328719723183391,1.0581630194082736
shared_cpuset_contention,container,docker_sharing_shared_pool_k8-run9,/home/ghost/hmm_evt/results/derived/shared_cpuset_contention/container/docker_sharing_shared_pool_k8-run9.csv,response_ns,100001,0.13195297932488392,-0.0030889767391927433,0.002875203556679071,True,,,,,
shared_cpuset_contention,container,docker_sharing_shared_pool_k8-run9,/home/ghost/hmm_evt/results/derived/shared_cpuset_contention/container/docker_sharing_shared_pool_k8-run9.csv,log_response_ns,100001,0.21248923293007638,-0.004403949977412878,0.003848814568655317,True,654208.0,4800.0,5.0,1.0427083333333333,1.0579270570654713
