condition,environment,run,n,period_ns,deadline_ns,baseline_response_ns,expected_recovery_slope_ns_per_activation,delta_mad_ns,shock_threshold_ns,shock_job_index,shock_release_ns,response_before_ns,response_after_ns,shock_amplitude_ns,is_deadline_miss_after_shock
interference,container,docker_cpu3-interf_io-run1,100001,5000000.0,3000000.0,606712.0,-4393288.0,432.0,1000000.0,2803,75396753584255,605690.0,9120787.0,8515097.0,True
interference,container,docker_cpu3-interf_io-run1,100001,5000000.0,3000000.0,606712.0,-4393288.0,432.0,1000000.0,3266,75399068584255,605561.0,1620550.0,1014989.0,False
interference,container,docker_cpu3-interf_io-run1,100001,5000000.0,3000000.0,606712.0,-4393288.0,432.0,1000000.0,36766,75566568584255,606018.0,2437733.0,1831715.0,False
interference,container,docker_cpu3-interf_io-run1,100001,5000000.0,3000000.0,606712.0,-4393288.0,432.0,1000000.0,44351,75604493584255,605700.0,6492444.0,5886744.0,True
interference,container,docker_cpu3-interf_io-run1,100001,5000000.0,3000000.0,606712.0,-4393288.0,432.0,1000000.0,46930,75617388584255,605754.0,2741944.0,2136190.0,False
interference,container,docker_cpu3-interf_io-run1,100001,5000000.0,3000000.0,606712.0,-4393288.0,432.0,1000000.0,47764,75621558584255,607384.0,3118390.0,2511006.0,True
interference,container,docker_cpu3-interf_io-run1,100001,5000000.0,3000000.0,606712.0,-4393288.0,432.0,1000000.0,60507,75685273584255,605709.0,1838855.0,1233146.0,False
interference,container,docker_cpu3-interf_io-run1,100001,5000000.0,3000000.0,606712.0,-4393288.0,432.0,1000000.0,80229,75783883584255,605448.0,11706561.0,11101113.0,True
interference,container,docker_cpu3-interf_io-run1,100001,5000000.0,3000000.0,606712.0,-4393288.0,432.0,1000000.0,83263,75799053584255,606110.0,2414955.0,1808845.0,False
interference,container,docker_cpu3-interf_io-run10,100001,5000000.0,3000000.0,598491.0,-4401509.0,130.0,1000000.0,80,90997814726762,598493.0,132084659.0,131486166.0,True
interference,container,docker_cpu3-interf_io-run10,100001,5000000.0,3000000.0,598491.0,-4401509.0,130.0,1000000.0,158,90998204726762,598559.0,120862890.0,120264331.0,True
interference,container,docker_cpu3-interf_io-run10,100001,5000000.0,3000000.0,598491.0,-4401509.0,130.0,1000000.0,1332,91004074726762,598349.0,1663389023.0,1662790674.0,True
interference,container,docker_cpu3-interf_io-run10,100001,5000000.0,3000000.0,598491.0,-4401509.0,130.0,1000000.0,1917,91006999726762,598461.0,5405453.0,4806992.0,True
interference,container,docker_cpu3-interf_io-run10,100001,5000000.0,3000000.0,598491.0,-4401509.0,130.0,1000000.0,2999,91012409726762,598297.0,407841955.0,407243658.0,True
interference,container,docker_cpu3-interf_io-run10,100001,5000000.0,3000000.0,598491.0,-4401509.0,130.0,1000000.0,7166,91033244726762,598500.0,44465653.0,43867153.0,True
interference,container,docker_cpu3-interf_io-run10,100001,5000000.0,3000000.0,598491.0,-4401509.0,130.0,1000000.0,9175,91043289726762,598377.0,181421639.0,180823262.0,True
interference,container,docker_cpu3-interf_io-run10,100001,5000000.0,3000000.0,598491.0,-4401509.0,130.0,1000000.0,10174,91048284726762,598329.0,77319046.0,76720717.0,True
interference,container,docker_cpu3-interf_io-run10,100001,5000000.0,3000000.0,598491.0,-4401509.0,130.0,1000000.0,11615,91055489726762,598540.0,3271490.0,2672950.0,True
interference,container,docker_cpu3-interf_io-run10,100001,5000000.0,3000000.0,598491.0,-4401509.0,130.0,1000000.0,13284,91063834726762,598526.0,136012742.0,135414216.0,True
interference,container,docker_cpu3-interf_io-run10,100001,5000000.0,3000000.0,598491.0,-4401509.0,130.0,1000000.0,14420,91069514726762,598614.0,1592463378.0,1591864764.0,True
interference,container,docker_cpu3-interf_io-run10,100001,5000000.0,3000000.0,598491.0,-4401509.0,130.0,1000000.0,17954,91087184726762,598469.0,32886863.0,32288394.0,True
interference,container,docker_cpu3-interf_io-run10,100001,5000000.0,3000000.0,598491.0,-4401509.0,130.0,1000000.0,20002,91097424726762,600077.0,102957409.0,102357332.0,True
interference,container,docker_cpu3-interf_io-run10,100001,5000000.0,3000000.0,598491.0,-4401509.0,130.0,1000000.0,24173,91118279726762,598383.0,199984249.0,199385866.0,True
interference,container,docker_cpu3-interf_io-run10,100001,5000000.0,3000000.0,598491.0,-4401509.0,130.0,1000000.0,26218,91128504726762,598616.0,97393563.0,96794947.0,True
interference,container,docker_cpu3-interf_io-run10,100001,5000000.0,3000000.0,598491.0,-4401509.0,130.0,1000000.0,27355,91134189726762,598408.0,1164678009.0,1164079601.0,True
interference,container,docker_cpu3-interf_io-run10,100001,5000000.0,3000000.0,598491.0,-4401509.0,130.0,1000000.0,28701,91140919726762,598442.0,1669295613.0,1668697171.0,True
interference,container,docker_cpu3-interf_io-run10,100001,5000000.0,3000000.0,598491.0,-4401509.0,130.0,1000000.0,32081,91157819726762,598541.0,22416622.0,21818081.0,True
interference,container,docker_cpu3-interf_io-run10,100001,5000000.0,3000000.0,598491.0,-4401509.0,130.0,1000000.0,34129,91168059726762,598517.0,14063047.0,13464530.0,True
interference,container,docker_cpu3-interf_io-run10,100001,5000000.0,3000000.0,598491.0,-4401509.0,130.0,1000000.0,35115,91172989726762,598340.0,162936011.0,162337671.0,True
interference,container,docker_cpu3-interf_io-run10,100001,5000000.0,3000000.0,598491.0,-4401509.0,130.0,1000000.0,35341,91174119726762,598389.0,67071043.0,66472654.0,True
interference,container,docker_cpu3-interf_io-run10,100001,5000000.0,3000000.0,598491.0,-4401509.0,130.0,1000000.0,36251,91178669726762,598446.0,175994713.0,175396267.0,True
interference,container,docker_cpu3-interf_io-run10,100001,5000000.0,3000000.0,598491.0,-4401509.0,130.0,1000000.0,38297,91188899726762,598563.0,123214691.0,122616128.0,True
interference,container,docker_cpu3-interf_io-run10,100001,5000000.0,3000000.0,598491.0,-4401509.0,130.0,1000000.0,39206,91193444726762,598477.0,145171711.0,144573234.0,True
interference,container,docker_cpu3-interf_io-run10,100001,5000000.0,3000000.0,598491.0,-4401509.0,130.0,1000000.0,40266,91198744726762,598339.0,63562659.0,62964320.0,True
interference,container,docker_cpu3-interf_io-run10,100001,5000000.0,3000000.0,598491.0,-4401509.0,130.0,1000000.0,43300,91213914726762,600080.0,79069074.0,78468994.0,True
interference,container,docker_cpu3-interf_io-run10,100001,5000000.0,3000000.0,598491.0,-4401509.0,130.0,1000000.0,45575,91225289726762,598397.0,81892907.0,81294510.0,True
interference,container,docker_cpu3-interf_io-run10,100001,5000000.0,3000000.0,598491.0,-4401509.0,130.0,1000000.0,46560,91230214726762,598308.0,64303921.0,63705613.0,True
interference,container,docker_cpu3-interf_io-run10,100001,5000000.0,3000000.0,598491.0,-4401509.0,130.0,1000000.0,49366,91244244726762,598609.0,135851191.0,135252582.0,True
interference,container,docker_cpu3-interf_io-run10,100001,5000000.0,3000000.0,598491.0,-4401509.0,130.0,1000000.0,49592,91245374726762,599091.0,4837036.0,4237945.0,True
interference,container,docker_cpu3-interf_io-run10,100001,5000000.0,3000000.0,598491.0,-4401509.0,130.0,1000000.0,50654,91250684726762,598375.0,3332677.0,2734302.0,True
interference,container,docker_cpu3-interf_io-run10,100001,5000000.0,3000000.0,598491.0,-4401509.0,130.0,1000000.0,51640,91255614726762,598490.0,9166344.0,8567854.0,True
interference,container,docker_cpu3-interf_io-run10,100001,5000000.0,3000000.0,598491.0,-4401509.0,130.0,1000000.0,52702,91260924726762,598576.0,40958082.0,40359506.0,True
interference,container,docker_cpu3-interf_io-run10,100001,5000000.0,3000000.0,598491.0,-4401509.0,130.0,1000000.0,54750,91271164726762,598340.0,113806646.0,113208306.0,True
interference,container,docker_cpu3-interf_io-run10,100001,5000000.0,3000000.0,598491.0,-4401509.0,130.0,1000000.0,55735,91276089726762,598715.0,62370179.0,61771464.0,True
interference,container,docker_cpu3-interf_io-run10,100001,5000000.0,3000000.0,598491.0,-4401509.0,130.0,1000000.0,56796,91281394726762,598585.0,6100551.0,5501966.0,True
interference,container,docker_cpu3-interf_io-run10,100001,5000000.0,3000000.0,598491.0,-4401509.0,130.0,1000000.0,57783,91286329726762,598457.0,160139916.0,159541459.0,True
interference,container,docker_cpu3-interf_io-run10,100001,5000000.0,3000000.0,598491.0,-4401509.0,130.0,1000000.0,59829,91296559726762,598589.0,53666616.0,53068027.0,True
interference,container,docker_cpu3-interf_io-run10,100001,5000000.0,3000000.0,598491.0,-4401509.0,130.0,1000000.0,60814,91301484726762,598463.0,158610339.0,158011876.0,True
interference,container,docker_cpu3-interf_io-run10,100001,5000000.0,3000000.0,598491.0,-4401509.0,130.0,1000000.0,72115,91357989726762,598392.0,193918592.0,193320200.0,True
interference,container,docker_cpu3-interf_io-run10,100001,5000000.0,3000000.0,598491.0,-4401509.0,130.0,1000000.0,74388,91369354726762,598386.0,99213867.0,98615481.0,True
interference,container,docker_cpu3-interf_io-run10,100001,5000000.0,3000000.0,598491.0,-4401509.0,130.0,1000000.0,75449,91374659726762,600072.0,1814138838.0,1813538766.0,True
interference,container,docker_cpu3-interf_io-run10,100001,5000000.0,3000000.0,598491.0,-4401509.0,130.0,1000000.0,76854,91381684726762,598480.0,1885932811.0,1885334331.0,True
interference,container,docker_cpu3-interf_io-run10,100001,5000000.0,3000000.0,598491.0,-4401509.0,130.0,1000000.0,77877,91386799726762,598495.0,79487625.0,78889130.0,True
interference,container,docker_cpu3-interf_io-run10,100001,5000000.0,3000000.0,598491.0,-4401509.0,130.0,1000000.0,78939,91392109726762,598433.0,98030306.0,97431873.0,True
interference,container,docker_cpu3-interf_io-run10,100001,5000000.0,3000000.0,598491.0,-4401509.0,130.0,1000000.0,80000,91397414726762,600004.0,1005791736.0,1005191732.0,True
interference,container,docker_cpu3-interf_io-run10,100001,5000000.0,3000000.0,598491.0,-4401509.0,130.0,1000000.0,83245,91413639726762,598527.0,211435630.0,210837103.0,True
interference,container,docker_cpu3-interf_io-run10,100001,5000000.0,3000000.0,598491.0,-4401509.0,130.0,1000000.0,85973,91427279726762,598497.0,132676771.0,132078274.0,True
interference,container,docker_cpu3-interf_io-run10,100001,5000000.0,3000000.0,598491.0,-4401509.0,130.0,1000000.0,86655,91430689726762,598394.0,228043572.0,227445178.0,True
interference,container,docker_cpu3-interf_io-run10,100001,5000000.0,3000000.0,598491.0,-4401509.0,130.0,1000000.0,87790,91436364726762,598405.0,1711898658.0,1711300253.0,True
interference,container,docker_cpu3-interf_io-run10,100001,5000000.0,3000000.0,598491.0,-4401509.0,130.0,1000000.0,89197,91443399726762,598512.0,1763709983.0,1763111471.0,True
interference,container,docker_cpu3-interf_io-run10,100001,5000000.0,3000000.0,598491.0,-4401509.0,130.0,1000000.0,90603,91450429726762,598550.0,1856959296.0,1856360746.0,True
interference,container,docker_cpu3-interf_io-run10,100001,5000000.0,3000000.0,598491.0,-4401509.0,130.0,1000000.0,91551,91455169726762,598643.0,269942158.0,269343515.0,True
interference,container,docker_cpu3-interf_io-run10,100001,5000000.0,3000000.0,598491.0,-4401509.0,130.0,1000000.0,93596,91465394726762,598326.0,87544136.0,86945810.0,True
interference,container,docker_cpu3-interf_io-run10,100001,5000000.0,3000000.0,598491.0,-4401509.0,130.0,1000000.0,94657,91470699726762,598449.0,119235043.0,118636594.0,True
interference,container,docker_cpu3-interf_io-run10,100001,5000000.0,3000000.0,598491.0,-4401509.0,130.0,1000000.0,95718,91476004726762,598474.0,1708790296.0,1708191822.0,True
interference,container,docker_cpu3-interf_io-run10,100001,5000000.0,3000000.0,598491.0,-4401509.0,130.0,1000000.0,96746,91481144726762,598479.0,161370992.0,160772513.0,True
interference,container,docker_cpu3-interf_io-run10,100001,5000000.0,3000000.0,598491.0,-4401509.0,130.0,1000000.0,98792,91491374726762,598464.0,28971054.0,28372590.0,True
interference,container,docker_cpu3-interf_io-run2,100001,5000000.0,3000000.0,599638.0,-4400362.0,419.0,1000000.0,2030,76403664675596,599774.0,1805790.0,1206016.0,False
interference,container,docker_cpu3-interf_io-run2,100001,5000000.0,3000000.0,599638.0,-4400362.0,419.0,1000000.0,18789,76487459675596,598419.0,2469088.0,1870669.0,False
interference,container,docker_cpu3-interf_io-run2,100001,5000000.0,3000000.0,599638.0,-4400362.0,419.0,1000000.0,32215,76554589675596,598823.0,7810104.0,7211281.0,True
interference,container,docker_cpu3-interf_io-run2,100001,5000000.0,3000000.0,599638.0,-4400362.0,419.0,1000000.0,43062,76608824675596,599089.0,2878594.0,2279505.0,False
interference,container,docker_cpu3-interf_io-run2,100001,5000000.0,3000000.0,599638.0,-4400362.0,419.0,1000000.0,44958,76618304675596,600486.0,5912253.0,5311767.0,True
interference,container,docker_cpu3-interf_io-run2,100001,5000000.0,3000000.0,599638.0,-4400362.0,419.0,1000000.0,51026,76648644675596,598422.0,1821919.0,1223497.0,False
interference,container,docker_cpu3-interf_io-run2,100001,5000000.0,3000000.0,599638.0,-4400362.0,419.0,1000000.0,52922,76658124675596,598610.0,2933156.0,2334546.0,False
interference,container,docker_cpu3-interf_io-run2,100001,5000000.0,3000000.0,599638.0,-4400362.0,419.0,1000000.0,58535,76686189675596,598872.0,1689027.0,1090155.0,False
interference,container,docker_cpu3-interf_io-run2,100001,5000000.0,3000000.0,599638.0,-4400362.0,419.0,1000000.0,59142,76689224675596,598791.0,2208375.0,1609584.0,False
interference,container,docker_cpu3-interf_io-run2,100001,5000000.0,3000000.0,599638.0,-4400362.0,419.0,1000000.0,63769,76712359675596,598760.0,2418298.0,1819538.0,False
interference,container,docker_cpu3-interf_io-run2,100001,5000000.0,3000000.0,599638.0,-4400362.0,419.0,1000000.0,69382,76740424675596,599628.0,4557943.0,3958315.0,True
interference,container,docker_cpu3-interf_io-run2,100001,5000000.0,3000000.0,599638.0,-4400362.0,419.0,1000000.0,94261,76864819675596,599142.0,4199150.0,3600008.0,True
interference,container,docker_cpu3-interf_io-run2,100001,5000000.0,3000000.0,599638.0,-4400362.0,419.0,1000000.0,94641,76866719675596,598676.0,2678619.0,2079943.0,False
interference,container,docker_cpu3-interf_io-run2,100001,5000000.0,3000000.0,599638.0,-4400362.0,419.0,1000000.0,97371,76880369675596,598649.0,8572024.0,7973375.0,True
interference,container,docker_cpu3-interf_io-run2,100001,5000000.0,3000000.0,599638.0,-4400362.0,419.0,1000000.0,99040,76888714675596,600319.0,14524366.0,13924047.0,True
interference,container,docker_cpu3-interf_io-run3,100001,5000000.0,3000000.0,603388.0,-4396612.0,121.0,1000000.0,5662,78024855100654,603567.0,2678206.0,2074639.0,False
interference,container,docker_cpu3-interf_io-run3,100001,5000000.0,3000000.0,603388.0,-4396612.0,121.0,1000000.0,14314,78068115100654,603124.0,62561046.0,61957922.0,True
interference,container,docker_cpu3-interf_io-run3,100001,5000000.0,3000000.0,603388.0,-4396612.0,121.0,1000000.0,18333,78088210100654,603175.0,40706503.0,40103328.0,True
interference,container,docker_cpu3-interf_io-run3,100001,5000000.0,3000000.0,603388.0,-4396612.0,121.0,1000000.0,23415,78113620100654,603204.0,7849698.0,7246494.0,True
interference,container,docker_cpu3-interf_io-run3,100001,5000000.0,3000000.0,603388.0,-4396612.0,121.0,1000000.0,24477,78118930100654,603458.0,2373485.0,1770027.0,False
interference,container,docker_cpu3-interf_io-run3,100001,5000000.0,3000000.0,603388.0,-4396612.0,121.0,1000000.0,25994,78126515100654,603191.0,1709758.0,1106567.0,False
interference,container,docker_cpu3-interf_io-run3,100001,5000000.0,3000000.0,603388.0,-4396612.0,121.0,1000000.0,29863,78145860100654,603203.0,2166147.0,1562944.0,False
interference,container,docker_cpu3-interf_io-run3,100001,5000000.0,3000000.0,603388.0,-4396612.0,121.0,1000000.0,35248,78172785100654,603857.0,5755894.0,5152037.0,True
interference,container,docker_cpu3-interf_io-run3,100001,5000000.0,3000000.0,603388.0,-4396612.0,121.0,1000000.0,47612,78234605100654,603017.0,7138945.0,6535928.0,True
interference,container,docker_cpu3-interf_io-run3,100001,5000000.0,3000000.0,603388.0,-4396612.0,121.0,1000000.0,47915,78236120100654,603200.0,89658575.0,89055375.0,True
interference,container,docker_cpu3-interf_io-run3,100001,5000000.0,3000000.0,603388.0,-4396612.0,121.0,1000000.0,55121,78272150100654,603170.0,1732191.0,1129021.0,False
interference,container,docker_cpu3-interf_io-run3,100001,5000000.0,3000000.0,603388.0,-4396612.0,121.0,1000000.0,55651,78274800100654,603316.0,1634264.0,1030948.0,False
interference,container,docker_cpu3-interf_io-run3,100001,5000000.0,3000000.0,603388.0,-4396612.0,121.0,1000000.0,56031,78276700100654,603097.0,3228309.0,2625212.0,True
interference,container,docker_cpu3-interf_io-run3,100001,5000000.0,3000000.0,603388.0,-4396612.0,121.0,1000000.0,61947,78306280100654,603374.0,2031029.0,1427655.0,False
interference,container,docker_cpu3-interf_io-run3,100001,5000000.0,3000000.0,603388.0,-4396612.0,121.0,1000000.0,63540,78314245100654,603141.0,2689956.0,2086815.0,False
interference,container,docker_cpu3-interf_io-run3,100001,5000000.0,3000000.0,603388.0,-4396612.0,121.0,1000000.0,64981,78321450100654,603328.0,2029514.0,1426186.0,False
interference,container,docker_cpu3-interf_io-run3,100001,5000000.0,3000000.0,603388.0,-4396612.0,121.0,1000000.0,76056,78376825100654,603285.0,2031991.0,1428706.0,False
interference,container,docker_cpu3-interf_io-run3,100001,5000000.0,3000000.0,603388.0,-4396612.0,121.0,1000000.0,93957,78466330100654,603304.0,2623710.0,2020406.0,False
interference,container,docker_cpu3-interf_io-run3,100001,5000000.0,3000000.0,603388.0,-4396612.0,121.0,1000000.0,96763,78480360100654,603112.0,4521548.0,3918436.0,True
interference,container,docker_cpu3-interf_io-run3,100001,5000000.0,3000000.0,603388.0,-4396612.0,121.0,1000000.0,97901,78486050100654,603552.0,4415136.0,3811584.0,True
interference,container,docker_cpu3-interf_io-run3,100001,5000000.0,3000000.0,603388.0,-4396612.0,121.0,1000000.0,98128,78487185100654,603396.0,2724984.0,2121588.0,False
interference,container,docker_cpu3-interf_io-run4,100001,5000000.0,3000000.0,603144.0,-4396856.0,90.0,1000000.0,1102,79096683074299,603078.0,126316723.0,125713645.0,True
interference,container,docker_cpu3-interf_io-run4,100001,5000000.0,3000000.0,603144.0,-4396856.0,90.0,1000000.0,2106,79101703074299,603028.0,189645974.0,189042946.0,True
interference,container,docker_cpu3-interf_io-run4,100001,5000000.0,3000000.0,603144.0,-4396856.0,90.0,1000000.0,3108,79106713074299,603053.0,197097988.0,196494935.0,True
interference,container,docker_cpu3-interf_io-run4,100001,5000000.0,3000000.0,603144.0,-4396856.0,90.0,1000000.0,4265,79112498074299,603182.0,141934375.0,141331193.0,True
interference,container,docker_cpu3-interf_io-run4,100001,5000000.0,3000000.0,603144.0,-4396856.0,90.0,1000000.0,6427,79123308074299,603142.0,154186920.0,153583778.0,True
interference,container,docker_cpu3-interf_io-run4,100001,5000000.0,3000000.0,603144.0,-4396856.0,90.0,1000000.0,6658,79124463074299,603087.0,48334861.0,47731774.0,True
interference,container,docker_cpu3-interf_io-run4,100001,5000000.0,3000000.0,603144.0,-4396856.0,90.0,1000000.0,8435,79133348074299,603151.0,269111797.0,268508646.0,True
interference,container,docker_cpu3-interf_io-run4,100001,5000000.0,3000000.0,603144.0,-4396856.0,90.0,1000000.0,9513,79138738074299,603268.0,126508499.0,125905231.0,True
interference,container,docker_cpu3-interf_io-run4,100001,5000000.0,3000000.0,603144.0,-4396856.0,90.0,1000000.0,12555,79153948074299,603085.0,117484025.0,116880940.0,True
interference,container,docker_cpu3-interf_io-run4,100001,5000000.0,3000000.0,603144.0,-4396856.0,90.0,1000000.0,15588,79169113074299,603079.0,102644384.0,102041305.0,True
interference,container,docker_cpu3-interf_io-run4,100001,5000000.0,3000000.0,603144.0,-4396856.0,90.0,1000000.0,17711,79179728074299,603052.0,84648043.0,84044991.0,True
interference,container,docker_cpu3-interf_io-run4,100001,5000000.0,3000000.0,603144.0,-4396856.0,90.0,1000000.0,21806,79200203074299,603162.0,204631295.0,204028133.0,True
interference,container,docker_cpu3-interf_io-run4,100001,5000000.0,3000000.0,603144.0,-4396856.0,90.0,1000000.0,22866,79205503074299,603206.0,14388713.0,13785507.0,True
interference,container,docker_cpu3-interf_io-run4,100001,5000000.0,3000000.0,603144.0,-4396856.0,90.0,1000000.0,24838,79215363074299,603036.0,89266221.0,88663185.0,True
interference,container,docker_cpu3-interf_io-run4,100001,5000000.0,3000000.0,603144.0,-4396856.0,90.0,1000000.0,28706,79234703074299,603040.0,426806860.0,426203820.0,True
interference,container,docker_cpu3-interf_io-run4,100001,5000000.0,3000000.0,603144.0,-4396856.0,90.0,1000000.0,30140,79241873074299,603137.0,32479712.0,31876575.0,True
interference,container,docker_cpu3-interf_io-run4,100001,5000000.0,3000000.0,603144.0,-4396856.0,90.0,1000000.0,36208,79272213074299,603024.0,127531738.0,126928714.0,True
interference,container,docker_cpu3-interf_io-run4,100001,5000000.0,3000000.0,603144.0,-4396856.0,90.0,1000000.0,38179,79282068074299,603104.0,177980670.0,177377566.0,True
interference,container,docker_cpu3-interf_io-run4,100001,5000000.0,3000000.0,603144.0,-4396856.0,90.0,1000000.0,39239,79287368074299,603158.0,36279555.0,35676397.0,True
interference,container,docker_cpu3-interf_io-run4,100001,5000000.0,3000000.0,603144.0,-4396856.0,90.0,1000000.0,40301,79292678074299,602942.0,598720253.0,598117311.0,True
interference,container,docker_cpu3-interf_io-run4,100001,5000000.0,3000000.0,603144.0,-4396856.0,90.0,1000000.0,41278,79297563074299,603034.0,130467567.0,129864533.0,True
interference,container,docker_cpu3-interf_io-run4,100001,5000000.0,3000000.0,603144.0,-4396856.0,90.0,1000000.0,46662,79324483074299,603238.0,208350260.0,207747022.0,True
interference,container,docker_cpu3-interf_io-run4,100001,5000000.0,3000000.0,603144.0,-4396856.0,90.0,1000000.0,47266,79327503074299,603106.0,156874239.0,156271133.0,True
interference,container,docker_cpu3-interf_io-run4,100001,5000000.0,3000000.0,603144.0,-4396856.0,90.0,1000000.0,48250,79332423074299,603233.0,30038540.0,29435307.0,True
interference,container,docker_cpu3-interf_io-run4,100001,5000000.0,3000000.0,603144.0,-4396856.0,90.0,1000000.0,49995,79341148074299,603170.0,107059472.0,106456302.0,True
interference,container,docker_cpu3-interf_io-run4,100001,5000000.0,3000000.0,603144.0,-4396856.0,90.0,1000000.0,50146,79341903074299,603096.0,304344885.0,303741789.0,True
interference,container,docker_cpu3-interf_io-run4,100001,5000000.0,3000000.0,603144.0,-4396856.0,90.0,1000000.0,51279,79347568074299,603114.0,75115459.0,74512345.0,True
interference,container,docker_cpu3-interf_io-run4,100001,5000000.0,3000000.0,603144.0,-4396856.0,90.0,1000000.0,52341,79352878074299,603076.0,220578294.0,219975218.0,True
interference,container,docker_cpu3-interf_io-run4,100001,5000000.0,3000000.0,603144.0,-4396856.0,90.0,1000000.0,53400,79358173074299,603089.0,1107187921.0,1106584832.0,True
interference,container,docker_cpu3-interf_io-run4,100001,5000000.0,3000000.0,603144.0,-4396856.0,90.0,1000000.0,56491,79373628074299,603077.0,1477240972.0,1476637895.0,True
interference,container,docker_cpu3-interf_io-run4,100001,5000000.0,3000000.0,603144.0,-4396856.0,90.0,1000000.0,57601,79379178074299,603141.0,206502337.0,205899196.0,True
interference,container,docker_cpu3-interf_io-run4,100001,5000000.0,3000000.0,603144.0,-4396856.0,90.0,1000000.0,59646,79389403074299,603030.0,1165383980.0,1164780950.0,True
interference,container,docker_cpu3-interf_io-run4,100001,5000000.0,3000000.0,603144.0,-4396856.0,90.0,1000000.0,60688,79394613074299,603119.0,239671793.0,239068674.0,True
interference,container,docker_cpu3-interf_io-run4,100001,5000000.0,3000000.0,603144.0,-4396856.0,90.0,1000000.0,61671,79399528074299,603089.0,11907489.0,11304400.0,True
interference,container,docker_cpu3-interf_io-run4,100001,5000000.0,3000000.0,603144.0,-4396856.0,90.0,1000000.0,63719,79409768074299,603058.0,48127565.0,47524507.0,True
interference,container,docker_cpu3-interf_io-run4,100001,5000000.0,3000000.0,603144.0,-4396856.0,90.0,1000000.0,67056,79426453074299,603191.0,292689723.0,292086532.0,True
interference,container,docker_cpu3-interf_io-run4,100001,5000000.0,3000000.0,603144.0,-4396856.0,90.0,1000000.0,68190,79432123074299,602992.0,357774401.0,357171409.0,True
interference,container,docker_cpu3-interf_io-run4,100001,5000000.0,3000000.0,603144.0,-4396856.0,90.0,1000000.0,70233,79442338074299,603146.0,125148620.0,124545474.0,True
interference,container,docker_cpu3-interf_io-run4,100001,5000000.0,3000000.0,603144.0,-4396856.0,90.0,1000000.0,76300,79472673074299,603202.0,446510209.0,445907007.0,True
interference,container,docker_cpu3-interf_io-run4,100001,5000000.0,3000000.0,603144.0,-4396856.0,90.0,1000000.0,81451,79498428074299,603047.0,37716984.0,37113937.0,True
interference,container,docker_cpu3-interf_io-run4,100001,5000000.0,3000000.0,603144.0,-4396856.0,90.0,1000000.0,87443,79528388074299,603042.0,20067928.0,19464886.0,True
interference,container,docker_cpu3-interf_io-run4,100001,5000000.0,3000000.0,603144.0,-4396856.0,90.0,1000000.0,89415,79538248074299,603307.0,2861974.0,2258667.0,False
interference,container,docker_cpu3-interf_io-run4,100001,5000000.0,3000000.0,603144.0,-4396856.0,90.0,1000000.0,99958,79590963074299,602991.0,137835728.0,137232737.0,True
interference,container,docker_cpu3-interf_io-run5,100001,5000000.0,3000000.0,605529.0,-4394471.0,131.0,1000000.0,80,80475120425249,605783.0,33178854.0,32573071.0,True
interference,container,docker_cpu3-interf_io-run5,100001,5000000.0,3000000.0,605529.0,-4394471.0,131.0,1000000.0,1102,80480230425249,605504.0,132821340.0,132215836.0,True
interference,container,docker_cpu3-interf_io-run5,100001,5000000.0,3000000.0,605529.0,-4394471.0,131.0,1000000.0,2106,80485250425249,605449.0,234550561.0,233945112.0,True
interference,container,docker_cpu3-interf_io-run5,100001,5000000.0,3000000.0,605529.0,-4394471.0,131.0,1000000.0,7203,80510735425249,605380.0,68219983.0,67614603.0,True
interference,container,docker_cpu3-interf_io-run5,100001,5000000.0,3000000.0,605529.0,-4394471.0,131.0,1000000.0,8207,80515755425249,605479.0,70570155.0,69964676.0,True
interference,container,docker_cpu3-interf_io-run5,100001,5000000.0,3000000.0,605529.0,-4394471.0,131.0,1000000.0,9211,80520775425249,605390.0,37049318.0,36443928.0,True
interference,container,docker_cpu3-interf_io-run5,100001,5000000.0,3000000.0,605529.0,-4394471.0,131.0,1000000.0,10212,80525780425249,605356.0,83830425.0,83225069.0,True
interference,container,docker_cpu3-interf_io-run5,100001,5000000.0,3000000.0,605529.0,-4394471.0,131.0,1000000.0,11652,80532980425249,605619.0,124198114.0,123592495.0,True
interference,container,docker_cpu3-interf_io-run5,100001,5000000.0,3000000.0,605529.0,-4394471.0,131.0,1000000.0,13699,80543215425249,605371.0,36289931.0,35684560.0,True
interference,container,docker_cpu3-interf_io-run5,100001,5000000.0,3000000.0,605529.0,-4394471.0,131.0,1000000.0,14761,80548525425249,605378.0,45922910.0,45317532.0,True
interference,container,docker_cpu3-interf_io-run5,100001,5000000.0,3000000.0,605529.0,-4394471.0,131.0,1000000.0,15519,80552315425249,605391.0,98369336.0,97763945.0,True
interference,container,docker_cpu3-interf_io-run5,100001,5000000.0,3000000.0,605529.0,-4394471.0,131.0,1000000.0,17566,80562550425249,605524.0,183179631.0,182574107.0,True
interference,container,docker_cpu3-interf_io-run5,100001,5000000.0,3000000.0,605529.0,-4394471.0,131.0,1000000.0,19612,80572780425249,605680.0,2509235.0,1903555.0,False
interference,container,docker_cpu3-interf_io-run5,100001,5000000.0,3000000.0,605529.0,-4394471.0,131.0,1000000.0,23632,80592880425249,605699.0,58349518.0,57743819.0,True
interference,container,docker_cpu3-interf_io-run5,100001,5000000.0,3000000.0,605529.0,-4394471.0,131.0,1000000.0,26287,80606155425249,605495.0,783923154.0,783317659.0,True
interference,container,docker_cpu3-interf_io-run5,100001,5000000.0,3000000.0,605529.0,-4394471.0,131.0,1000000.0,27488,80612160425249,605551.0,248754020.0,248148469.0,True
interference,container,docker_cpu3-interf_io-run5,100001,5000000.0,3000000.0,605529.0,-4394471.0,131.0,1000000.0,30519,80627315425249,607121.0,242966557.0,242359436.0,True
interference,container,docker_cpu3-interf_io-run5,100001,5000000.0,3000000.0,605529.0,-4394471.0,131.0,1000000.0,31577,80632605425249,605350.0,16443681.0,15838331.0,True
interference,container,docker_cpu3-interf_io-run5,100001,5000000.0,3000000.0,605529.0,-4394471.0,131.0,1000000.0,32564,80637540425249,605441.0,43397737.0,42792296.0,True
interference,container,docker_cpu3-interf_io-run5,100001,5000000.0,3000000.0,605529.0,-4394471.0,131.0,1000000.0,33549,80642465425249,605329.0,119835343.0,119230014.0,True
interference,container,docker_cpu3-interf_io-run5,100001,5000000.0,3000000.0,605529.0,-4394471.0,131.0,1000000.0,35672,80653080425249,605425.0,522284358.0,521678933.0,True
interference,container,docker_cpu3-interf_io-run5,100001,5000000.0,3000000.0,605529.0,-4394471.0,131.0,1000000.0,36954,80659490425249,605411.0,105601890.0,104996479.0,True
interference,container,docker_cpu3-interf_io-run5,100001,5000000.0,3000000.0,605529.0,-4394471.0,131.0,1000000.0,37939,80664415425249,605460.0,35875524.0,35270064.0,True
interference,container,docker_cpu3-interf_io-run5,100001,5000000.0,3000000.0,605529.0,-4394471.0,131.0,1000000.0,38166,80665550425249,605422.0,130235037.0,129629615.0,True
interference,container,docker_cpu3-interf_io-run5,100001,5000000.0,3000000.0,605529.0,-4394471.0,131.0,1000000.0,39151,80670475425249,605415.0,119498011.0,118892596.0,True
interference,container,docker_cpu3-interf_io-run5,100001,5000000.0,3000000.0,605529.0,-4394471.0,131.0,1000000.0,41274,80681090425249,605594.0,549187571.0,548581977.0,True
interference,container,docker_cpu3-interf_io-run5,100001,5000000.0,3000000.0,605529.0,-4394471.0,131.0,1000000.0,46347,80706455425249,605460.0,20872916.0,20267456.0,True
interference,container,docker_cpu3-interf_io-run5,100001,5000000.0,3000000.0,605529.0,-4394471.0,131.0,1000000.0,47333,80711385425249,605463.0,169742575.0,169137112.0,True
interference,container,docker_cpu3-interf_io-run5,100001,5000000.0,3000000.0,605529.0,-4394471.0,131.0,1000000.0,48697,80718205425249,605478.0,136084918.0,135479440.0,True
interference,container,docker_cpu3-interf_io-run5,100001,5000000.0,3000000.0,605529.0,-4394471.0,131.0,1000000.0,50743,80728435425249,605583.0,23190202.0,22584619.0,True
interference,container,docker_cpu3-interf_io-run5,100001,5000000.0,3000000.0,605529.0,-4394471.0,131.0,1000000.0,52715,80738295425249,605729.0,282663803.0,282058074.0,True
interference,container,docker_cpu3-interf_io-run5,100001,5000000.0,3000000.0,605529.0,-4394471.0,131.0,1000000.0,52939,80739415425249,605570.0,57528914.0,56923344.0,True
interference,container,docker_cpu3-interf_io-run5,100001,5000000.0,3000000.0,605529.0,-4394471.0,131.0,1000000.0,54077,80745105425249,605666.0,272281537.0,271675871.0,True
interference,container,docker_cpu3-interf_io-run5,100001,5000000.0,3000000.0,605529.0,-4394471.0,131.0,1000000.0,55211,80750775425249,605370.0,108224053.0,107618683.0,True
interference,container,docker_cpu3-interf_io-run5,100001,5000000.0,3000000.0,605529.0,-4394471.0,131.0,1000000.0,58244,80765940425249,605484.0,198224325.0,197618841.0,True
interference,container,docker_cpu3-interf_io-run5,100001,5000000.0,3000000.0,605529.0,-4394471.0,131.0,1000000.0,59303,80771235425249,605480.0,63707876.0,63102396.0,True
interference,container,docker_cpu3-interf_io-run5,100001,5000000.0,3000000.0,605529.0,-4394471.0,131.0,1000000.0,62337,80786405425249,607324.0,18267316.0,17659992.0,True
interference,container,docker_cpu3-interf_io-run5,100001,5000000.0,3000000.0,605529.0,-4394471.0,131.0,1000000.0,64309,80796265425249,605747.0,167116384.0,166510637.0,True
interference,container,docker_cpu3-interf_io-run5,100001,5000000.0,3000000.0,605529.0,-4394471.0,131.0,1000000.0,66355,80806495425249,605459.0,157538653.0,156933194.0,True
interference,container,docker_cpu3-interf_io-run5,100001,5000000.0,3000000.0,605529.0,-4394471.0,131.0,1000000.0,69387,80821655425249,605500.0,478916095.0,478310595.0,True
interference,container,docker_cpu3-interf_io-run5,100001,5000000.0,3000000.0,605529.0,-4394471.0,131.0,1000000.0,72414,80836790425249,605741.0,184018819.0,183413078.0,True
interference,container,docker_cpu3-interf_io-run5,100001,5000000.0,3000000.0,605529.0,-4394471.0,131.0,1000000.0,76356,80856500425249,605536.0,78136755.0,77531219.0,True
interference,container,docker_cpu3-interf_io-run5,100001,5000000.0,3000000.0,605529.0,-4394471.0,131.0,1000000.0,77342,80861430425249,605524.0,144413802.0,143808278.0,True
interference,container,docker_cpu3-interf_io-run5,100001,5000000.0,3000000.0,605529.0,-4394471.0,131.0,1000000.0,82498,80887210425249,605630.0,516988980.0,516383350.0,True
interference,container,docker_cpu3-interf_io-run5,100001,5000000.0,3000000.0,605529.0,-4394471.0,131.0,1000000.0,82870,80889070425249,605412.0,63617407.0,63011995.0,True
interference,container,docker_cpu3-interf_io-run5,100001,5000000.0,3000000.0,605529.0,-4394471.0,131.0,1000000.0,83855,80893995425249,605451.0,149446847.0,148841396.0,True
interference,container,docker_cpu3-interf_io-run5,100001,5000000.0,3000000.0,605529.0,-4394471.0,131.0,1000000.0,84916,80899300425249,605629.0,1037832537.0,1037226908.0,True
interference,container,docker_cpu3-interf_io-run5,100001,5000000.0,3000000.0,605529.0,-4394471.0,131.0,1000000.0,89222,80920830425249,605501.0,30837987.0,30232486.0,True
interference,container,docker_cpu3-interf_io-run5,100001,5000000.0,3000000.0,605529.0,-4394471.0,131.0,1000000.0,92256,80936000425249,605609.0,31533966.0,30928357.0,True
interference,container,docker_cpu3-interf_io-run5,100001,5000000.0,3000000.0,605529.0,-4394471.0,131.0,1000000.0,95290,80951170425249,605733.0,232468903.0,231863170.0,True
interference,container,docker_cpu3-interf_io-run5,100001,5000000.0,3000000.0,605529.0,-4394471.0,131.0,1000000.0,96349,80956465425249,605357.0,39662971.0,39057614.0,True
interference,container,docker_cpu3-interf_io-run5,100001,5000000.0,3000000.0,605529.0,-4394471.0,131.0,1000000.0,97335,80961395425249,605430.0,86954736.0,86349306.0,True
interference,container,docker_cpu3-interf_io-run5,100001,5000000.0,3000000.0,605529.0,-4394471.0,131.0,1000000.0,98396,80966700425249,605403.0,102466774.0,101861371.0,True
interference,container,docker_cpu3-interf_io-run5,100001,5000000.0,3000000.0,605529.0,-4394471.0,131.0,1000000.0,99381,80971625425249,605636.0,78860146.0,78254510.0,True
interference,container,docker_cpu3-interf_io-run6,100001,5000000.0,3000000.0,603135.0,-4396865.0,80.0,1000000.0,1025,82806570152422,603098.0,118798314.0,118195216.0,True
interference,container,docker_cpu3-interf_io-run6,100001,5000000.0,3000000.0,603135.0,-4396865.0,80.0,1000000.0,3111,82817000152422,603102.0,10358772.0,9755670.0,True
interference,container,docker_cpu3-interf_io-run6,100001,5000000.0,3000000.0,603135.0,-4396865.0,80.0,1000000.0,3420,82818545152422,603243.0,135010992.0,134407749.0,True
interference,container,docker_cpu3-interf_io-run6,100001,5000000.0,3000000.0,603135.0,-4396865.0,80.0,1000000.0,9524,82849065152422,603157.0,89963569.0,89360412.0,True
interference,container,docker_cpu3-interf_io-run6,100001,5000000.0,3000000.0,603135.0,-4396865.0,80.0,1000000.0,10518,82854035152422,603101.0,133025429.0,132422328.0,True
interference,container,docker_cpu3-interf_io-run6,100001,5000000.0,3000000.0,603135.0,-4396865.0,80.0,1000000.0,11654,82859715152422,603369.0,6049619.0,5446250.0,True
interference,container,docker_cpu3-interf_io-run6,100001,5000000.0,3000000.0,603135.0,-4396865.0,80.0,1000000.0,13702,82869955152422,603010.0,62476613.0,61873603.0,True
interference,container,docker_cpu3-interf_io-run6,100001,5000000.0,3000000.0,603135.0,-4396865.0,80.0,1000000.0,15750,82880195152422,603015.0,162888499.0,162285484.0,True
interference,container,docker_cpu3-interf_io-run6,100001,5000000.0,3000000.0,603135.0,-4396865.0,80.0,1000000.0,17796,82890425152422,603173.0,156668595.0,156065422.0,True
interference,container,docker_cpu3-interf_io-run6,100001,5000000.0,3000000.0,603135.0,-4396865.0,80.0,1000000.0,18856,82895725152422,603222.0,10269285.0,9666063.0,True
interference,container,docker_cpu3-interf_io-run6,100001,5000000.0,3000000.0,603135.0,-4396865.0,80.0,1000000.0,19084,82896865152422,603179.0,8106058.0,7502879.0,True
interference,container,docker_cpu3-interf_io-run6,100001,5000000.0,3000000.0,603135.0,-4396865.0,80.0,1000000.0,19236,82897625152422,603167.0,4351322.0,3748155.0,True
interference,container,docker_cpu3-interf_io-run6,100001,5000000.0,3000000.0,603135.0,-4396865.0,80.0,1000000.0,19767,82900280152422,603141.0,69522447.0,68919306.0,True
interference,container,docker_cpu3-interf_io-run6,100001,5000000.0,3000000.0,603135.0,-4396865.0,80.0,1000000.0,20752,82905205152422,603020.0,201752574.0,201149554.0,True
interference,container,docker_cpu3-interf_io-run6,100001,5000000.0,3000000.0,603135.0,-4396865.0,80.0,1000000.0,21887,82910880152422,602977.0,58596303.0,57993326.0,True
interference,container,docker_cpu3-interf_io-run6,100001,5000000.0,3000000.0,603135.0,-4396865.0,80.0,1000000.0,22873,82915810152422,603093.0,133041910.0,132438817.0,True
interference,container,docker_cpu3-interf_io-run6,100001,5000000.0,3000000.0,603135.0,-4396865.0,80.0,1000000.0,24920,82926045152422,603081.0,116766140.0,116163059.0,True
interference,container,docker_cpu3-interf_io-run6,100001,5000000.0,3000000.0,603135.0,-4396865.0,80.0,1000000.0,26891,82935900152422,603111.0,10662090.0,10058979.0,True
interference,container,docker_cpu3-interf_io-run6,100001,5000000.0,3000000.0,603135.0,-4396865.0,80.0,1000000.0,26967,82936280152422,603094.0,16169472.0,15566378.0,True
interference,container,docker_cpu3-interf_io-run6,100001,5000000.0,3000000.0,603135.0,-4396865.0,80.0,1000000.0,29090,82946895152422,603191.0,23442082.0,22838891.0,True
interference,container,docker_cpu3-interf_io-run6,100001,5000000.0,3000000.0,603135.0,-4396865.0,80.0,1000000.0,31138,82957135152422,603263.0,368991489.0,368388226.0,True
interference,container,docker_cpu3-interf_io-run6,100001,5000000.0,3000000.0,603135.0,-4396865.0,80.0,1000000.0,31436,82958625152422,603135.0,157408215.0,156805080.0,True
interference,container,docker_cpu3-interf_io-run6,100001,5000000.0,3000000.0,603135.0,-4396865.0,80.0,1000000.0,32497,82963930152422,603093.0,158497512.0,157894419.0,True
interference,container,docker_cpu3-interf_io-run6,100001,5000000.0,3000000.0,603135.0,-4396865.0,80.0,1000000.0,34543,82974160152422,603016.0,99628738.0,99025722.0,True
interference,container,docker_cpu3-interf_io-run6,100001,5000000.0,3000000.0,603135.0,-4396865.0,80.0,1000000.0,38562,82994255152422,603114.0,61262775.0,60659661.0,True
interference,container,docker_cpu3-interf_io-run6,100001,5000000.0,3000000.0,603135.0,-4396865.0,80.0,1000000.0,39624,82999565152422,603013.0,146229323.0,145626310.0,True
interference,container,docker_cpu3-interf_io-run6,100001,5000000.0,3000000.0,603135.0,-4396865.0,80.0,1000000.0,40684,83004865152422,603073.0,77478641.0,76875568.0,True
interference,container,docker_cpu3-interf_io-run6,100001,5000000.0,3000000.0,603135.0,-4396865.0,80.0,1000000.0,43793,83020410152422,603193.0,38340840.0,37737647.0,True
interference,container,docker_cpu3-interf_io-run6,100001,5000000.0,3000000.0,603135.0,-4396865.0,80.0,1000000.0,47813,83040510152422,603125.0,179411637.0,178808512.0,True
interference,container,docker_cpu3-interf_io-run6,100001,5000000.0,3000000.0,603135.0,-4396865.0,80.0,1000000.0,49859,83050740152422,603167.0,163189646.0,162586479.0,True
interference,container,docker_cpu3-interf_io-run6,100001,5000000.0,3000000.0,603135.0,-4396865.0,80.0,1000000.0,52664,83064765152422,603032.0,137548206.0,136945174.0,True
interference,container,docker_cpu3-interf_io-run6,100001,5000000.0,3000000.0,603135.0,-4396865.0,80.0,1000000.0,52814,83065515152422,603056.0,132167165.0,131564109.0,True
interference,container,docker_cpu3-interf_io-run6,100001,5000000.0,3000000.0,603135.0,-4396865.0,80.0,1000000.0,53799,83070440152422,603144.0,125115414.0,124512270.0,True
interference,container,docker_cpu3-interf_io-run6,100001,5000000.0,3000000.0,603135.0,-4396865.0,80.0,1000000.0,55846,83080675152422,603046.0,142236416.0,141633370.0,True
interference,container,docker_cpu3-interf_io-run6,100001,5000000.0,3000000.0,603135.0,-4396865.0,80.0,1000000.0,56906,83085975152422,603158.0,35541014.0,34937856.0,True
interference,container,docker_cpu3-interf_io-run6,100001,5000000.0,3000000.0,603135.0,-4396865.0,80.0,1000000.0,57892,83090905152422,603200.0,12462447.0,11859247.0,True
interference,container,docker_cpu3-interf_io-run6,100001,5000000.0,3000000.0,603135.0,-4396865.0,80.0,1000000.0,60926,83106075152422,603020.0,108782282.0,108179262.0,True
interference,container,docker_cpu3-interf_io-run6,100001,5000000.0,3000000.0,603135.0,-4396865.0,80.0,1000000.0,61987,83111380152422,603052.0,28075891.0,27472839.0,True
interference,container,docker_cpu3-interf_io-run6,100001,5000000.0,3000000.0,603135.0,-4396865.0,80.0,1000000.0,63352,83118205152422,603301.0,19116416.0,18513115.0,True
interference,container,docker_cpu3-interf_io-run6,100001,5000000.0,3000000.0,603135.0,-4396865.0,80.0,1000000.0,65476,83128825152422,603173.0,262194073.0,261590900.0,True
interference,container,docker_cpu3-interf_io-run6,100001,5000000.0,3000000.0,603135.0,-4396865.0,80.0,1000000.0,67672,83139805152422,603124.0,2432369741.0,2431766617.0,True
interference,container,docker_cpu3-interf_io-run6,100001,5000000.0,3000000.0,603135.0,-4396865.0,80.0,1000000.0,68682,83144855152422,603068.0,86111104.0,85508036.0,True
interference,container,docker_cpu3-interf_io-run6,100001,5000000.0,3000000.0,603135.0,-4396865.0,80.0,1000000.0,69743,83150160152422,603161.0,44476023.0,43872862.0,True
interference,container,docker_cpu3-interf_io-run6,100001,5000000.0,3000000.0,603135.0,-4396865.0,80.0,1000000.0,70729,83155090152422,603201.0,100075623.0,99472422.0,True
interference,container,docker_cpu3-interf_io-run6,100001,5000000.0,3000000.0,603135.0,-4396865.0,80.0,1000000.0,71714,83160015152422,603101.0,62778214.0,62175113.0,True
interference,container,docker_cpu3-interf_io-run6,100001,5000000.0,3000000.0,603135.0,-4396865.0,80.0,1000000.0,73762,83170255152422,603046.0,110865542.0,110262496.0,True
interference,container,docker_cpu3-interf_io-run6,100001,5000000.0,3000000.0,603135.0,-4396865.0,80.0,1000000.0,75809,83180490152422,603125.0,127707922.0,127104797.0,True
interference,container,docker_cpu3-interf_io-run6,100001,5000000.0,3000000.0,603135.0,-4396865.0,80.0,1000000.0,77476,83188825152422,603271.0,58437788.0,57834517.0,True
interference,container,docker_cpu3-interf_io-run6,100001,5000000.0,3000000.0,603135.0,-4396865.0,80.0,1000000.0,77704,83189965152422,603247.0,84740917.0,84137670.0,True
interference,container,docker_cpu3-interf_io-run6,100001,5000000.0,3000000.0,603135.0,-4396865.0,80.0,1000000.0,78689,83194890152422,603190.0,21180140.0,20576950.0,True
interference,container,docker_cpu3-interf_io-run6,100001,5000000.0,3000000.0,603135.0,-4396865.0,80.0,1000000.0,80813,83205510152422,603102.0,450578178.0,449975076.0,True
interference,container,docker_cpu3-interf_io-run6,100001,5000000.0,3000000.0,603135.0,-4396865.0,80.0,1000000.0,81944,83211165152422,603021.0,30891887.0,30288866.0,True
interference,container,docker_cpu3-interf_io-run6,100001,5000000.0,3000000.0,603135.0,-4396865.0,80.0,1000000.0,82930,83216095152422,603015.0,85632607.0,85029592.0,True
interference,container,docker_cpu3-interf_io-run6,100001,5000000.0,3000000.0,603135.0,-4396865.0,80.0,1000000.0,86949,83236190152422,603119.0,232376821.0,231773702.0,True
interference,container,docker_cpu3-interf_io-run6,100001,5000000.0,3000000.0,603135.0,-4396865.0,80.0,1000000.0,88994,83246415152422,603001.0,116971717.0,116368716.0,True
interference,container,docker_cpu3-interf_io-run6,100001,5000000.0,3000000.0,603135.0,-4396865.0,80.0,1000000.0,92027,83261580152422,603076.0,50157745.0,49554669.0,True
interference,container,docker_cpu3-interf_io-run6,100001,5000000.0,3000000.0,603135.0,-4396865.0,80.0,1000000.0,93316,83268025152422,603013.0,120049872.0,119446859.0,True
interference,container,docker_cpu3-interf_io-run6,100001,5000000.0,3000000.0,603135.0,-4396865.0,80.0,1000000.0,95515,83279020152422,603087.0,2292781360.0,2292178273.0,True
interference,container,docker_cpu3-interf_io-run6,100001,5000000.0,3000000.0,603135.0,-4396865.0,80.0,1000000.0,98576,83294325152422,603037.0,3742332.0,3139295.0,True
interference,container,docker_cpu3-interf_io-run6,100001,5000000.0,3000000.0,603135.0,-4396865.0,80.0,1000000.0,99562,83299255152422,603162.0,200531153.0,199927991.0,True
interference,container,docker_cpu3-interf_io-run7,100001,5000000.0,3000000.0,600379.0,-4399621.0,130.0,1000000.0,8135,85270823640063,600397.0,111235230.0,110634833.0,True
interference,container,docker_cpu3-interf_io-run7,100001,5000000.0,3000000.0,600379.0,-4399621.0,130.0,1000000.0,9139,85275843640063,602013.0,126666011.0,126063998.0,True
interference,container,docker_cpu3-interf_io-run7,100001,5000000.0,3000000.0,600379.0,-4399621.0,130.0,1000000.0,10140,85280848640063,600434.0,157274377.0,156673943.0,True
interference,container,docker_cpu3-interf_io-run7,100001,5000000.0,3000000.0,600379.0,-4399621.0,130.0,1000000.0,11276,85286528640063,600446.0,173589600.0,172989154.0,True
interference,container,docker_cpu3-interf_io-run7,100001,5000000.0,3000000.0,600379.0,-4399621.0,130.0,1000000.0,11577,85288033640063,600287.0,4504410.0,3904123.0,True
interference,container,docker_cpu3-interf_io-run7,100001,5000000.0,3000000.0,600379.0,-4399621.0,130.0,1000000.0,12639,85293343640063,600498.0,584339511.0,583739013.0,True
interference,container,docker_cpu3-interf_io-run7,100001,5000000.0,3000000.0,600379.0,-4399621.0,130.0,1000000.0,16802,85314158640063,600227.0,110678192.0,110077965.0,True
interference,container,docker_cpu3-interf_io-run7,100001,5000000.0,3000000.0,600379.0,-4399621.0,130.0,1000000.0,19304,85326668640063,600376.0,89312605.0,88712229.0,True
interference,container,docker_cpu3-interf_io-run7,100001,5000000.0,3000000.0,600379.0,-4399621.0,130.0,1000000.0,21579,85338043640063,600421.0,171273289.0,170672868.0,True
interference,container,docker_cpu3-interf_io-run7,100001,5000000.0,3000000.0,600379.0,-4399621.0,130.0,1000000.0,21880,85339548640063,600355.0,1874691536.0,1874091181.0,True
interference,container,docker_cpu3-interf_io-run7,100001,5000000.0,3000000.0,600379.0,-4399621.0,130.0,1000000.0,22677,85343533640063,600305.0,34479233.0,33878928.0,True
interference,container,docker_cpu3-interf_io-run7,100001,5000000.0,3000000.0,600379.0,-4399621.0,130.0,1000000.0,23056,85345428640063,601873.0,711031895.0,710430022.0,True
interference,container,docker_cpu3-interf_io-run7,100001,5000000.0,3000000.0,600379.0,-4399621.0,130.0,1000000.0,23272,85346508640063,600578.0,2319741881.0,2319141303.0,True
interference,container,docker_cpu3-interf_io-run7,100001,5000000.0,3000000.0,600379.0,-4399621.0,130.0,1000000.0,24057,85350433640063,601889.0,130220242.0,129618353.0,True
interference,container,docker_cpu3-interf_io-run7,100001,5000000.0,3000000.0,600379.0,-4399621.0,130.0,1000000.0,26180,85361048640063,600368.0,187944424.0,187344056.0,True
interference,container,docker_cpu3-interf_io-run7,100001,5000000.0,3000000.0,600379.0,-4399621.0,130.0,1000000.0,28226,85371278640063,600212.0,43216280.0,42616068.0,True
interference,container,docker_cpu3-interf_io-run7,100001,5000000.0,3000000.0,600379.0,-4399621.0,130.0,1000000.0,29212,85376208640063,600278.0,9060719.0,8460441.0,True
interference,container,docker_cpu3-interf_io-run7,100001,5000000.0,3000000.0,600379.0,-4399621.0,130.0,1000000.0,32094,85390618640063,600483.0,92124314.0,91523831.0,True
interference,container,docker_cpu3-interf_io-run7,100001,5000000.0,3000000.0,600379.0,-4399621.0,130.0,1000000.0,33079,85395543640063,600428.0,169933477.0,169333049.0,True
interference,container,docker_cpu3-interf_io-run7,100001,5000000.0,3000000.0,600379.0,-4399621.0,130.0,1000000.0,35125,85405773640063,600370.0,9931717.0,9331347.0,True
interference,container,docker_cpu3-interf_io-run7,100001,5000000.0,3000000.0,600379.0,-4399621.0,130.0,1000000.0,36111,85410703640063,600487.0,24770359.0,24169872.0,True
interference,container,docker_cpu3-interf_io-run7,100001,5000000.0,3000000.0,600379.0,-4399621.0,130.0,1000000.0,37249,85416393640063,600409.0,1546344803.0,1545744394.0,True
interference,container,docker_cpu3-interf_io-run7,100001,5000000.0,3000000.0,600379.0,-4399621.0,130.0,1000000.0,38661,85423453640063,600470.0,2938577668.0,2937977198.0,True
interference,container,docker_cpu3-interf_io-run7,100001,5000000.0,3000000.0,600379.0,-4399621.0,130.0,1000000.0,39658,85428438640063,600312.0,16264008.0,15663696.0,True
interference,container,docker_cpu3-interf_io-run7,100001,5000000.0,3000000.0,600379.0,-4399621.0,130.0,1000000.0,42692,85443608640063,600283.0,197178113.0,196577830.0,True
interference,container,docker_cpu3-interf_io-run7,100001,5000000.0,3000000.0,600379.0,-4399621.0,130.0,1000000.0,44737,85453833640063,600304.0,179227166.0,178626862.0,True
interference,container,docker_cpu3-interf_io-run7,100001,5000000.0,3000000.0,600379.0,-4399621.0,130.0,1000000.0,45949,85459893640063,600459.0,2330795.0,1730336.0,False
interference,container,docker_cpu3-interf_io-run7,100001,5000000.0,3000000.0,600379.0,-4399621.0,130.0,1000000.0,46935,85464823640063,600384.0,150317788.0,149717404.0,True
interference,container,docker_cpu3-interf_io-run7,100001,5000000.0,3000000.0,600379.0,-4399621.0,130.0,1000000.0,48071,85470503640063,600324.0,1917229904.0,1916629580.0,True
interference,container,docker_cpu3-interf_io-run7,100001,5000000.0,3000000.0,600379.0,-4399621.0,130.0,1000000.0,49094,85475618640063,600292.0,171337609.0,170737317.0,True
interference,container,docker_cpu3-interf_io-run7,100001,5000000.0,3000000.0,600379.0,-4399621.0,130.0,1000000.0,50154,85480918640063,600164.0,81448713.0,80848549.0,True
interference,container,docker_cpu3-interf_io-run7,100001,5000000.0,3000000.0,600379.0,-4399621.0,130.0,1000000.0,51291,85486603640063,600359.0,9306585.0,8706226.0,True
interference,container,docker_cpu3-interf_io-run7,100001,5000000.0,3000000.0,600379.0,-4399621.0,130.0,1000000.0,54401,85502153640063,600361.0,36906583.0,36306222.0,True
interference,container,docker_cpu3-interf_io-run7,100001,5000000.0,3000000.0,600379.0,-4399621.0,130.0,1000000.0,55387,85507083640063,600428.0,160002342.0,159401914.0,True
interference,container,docker_cpu3-interf_io-run7,100001,5000000.0,3000000.0,600379.0,-4399621.0,130.0,1000000.0,57812,85519208640063,600478.0,101846090.0,101245612.0,True
interference,container,docker_cpu3-interf_io-run7,100001,5000000.0,3000000.0,600379.0,-4399621.0,130.0,1000000.0,61831,85539303640063,600358.0,109527232.0,108926874.0,True
interference,container,docker_cpu3-interf_io-run7,100001,5000000.0,3000000.0,600379.0,-4399621.0,130.0,1000000.0,63954,85549918640063,600382.0,150225678.0,149625296.0,True
interference,container,docker_cpu3-interf_io-run7,100001,5000000.0,3000000.0,600379.0,-4399621.0,130.0,1000000.0,65015,85555223640063,600341.0,236774751.0,236174410.0,True
interference,container,docker_cpu3-interf_io-run7,100001,5000000.0,3000000.0,600379.0,-4399621.0,130.0,1000000.0,67136,85565828640063,600337.0,819136364.0,818536027.0,True
interference,container,docker_cpu3-interf_io-run7,100001,5000000.0,3000000.0,600379.0,-4399621.0,130.0,1000000.0,69171,85576003640063,600291.0,186560716.0,185960425.0,True
interference,container,docker_cpu3-interf_io-run7,100001,5000000.0,3000000.0,600379.0,-4399621.0,130.0,1000000.0,72202,85591158640063,600381.0,87126941.0,86526560.0,True
interference,container,docker_cpu3-interf_io-run7,100001,5000000.0,3000000.0,600379.0,-4399621.0,130.0,1000000.0,74250,85601398640063,600341.0,65777713.0,65177372.0,True
interference,container,docker_cpu3-interf_io-run7,100001,5000000.0,3000000.0,600379.0,-4399621.0,130.0,1000000.0,75311,85606703640063,600269.0,2595120691.0,2594520422.0,True
interference,container,docker_cpu3-interf_io-run7,100001,5000000.0,3000000.0,600379.0,-4399621.0,130.0,1000000.0,78592,85623108640063,600332.0,482248454.0,481648122.0,True
interference,container,docker_cpu3-interf_io-run7,100001,5000000.0,3000000.0,600379.0,-4399621.0,130.0,1000000.0,81164,85635968640063,600199.0,92751577.0,92151378.0,True
interference,container,docker_cpu3-interf_io-run7,100001,5000000.0,3000000.0,600379.0,-4399621.0,130.0,1000000.0,81239,85636343640063,600265.0,124991509.0,124391244.0,True
interference,container,docker_cpu3-interf_io-run7,100001,5000000.0,3000000.0,600379.0,-4399621.0,130.0,1000000.0,85410,85657198640063,600302.0,145867509.0,145267207.0,True
interference,container,docker_cpu3-interf_io-run7,100001,5000000.0,3000000.0,600379.0,-4399621.0,130.0,1000000.0,86395,85662123640063,600379.0,107103374.0,106502995.0,True
interference,container,docker_cpu3-interf_io-run7,100001,5000000.0,3000000.0,600379.0,-4399621.0,130.0,1000000.0,88442,85672358640063,600243.0,27482040.0,26881797.0,True
interference,container,docker_cpu3-interf_io-run7,100001,5000000.0,3000000.0,600379.0,-4399621.0,130.0,1000000.0,89428,85677288640063,600402.0,245472015.0,244871613.0,True
interference,container,docker_cpu3-interf_io-run7,100001,5000000.0,3000000.0,600379.0,-4399621.0,130.0,1000000.0,90486,85682578640063,600372.0,84651410.0,84051038.0,True
interference,container,docker_cpu3-interf_io-run7,100001,5000000.0,3000000.0,600379.0,-4399621.0,130.0,1000000.0,91472,85687508640063,600329.0,658667581.0,658067252.0,True
interference,container,docker_cpu3-interf_io-run7,100001,5000000.0,3000000.0,600379.0,-4399621.0,130.0,1000000.0,92751,85693903640063,600262.0,1372546700.0,1371946438.0,True
interference,container,docker_cpu3-interf_io-run7,100001,5000000.0,3000000.0,600379.0,-4399621.0,130.0,1000000.0,93712,85698708640063,600382.0,3895885.0,3295503.0,True
interference,container,docker_cpu3-interf_io-run7,100001,5000000.0,3000000.0,600379.0,-4399621.0,130.0,1000000.0,96746,85713878640063,600268.0,40965557.0,40365289.0,True
interference,container,docker_cpu3-interf_io-run7,100001,5000000.0,3000000.0,600379.0,-4399621.0,130.0,1000000.0,99780,85729048640063,600513.0,109651845.0,109051332.0,True
interference,container,docker_cpu3-interf_io-run8,100001,5000000.0,3000000.0,605521.0,-4394479.0,128.0,1000000.0,80,87537332707196,605408.0,108881581.0,108276173.0,True
interference,container,docker_cpu3-interf_io-run8,100001,5000000.0,3000000.0,605521.0,-4394479.0,128.0,1000000.0,158,87537722707196,605444.0,91118160.0,90512716.0,True
interference,container,docker_cpu3-interf_io-run8,100001,5000000.0,3000000.0,605521.0,-4394479.0,128.0,1000000.0,1255,87543207707196,605434.0,1340920253.0,1340314819.0,True
interference,container,docker_cpu3-interf_io-run8,100001,5000000.0,3000000.0,605521.0,-4394479.0,128.0,1000000.0,2621,87550037707196,605422.0,1655799537.0,1655194115.0,True
interference,container,docker_cpu3-interf_io-run8,100001,5000000.0,3000000.0,605521.0,-4394479.0,128.0,1000000.0,5757,87565717707196,605552.0,322548980.0,321943428.0,True
interference,container,docker_cpu3-interf_io-run8,100001,5000000.0,3000000.0,605521.0,-4394479.0,128.0,1000000.0,6911,87571487707196,605538.0,2318223218.0,2317617680.0,True
interference,container,docker_cpu3-interf_io-run8,100001,5000000.0,3000000.0,605521.0,-4394479.0,128.0,1000000.0,7866,87576262707196,605568.0,75644510.0,75038942.0,True
interference,container,docker_cpu3-interf_io-run8,100001,5000000.0,3000000.0,605521.0,-4394479.0,128.0,1000000.0,10863,87591247707196,605513.0,220282130.0,219676617.0,True
interference,container,docker_cpu3-interf_io-run8,100001,5000000.0,3000000.0,605521.0,-4394479.0,128.0,1000000.0,14349,87608677707196,605379.0,180932575.0,180327196.0,True
interference,container,docker_cpu3-interf_io-run8,100001,5000000.0,3000000.0,605521.0,-4394479.0,128.0,1000000.0,16395,87618907707196,605395.0,2805298449.0,2804693054.0,True
interference,container,docker_cpu3-interf_io-run8,100001,5000000.0,3000000.0,605521.0,-4394479.0,128.0,1000000.0,20050,87637182707196,605397.0,97908307.0,97302910.0,True
interference,container,docker_cpu3-interf_io-run8,100001,5000000.0,3000000.0,605521.0,-4394479.0,128.0,1000000.0,24753,87660697707196,605578.0,110105007.0,109499429.0,True
interference,container,docker_cpu3-interf_io-run8,100001,5000000.0,3000000.0,605521.0,-4394479.0,128.0,1000000.0,26800,87670932707196,605500.0,134714239.0,134108739.0,True
interference,container,docker_cpu3-interf_io-run8,100001,5000000.0,3000000.0,605521.0,-4394479.0,128.0,1000000.0,29832,87686092707196,605468.0,32850252.0,32244784.0,True
interference,container,docker_cpu3-interf_io-run8,100001,5000000.0,3000000.0,605521.0,-4394479.0,128.0,1000000.0,30742,87690642707196,605487.0,129155638.0,128550151.0,True
interference,container,docker_cpu3-interf_io-run8,100001,5000000.0,3000000.0,605521.0,-4394479.0,128.0,1000000.0,31727,87695567707196,605695.0,55546229.0,54940534.0,True
interference,container,docker_cpu3-interf_io-run8,100001,5000000.0,3000000.0,605521.0,-4394479.0,128.0,1000000.0,31803,87695947707196,605427.0,65213825.0,64608398.0,True
interference,container,docker_cpu3-interf_io-run8,100001,5000000.0,3000000.0,605521.0,-4394479.0,128.0,1000000.0,32864,87701252707196,605406.0,66973948.0,66368542.0,True
interference,container,docker_cpu3-interf_io-run8,100001,5000000.0,3000000.0,605521.0,-4394479.0,128.0,1000000.0,33850,87706182707196,605610.0,134130636.0,133525026.0,True
interference,container,docker_cpu3-interf_io-run8,100001,5000000.0,3000000.0,605521.0,-4394479.0,128.0,1000000.0,34986,87711862707196,605387.0,2071601814.0,2070996427.0,True
interference,container,docker_cpu3-interf_io-run8,100001,5000000.0,3000000.0,605521.0,-4394479.0,128.0,1000000.0,40101,87737437707196,605530.0,117367348.0,116761818.0,True
interference,container,docker_cpu3-interf_io-run8,100001,5000000.0,3000000.0,605521.0,-4394479.0,128.0,1000000.0,42148,87747672707196,605468.0,55850520.0,55245052.0,True
interference,container,docker_cpu3-interf_io-run8,100001,5000000.0,3000000.0,605521.0,-4394479.0,128.0,1000000.0,44423,87759047707196,605478.0,189727006.0,189121528.0,True
interference,container,docker_cpu3-interf_io-run8,100001,5000000.0,3000000.0,605521.0,-4394479.0,128.0,1000000.0,46469,87769277707196,605502.0,70848864.0,70243362.0,True
interference,container,docker_cpu3-interf_io-run8,100001,5000000.0,3000000.0,605521.0,-4394479.0,128.0,1000000.0,47454,87774202707196,605543.0,134717853.0,134112310.0,True
interference,container,docker_cpu3-interf_io-run8,100001,5000000.0,3000000.0,605521.0,-4394479.0,128.0,1000000.0,51397,87793917707196,605613.0,36411225.0,35805612.0,True
interference,container,docker_cpu3-interf_io-run8,100001,5000000.0,3000000.0,605521.0,-4394479.0,128.0,1000000.0,52459,87799227707196,605610.0,31794640.0,31189030.0,True
interference,container,docker_cpu3-interf_io-run8,100001,5000000.0,3000000.0,605521.0,-4394479.0,128.0,1000000.0,54507,87809467707196,607139.0,46522612.0,45915473.0,True
interference,container,docker_cpu3-interf_io-run8,100001,5000000.0,3000000.0,605521.0,-4394479.0,128.0,1000000.0,56555,87819707707196,605578.0,135121673.0,134516095.0,True
interference,container,docker_cpu3-interf_io-run8,100001,5000000.0,3000000.0,605521.0,-4394479.0,128.0,1000000.0,61635,87845107707196,605708.0,187412647.0,186806939.0,True
interference,container,docker_cpu3-interf_io-run8,100001,5000000.0,3000000.0,605521.0,-4394479.0,128.0,1000000.0,66715,87870507707196,605474.0,157846521.0,157241047.0,True
interference,container,docker_cpu3-interf_io-run8,100001,5000000.0,3000000.0,605521.0,-4394479.0,128.0,1000000.0,68610,87879982707196,605461.0,153520455.0,152914994.0,True
interference,container,docker_cpu3-interf_io-run8,100001,5000000.0,3000000.0,605521.0,-4394479.0,128.0,1000000.0,69746,87885662707196,605518.0,1118092304.0,1117486786.0,True
interference,container,docker_cpu3-interf_io-run8,100001,5000000.0,3000000.0,605521.0,-4394479.0,128.0,1000000.0,70865,87891257707196,605473.0,2733695443.0,2733089970.0,True
interference,container,docker_cpu3-interf_io-run8,100001,5000000.0,3000000.0,605521.0,-4394479.0,128.0,1000000.0,72929,87901577707196,605333.0,64867001.0,64261668.0,True
interference,container,docker_cpu3-interf_io-run8,100001,5000000.0,3000000.0,605521.0,-4394479.0,128.0,1000000.0,76038,87917122707196,605437.0,72903898.0,72298461.0,True
interference,container,docker_cpu3-interf_io-run8,100001,5000000.0,3000000.0,605521.0,-4394479.0,128.0,1000000.0,76417,87919017707196,605490.0,70020382.0,69414892.0,True
interference,container,docker_cpu3-interf_io-run8,100001,5000000.0,3000000.0,605521.0,-4394479.0,128.0,1000000.0,77554,87924702707196,607113.0,94422860.0,93815747.0,True
interference,container,docker_cpu3-interf_io-run8,100001,5000000.0,3000000.0,605521.0,-4394479.0,128.0,1000000.0,78539,87929627707196,605465.0,144788307.0,144182842.0,True
interference,container,docker_cpu3-interf_io-run8,100001,5000000.0,3000000.0,605521.0,-4394479.0,128.0,1000000.0,81420,87944032707196,605357.0,578136052.0,577530695.0,True
interference,container,docker_cpu3-interf_io-run8,100001,5000000.0,3000000.0,605521.0,-4394479.0,128.0,1000000.0,82549,87949677707196,605705.0,105552779.0,104947074.0,True
interference,container,docker_cpu3-interf_io-run8,100001,5000000.0,3000000.0,605521.0,-4394479.0,128.0,1000000.0,84596,87959912707196,605596.0,153806080.0,153200484.0,True
interference,container,docker_cpu3-interf_io-run8,100001,5000000.0,3000000.0,605521.0,-4394479.0,128.0,1000000.0,87629,87975077707196,605725.0,55822182.0,55216457.0,True
interference,container,docker_cpu3-interf_io-run8,100001,5000000.0,3000000.0,605521.0,-4394479.0,128.0,1000000.0,89676,87985312707196,605401.0,64071768.0,63466367.0,True
interference,container,docker_cpu3-interf_io-run8,100001,5000000.0,3000000.0,605521.0,-4394479.0,128.0,1000000.0,91648,87995172707196,605620.0,27483403.0,26877783.0,True
interference,container,docker_cpu3-interf_io-run8,100001,5000000.0,3000000.0,605521.0,-4394479.0,128.0,1000000.0,94682,88010342707196,605547.0,291055767.0,290450220.0,True
interference,container,docker_cpu3-interf_io-run8,100001,5000000.0,3000000.0,605521.0,-4394479.0,128.0,1000000.0,95892,88016392707196,605400.0,2702468727.0,2701863327.0,True
interference,container,docker_cpu3-interf_io-run8,100001,5000000.0,3000000.0,605521.0,-4394479.0,128.0,1000000.0,96894,88021402707196,606912.0,17562562.0,16955650.0,True
interference,container,docker_cpu3-interf_io-run8,100001,5000000.0,3000000.0,605521.0,-4394479.0,128.0,1000000.0,98867,88031267707196,605452.0,89013208.0,88407756.0,True
interference,container,docker_cpu3-interf_io-run8,100001,5000000.0,3000000.0,605521.0,-4394479.0,128.0,1000000.0,99928,88036572707196,605406.0,92726278.0,92120872.0,True
interference,container,docker_cpu3-interf_io-run9,100001,5000000.0,3000000.0,603138.0,-4396862.0,85.0,1000000.0,80,88870083085926,603174.0,276537559.0,275934385.0,True
interference,container,docker_cpu3-interf_io-run9,100001,5000000.0,3000000.0,603138.0,-4396862.0,85.0,1000000.0,392,88871643085926,602873.0,129571266.0,128968393.0,True
interference,container,docker_cpu3-interf_io-run9,100001,5000000.0,3000000.0,603138.0,-4396862.0,85.0,1000000.0,1484,88877103085926,603053.0,136417189.0,135814136.0,True
interference,container,docker_cpu3-interf_io-run9,100001,5000000.0,3000000.0,603138.0,-4396862.0,85.0,1000000.0,6351,88901438085926,603240.0,147725473.0,147122233.0,True
interference,container,docker_cpu3-interf_io-run9,100001,5000000.0,3000000.0,603138.0,-4396862.0,85.0,1000000.0,9441,88916888085926,603130.0,6213484.0,5610354.0,True
interference,container,docker_cpu3-interf_io-run9,100001,5000000.0,3000000.0,603138.0,-4396862.0,85.0,1000000.0,11423,88926798085926,603045.0,126446709.0,125843664.0,True
interference,container,docker_cpu3-interf_io-run9,100001,5000000.0,3000000.0,603138.0,-4396862.0,85.0,1000000.0,12484,88932103085926,603083.0,55793859.0,55190776.0,True
interference,container,docker_cpu3-interf_io-run9,100001,5000000.0,3000000.0,603138.0,-4396862.0,85.0,1000000.0,14001,88939688085926,603068.0,138510637.0,137907569.0,True
interference,container,docker_cpu3-interf_io-run9,100001,5000000.0,3000000.0,603138.0,-4396862.0,85.0,1000000.0,15440,88946883085926,603033.0,145611629.0,145008596.0,True
interference,container,docker_cpu3-interf_io-run9,100001,5000000.0,3000000.0,603138.0,-4396862.0,85.0,1000000.0,16501,88952188085926,603136.0,104104515.0,103501379.0,True
interference,container,docker_cpu3-interf_io-run9,100001,5000000.0,3000000.0,603138.0,-4396862.0,85.0,1000000.0,20596,88972663085926,603093.0,208408255.0,207805162.0,True
interference,container,docker_cpu3-interf_io-run9,100001,5000000.0,3000000.0,603138.0,-4396862.0,85.0,1000000.0,23703,88988198085926,603026.0,29179722.0,28576696.0,True
interference,container,docker_cpu3-interf_io-run9,100001,5000000.0,3000000.0,603138.0,-4396862.0,85.0,1000000.0,26737,89003368085926,603230.0,156170865.0,155567635.0,True
interference,container,docker_cpu3-interf_io-run9,100001,5000000.0,3000000.0,603138.0,-4396862.0,85.0,1000000.0,27722,89008293085926,603171.0,152212743.0,151609572.0,True
interference,container,docker_cpu3-interf_io-run9,100001,5000000.0,3000000.0,603138.0,-4396862.0,85.0,1000000.0,27872,89009043085926,603122.0,216085653.0,215482531.0,True
interference,container,docker_cpu3-interf_io-run9,100001,5000000.0,3000000.0,603138.0,-4396862.0,85.0,1000000.0,28931,89014338085926,603198.0,106802819.0,106199621.0,True
interference,container,docker_cpu3-interf_io-run9,100001,5000000.0,3000000.0,603138.0,-4396862.0,85.0,1000000.0,29992,89019643085926,603199.0,94705862.0,94102663.0,True
interference,container,docker_cpu3-interf_io-run9,100001,5000000.0,3000000.0,603138.0,-4396862.0,85.0,1000000.0,30977,89024568085926,603174.0,186051578.0,185448404.0,True
interference,container,docker_cpu3-interf_io-run9,100001,5000000.0,3000000.0,603138.0,-4396862.0,85.0,1000000.0,33023,89034798085926,603293.0,39382209.0,38778916.0,True
interference,container,docker_cpu3-interf_io-run9,100001,5000000.0,3000000.0,603138.0,-4396862.0,85.0,1000000.0,34388,89041623085926,603259.0,150869394.0,150266135.0,True
interference,container,docker_cpu3-interf_io-run9,100001,5000000.0,3000000.0,603138.0,-4396862.0,85.0,1000000.0,37421,89056788085926,603175.0,15680594.0,15077419.0,True
interference,container,docker_cpu3-interf_io-run9,100001,5000000.0,3000000.0,603138.0,-4396862.0,85.0,1000000.0,40455,89071958085926,603101.0,109652549.0,109049448.0,True
interference,container,docker_cpu3-interf_io-run9,100001,5000000.0,3000000.0,603138.0,-4396862.0,85.0,1000000.0,41667,89078018085926,603152.0,203204770.0,202601618.0,True
interference,container,docker_cpu3-interf_io-run9,100001,5000000.0,3000000.0,603138.0,-4396862.0,85.0,1000000.0,43789,89088628085926,603113.0,627215991.0,626612878.0,True
interference,container,docker_cpu3-interf_io-run9,100001,5000000.0,3000000.0,603138.0,-4396862.0,85.0,1000000.0,44993,89094648085926,603136.0,1768414400.0,1767811264.0,True
interference,container,docker_cpu3-interf_io-run9,100001,5000000.0,3000000.0,603138.0,-4396862.0,85.0,1000000.0,45943,89099398085926,602959.0,161519666.0,160916707.0,True
interference,container,docker_cpu3-interf_io-run9,100001,5000000.0,3000000.0,603138.0,-4396862.0,85.0,1000000.0,48976,89114563085926,603193.0,134479594.0,133876401.0,True
interference,container,docker_cpu3-interf_io-run9,100001,5000000.0,3000000.0,603138.0,-4396862.0,85.0,1000000.0,52994,89134653085926,603151.0,5994315.0,5391164.0,True
interference,container,docker_cpu3-interf_io-run9,100001,5000000.0,3000000.0,603138.0,-4396862.0,85.0,1000000.0,56028,89149823085926,603085.0,135910292.0,135307207.0,True
interference,container,docker_cpu3-interf_io-run9,100001,5000000.0,3000000.0,603138.0,-4396862.0,85.0,1000000.0,57013,89154748085926,603239.0,29960177.0,29356938.0,True
interference,container,docker_cpu3-interf_io-run9,100001,5000000.0,3000000.0,603138.0,-4396862.0,85.0,1000000.0,57240,89155883085926,603266.0,89113592.0,88510326.0,True
interference,container,docker_cpu3-interf_io-run9,100001,5000000.0,3000000.0,603138.0,-4396862.0,85.0,1000000.0,58378,89161573085926,603161.0,2123313537.0,2122710376.0,True
interference,container,docker_cpu3-interf_io-run9,100001,5000000.0,3000000.0,603138.0,-4396862.0,85.0,1000000.0,59926,89169313085926,603101.0,1536140192.0,1535537091.0,True
interference,container,docker_cpu3-interf_io-run9,100001,5000000.0,3000000.0,603138.0,-4396862.0,85.0,1000000.0,61262,89175993085926,603158.0,242921151.0,242317993.0,True
interference,container,docker_cpu3-interf_io-run9,100001,5000000.0,3000000.0,603138.0,-4396862.0,85.0,1000000.0,68389,89211628085926,603182.0,1696044174.0,1695440992.0,True
interference,container,docker_cpu3-interf_io-run9,100001,5000000.0,3000000.0,603138.0,-4396862.0,85.0,1000000.0,69417,89216768085926,603066.0,139039452.0,138436386.0,True
interference,container,docker_cpu3-interf_io-run9,100001,5000000.0,3000000.0,603138.0,-4396862.0,85.0,1000000.0,70402,89221693085926,603103.0,94259850.0,93656747.0,True
interference,container,docker_cpu3-interf_io-run9,100001,5000000.0,3000000.0,603138.0,-4396862.0,85.0,1000000.0,71463,89226998085926,603150.0,27961279.0,27358129.0,True
interference,container,docker_cpu3-interf_io-run9,100001,5000000.0,3000000.0,603138.0,-4396862.0,85.0,1000000.0,72525,89232308085926,603161.0,10987382.0,10384221.0,True
interference,container,docker_cpu3-interf_io-run9,100001,5000000.0,3000000.0,603138.0,-4396862.0,85.0,1000000.0,73511,89237238085926,603090.0,808051644.0,807448554.0,True
interference,container,docker_cpu3-interf_io-run9,100001,5000000.0,3000000.0,603138.0,-4396862.0,85.0,1000000.0,75774,89248553085926,603137.0,388514539.0,387911402.0,True
interference,container,docker_cpu3-interf_io-run9,100001,5000000.0,3000000.0,603138.0,-4396862.0,85.0,1000000.0,77892,89259143085926,603182.0,67233040.0,66629858.0,True
interference,container,docker_cpu3-interf_io-run9,100001,5000000.0,3000000.0,603138.0,-4396862.0,85.0,1000000.0,78877,89264068085926,603179.0,66154666.0,65551487.0,True
interference,container,docker_cpu3-interf_io-run9,100001,5000000.0,3000000.0,603138.0,-4396862.0,85.0,1000000.0,80925,89274308085926,603094.0,35933341.0,35330247.0,True
interference,container,docker_cpu3-interf_io-run9,100001,5000000.0,3000000.0,603138.0,-4396862.0,85.0,1000000.0,81911,89279238085926,603043.0,67205778.0,66602735.0,True
interference,container,docker_cpu3-interf_io-run9,100001,5000000.0,3000000.0,603138.0,-4396862.0,85.0,1000000.0,82896,89284163085926,603181.0,200604251.0,200001070.0,True
interference,container,docker_cpu3-interf_io-run9,100001,5000000.0,3000000.0,603138.0,-4396862.0,85.0,1000000.0,84942,89294393085926,603057.0,100406551.0,99803494.0,True
interference,container,docker_cpu3-interf_io-run9,100001,5000000.0,3000000.0,603138.0,-4396862.0,85.0,1000000.0,85927,89299318085926,603083.0,73515427.0,72912344.0,True
interference,container,docker_cpu3-interf_io-run9,100001,5000000.0,3000000.0,603138.0,-4396862.0,85.0,1000000.0,86002,89299693085926,603164.0,86187039.0,85583875.0,True
interference,container,docker_cpu3-interf_io-run9,100001,5000000.0,3000000.0,603138.0,-4396862.0,85.0,1000000.0,87215,89305758085926,603031.0,57539384.0,56936353.0,True
interference,container,docker_cpu3-interf_io-run9,100001,5000000.0,3000000.0,603138.0,-4396862.0,85.0,1000000.0,88201,89310688085926,603181.0,1918534681.0,1917931500.0,True
interference,container,docker_cpu3-interf_io-run9,100001,5000000.0,3000000.0,603138.0,-4396862.0,85.0,1000000.0,89603,89317698085926,602871.0,112804138.0,112201267.0,True
interference,container,docker_cpu3-interf_io-run9,100001,5000000.0,3000000.0,603138.0,-4396862.0,85.0,1000000.0,92712,89333243085926,603267.0,14988326.0,14385059.0,True
interference,container,docker_cpu3-interf_io-run9,100001,5000000.0,3000000.0,603138.0,-4396862.0,85.0,1000000.0,96732,89353343085926,603234.0,110337903.0,109734669.0,True
interference,host,host_cpu3-interf_io-run1,100001,5000000.0,3000000.0,595156.0,-4404844.0,600.0,1000000.0,2880,74895746828793,593783.0,5718841.0,5125058.0,True
interference,host,host_cpu3-interf_io-run1,100001,5000000.0,3000000.0,595156.0,-4404844.0,600.0,1000000.0,34339,75053041828793,594121.0,3050732.0,2456611.0,True
interference,host,host_cpu3-interf_io-run1,100001,5000000.0,3000000.0,595156.0,-4404844.0,600.0,1000000.0,36842,75065556828793,595146.0,2716841.0,2121695.0,False
interference,host,host_cpu3-interf_io-run1,100001,5000000.0,3000000.0,595156.0,-4404844.0,600.0,1000000.0,51709,75139891828793,594856.0,2145971.0,1551115.0,False
interference,host,host_cpu3-interf_io-run1,100001,5000000.0,3000000.0,595156.0,-4404844.0,600.0,1000000.0,62555,75194121828793,596045.0,1756073.0,1160028.0,False
interference,host,host_cpu3-interf_io-run1,100001,5000000.0,3000000.0,595156.0,-4404844.0,600.0,1000000.0,65438,75208536828793,594920.0,1999952.0,1405032.0,False
interference,host,host_cpu3-interf_io-run1,100001,5000000.0,3000000.0,595156.0,-4404844.0,600.0,1000000.0,76209,75262391828793,595101.0,2756736.0,2161635.0,False
interference,host,host_cpu3-interf_io-run1,100001,5000000.0,3000000.0,595156.0,-4404844.0,600.0,1000000.0,98737,75375031828793,595014.0,3998981.0,3403967.0,True
interference,host,host_cpu3-interf_io-run10,100001,5000000.0,3000000.0,594567.0,-4405433.0,276.0,1000000.0,1334,89838367877750,594380.0,80534066.0,79939686.0,True
interference,host,host_cpu3-interf_io-run10,100001,5000000.0,3000000.0,594567.0,-4405433.0,276.0,1000000.0,3343,89848412877750,594784.0,167223382.0,166628598.0,True
interference,host,host_cpu3-interf_io-run10,100001,5000000.0,3000000.0,594567.0,-4405433.0,276.0,1000000.0,6432,89863857877750,594585.0,49099580.0,48504995.0,True
interference,host,host_cpu3-interf_io-run10,100001,5000000.0,3000000.0,594567.0,-4405433.0,276.0,1000000.0,10518,89884287877750,594266.0,14469826.0,13875560.0,True
interference,host,host_cpu3-interf_io-run10,100001,5000000.0,3000000.0,594567.0,-4405433.0,276.0,1000000.0,11504,89889217877750,594463.0,52559150.0,51964687.0,True
interference,host,host_cpu3-interf_io-run10,100001,5000000.0,3000000.0,594567.0,-4405433.0,276.0,1000000.0,13552,89899457877750,594351.0,1397562137.0,1396967786.0,True
interference,host,host_cpu3-interf_io-run10,100001,5000000.0,3000000.0,594567.0,-4405433.0,276.0,1000000.0,14512,89904257877750,594301.0,7965198.0,7370897.0,True
interference,host,host_cpu3-interf_io-run10,100001,5000000.0,3000000.0,594567.0,-4405433.0,276.0,1000000.0,16560,89914497877750,594782.0,37662434.0,37067652.0,True
interference,host,host_cpu3-interf_io-run10,100001,5000000.0,3000000.0,594567.0,-4405433.0,276.0,1000000.0,17546,89919427877750,594360.0,55091452.0,54497092.0,True
interference,host,host_cpu3-interf_io-run10,100001,5000000.0,3000000.0,594567.0,-4405433.0,276.0,1000000.0,18683,89925112877750,594406.0,510112036.0,509517630.0,True
interference,host,host_cpu3-interf_io-run10,100001,5000000.0,3000000.0,594567.0,-4405433.0,276.0,1000000.0,19207,89927732877750,596571.0,98157944.0,97561373.0,True
interference,host,host_cpu3-interf_io-run10,100001,5000000.0,3000000.0,594567.0,-4405433.0,276.0,1000000.0,20419,89933792877750,594930.0,98000686.0,97405756.0,True
interference,host,host_cpu3-interf_io-run10,100001,5000000.0,3000000.0,594567.0,-4405433.0,276.0,1000000.0,21405,89938722877750,594334.0,137431672.0,136837338.0,True
interference,host,host_cpu3-interf_io-run10,100001,5000000.0,3000000.0,594567.0,-4405433.0,276.0,1000000.0,23451,89948952877750,594425.0,123370713.0,122776288.0,True
interference,host,host_cpu3-interf_io-run10,100001,5000000.0,3000000.0,594567.0,-4405433.0,276.0,1000000.0,29518,89979287877750,594563.0,8888768.0,8294205.0,True
interference,host,host_cpu3-interf_io-run10,100001,5000000.0,3000000.0,594567.0,-4405433.0,276.0,1000000.0,30580,89984597877750,594251.0,87991992.0,87397741.0,True
interference,host,host_cpu3-interf_io-run10,100001,5000000.0,3000000.0,594567.0,-4405433.0,276.0,1000000.0,31641,89989902877750,594376.0,79467944.0,78873568.0,True
interference,host,host_cpu3-interf_io-run10,100001,5000000.0,3000000.0,594567.0,-4405433.0,276.0,1000000.0,34296,90003177877750,594516.0,31454257.0,30859741.0,True
interference,host,host_cpu3-interf_io-run10,100001,5000000.0,3000000.0,594567.0,-4405433.0,276.0,1000000.0,36419,90013792877750,594816.0,1458917071.0,1458322255.0,True
interference,host,host_cpu3-interf_io-run10,100001,5000000.0,3000000.0,594567.0,-4405433.0,276.0,1000000.0,37454,90018967877750,594263.0,177773325.0,177179062.0,True
interference,host,host_cpu3-interf_io-run10,100001,5000000.0,3000000.0,594567.0,-4405433.0,276.0,1000000.0,38665,90025022877750,594526.0,21627688.0,21033162.0,True
interference,host,host_cpu3-interf_io-run10,100001,5000000.0,3000000.0,594567.0,-4405433.0,276.0,1000000.0,40789,90035642877750,594286.0,200482518.0,199888232.0,True
interference,host,host_cpu3-interf_io-run10,100001,5000000.0,3000000.0,594567.0,-4405433.0,276.0,1000000.0,42910,90046247877750,596026.0,69616239.0,69020213.0,True
interference,host,host_cpu3-interf_io-run10,100001,5000000.0,3000000.0,594567.0,-4405433.0,276.0,1000000.0,43972,90051557877750,594389.0,58082985.0,57488596.0,True
interference,host,host_cpu3-interf_io-run10,100001,5000000.0,3000000.0,594567.0,-4405433.0,276.0,1000000.0,46095,90062172877750,594744.0,793599491.0,793004747.0,True
interference,host,host_cpu3-interf_io-run10,100001,5000000.0,3000000.0,594567.0,-4405433.0,276.0,1000000.0,50786,90085627877750,594240.0,155062379.0,154468139.0,True
interference,host,host_cpu3-interf_io-run10,100001,5000000.0,3000000.0,594567.0,-4405433.0,276.0,1000000.0,53818,90100787877750,598279.0,118339908.0,117741629.0,True
interference,host,host_cpu3-interf_io-run10,100001,5000000.0,3000000.0,594567.0,-4405433.0,276.0,1000000.0,55410,90108747877750,596633.0,56193974.0,55597341.0,True
interference,host,host_cpu3-interf_io-run10,100001,5000000.0,3000000.0,594567.0,-4405433.0,276.0,1000000.0,57002,90116707877750,594268.0,78419088.0,77824820.0,True
interference,host,host_cpu3-interf_io-run10,100001,5000000.0,3000000.0,594567.0,-4405433.0,276.0,1000000.0,58064,90122017877750,594375.0,24176055.0,23581680.0,True
interference,host,host_cpu3-interf_io-run10,100001,5000000.0,3000000.0,594567.0,-4405433.0,276.0,1000000.0,59050,90126947877750,594469.0,118650020.0,118055551.0,True
interference,host,host_cpu3-interf_io-run10,100001,5000000.0,3000000.0,594567.0,-4405433.0,276.0,1000000.0,60793,90135662877750,594631.0,123655234.0,123060603.0,True
interference,host,host_cpu3-interf_io-run10,100001,5000000.0,3000000.0,594567.0,-4405433.0,276.0,1000000.0,61020,90136797877750,594411.0,10084706.0,9490295.0,True
interference,host,host_cpu3-interf_io-run10,100001,5000000.0,3000000.0,594567.0,-4405433.0,276.0,1000000.0,62233,90142862877750,594529.0,110795744.0,110201215.0,True
interference,host,host_cpu3-interf_io-run10,100001,5000000.0,3000000.0,594567.0,-4405433.0,276.0,1000000.0,64887,90156132877750,594336.0,94473060.0,93878724.0,True
interference,host,host_cpu3-interf_io-run10,100001,5000000.0,3000000.0,594567.0,-4405433.0,276.0,1000000.0,66934,90166367877750,594536.0,66872181.0,66277645.0,True
interference,host,host_cpu3-interf_io-run10,100001,5000000.0,3000000.0,594567.0,-4405433.0,276.0,1000000.0,67996,90171677877750,594303.0,8709160.0,8114857.0,True
interference,host,host_cpu3-interf_io-run10,100001,5000000.0,3000000.0,594567.0,-4405433.0,276.0,1000000.0,68072,90172057877750,594357.0,49017202.0,48422845.0,True
interference,host,host_cpu3-interf_io-run10,100001,5000000.0,3000000.0,594567.0,-4405433.0,276.0,1000000.0,68147,90172432877750,594355.0,25394189.0,24799834.0,True
interference,host,host_cpu3-interf_io-run10,100001,5000000.0,3000000.0,594567.0,-4405433.0,276.0,1000000.0,69133,90177362877750,598114.0,166038901.0,165440787.0,True
interference,host,host_cpu3-interf_io-run10,100001,5000000.0,3000000.0,594567.0,-4405433.0,276.0,1000000.0,70193,90182662877750,594370.0,75942955.0,75348585.0,True
interference,host,host_cpu3-interf_io-run10,100001,5000000.0,3000000.0,594567.0,-4405433.0,276.0,1000000.0,72241,90192902877750,594716.0,110685129.0,110090413.0,True
interference,host,host_cpu3-interf_io-run10,100001,5000000.0,3000000.0,594567.0,-4405433.0,276.0,1000000.0,74288,90203137877750,594808.0,44741572.0,44146764.0,True
interference,host,host_cpu3-interf_io-run10,100001,5000000.0,3000000.0,594567.0,-4405433.0,276.0,1000000.0,75274,90208067877750,594525.0,113889050.0,113294525.0,True
interference,host,host_cpu3-interf_io-run10,100001,5000000.0,3000000.0,594567.0,-4405433.0,276.0,1000000.0,77852,90220957877750,594452.0,2713275810.0,2712681358.0,True
interference,host,host_cpu3-interf_io-run10,100001,5000000.0,3000000.0,594567.0,-4405433.0,276.0,1000000.0,79461,90229002877750,594699.0,13543317.0,12948618.0,True
interference,host,host_cpu3-interf_io-run10,100001,5000000.0,3000000.0,594567.0,-4405433.0,276.0,1000000.0,82495,90244172877750,594636.0,33032456.0,32437820.0,True
interference,host,host_cpu3-interf_io-run10,100001,5000000.0,3000000.0,594567.0,-4405433.0,276.0,1000000.0,85529,90259342877750,594434.0,155669079.0,155074645.0,True
interference,host,host_cpu3-interf_io-run10,100001,5000000.0,3000000.0,594567.0,-4405433.0,276.0,1000000.0,87575,90269572877750,594365.0,165377892.0,164783527.0,True
interference,host,host_cpu3-interf_io-run10,100001,5000000.0,3000000.0,594567.0,-4405433.0,276.0,1000000.0,91745,90290422877750,594406.0,918744510.0,918150104.0,True
interference,host,host_cpu3-interf_io-run10,100001,5000000.0,3000000.0,594567.0,-4405433.0,276.0,1000000.0,93020,90296797877750,594298.0,1672953542.0,1672359244.0,True
interference,host,host_cpu3-interf_io-run10,100001,5000000.0,3000000.0,594567.0,-4405433.0,276.0,1000000.0,96401,90313702877750,594444.0,89762608.0,89168164.0,True
interference,host,host_cpu3-interf_io-run10,100001,5000000.0,3000000.0,594567.0,-4405433.0,276.0,1000000.0,98600,90324697877750,594581.0,26738804.0,26144223.0,True
interference,host,host_cpu3-interf_io-run10,100001,5000000.0,3000000.0,594567.0,-4405433.0,276.0,1000000.0,99586,90329627877750,594843.0,231929747.0,231334904.0,True
interference,host,host_cpu3-interf_io-run2,100001,5000000.0,3000000.0,607139.0,-4392861.0,759.0,1000000.0,3498,75910840510841,607064.0,4533396.0,3926332.0,True
interference,host,host_cpu3-interf_io-run2,100001,5000000.0,3000000.0,607139.0,-4392861.0,759.0,1000000.0,4812,75917410510841,605735.0,306121467.0,305515732.0,True
interference,host,host_cpu3-interf_io-run2,100001,5000000.0,3000000.0,607139.0,-4392861.0,759.0,1000000.0,14840,75967550510841,606008.0,5366524.0,4760516.0,True
interference,host,host_cpu3-interf_io-run2,100001,5000000.0,3000000.0,607139.0,-4392861.0,759.0,1000000.0,16585,75976275510841,605525.0,5606576.0,5001051.0,True
interference,host,host_cpu3-interf_io-run2,100001,5000000.0,3000000.0,607139.0,-4392861.0,759.0,1000000.0,24701,76016855510841,605656.0,13165136.0,12559480.0,True
interference,host,host_cpu3-interf_io-run2,100001,5000000.0,3000000.0,607139.0,-4392861.0,759.0,1000000.0,53904,76162870510841,605995.0,10359108.0,9753113.0,True
interference,host,host_cpu3-interf_io-run2,100001,5000000.0,3000000.0,607139.0,-4392861.0,759.0,1000000.0,83259,76309645510841,606897.0,2655338.0,2048441.0,False
interference,host,host_cpu3-interf_io-run2,100001,5000000.0,3000000.0,607139.0,-4392861.0,759.0,1000000.0,96912,76377910510841,606195.0,2232210.0,1626015.0,False
interference,host,host_cpu3-interf_io-run2,100001,5000000.0,3000000.0,607139.0,-4392861.0,759.0,1000000.0,99946,76393080510841,606054.0,2348350.0,1742296.0,False
interference,host,host_cpu3-interf_io-run3,100001,5000000.0,3000000.0,603784.0,-4396216.0,679.0,1000000.0,159,76908501316088,603939.0,61878815.0,61274876.0,True
interference,host,host_cpu3-interf_io-run3,100001,5000000.0,3000000.0,603784.0,-4396216.0,679.0,1000000.0,2879,76922101316088,603296.0,38727971.0,38124675.0,True
interference,host,host_cpu3-interf_io-run3,100001,5000000.0,3000000.0,603784.0,-4396216.0,679.0,1000000.0,4889,76932151316088,603259.0,3938253.0,3334994.0,True
interference,host,host_cpu3-interf_io-run3,100001,5000000.0,3000000.0,603784.0,-4396216.0,679.0,1000000.0,5352,76934466316088,605181.0,2231175.0,1625994.0,False
interference,host,host_cpu3-interf_io-run3,100001,5000000.0,3000000.0,603784.0,-4396216.0,679.0,1000000.0,9912,76957266316088,603997.0,3615516.0,3011519.0,True
interference,host,host_cpu3-interf_io-run3,100001,5000000.0,3000000.0,603784.0,-4396216.0,679.0,1000000.0,21595,77015681316088,604612.0,2286068.0,1681456.0,False
interference,host,host_cpu3-interf_io-run3,100001,5000000.0,3000000.0,603784.0,-4396216.0,679.0,1000000.0,26525,77040331316088,603302.0,2274577.0,1671275.0,False
interference,host,host_cpu3-interf_io-run3,100001,5000000.0,3000000.0,603784.0,-4396216.0,679.0,1000000.0,36765,77091531316088,604399.0,2810514.0,2206115.0,False
interference,host,host_cpu3-interf_io-run3,100001,5000000.0,3000000.0,603784.0,-4396216.0,679.0,1000000.0,44123,77128321316088,605516.0,2319832.0,1714316.0,False
interference,host,host_cpu3-interf_io-run3,100001,5000000.0,3000000.0,603784.0,-4396216.0,679.0,1000000.0,48370,77149556316088,603945.0,16677900.0,16073955.0,True
interference,host,host_cpu3-interf_io-run3,100001,5000000.0,3000000.0,603784.0,-4396216.0,679.0,1000000.0,50267,77159041316088,603594.0,27272642.0,26669048.0,True
interference,host,host_cpu3-interf_io-run3,100001,5000000.0,3000000.0,603784.0,-4396216.0,679.0,1000000.0,51253,77163971316088,603235.0,73130567.0,72527332.0,True
interference,host,host_cpu3-interf_io-run3,100001,5000000.0,3000000.0,603784.0,-4396216.0,679.0,1000000.0,55348,77184446316088,603579.0,47489567.0,46885988.0,True
interference,host,host_cpu3-interf_io-run3,100001,5000000.0,3000000.0,603784.0,-4396216.0,679.0,1000000.0,56334,77189376316088,603146.0,97839545.0,97236399.0,True
interference,host,host_cpu3-interf_io-run3,100001,5000000.0,3000000.0,603784.0,-4396216.0,679.0,1000000.0,58381,77199611316088,603214.0,201962365.0,201359151.0,True
interference,host,host_cpu3-interf_io-run3,100001,5000000.0,3000000.0,603784.0,-4396216.0,679.0,1000000.0,59744,77206426316088,605201.0,87490821.0,86885620.0,True
interference,host,host_cpu3-interf_io-run3,100001,5000000.0,3000000.0,603784.0,-4396216.0,679.0,1000000.0,62777,77221591316088,603211.0,31363940.0,30760729.0,True
interference,host,host_cpu3-interf_io-run3,100001,5000000.0,3000000.0,603784.0,-4396216.0,679.0,1000000.0,66797,77241691316088,604966.0,122786328.0,122181362.0,True
interference,host,host_cpu3-interf_io-run3,100001,5000000.0,3000000.0,603784.0,-4396216.0,679.0,1000000.0,68920,77252306316088,603066.0,2120859.0,1517793.0,False
interference,host,host_cpu3-interf_io-run3,100001,5000000.0,3000000.0,603784.0,-4396216.0,679.0,1000000.0,69148,77253446316088,604200.0,2678573.0,2074373.0,False
interference,host,host_cpu3-interf_io-run3,100001,5000000.0,3000000.0,603784.0,-4396216.0,679.0,1000000.0,71347,77264441316088,604373.0,55356758.0,54752385.0,True
interference,host,host_cpu3-interf_io-run3,100001,5000000.0,3000000.0,603784.0,-4396216.0,679.0,1000000.0,73395,77274681316088,605141.0,28811266.0,28206125.0,True
interference,host,host_cpu3-interf_io-run3,100001,5000000.0,3000000.0,603784.0,-4396216.0,679.0,1000000.0,77415,77294781316088,603230.0,15046816.0,14443586.0,True
interference,host,host_cpu3-interf_io-run3,100001,5000000.0,3000000.0,603784.0,-4396216.0,679.0,1000000.0,83483,77325121316088,603192.0,8735909.0,8132717.0,True
interference,host,host_cpu3-interf_io-run3,100001,5000000.0,3000000.0,603784.0,-4396216.0,679.0,1000000.0,88489,77350151316088,604617.0,3587956.0,2983339.0,True
interference,host,host_cpu3-interf_io-run3,100001,5000000.0,3000000.0,603784.0,-4396216.0,679.0,1000000.0,92130,77368356316088,603489.0,4429882.0,3826393.0,True
interference,host,host_cpu3-interf_io-run3,100001,5000000.0,3000000.0,603784.0,-4396216.0,679.0,1000000.0,98198,77398696316088,602977.0,51995544.0,51392567.0,True
interference,host,host_cpu3-interf_io-run4,100001,5000000.0,3000000.0,603482.0,-4396518.0,528.0,1000000.0,395,78510968280749,603309.0,13899317.0,13296008.0,True
interference,host,host_cpu3-interf_io-run4,100001,5000000.0,3000000.0,603482.0,-4396518.0,528.0,1000000.0,789,78512938280749,603394.0,3919181.0,3315787.0,True
interference,host,host_cpu3-interf_io-run4,100001,5000000.0,3000000.0,603482.0,-4396518.0,528.0,1000000.0,868,78513333280749,606039.0,2568596.0,1962557.0,False
interference,host,host_cpu3-interf_io-run4,100001,5000000.0,3000000.0,603482.0,-4396518.0,528.0,1000000.0,28043,78649208280749,603607.0,2474644.0,1871037.0,False
interference,host,host_cpu3-interf_io-run4,100001,5000000.0,3000000.0,603482.0,-4396518.0,528.0,1000000.0,31153,78664758280749,603166.0,118040727.0,117437561.0,True
interference,host,host_cpu3-interf_io-run4,100001,5000000.0,3000000.0,603482.0,-4396518.0,528.0,1000000.0,32138,78669683280749,605141.0,140620671.0,140015530.0,True
interference,host,host_cpu3-interf_io-run4,100001,5000000.0,3000000.0,603482.0,-4396518.0,528.0,1000000.0,34184,78679913280749,604033.0,17967288.0,17363255.0,True
interference,host,host_cpu3-interf_io-run4,100001,5000000.0,3000000.0,603482.0,-4396518.0,528.0,1000000.0,38204,78700013280749,604081.0,45740587.0,45136506.0,True
interference,host,host_cpu3-interf_io-run4,100001,5000000.0,3000000.0,603482.0,-4396518.0,528.0,1000000.0,39190,78704943280749,603266.0,108832851.0,108229585.0,True
interference,host,host_cpu3-interf_io-run4,100001,5000000.0,3000000.0,603482.0,-4396518.0,528.0,1000000.0,40251,78710248280749,603341.0,189792970.0,189189629.0,True
interference,host,host_cpu3-interf_io-run4,100001,5000000.0,3000000.0,603482.0,-4396518.0,528.0,1000000.0,49655,78757268280749,603212.0,36340675.0,35737463.0,True
interference,host,host_cpu3-interf_io-run4,100001,5000000.0,3000000.0,603482.0,-4396518.0,528.0,1000000.0,50640,78762193280749,604493.0,48060668.0,47456175.0,True
interference,host,host_cpu3-interf_io-run4,100001,5000000.0,3000000.0,603482.0,-4396518.0,528.0,1000000.0,52005,78769018280749,604197.0,58828491.0,58224294.0,True
interference,host,host_cpu3-interf_io-run4,100001,5000000.0,3000000.0,603482.0,-4396518.0,528.0,1000000.0,54053,78779258280749,603160.0,89889798.0,89286638.0,True
interference,host,host_cpu3-interf_io-run4,100001,5000000.0,3000000.0,603482.0,-4396518.0,528.0,1000000.0,56707,78792528280749,603143.0,41359926.0,40756783.0,True
interference,host,host_cpu3-interf_io-run4,100001,5000000.0,3000000.0,603482.0,-4396518.0,528.0,1000000.0,58679,78802388280749,603983.0,34868236.0,34264253.0,True
interference,host,host_cpu3-interf_io-run4,100001,5000000.0,3000000.0,603482.0,-4396518.0,528.0,1000000.0,60727,78812628280749,603082.0,24749497.0,24146415.0,True
interference,host,host_cpu3-interf_io-run4,100001,5000000.0,3000000.0,603482.0,-4396518.0,528.0,1000000.0,61789,78817938280749,603132.0,35735489.0,35132357.0,True
interference,host,host_cpu3-interf_io-run4,100001,5000000.0,3000000.0,603482.0,-4396518.0,528.0,1000000.0,62774,78822863280749,604439.0,28408531.0,27804092.0,True
interference,host,host_cpu3-interf_io-run4,100001,5000000.0,3000000.0,603482.0,-4396518.0,528.0,1000000.0,63912,78828553280749,603181.0,70518171.0,69914990.0,True
interference,host,host_cpu3-interf_io-run4,100001,5000000.0,3000000.0,603482.0,-4396518.0,528.0,1000000.0,64898,78833483280749,603162.0,73896015.0,73292853.0,True
interference,host,host_cpu3-interf_io-run4,100001,5000000.0,3000000.0,603482.0,-4396518.0,528.0,1000000.0,70662,78862303280749,603319.0,45871665.0,45268346.0,True
interference,host,host_cpu3-interf_io-run4,100001,5000000.0,3000000.0,603482.0,-4396518.0,528.0,1000000.0,71572,78866853280749,603115.0,141416867.0,140813752.0,True
interference,host,host_cpu3-interf_io-run4,100001,5000000.0,3000000.0,603482.0,-4396518.0,528.0,1000000.0,73922,78878603280749,605138.0,102572983.0,101967845.0,True
interference,host,host_cpu3-interf_io-run4,100001,5000000.0,3000000.0,603482.0,-4396518.0,528.0,1000000.0,75589,78886938280749,604175.0,119760270.0,119156095.0,True
interference,host,host_cpu3-interf_io-run4,100001,5000000.0,3000000.0,603482.0,-4396518.0,528.0,1000000.0,79305,78905518280749,603078.0,27010130.0,26407052.0,True
interference,host,host_cpu3-interf_io-run4,100001,5000000.0,3000000.0,603482.0,-4396518.0,528.0,1000000.0,81808,78918033280749,603117.0,104877841.0,104274724.0,True
interference,host,host_cpu3-interf_io-run4,100001,5000000.0,3000000.0,603482.0,-4396518.0,528.0,1000000.0,84841,78933198280749,604010.0,40389883.0,39785873.0,True
interference,host,host_cpu3-interf_io-run4,100001,5000000.0,3000000.0,603482.0,-4396518.0,528.0,1000000.0,86510,78941543280749,603238.0,78627323.0,78024085.0,True
interference,host,host_cpu3-interf_io-run4,100001,5000000.0,3000000.0,603482.0,-4396518.0,528.0,1000000.0,87495,78946468280749,603162.0,12048130.0,11444968.0,True
interference,host,host_cpu3-interf_io-run4,100001,5000000.0,3000000.0,603482.0,-4396518.0,528.0,1000000.0,87723,78947608280749,603219.0,222285050.0,221681831.0,True
interference,host,host_cpu3-interf_io-run4,100001,5000000.0,3000000.0,603482.0,-4396518.0,528.0,1000000.0,89085,78954418280749,603182.0,139207918.0,138604736.0,True
interference,host,host_cpu3-interf_io-run4,100001,5000000.0,3000000.0,603482.0,-4396518.0,528.0,1000000.0,90449,78961238280749,604264.0,32001866.0,31397602.0,True
interference,host,host_cpu3-interf_io-run4,100001,5000000.0,3000000.0,603482.0,-4396518.0,528.0,1000000.0,91435,78966168280749,603153.0,169652139.0,169048986.0,True
interference,host,host_cpu3-interf_io-run4,100001,5000000.0,3000000.0,603482.0,-4396518.0,528.0,1000000.0,93481,78976398280749,603499.0,3389631.0,2786132.0,True
interference,host,host_cpu3-interf_io-run4,100001,5000000.0,3000000.0,603482.0,-4396518.0,528.0,1000000.0,96060,78989293280749,605771.0,50920962.0,50315191.0,True
interference,host,host_cpu3-interf_io-run4,100001,5000000.0,3000000.0,603482.0,-4396518.0,528.0,1000000.0,99094,79004463280749,603062.0,51582704.0,50979642.0,True
interference,host,host_cpu3-interf_io-run5,100001,5000000.0,3000000.0,606259.0,-4393741.0,595.0,1000000.0,4503,79662871521194,605409.0,51429195.0,50823786.0,True
interference,host,host_cpu3-interf_io-run5,100001,5000000.0,3000000.0,606259.0,-4393741.0,595.0,1000000.0,6357,79672141521194,605569.0,9486257.0,8880688.0,True
interference,host,host_cpu3-interf_io-run5,100001,5000000.0,3000000.0,606259.0,-4393741.0,595.0,1000000.0,10445,79692581521194,605542.0,73374200.0,72768658.0,True
interference,host,host_cpu3-interf_io-run5,100001,5000000.0,3000000.0,606259.0,-4393741.0,595.0,1000000.0,11506,79697886521194,605647.0,1711221.0,1105574.0,False
interference,host,host_cpu3-interf_io-run5,100001,5000000.0,3000000.0,606259.0,-4393741.0,595.0,1000000.0,20533,79743021521194,605592.0,156496040.0,155890448.0,True
interference,host,host_cpu3-interf_io-run5,100001,5000000.0,3000000.0,606259.0,-4393741.0,595.0,1000000.0,23565,79758181521194,607684.0,4042654.0,3434970.0,True
interference,host,host_cpu3-interf_io-run5,100001,5000000.0,3000000.0,606259.0,-4393741.0,595.0,1000000.0,23793,79759321521194,605480.0,87049287.0,86443807.0,True
interference,host,host_cpu3-interf_io-run5,100001,5000000.0,3000000.0,606259.0,-4393741.0,595.0,1000000.0,24854,79764626521194,607091.0,143683273.0,143076182.0,True
interference,host,host_cpu3-interf_io-run5,100001,5000000.0,3000000.0,606259.0,-4393741.0,595.0,1000000.0,29707,79788891521194,606450.0,7315554.0,6709104.0,True
interference,host,host_cpu3-interf_io-run5,100001,5000000.0,3000000.0,606259.0,-4393741.0,595.0,1000000.0,30845,79794581521194,607005.0,577164072.0,576557067.0,True
interference,host,host_cpu3-interf_io-run5,100001,5000000.0,3000000.0,606259.0,-4393741.0,595.0,1000000.0,32884,79804776521194,605463.0,892142364.0,891536901.0,True
interference,host,host_cpu3-interf_io-run5,100001,5000000.0,3000000.0,606259.0,-4393741.0,595.0,1000000.0,34159,79811151521194,606920.0,436008129.0,435401209.0,True
interference,host,host_cpu3-interf_io-run5,100001,5000000.0,3000000.0,606259.0,-4393741.0,595.0,1000000.0,35594,79818326521194,605527.0,47040315.0,46434788.0,True
interference,host,host_cpu3-interf_io-run5,100001,5000000.0,3000000.0,606259.0,-4393741.0,595.0,1000000.0,36580,79823256521194,605521.0,176243120.0,175637599.0,True
interference,host,host_cpu3-interf_io-run5,100001,5000000.0,3000000.0,606259.0,-4393741.0,595.0,1000000.0,38626,79833486521194,605383.0,2419143.0,1813760.0,False
interference,host,host_cpu3-interf_io-run5,100001,5000000.0,3000000.0,606259.0,-4393741.0,595.0,1000000.0,51748,79899096521194,605972.0,34176748.0,33570776.0,True
interference,host,host_cpu3-interf_io-run5,100001,5000000.0,3000000.0,606259.0,-4393741.0,595.0,1000000.0,53492,79907816521194,605489.0,67797053.0,67191564.0,True
interference,host,host_cpu3-interf_io-run5,100001,5000000.0,3000000.0,606259.0,-4393741.0,595.0,1000000.0,55388,79917296521194,605866.0,91079620.0,90473754.0,True
interference,host,host_cpu3-interf_io-run5,100001,5000000.0,3000000.0,606259.0,-4393741.0,595.0,1000000.0,56829,79924501521194,607121.0,102789419.0,102182298.0,True
interference,host,host_cpu3-interf_io-run5,100001,5000000.0,3000000.0,606259.0,-4393741.0,595.0,1000000.0,58042,79930566521194,605514.0,113723267.0,113117753.0,True
interference,host,host_cpu3-interf_io-run5,100001,5000000.0,3000000.0,606259.0,-4393741.0,595.0,1000000.0,65019,79965451521194,607072.0,7527537.0,6920465.0,True
interference,host,host_cpu3-interf_io-run5,100001,5000000.0,3000000.0,606259.0,-4393741.0,595.0,1000000.0,66005,79970381521194,606486.0,120124616.0,119518130.0,True
interference,host,host_cpu3-interf_io-run5,100001,5000000.0,3000000.0,606259.0,-4393741.0,595.0,1000000.0,66990,79975306521194,607184.0,164243949.0,163636765.0,True
interference,host,host_cpu3-interf_io-run5,100001,5000000.0,3000000.0,606259.0,-4393741.0,595.0,1000000.0,69264,79986676521194,605493.0,3797627.0,3192134.0,True
interference,host,host_cpu3-interf_io-run5,100001,5000000.0,3000000.0,606259.0,-4393741.0,595.0,1000000.0,71236,79996536521194,605476.0,133113538.0,132508062.0,True
interference,host,host_cpu3-interf_io-run5,100001,5000000.0,3000000.0,606259.0,-4393741.0,595.0,1000000.0,77378,80027246521194,605511.0,24877833.0,24272322.0,True
interference,host,host_cpu3-interf_io-run5,100001,5000000.0,3000000.0,606259.0,-4393741.0,595.0,1000000.0,78137,80031041521194,605831.0,4092270.0,3486439.0,True
interference,host,host_cpu3-interf_io-run5,100001,5000000.0,3000000.0,606259.0,-4393741.0,595.0,1000000.0,78364,80032176521194,606116.0,38039634.0,37433518.0,True
interference,host,host_cpu3-interf_io-run5,100001,5000000.0,3000000.0,606259.0,-4393741.0,595.0,1000000.0,78592,80033316521194,605567.0,556203951.0,555598384.0,True
interference,host,host_cpu3-interf_io-run5,100001,5000000.0,3000000.0,606259.0,-4393741.0,595.0,1000000.0,79797,80039341521194,606184.0,9664779.0,9058595.0,True
interference,host,host_cpu3-interf_io-run5,100001,5000000.0,3000000.0,606259.0,-4393741.0,595.0,1000000.0,87079,80075751521194,605931.0,125928954.0,125323023.0,True
interference,host,host_cpu3-interf_io-run5,100001,5000000.0,3000000.0,606259.0,-4393741.0,595.0,1000000.0,88139,80081051521194,605926.0,52781514.0,52175588.0,True
interference,host,host_cpu3-interf_io-run5,100001,5000000.0,3000000.0,606259.0,-4393741.0,595.0,1000000.0,93600,80108356521194,607043.0,70832390.0,70225347.0,True
interference,host,host_cpu3-interf_io-run5,100001,5000000.0,3000000.0,606259.0,-4393741.0,595.0,1000000.0,94586,80113286521194,605868.0,60851555.0,60245687.0,True
interference,host,host_cpu3-interf_io-run5,100001,5000000.0,3000000.0,606259.0,-4393741.0,595.0,1000000.0,95496,80117836521194,605756.0,212555038.0,211949282.0,True
interference,host,host_cpu3-interf_io-run5,100001,5000000.0,3000000.0,606259.0,-4393741.0,595.0,1000000.0,97541,80128061521194,605551.0,150358311.0,149752760.0,True
interference,host,host_cpu3-interf_io-run6,99655,5000000.0,3000000.0,592974.0,-4407026.0,455.0,1000000.0,553,81377742757262,594113.0,2373997282.0,2373403169.0,True
interference,host,host_cpu3-interf_io-run6,99655,5000000.0,3000000.0,592974.0,-4407026.0,455.0,1000000.0,2056,81385257757262,592662.0,1946649726.0,1946057064.0,True
interference,host,host_cpu3-interf_io-run6,99655,5000000.0,3000000.0,592974.0,-4407026.0,455.0,1000000.0,5493,81402442757262,592629.0,20338803.0,19746174.0,True
interference,host,host_cpu3-interf_io-run6,99655,5000000.0,3000000.0,592974.0,-4407026.0,455.0,1000000.0,6497,81407462757262,593633.0,102761640.0,102168007.0,True
interference,host,host_cpu3-interf_io-run6,99655,5000000.0,3000000.0,592974.0,-4407026.0,455.0,1000000.0,8351,81416732757262,592523.0,81788121.0,81195598.0,True
interference,host,host_cpu3-interf_io-run6,99655,5000000.0,3000000.0,592974.0,-4407026.0,455.0,1000000.0,9355,81421752757262,592547.0,90730287.0,90137740.0,True
interference,host,host_cpu3-interf_io-run6,99655,5000000.0,3000000.0,592974.0,-4407026.0,455.0,1000000.0,10353,81426742757262,593429.0,162722289.0,162128860.0,True
interference,host,host_cpu3-interf_io-run6,99655,5000000.0,3000000.0,592974.0,-4407026.0,455.0,1000000.0,12399,81436972757262,592736.0,29796540.0,29203804.0,True
interference,host,host_cpu3-interf_io-run6,99655,5000000.0,3000000.0,592974.0,-4407026.0,455.0,1000000.0,18467,81467312757262,594148.0,69962313.0,69368165.0,True
interference,host,host_cpu3-interf_io-run6,99655,5000000.0,3000000.0,592974.0,-4407026.0,455.0,1000000.0,19452,81472237757262,594612.0,46656344.0,46061732.0,True
interference,host,host_cpu3-interf_io-run6,99655,5000000.0,3000000.0,592974.0,-4407026.0,455.0,1000000.0,20590,81477927757262,592591.0,454155590.0,453562999.0,True
interference,host,host_cpu3-interf_io-run6,99655,5000000.0,3000000.0,592974.0,-4407026.0,455.0,1000000.0,22252,81486237757262,593064.0,90399472.0,89806408.0,True
interference,host,host_cpu3-interf_io-run6,99655,5000000.0,3000000.0,592974.0,-4407026.0,455.0,1000000.0,25285,81501402757262,592648.0,51430031.0,50837383.0,True
interference,host,host_cpu3-interf_io-run6,99655,5000000.0,3000000.0,592974.0,-4407026.0,455.0,1000000.0,26271,81506332757262,593356.0,5306350.0,4712994.0,True
interference,host,host_cpu3-interf_io-run6,99655,5000000.0,3000000.0,592974.0,-4407026.0,455.0,1000000.0,28319,81516572757262,594186.0,118770483.0,118176297.0,True
interference,host,host_cpu3-interf_io-run6,99655,5000000.0,3000000.0,592974.0,-4407026.0,455.0,1000000.0,31959,81534772757262,592362.0,24833453.0,24241091.0,True
interference,host,host_cpu3-interf_io-run6,99655,5000000.0,3000000.0,592974.0,-4407026.0,455.0,1000000.0,35979,81554872757262,592577.0,128561960.0,127969383.0,True
interference,host,host_cpu3-interf_io-run6,99655,5000000.0,3000000.0,592974.0,-4407026.0,455.0,1000000.0,36964,81559797757262,593616.0,108694710.0,108101094.0,True
interference,host,host_cpu3-interf_io-run6,99655,5000000.0,3000000.0,592974.0,-4407026.0,455.0,1000000.0,39769,81573822757262,593120.0,205131745.0,204538625.0,True
interference,host,host_cpu3-interf_io-run6,99655,5000000.0,3000000.0,592974.0,-4407026.0,455.0,1000000.0,40905,81579502757262,593125.0,95941001.0,95347876.0,True
interference,host,host_cpu3-interf_io-run6,99655,5000000.0,3000000.0,592974.0,-4407026.0,455.0,1000000.0,42193,81585942757262,592806.0,123905155.0,123312349.0,True
interference,host,host_cpu3-interf_io-run6,99655,5000000.0,3000000.0,592974.0,-4407026.0,455.0,1000000.0,43330,81591627757262,592499.0,1520041996.0,1519449497.0,True
interference,host,host_cpu3-interf_io-run6,99655,5000000.0,3000000.0,592974.0,-4407026.0,455.0,1000000.0,44666,81598307757262,593825.0,178371910.0,177778085.0,True
interference,host,host_cpu3-interf_io-run6,99655,5000000.0,3000000.0,592974.0,-4407026.0,455.0,1000000.0,47774,81613847757262,594490.0,105859795.0,105265305.0,True
interference,host,host_cpu3-interf_io-run6,99655,5000000.0,3000000.0,592974.0,-4407026.0,455.0,1000000.0,51793,81633942757262,592552.0,58805338.0,58212786.0,True
interference,host,host_cpu3-interf_io-run6,99655,5000000.0,3000000.0,592974.0,-4407026.0,455.0,1000000.0,52779,81638872757262,592865.0,187784314.0,187191449.0,True
interference,host,host_cpu3-interf_io-run6,99655,5000000.0,3000000.0,592974.0,-4407026.0,455.0,1000000.0,54825,81649102757262,592632.0,30822621.0,30229989.0,True
interference,host,host_cpu3-interf_io-run6,99655,5000000.0,3000000.0,592974.0,-4407026.0,455.0,1000000.0,55811,81654032757262,593648.0,64712720.0,64119072.0,True
interference,host,host_cpu3-interf_io-run6,99655,5000000.0,3000000.0,592974.0,-4407026.0,455.0,1000000.0,56948,81659717757262,593149.0,123125638.0,122532489.0,True
interference,host,host_cpu3-interf_io-run6,99655,5000000.0,3000000.0,592974.0,-4407026.0,455.0,1000000.0,58009,81665022757262,593067.0,118574281.0,117981214.0,True
interference,host,host_cpu3-interf_io-run6,99655,5000000.0,3000000.0,592974.0,-4407026.0,455.0,1000000.0,59070,81670327757262,592737.0,17899491.0,17306754.0,True
interference,host,host_cpu3-interf_io-run6,99655,5000000.0,3000000.0,592974.0,-4407026.0,455.0,1000000.0,65138,81700667757262,593449.0,94045326.0,93451877.0,True
interference,host,host_cpu3-interf_io-run6,99655,5000000.0,3000000.0,592974.0,-4407026.0,455.0,1000000.0,66123,81705592757262,594289.0,231015060.0,230420771.0,True
interference,host,host_cpu3-interf_io-run6,99655,5000000.0,3000000.0,592974.0,-4407026.0,455.0,1000000.0,67182,81710887757262,592615.0,21642643.0,21050028.0,True
interference,host,host_cpu3-interf_io-run6,99655,5000000.0,3000000.0,592974.0,-4407026.0,455.0,1000000.0,69154,81720747757262,592863.0,337589286.0,336996423.0,True
interference,host,host_cpu3-interf_io-run6,99655,5000000.0,3000000.0,592974.0,-4407026.0,455.0,1000000.0,71273,81731342757262,594088.0,98497865.0,97903777.0,True
interference,host,host_cpu3-interf_io-run6,99655,5000000.0,3000000.0,592974.0,-4407026.0,455.0,1000000.0,73320,81741577757262,592565.0,14374715.0,13782150.0,True
interference,host,host_cpu3-interf_io-run6,99655,5000000.0,3000000.0,592974.0,-4407026.0,455.0,1000000.0,74306,81746507757262,592710.0,200599479.0,200006769.0,True
interference,host,host_cpu3-interf_io-run6,99655,5000000.0,3000000.0,592974.0,-4407026.0,455.0,1000000.0,77414,81762047757262,593306.0,55466150.0,54872844.0,True
interference,host,host_cpu3-interf_io-run6,99655,5000000.0,3000000.0,592974.0,-4407026.0,455.0,1000000.0,82495,81787452757262,593074.0,79043046.0,78449972.0,True
interference,host,host_cpu3-interf_io-run6,99655,5000000.0,3000000.0,592974.0,-4407026.0,455.0,1000000.0,84239,81796172757262,594445.0,166833859.0,166239414.0,True
interference,host,host_cpu3-interf_io-run6,99655,5000000.0,3000000.0,592974.0,-4407026.0,455.0,1000000.0,85300,81801477757262,593098.0,88514404.0,87921306.0,True
interference,host,host_cpu3-interf_io-run6,99655,5000000.0,3000000.0,592974.0,-4407026.0,455.0,1000000.0,89395,81821952757262,592999.0,75945232.0,75352233.0,True
interference,host,host_cpu3-interf_io-run6,99655,5000000.0,3000000.0,592974.0,-4407026.0,455.0,1000000.0,90380,81826877757262,592504.0,231010881.0,230418377.0,True
interference,host,host_cpu3-interf_io-run6,99655,5000000.0,3000000.0,592974.0,-4407026.0,455.0,1000000.0,92425,81837102757262,592825.0,186535686.0,185942861.0,True
interference,host,host_cpu3-interf_io-run6,99655,5000000.0,3000000.0,592974.0,-4407026.0,455.0,1000000.0,92878,81839367757262,592636.0,178751762.0,178159126.0,True
interference,host,host_cpu3-interf_io-run6,99655,5000000.0,3000000.0,592974.0,-4407026.0,455.0,1000000.0,95910,81854527757262,594011.0,177199870.0,176605859.0,True
interference,host,host_cpu3-interf_io-run6,99655,5000000.0,3000000.0,592974.0,-4407026.0,455.0,1000000.0,98184,81865897757262,592584.0,2202341005.0,2201748421.0,True
interference,host,host_cpu3-interf_io-run6,99655,5000000.0,3000000.0,592974.0,-4407026.0,455.0,1000000.0,99654,81873247757262,593086.0,1961714859.0,1961121773.0,True
interference,host,host_cpu3-interf_io-run7,100001,5000000.0,3000000.0,603495.0,-4396505.0,700.0,1000000.0,1953,83755539132512,603292.0,114460095.0,113856803.0,True
interference,host,host_cpu3-interf_io-run7,100001,5000000.0,3000000.0,603495.0,-4396505.0,700.0,1000000.0,2956,83760554132512,603640.0,15095062.0,14491422.0,True
interference,host,host_cpu3-interf_io-run7,100001,5000000.0,3000000.0,603495.0,-4396505.0,700.0,1000000.0,4965,83770599132512,605085.0,106357718.0,105752633.0,True
interference,host,host_cpu3-interf_io-run7,100001,5000000.0,3000000.0,603495.0,-4396505.0,700.0,1000000.0,8056,83786054132512,604065.0,96032736.0,95428671.0,True
interference,host,host_cpu3-interf_io-run7,100001,5000000.0,3000000.0,603495.0,-4396505.0,700.0,1000000.0,9060,83791074132512,605686.0,7304300.0,6698614.0,True
interference,host,host_cpu3-interf_io-run7,100001,5000000.0,3000000.0,603495.0,-4396505.0,700.0,1000000.0,10063,83796089132512,603917.0,212298966.0,211695049.0,True
interference,host,host_cpu3-interf_io-run7,100001,5000000.0,3000000.0,603495.0,-4396505.0,700.0,1000000.0,13095,83811249132512,603103.0,243123379.0,242520276.0,True
interference,host,host_cpu3-interf_io-run7,100001,5000000.0,3000000.0,603495.0,-4396505.0,700.0,1000000.0,14609,83818819132512,604213.0,47005003.0,46400790.0,True
interference,host,host_cpu3-interf_io-run7,100001,5000000.0,3000000.0,603495.0,-4396505.0,700.0,1000000.0,14836,83819954132512,603124.0,495796181.0,495193057.0,True
interference,host,host_cpu3-interf_io-run7,100001,5000000.0,3000000.0,603495.0,-4396505.0,700.0,1000000.0,15966,83825604132512,604244.0,187681521.0,187077277.0,True
interference,host,host_cpu3-interf_io-run7,100001,5000000.0,3000000.0,603495.0,-4396505.0,700.0,1000000.0,17026,83830904132512,604268.0,180376704.0,179772436.0,True
interference,host,host_cpu3-interf_io-run7,100001,5000000.0,3000000.0,603495.0,-4396505.0,700.0,1000000.0,17251,83832029132512,603119.0,91670948.0,91067829.0,True
interference,host,host_cpu3-interf_io-run7,100001,5000000.0,3000000.0,603495.0,-4396505.0,700.0,1000000.0,18009,83835819132512,603271.0,124579228.0,123975957.0,True
interference,host,host_cpu3-interf_io-run7,100001,5000000.0,3000000.0,603495.0,-4396505.0,700.0,1000000.0,18084,83836194132512,603111.0,170401909.0,169798798.0,True
interference,host,host_cpu3-interf_io-run7,100001,5000000.0,3000000.0,603495.0,-4396505.0,700.0,1000000.0,20130,83846424132512,603004.0,77356208.0,76753204.0,True
interference,host,host_cpu3-interf_io-run7,100001,5000000.0,3000000.0,603495.0,-4396505.0,700.0,1000000.0,21115,83851349132512,603119.0,4621632.0,4018513.0,True
interference,host,host_cpu3-interf_io-run7,100001,5000000.0,3000000.0,603495.0,-4396505.0,700.0,1000000.0,24149,83866519132512,603666.0,102387616.0,101783950.0,True
interference,host,host_cpu3-interf_io-run7,100001,5000000.0,3000000.0,603495.0,-4396505.0,700.0,1000000.0,25135,83871449132512,603170.0,67609824.0,67006654.0,True
interference,host,host_cpu3-interf_io-run7,100001,5000000.0,3000000.0,603495.0,-4396505.0,700.0,1000000.0,25969,83875619132512,603199.0,163888437.0,163285238.0,True
interference,host,host_cpu3-interf_io-run7,100001,5000000.0,3000000.0,603495.0,-4396505.0,700.0,1000000.0,27104,83881294132512,605108.0,487555303.0,486950195.0,True
interference,host,host_cpu3-interf_io-run7,100001,5000000.0,3000000.0,603495.0,-4396505.0,700.0,1000000.0,28311,83887329132512,603186.0,1591112622.0,1590509436.0,True
interference,host,host_cpu3-interf_io-run7,100001,5000000.0,3000000.0,603495.0,-4396505.0,700.0,1000000.0,29645,83893999132512,605072.0,184905404.0,184300332.0,True
interference,host,host_cpu3-interf_io-run7,100001,5000000.0,3000000.0,603495.0,-4396505.0,700.0,1000000.0,31691,83904229132512,603644.0,71841324.0,71237680.0,True
interference,host,host_cpu3-interf_io-run7,100001,5000000.0,3000000.0,603495.0,-4396505.0,700.0,1000000.0,34724,83919394132512,603184.0,113328007.0,112724823.0,True
interference,host,host_cpu3-interf_io-run7,100001,5000000.0,3000000.0,603495.0,-4396505.0,700.0,1000000.0,37758,83934564132512,605210.0,97232425.0,96627215.0,True
interference,host,host_cpu3-interf_io-run7,100001,5000000.0,3000000.0,603495.0,-4396505.0,700.0,1000000.0,39805,83944799132512,603507.0,98905312.0,98301805.0,True
interference,host,host_cpu3-interf_io-run7,100001,5000000.0,3000000.0,603495.0,-4396505.0,700.0,1000000.0,40866,83950104132512,604913.0,130281432.0,129676519.0,True
interference,host,host_cpu3-interf_io-run7,100001,5000000.0,3000000.0,603495.0,-4396505.0,700.0,1000000.0,41851,83955029132512,603648.0,171211497.0,170607849.0,True
interference,host,host_cpu3-interf_io-run7,100001,5000000.0,3000000.0,603495.0,-4396505.0,700.0,1000000.0,48979,83990669132512,605774.0,3909625.0,3303851.0,True
interference,host,host_cpu3-interf_io-run7,100001,5000000.0,3000000.0,603495.0,-4396505.0,700.0,1000000.0,49965,83995599132512,603138.0,68957587.0,68354449.0,True
interference,host,host_cpu3-interf_io-run7,100001,5000000.0,3000000.0,603495.0,-4396505.0,700.0,1000000.0,52013,84005839132512,603664.0,176824085.0,176220421.0,True
interference,host,host_cpu3-interf_io-run7,100001,5000000.0,3000000.0,603495.0,-4396505.0,700.0,1000000.0,52466,84008104132512,604145.0,2637959264.0,2637355119.0,True
interference,host,host_cpu3-interf_io-run7,100001,5000000.0,3000000.0,603495.0,-4396505.0,700.0,1000000.0,54077,84016159132512,603890.0,1682314757.0,1681710867.0,True
interference,host,host_cpu3-interf_io-run7,100001,5000000.0,3000000.0,603495.0,-4396505.0,700.0,1000000.0,56623,84028889132512,603252.0,124229939.0,123626687.0,True
interference,host,host_cpu3-interf_io-run7,100001,5000000.0,3000000.0,603495.0,-4396505.0,700.0,1000000.0,57608,84033814132512,603134.0,14249140.0,13646006.0,True
interference,host,host_cpu3-interf_io-run7,100001,5000000.0,3000000.0,603495.0,-4396505.0,700.0,1000000.0,63676,84064154132512,603187.0,132129476.0,131526289.0,True
interference,host,host_cpu3-interf_io-run7,100001,5000000.0,3000000.0,603495.0,-4396505.0,700.0,1000000.0,64736,84069454132512,605155.0,1788248056.0,1787642901.0,True
interference,host,host_cpu3-interf_io-run7,100001,5000000.0,3000000.0,603495.0,-4396505.0,700.0,1000000.0,65762,84074584132512,604110.0,211335101.0,210730991.0,True
interference,host,host_cpu3-interf_io-run7,100001,5000000.0,3000000.0,603495.0,-4396505.0,700.0,1000000.0,66822,84079884132512,605718.0,163440765.0,162835047.0,True
interference,host,host_cpu3-interf_io-run7,100001,5000000.0,3000000.0,603495.0,-4396505.0,700.0,1000000.0,67199,84081769132512,603973.0,110264574.0,109660601.0,True
interference,host,host_cpu3-interf_io-run7,100001,5000000.0,3000000.0,603495.0,-4396505.0,700.0,1000000.0,69094,84091244132512,603115.0,1378968143.0,1378365028.0,True
interference,host,host_cpu3-interf_io-run7,100001,5000000.0,3000000.0,603495.0,-4396505.0,700.0,1000000.0,70131,84096429132512,603246.0,90772121.0,90168875.0,True
interference,host,host_cpu3-interf_io-run7,100001,5000000.0,3000000.0,603495.0,-4396505.0,700.0,1000000.0,73164,84111594132512,603565.0,145455364.0,144851799.0,True
interference,host,host_cpu3-interf_io-run7,100001,5000000.0,3000000.0,603495.0,-4396505.0,700.0,1000000.0,75817,84124859132512,603690.0,149178954.0,148575264.0,True
interference,host,host_cpu3-interf_io-run7,100001,5000000.0,3000000.0,603495.0,-4396505.0,700.0,1000000.0,78850,84140024132512,603581.0,70618806.0,70015225.0,True
interference,host,host_cpu3-interf_io-run7,100001,5000000.0,3000000.0,603495.0,-4396505.0,700.0,1000000.0,80973,84150639132512,603130.0,104687299.0,104084169.0,True
interference,host,host_cpu3-interf_io-run7,100001,5000000.0,3000000.0,603495.0,-4396505.0,700.0,1000000.0,82034,84155944132512,603067.0,167054825.0,166451758.0,True
interference,host,host_cpu3-interf_io-run7,100001,5000000.0,3000000.0,603495.0,-4396505.0,700.0,1000000.0,85066,84171104132512,605742.0,135231421.0,134625679.0,True
interference,host,host_cpu3-interf_io-run7,100001,5000000.0,3000000.0,603495.0,-4396505.0,700.0,1000000.0,87113,84181339132512,603168.0,41284513.0,40681345.0,True
interference,host,host_cpu3-interf_io-run7,100001,5000000.0,3000000.0,603495.0,-4396505.0,700.0,1000000.0,88099,84186269132512,603280.0,145625417.0,145022137.0,True
interference,host,host_cpu3-interf_io-run7,100001,5000000.0,3000000.0,603495.0,-4396505.0,700.0,1000000.0,88401,84187779132512,603210.0,163474764.0,162871554.0,True
interference,host,host_cpu3-interf_io-run7,100001,5000000.0,3000000.0,603495.0,-4396505.0,700.0,1000000.0,89461,84193079132512,603536.0,36044552.0,35441016.0,True
interference,host,host_cpu3-interf_io-run7,100001,5000000.0,3000000.0,603495.0,-4396505.0,700.0,1000000.0,90523,84198389132512,603123.0,171127012.0,170523889.0,True
interference,host,host_cpu3-interf_io-run7,100001,5000000.0,3000000.0,603495.0,-4396505.0,700.0,1000000.0,91582,84203684132512,604321.0,2017105927.0,2016501606.0,True
interference,host,host_cpu3-interf_io-run7,100001,5000000.0,3000000.0,603495.0,-4396505.0,700.0,1000000.0,96016,84225854132512,604499.0,88211413.0,87606914.0,True
interference,host,host_cpu3-interf_io-run8,100001,5000000.0,3000000.0,593366.0,-4406634.0,367.0,1000000.0,238,86127333792639,593363.0,2146236878.0,2145643515.0,True
interference,host,host_cpu3-interf_io-run8,100001,5000000.0,3000000.0,593366.0,-4406634.0,367.0,1000000.0,979,86131038792639,593362.0,112096145.0,111502783.0,True
interference,host,host_cpu3-interf_io-run8,100001,5000000.0,3000000.0,593366.0,-4406634.0,367.0,1000000.0,1983,86136058792639,593040.0,779552978.0,778959938.0,True
interference,host,host_cpu3-interf_io-run8,100001,5000000.0,3000000.0,593366.0,-4406634.0,367.0,1000000.0,3053,86141408792639,593158.0,289514791.0,288921633.0,True
interference,host,host_cpu3-interf_io-run8,100001,5000000.0,3000000.0,593366.0,-4406634.0,367.0,1000000.0,4053,86146408792639,593073.0,1180534120.0,1179941047.0,True
interference,host,host_cpu3-interf_io-run8,100001,5000000.0,3000000.0,593366.0,-4406634.0,367.0,1000000.0,6042,86156353792639,593085.0,70811289.0,70218204.0,True
interference,host,host_cpu3-interf_io-run8,100001,5000000.0,3000000.0,593366.0,-4406634.0,367.0,1000000.0,10059,86176438792639,593369.0,73774237.0,73180868.0,True
interference,host,host_cpu3-interf_io-run8,100001,5000000.0,3000000.0,593366.0,-4406634.0,367.0,1000000.0,12106,86186673792639,593366.0,31337500.0,30744134.0,True
interference,host,host_cpu3-interf_io-run8,100001,5000000.0,3000000.0,593366.0,-4406634.0,367.0,1000000.0,13092,86191603792639,593113.0,7731967.0,7138854.0,True
interference,host,host_cpu3-interf_io-run8,100001,5000000.0,3000000.0,593366.0,-4406634.0,367.0,1000000.0,15140,86201843792639,593121.0,106589555.0,105996434.0,True
interference,host,host_cpu3-interf_io-run8,100001,5000000.0,3000000.0,593366.0,-4406634.0,367.0,1000000.0,16125,86206768792639,593606.0,454820540.0,454226934.0,True
interference,host,host_cpu3-interf_io-run8,100001,5000000.0,3000000.0,593366.0,-4406634.0,367.0,1000000.0,16270,86207493792639,593533.0,89051601.0,88458068.0,True
interference,host,host_cpu3-interf_io-run8,100001,5000000.0,3000000.0,593366.0,-4406634.0,367.0,1000000.0,17787,86215078792639,593337.0,6377349.0,5784012.0,True
interference,host,host_cpu3-interf_io-run8,100001,5000000.0,3000000.0,593366.0,-4406634.0,367.0,1000000.0,20821,86230248792639,592850.0,160889784.0,160296934.0,True
interference,host,host_cpu3-interf_io-run8,100001,5000000.0,3000000.0,593366.0,-4406634.0,367.0,1000000.0,22867,86240478792639,594050.0,119006883.0,118412833.0,True
interference,host,host_cpu3-interf_io-run8,100001,5000000.0,3000000.0,593366.0,-4406634.0,367.0,1000000.0,24914,86250713792639,593504.0,74553200.0,73959696.0,True
interference,host,host_cpu3-interf_io-run8,100001,5000000.0,3000000.0,593366.0,-4406634.0,367.0,1000000.0,28934,86270813792639,593037.0,71976248.0,71383211.0,True
interference,host,host_cpu3-interf_io-run8,100001,5000000.0,3000000.0,593366.0,-4406634.0,367.0,1000000.0,29995,86276118792639,593681.0,8586263.0,7992582.0,True
interference,host,host_cpu3-interf_io-run8,100001,5000000.0,3000000.0,593366.0,-4406634.0,367.0,1000000.0,30071,86276498792639,593282.0,49602441.0,49009159.0,True
interference,host,host_cpu3-interf_io-run8,100001,5000000.0,3000000.0,593366.0,-4406634.0,367.0,1000000.0,33484,86293563792639,593568.0,796924676.0,796331108.0,True
interference,host,host_cpu3-interf_io-run8,100001,5000000.0,3000000.0,593366.0,-4406634.0,367.0,1000000.0,35671,86304498792639,592847.0,68112944.0,67520097.0,True
interference,host,host_cpu3-interf_io-run8,100001,5000000.0,3000000.0,593366.0,-4406634.0,367.0,1000000.0,37718,86314733792639,593467.0,106799543.0,106206076.0,True
interference,host,host_cpu3-interf_io-run8,100001,5000000.0,3000000.0,593366.0,-4406634.0,367.0,1000000.0,40752,86329903792639,593248.0,26601198.0,26007950.0,True
interference,host,host_cpu3-interf_io-run8,100001,5000000.0,3000000.0,593366.0,-4406634.0,367.0,1000000.0,41510,86333693792639,593797.0,124972364.0,124378567.0,True
interference,host,host_cpu3-interf_io-run8,100001,5000000.0,3000000.0,593366.0,-4406634.0,367.0,1000000.0,42950,86340893792639,593082.0,224413027.0,223819945.0,True
interference,host,host_cpu3-interf_io-run8,100001,5000000.0,3000000.0,593366.0,-4406634.0,367.0,1000000.0,44009,86346188792639,594037.0,69359839.0,68765802.0,True
interference,host,host_cpu3-interf_io-run8,100001,5000000.0,3000000.0,593366.0,-4406634.0,367.0,1000000.0,48105,86366668792639,593477.0,60783180.0,60189703.0,True
interference,host,host_cpu3-interf_io-run8,100001,5000000.0,3000000.0,593366.0,-4406634.0,367.0,1000000.0,49090,86371593792639,594028.0,42354619.0,41760591.0,True
interference,host,host_cpu3-interf_io-run8,100001,5000000.0,3000000.0,593366.0,-4406634.0,367.0,1000000.0,50152,86376903792639,593035.0,53239555.0,52646520.0,True
interference,host,host_cpu3-interf_io-run8,100001,5000000.0,3000000.0,593366.0,-4406634.0,367.0,1000000.0,53186,86392073792639,592919.0,45163040.0,44570121.0,True
interference,host,host_cpu3-interf_io-run8,100001,5000000.0,3000000.0,593366.0,-4406634.0,367.0,1000000.0,54171,86396998792639,593419.0,92677239.0,92083820.0,True
interference,host,host_cpu3-interf_io-run8,100001,5000000.0,3000000.0,593366.0,-4406634.0,367.0,1000000.0,56294,86407613792639,592968.0,304670938.0,304077970.0,True
interference,host,host_cpu3-interf_io-run8,100001,5000000.0,3000000.0,593366.0,-4406634.0,367.0,1000000.0,58642,86419353792639,593103.0,74154416.0,73561313.0,True
interference,host,host_cpu3-interf_io-run8,100001,5000000.0,3000000.0,593366.0,-4406634.0,367.0,1000000.0,60689,86429588792639,593095.0,40283108.0,39690013.0,True
interference,host,host_cpu3-interf_io-run8,100001,5000000.0,3000000.0,593366.0,-4406634.0,367.0,1000000.0,64709,86449688792639,593804.0,9709654.0,9115850.0,True
interference,host,host_cpu3-interf_io-run8,100001,5000000.0,3000000.0,593366.0,-4406634.0,367.0,1000000.0,66302,86457653792639,593484.0,225872808.0,225279324.0,True
interference,host,host_cpu3-interf_io-run8,100001,5000000.0,3000000.0,593366.0,-4406634.0,367.0,1000000.0,68423,86468258792639,593125.0,2042824.0,1449699.0,False
interference,host,host_cpu3-interf_io-run8,100001,5000000.0,3000000.0,593366.0,-4406634.0,367.0,1000000.0,70471,86478498792639,593105.0,128377905.0,127784800.0,True
interference,host,host_cpu3-interf_io-run8,100001,5000000.0,3000000.0,593366.0,-4406634.0,367.0,1000000.0,71607,86484178792639,593985.0,693888506.0,693294521.0,True
interference,host,host_cpu3-interf_io-run8,100001,5000000.0,3000000.0,593366.0,-4406634.0,367.0,1000000.0,72886,86490573792639,593326.0,1378562608.0,1377969282.0,True
interference,host,host_cpu3-interf_io-run8,100001,5000000.0,3000000.0,593366.0,-4406634.0,367.0,1000000.0,74226,86497273792639,593413.0,60160797.0,59567384.0,True
interference,host,host_cpu3-interf_io-run8,100001,5000000.0,3000000.0,593366.0,-4406634.0,367.0,1000000.0,79232,86522303792639,593197.0,16966212.0,16373015.0,True
interference,host,host_cpu3-interf_io-run8,100001,5000000.0,3000000.0,593366.0,-4406634.0,367.0,1000000.0,80597,86529128792639,593070.0,230247322.0,229654252.0,True
interference,host,host_cpu3-interf_io-run8,100001,5000000.0,3000000.0,593366.0,-4406634.0,367.0,1000000.0,80670,86529493792639,593065.0,207447643.0,206854578.0,True
interference,host,host_cpu3-interf_io-run8,100001,5000000.0,3000000.0,593366.0,-4406634.0,367.0,1000000.0,81198,86532133792639,593470.0,236756616.0,236163146.0,True
interference,host,host_cpu3-interf_io-run8,100001,5000000.0,3000000.0,593366.0,-4406634.0,367.0,1000000.0,82788,86540083792639,593136.0,178349431.0,177756295.0,True
interference,host,host_cpu3-interf_io-run8,100001,5000000.0,3000000.0,593366.0,-4406634.0,367.0,1000000.0,86048,86556383792639,593138.0,2675631159.0,2675038021.0,True
interference,host,host_cpu3-interf_io-run8,100001,5000000.0,3000000.0,593366.0,-4406634.0,367.0,1000000.0,88644,86569363792639,593452.0,120912925.0,120319473.0,True
interference,host,host_cpu3-interf_io-run8,100001,5000000.0,3000000.0,593366.0,-4406634.0,367.0,1000000.0,89629,86574288792639,593325.0,108400302.0,107806977.0,True
interference,host,host_cpu3-interf_io-run8,100001,5000000.0,3000000.0,593366.0,-4406634.0,367.0,1000000.0,94711,86599698792639,593196.0,228467367.0,227874171.0,True
interference,host,host_cpu3-interf_io-run8,100001,5000000.0,3000000.0,593366.0,-4406634.0,367.0,1000000.0,97818,86615233792639,595027.0,777661853.0,777066826.0,True
interference,host,host_cpu3-interf_io-run8,100001,5000000.0,3000000.0,593366.0,-4406634.0,367.0,1000000.0,98943,86620858792639,593716.0,2260611290.0,2260017574.0,True
interference,host,host_cpu3-interf_io-run9,100001,5000000.0,3000000.0,605409.5,-4394590.5,617.0,1000000.0,1257,88366596549521,605560.0,53401195.0,52795635.0,True
interference,host,host_cpu3-interf_io-run9,100001,5000000.0,3000000.0,605409.5,-4394590.5,617.0,1000000.0,2261,88371616549521,606296.0,97665367.0,97059071.0,True
interference,host,host_cpu3-interf_io-run9,100001,5000000.0,3000000.0,605409.5,-4394590.5,617.0,1000000.0,4270,88381661549521,604839.0,31250674.0,30645835.0,True
interference,host,host_cpu3-interf_io-run9,100001,5000000.0,3000000.0,605409.5,-4394590.5,617.0,1000000.0,7825,88399436549521,605721.0,142928819.0,142323098.0,True
interference,host,host_cpu3-interf_io-run9,100001,5000000.0,3000000.0,605409.5,-4394590.5,617.0,1000000.0,10518,88412901549521,605009.0,569461951.0,568856942.0,True
interference,host,host_cpu3-interf_io-run9,100001,5000000.0,3000000.0,605409.5,-4394590.5,617.0,1000000.0,11647,88418546549521,605352.0,2045849969.0,2045244617.0,True
interference,host,host_cpu3-interf_io-run9,100001,5000000.0,3000000.0,605409.5,-4394590.5,617.0,1000000.0,12667,88423646549521,605845.0,206066296.0,205460451.0,True
interference,host,host_cpu3-interf_io-run9,100001,5000000.0,3000000.0,605409.5,-4394590.5,617.0,1000000.0,13726,88428941549521,605264.0,109909141.0,109303877.0,True
interference,host,host_cpu3-interf_io-run9,100001,5000000.0,3000000.0,605409.5,-4394590.5,617.0,1000000.0,14863,88434626549521,606361.0,223085504.0,222479143.0,True
interference,host,host_cpu3-interf_io-run9,100001,5000000.0,3000000.0,605409.5,-4394590.5,617.0,1000000.0,16908,88444851549521,605731.0,82398454.0,81792723.0,True
interference,host,host_cpu3-interf_io-run9,100001,5000000.0,3000000.0,605409.5,-4394590.5,617.0,1000000.0,18956,88455091549521,605080.0,32266616.0,31661536.0,True
interference,host,host_cpu3-interf_io-run9,100001,5000000.0,3000000.0,605409.5,-4394590.5,617.0,1000000.0,19638,88458501549521,606409.0,202688188.0,202081779.0,True
interference,host,host_cpu3-interf_io-run9,100001,5000000.0,3000000.0,605409.5,-4394590.5,617.0,1000000.0,20849,88464556549521,605172.0,261970945.0,261365773.0,True
interference,host,host_cpu3-interf_io-run9,100001,5000000.0,3000000.0,605409.5,-4394590.5,617.0,1000000.0,23728,88478951549521,604716.0,203894782.0,203290066.0,True
interference,host,host_cpu3-interf_io-run9,100001,5000000.0,3000000.0,605409.5,-4394590.5,617.0,1000000.0,30932,88514971549521,605004.0,1592763187.0,1592158183.0,True
interference,host,host_cpu3-interf_io-run9,100001,5000000.0,3000000.0,605409.5,-4394590.5,617.0,1000000.0,31811,88519366549521,604794.0,59090469.0,58485675.0,True
interference,host,host_cpu3-interf_io-run9,100001,5000000.0,3000000.0,605409.5,-4394590.5,617.0,1000000.0,35148,88536051549521,606098.0,116203770.0,115597672.0,True
interference,host,host_cpu3-interf_io-run9,100001,5000000.0,3000000.0,605409.5,-4394590.5,617.0,1000000.0,36133,88540976549521,606440.0,215966004.0,215359564.0,True
interference,host,host_cpu3-interf_io-run9,100001,5000000.0,3000000.0,605409.5,-4394590.5,617.0,1000000.0,38254,88551581549521,605688.0,838582590.0,837976902.0,True
interference,host,host_cpu3-interf_io-run9,100001,5000000.0,3000000.0,605409.5,-4394590.5,617.0,1000000.0,40289,88561756549521,605118.0,60385003.0,59779885.0,True
interference,host,host_cpu3-interf_io-run9,100001,5000000.0,3000000.0,605409.5,-4394590.5,617.0,1000000.0,41274,88566681549521,605095.0,109706658.0,109101563.0,True
interference,host,host_cpu3-interf_io-run9,100001,5000000.0,3000000.0,605409.5,-4394590.5,617.0,1000000.0,44308,88581851549521,604775.0,32884875.0,32280100.0,True
interference,host,host_cpu3-interf_io-run9,100001,5000000.0,3000000.0,605409.5,-4394590.5,617.0,1000000.0,44914,88584881549521,604895.0,91641243.0,91036348.0,True
interference,host,host_cpu3-interf_io-run9,100001,5000000.0,3000000.0,605409.5,-4394590.5,617.0,1000000.0,45141,88586016549521,604892.0,92328533.0,91723641.0,True
interference,host,host_cpu3-interf_io-run9,100001,5000000.0,3000000.0,605409.5,-4394590.5,617.0,1000000.0,47188,88596251549521,605911.0,82598587.0,81992676.0,True
interference,host,host_cpu3-interf_io-run9,100001,5000000.0,3000000.0,605409.5,-4394590.5,617.0,1000000.0,54318,88631901549521,606486.0,19873644.0,19267158.0,True
interference,host,host_cpu3-interf_io-run9,100001,5000000.0,3000000.0,605409.5,-4394590.5,617.0,1000000.0,57959,88650106549521,605676.0,47167487.0,46561811.0,True
interference,host,host_cpu3-interf_io-run9,100001,5000000.0,3000000.0,605409.5,-4394590.5,617.0,1000000.0,58186,88651241549521,604820.0,193493504.0,192888684.0,True
interference,host,host_cpu3-interf_io-run9,100001,5000000.0,3000000.0,605409.5,-4394590.5,617.0,1000000.0,59245,88656536549521,604833.0,8498801.0,7893968.0,True
interference,host,host_cpu3-interf_io-run9,100001,5000000.0,3000000.0,605409.5,-4394590.5,617.0,1000000.0,60232,88661471549521,604862.0,185682617.0,185077755.0,True
interference,host,host_cpu3-interf_io-run9,100001,5000000.0,3000000.0,605409.5,-4394590.5,617.0,1000000.0,61367,88667146549521,604932.0,225471494.0,224866562.0,True
interference,host,host_cpu3-interf_io-run9,100001,5000000.0,3000000.0,605409.5,-4394590.5,617.0,1000000.0,62426,88672441549521,604987.0,211111779.0,210506792.0,True
interference,host,host_cpu3-interf_io-run9,100001,5000000.0,3000000.0,605409.5,-4394590.5,617.0,1000000.0,64471,88682666549521,608533.0,182931637.0,182323104.0,True
interference,host,host_cpu3-interf_io-run9,100001,5000000.0,3000000.0,605409.5,-4394590.5,617.0,1000000.0,66517,88692896549521,605241.0,127300208.0,126694967.0,True
interference,host,host_cpu3-interf_io-run9,100001,5000000.0,3000000.0,605409.5,-4394590.5,617.0,1000000.0,67502,88697821549521,604916.0,75565797.0,74960881.0,True
interference,host,host_cpu3-interf_io-run9,100001,5000000.0,3000000.0,605409.5,-4394590.5,617.0,1000000.0,72584,88723231549521,605282.0,72823592.0,72218310.0,True
interference,host,host_cpu3-interf_io-run9,100001,5000000.0,3000000.0,605409.5,-4394590.5,617.0,1000000.0,73038,88725501549521,605325.0,105189376.0,104584051.0,True
interference,host,host_cpu3-interf_io-run9,100001,5000000.0,3000000.0,605409.5,-4394590.5,617.0,1000000.0,75085,88735736549521,604624.0,73119766.0,72515142.0,True
interference,host,host_cpu3-interf_io-run9,100001,5000000.0,3000000.0,605409.5,-4394590.5,617.0,1000000.0,80167,88761146549521,604862.0,148379909.0,147775047.0,True
interference,host,host_cpu3-interf_io-run9,100001,5000000.0,3000000.0,605409.5,-4394590.5,617.0,1000000.0,84261,88781616549521,606986.0,88401960.0,87794974.0,True
interference,host,host_cpu3-interf_io-run9,100001,5000000.0,3000000.0,605409.5,-4394590.5,617.0,1000000.0,85247,88786546549521,605860.0,57134769.0,56528909.0,True
interference,host,host_cpu3-interf_io-run9,100001,5000000.0,3000000.0,605409.5,-4394590.5,617.0,1000000.0,86839,88794506549521,604934.0,88887962.0,88283028.0,True
interference,host,host_cpu3-interf_io-run9,100001,5000000.0,3000000.0,605409.5,-4394590.5,617.0,1000000.0,87142,88796021549521,605585.0,49599701.0,48994116.0,True
interference,host,host_cpu3-interf_io-run9,100001,5000000.0,3000000.0,605409.5,-4394590.5,617.0,1000000.0,87293,88796776549521,607110.0,76587599.0,75980489.0,True
interference,host,host_cpu3-interf_io-run9,100001,5000000.0,3000000.0,605409.5,-4394590.5,617.0,1000000.0,88355,88802086549521,604940.0,14427520.0,13822580.0,True
interference,host,host_cpu3-interf_io-run9,100001,5000000.0,3000000.0,605409.5,-4394590.5,617.0,1000000.0,91389,88817256549521,605295.0,230931332.0,230326037.0,True
interference,host,host_cpu3-interf_io-run9,100001,5000000.0,3000000.0,605409.5,-4394590.5,617.0,1000000.0,93434,88827481549521,604840.0,116327456.0,115722616.0,True
interference,host,host_cpu3-interf_io-run9,100001,5000000.0,3000000.0,605409.5,-4394590.5,617.0,1000000.0,96467,88842646549521,605854.0,191291839.0,190685985.0,True
interference,host,host_cpu3-interf_io-run9,100001,5000000.0,3000000.0,605409.5,-4394590.5,617.0,1000000.0,99498,88857801549521,605058.0,137968521.0,137363463.0,True
