condition,environment,run,n,period_ns,deadline_ns,baseline_response_ns,expected_recovery_slope_ns_per_activation,delta_mad_ns,shock_threshold_ns,episode_id,start_index,end_index,peak_index,start_release_ns,end_release_ns,activations,duration_us,peak_response_ns,onset_jump_ns,shocks_inside_episode,recovery_activations,observed_recovery_slope_ns_per_activation,recovery_slope_error_ns,recovery_r2,fraction_recovery_steps_near_expected,excess_latency_area_ns
interference,container,docker_cpu3-interf_io-run1,100001,5000000.0,3000000.0,606712.0,-4393288.0,432.0,1000000.0,1,2803,2804,2803,75396753584255,75396758584255,2,10000.0,9120787.0,8515097.0,1,2,-4389989.000000002,3298.9999999981374,1.0,1.0,7851585.0
interference,container,docker_cpu3-interf_io-run1,100001,5000000.0,3000000.0,606712.0,-4393288.0,432.0,1000000.0,2,44351,44351,44351,75604493584255,75604493584255,1,5000.0,6492444.0,5886744.0,1,1,,,,,3492444.0
interference,container,docker_cpu3-interf_io-run1,100001,5000000.0,3000000.0,606712.0,-4393288.0,432.0,1000000.0,3,47764,47764,47764,75621558584255,75621558584255,1,5000.0,3118390.0,2511006.0,1,1,,,,,118390.0
interference,container,docker_cpu3-interf_io-run1,100001,5000000.0,3000000.0,606712.0,-4393288.0,432.0,1000000.0,4,80229,80230,80229,75783883584255,75783888584255,2,10000.0,11706561.0,11101113.0,1,2,-4392939.0,349.0,1.0,1.0,13020183.0
interference,container,docker_cpu3-interf_io-run10,100001,5000000.0,3000000.0,598491.0,-4401509.0,130.0,1000000.0,1,80,109,80,90997814726762,90997959726762,30,150000.0,132084659.0,131486166.0,1,30,-4398800.568854288,2708.431145711802,0.9999999994185298,1.0,1959163191.0
interference,container,docker_cpu3-interf_io-run10,100001,5000000.0,3000000.0,598491.0,-4401509.0,130.0,1000000.0,2,158,184,158,90998204726762,90998334726762,27,135000.0,120862890.0,120264331.0,1,27,-4398801.39133089,2707.6086691096425,0.9999999996294449,1.0,1638323690.0
interference,container,docker_cpu3-interf_io-run10,100001,5000000.0,3000000.0,598491.0,-4401509.0,130.0,1000000.0,3,1332,1709,1332,91004074726762,91005959726762,378,1890000.0,1663389023.0,1662790674.0,1,378,-4398465.585638112,3043.4143618876114,0.9999999997377518,1.0,314214903328.0
interference,container,docker_cpu3-interf_io-run10,100001,5000000.0,3000000.0,598491.0,-4401509.0,130.0,1000000.0,4,1917,1917,1917,91006999726762,91006999726762,1,5000.0,5405453.0,4806992.0,1,1,,,,,2405453.0
interference,container,docker_cpu3-interf_io-run10,100001,5000000.0,3000000.0,598491.0,-4401509.0,130.0,1000000.0,5,2999,3091,2999,91012409726762,91012869726762,93,465000.0,407841955.0,407243658.0,1,93,-4398768.867461425,2740.1325385747477,0.9999999996181456,1.0,18832188264.0
interference,container,docker_cpu3-interf_io-run10,100001,5000000.0,3000000.0,598491.0,-4401509.0,130.0,1000000.0,6,7166,7175,7166,91033244726762,91033289726762,10,50000.0,44465653.0,43867153.0,1,10,-4398897.109090908,2611.8909090915695,0.9999999975795134,1.0,216700501.0
interference,container,docker_cpu3-interf_io-run10,100001,5000000.0,3000000.0,598491.0,-4401509.0,130.0,1000000.0,7,9175,9215,9175,91043289726762,91043489726762,41,205000.0,181421639.0,180823262.0,1,41,-4398700.420209057,2808.579790943302,0.999999999461873,1.0,3708300548.0
interference,container,docker_cpu3-interf_io-run10,100001,5000000.0,3000000.0,598491.0,-4401509.0,130.0,1000000.0,8,10174,10190,10174,91048284726762,91048364726762,17,85000.0,77319046.0,76720717.0,1,17,-4398847.6127451,2661.387254900299,0.9999999990914615,1.0,665171117.0
interference,container,docker_cpu3-interf_io-run10,100001,5000000.0,3000000.0,598491.0,-4401509.0,130.0,1000000.0,9,11615,11615,11615,91055489726762,91055489726762,1,5000.0,3271490.0,2672950.0,1,1,,,,,271490.0
interference,container,docker_cpu3-interf_io-run10,100001,5000000.0,3000000.0,598491.0,-4401509.0,130.0,1000000.0,10,13284,13314,13284,91063834726762,91063984726762,31,155000.0,136012742.0,135414216.0,1,31,-4398858.050403227,2650.9495967729017,0.9999999996124498,1.0,2077995928.0
interference,container,docker_cpu3-interf_io-run10,100001,5000000.0,3000000.0,598491.0,-4401509.0,130.0,1000000.0,11,14420,14781,14420,91069514726762,91071319726762,362,1810000.0,1592463378.0,1591864764.0,1,362,-4398724.942467495,2784.0575325051323,0.9999999999700164,1.0,287966660600.0
interference,container,docker_cpu3-interf_io-run10,100001,5000000.0,3000000.0,598491.0,-4401509.0,130.0,1000000.0,12,17954,17960,17954,91087184726762,91087214726762,7,35000.0,32886863.0,32288394.0,1,7,-4398548.357142857,2960.642857142724,0.9999999925076323,1.0,116845982.0
interference,container,docker_cpu3-interf_io-run10,100001,5000000.0,3000000.0,598491.0,-4401509.0,130.0,1000000.0,13,20002,20024,20002,91097424726762,91097534726762,23,115000.0,102957409.0,102357332.0,1,23,-4398824.733201582,2684.2667984180152,0.9999999992526983,1.0,1186163878.0
interference,container,docker_cpu3-interf_io-run10,100001,5000000.0,3000000.0,598491.0,-4401509.0,130.0,1000000.0,14,24173,24217,24173,91118279726762,91118499726762,45,225000.0,199984249.0,199385866.0,1,45,-4398872.880237152,2636.1197628481314,0.9999999998318537,1.0,4509515749.0
interference,container,docker_cpu3-interf_io-run10,100001,5000000.0,3000000.0,598491.0,-4401509.0,130.0,1000000.0,15,26218,26239,26218,91128504726762,91128609726762,22,110000.0,97393563.0,96794947.0,1,22,-4398412.82100508,3096.1789949201047,0.9999999990649537,1.0,1060610754.0
interference,container,docker_cpu3-interf_io-run10,100001,5000000.0,3000000.0,598491.0,-4401509.0,130.0,1000000.0,16,27355,27619,27355,91134189726762,91135509726762,265,1325000.0,1164678009.0,1164079601.0,1,265,-4398712.596887373,2796.4031126266345,0.9999999999575279,1.0,153976892697.0
interference,container,docker_cpu3-interf_io-run10,100001,5000000.0,3000000.0,598491.0,-4401509.0,130.0,1000000.0,17,28701,29079,28701,91140919726762,91142809726762,379,1895000.0,1669295613.0,1668697171.0,1,379,-4398727.098227537,2781.901772462763,0.9999999999831356,1.0,316439305817.0
interference,container,docker_cpu3-interf_io-run10,100001,5000000.0,3000000.0,598491.0,-4401509.0,130.0,1000000.0,18,32081,32085,32081,91157819726762,91157839726762,5,25000.0,22416622.0,21818081.0,1,5,-4399027.500000002,2481.4999999981374,0.9999999917863888,1.0,53090326.0
interference,container,docker_cpu3-interf_io-run10,100001,5000000.0,3000000.0,598491.0,-4401509.0,130.0,1000000.0,19,34129,34131,34129,91168059726762,91168069726762,3,15000.0,14063047.0,13464530.0,1,3,-4398985.499999999,2523.5000000009313,0.9999999745502454,1.0,19993400.0
interference,container,docker_cpu3-interf_io-run10,100001,5000000.0,3000000.0,598491.0,-4401509.0,130.0,1000000.0,20,35115,35151,35115,91172989726762,91173169726762,37,185000.0,162936011.0,162337671.0,1,37,-4398850.164295872,2658.835704128258,0.9999999997271981,1.0,2988085909.0
interference,container,docker_cpu3-interf_io-run10,100001,5000000.0,3000000.0,598491.0,-4401509.0,130.0,1000000.0,21,35341,35355,35341,91174119726762,91174189726762,15,75000.0,67071043.0,66472654.0,1,15,-4398770.464285714,2738.5357142863795,0.9999999974879976,1.0,499231701.0
interference,container,docker_cpu3-interf_io-run10,100001,5000000.0,3000000.0,598491.0,-4401509.0,130.0,1000000.0,22,36251,36290,36251,91178669726762,91178864726762,40,200000.0,175994713.0,175396267.0,1,40,-4398578.028236396,2930.9717636043206,0.9999999997288486,1.0,3488935567.0
interference,container,docker_cpu3-interf_io-run10,100001,5000000.0,3000000.0,598491.0,-4401509.0,130.0,1000000.0,23,38297,38324,38297,91188899726762,91189034726762,28,140000.0,123214691.0,122616128.0,1,28,-4398815.325670496,2693.6743295043707,0.9999999994721362,1.0,1703330144.0
interference,container,docker_cpu3-interf_io-run10,100001,5000000.0,3000000.0,598491.0,-4401509.0,130.0,1000000.0,24,39206,39238,39206,91193444726762,91193604726762,33,165000.0,145171711.0,144573234.0,1,33,-4398847.625668447,2661.3743315525353,0.9999999996518756,1.0,2369157059.0
interference,container,docker_cpu3-interf_io-run10,100001,5000000.0,3000000.0,598491.0,-4401509.0,130.0,1000000.0,25,40266,40279,40266,91198744726762,91198809726762,14,70000.0,63562659.0,62964320.0,1,14,-4398847.742857143,2661.257142856717,0.9999999987408046,1.0,447575973.0
interference,container,docker_cpu3-interf_io-run10,100001,5000000.0,3000000.0,598491.0,-4401509.0,130.0,1000000.0,26,43300,43317,43300,91213914726762,91213999726762,18,90000.0,79069074.0,78468994.0,1,18,-4398870.318885449,2638.68111455068,0.9999999991185259,1.0,696210841.0
interference,container,docker_cpu3-interf_io-run10,100001,5000000.0,3000000.0,598491.0,-4401509.0,130.0,1000000.0,27,45575,45592,45575,91225289726762,91225374726762,18,90000.0,81892907.0,81294510.0,1,18,-4398814.751289988,2694.2487100120634,0.9999999988013993,1.0,747086828.0
interference,container,docker_cpu3-interf_io-run10,100001,5000000.0,3000000.0,598491.0,-4401509.0,130.0,1000000.0,28,46560,46573,46560,91230214726762,91230279726762,14,70000.0,64303921.0,63705613.0,1,14,-4398883.578021979,2625.4219780210406,0.9999999986458985,1.0,457948810.0
interference,container,docker_cpu3-interf_io-run10,100001,5000000.0,3000000.0,598491.0,-4401509.0,130.0,1000000.0,29,49366,49396,49366,91244244726762,91244394726762,31,155000.0,135851191.0,135252582.0,1,31,-4398212.331451615,3296.6685483846813,0.9999999990922261,1.0,2073179295.0
interference,container,docker_cpu3-interf_io-run10,100001,5000000.0,3000000.0,598491.0,-4401509.0,130.0,1000000.0,30,49592,49592,49592,91245374726762,91245374726762,1,5000.0,4837036.0,4237945.0,1,1,,,,,1837036.0
interference,container,docker_cpu3-interf_io-run10,100001,5000000.0,3000000.0,598491.0,-4401509.0,130.0,1000000.0,31,50654,50654,50654,91250684726762,91250684726762,1,5000.0,3332677.0,2734302.0,1,1,,,,,332677.0
interference,container,docker_cpu3-interf_io-run10,100001,5000000.0,3000000.0,598491.0,-4401509.0,130.0,1000000.0,32,51640,51641,51640,91255614726762,91255619726762,2,10000.0,9166344.0,8567854.0,1,2,-4398029.999999999,3479.0000000009313,1.0,1.0,7934658.0
interference,container,docker_cpu3-interf_io-run10,100001,5000000.0,3000000.0,598491.0,-4401509.0,130.0,1000000.0,33,52702,52710,52702,91260924726762,91260964726762,9,45000.0,40958082.0,40359506.0,1,9,-4398786.666666669,2722.3333333311602,0.9999999971611622,1.0,183270532.0
interference,container,docker_cpu3-interf_io-run10,100001,5000000.0,3000000.0,598491.0,-4401509.0,130.0,1000000.0,34,54750,54775,54750,91271164726762,91271289726762,26,130000.0,113806646.0,113208306.0,1,26,-4398832.042051284,2676.9579487163574,0.9999999996106015,1.0,1451357245.0
interference,container,docker_cpu3-interf_io-run10,100001,5000000.0,3000000.0,598491.0,-4401509.0,130.0,1000000.0,35,55735,55748,55735,91276089726762,91276154726762,14,70000.0,62370179.0,61771464.0,1,14,-4398913.929670329,2595.0703296707943,0.9999999986545474,1.0,430871722.0
interference,container,docker_cpu3-interf_io-run10,100001,5000000.0,3000000.0,598491.0,-4401509.0,130.0,1000000.0,36,56796,56796,56796,91281394726762,91281394726762,1,5000.0,6100551.0,5501966.0,1,1,,,,,3100551.0
interference,container,docker_cpu3-interf_io-run10,100001,5000000.0,3000000.0,598491.0,-4401509.0,130.0,1000000.0,37,57783,57818,57783,91286329726762,91286504726762,36,180000.0,160139916.0,159541459.0,1,36,-4398859.998455596,2649.0015444038436,0.9999999996844416,1.0,2885857010.0
interference,container,docker_cpu3-interf_io-run10,100001,5000000.0,3000000.0,598491.0,-4401509.0,130.0,1000000.0,38,59829,59840,59829,91296559726762,91296614726762,12,60000.0,53666616.0,53068027.0,1,12,-4398532.027972026,2976.9720279742032,0.9999999971616208,1.0,317683442.0
interference,container,docker_cpu3-interf_io-run10,100001,5000000.0,3000000.0,598491.0,-4401509.0,130.0,1000000.0,39,60814,60849,60814,91301484726762,91301659726762,36,180000.0,158610339.0,158011876.0,1,36,-4398836.614285712,2672.3857142878696,0.9999999997923368,1.0,2830696421.0
interference,container,docker_cpu3-interf_io-run10,100001,5000000.0,3000000.0,598491.0,-4401509.0,130.0,1000000.0,40,72115,72158,72115,91357989726762,91358204726762,44,220000.0,193918592.0,193320200.0,1,44,-4398856.801409438,2652.1985905617476,0.9999999998405592,1.0,4239190548.0
interference,container,docker_cpu3-interf_io-run10,100001,5000000.0,3000000.0,598491.0,-4401509.0,130.0,1000000.0,41,74388,74409,74388,91369354726762,91369459726762,22,110000.0,99213867.0,98615481.0,1,22,-4398496.271597967,3012.728402033448,0.9999999988398038,1.0,1100703873.0
interference,container,docker_cpu3-interf_io-run10,100001,5000000.0,3000000.0,598491.0,-4401509.0,130.0,1000000.0,42,75449,75860,75449,91374659726762,91376714726762,412,2060000.0,1814138838.0,1813538766.0,1,412,-4398731.764135804,2777.2358641959727,0.9999999999809983,1.0,373766602267.0
interference,container,docker_cpu3-interf_io-run10,100001,5000000.0,3000000.0,598491.0,-4401509.0,130.0,1000000.0,43,76854,77282,76854,91381684726762,91383824726762,429,2145000.0,1885932811.0,1885334331.0,1,429,-4398586.421835478,2922.578164521605,0.999999999958919,1.0,403959404817.0
interference,container,docker_cpu3-interf_io-run10,100001,5000000.0,3000000.0,598491.0,-4401509.0,130.0,1000000.0,44,77877,77894,77877,91386799726762,91386884726762,18,90000.0,79487625.0,78889130.0,1,18,-4398867.136222907,2641.863777092658,0.9999999992266363,1.0,703743555.0
interference,container,docker_cpu3-interf_io-run10,100001,5000000.0,3000000.0,598491.0,-4401509.0,130.0,1000000.0,45,78939,78960,78939,91392109726762,91392214726762,22,110000.0,98030306.0,97431873.0,1,22,-4398783.918125351,2725.0818746490404,0.9999999992424298,1.0,1074589231.0
interference,container,docker_cpu3-interf_io-run10,100001,5000000.0,3000000.0,598491.0,-4401509.0,130.0,1000000.0,46,80000,80227,80000,91397414726762,91398549726762,228,1140000.0,1005791736.0,1005191732.0,1,228,-4398713.962462425,2795.037537574768,0.9999999999407886,1.0,114805740290.0
interference,container,docker_cpu3-interf_io-run10,100001,5000000.0,3000000.0,598491.0,-4401509.0,130.0,1000000.0,47,83245,83292,83245,91413639726762,91413874726762,48,240000.0,211435630.0,210837103.0,1,48,-4398791.153875384,2717.8461246164516,0.9999999998679932,1.0,5043012913.0
interference,container,docker_cpu3-interf_io-run10,100001,5000000.0,3000000.0,598491.0,-4401509.0,130.0,1000000.0,48,85973,86002,85973,91427279726762,91427424726762,30,150000.0,132676771.0,132078274.0,1,30,-4398862.207341494,2646.7926585059613,0.9999999997026221,1.0,1976810456.0
interference,container,docker_cpu3-interf_io-run10,100001,5000000.0,3000000.0,598491.0,-4401509.0,130.0,1000000.0,49,86655,86706,86655,91430689726762,91430944726762,52,260000.0,228043572.0,227445178.0,1,52,-4398863.791513701,2645.2084862990305,0.9999999998531754,1.0,5869501456.0
interference,container,docker_cpu3-interf_io-run10,100001,5000000.0,3000000.0,598491.0,-4401509.0,130.0,1000000.0,50,87790,88178,87790,91436364726762,91438304726762,389,1945000.0,1711898658.0,1711300253.0,1,389,-4398722.132422341,2786.867577658966,0.9999999999793536,1.0,332807396940.0
interference,container,docker_cpu3-interf_io-run10,100001,5000000.0,3000000.0,598491.0,-4401509.0,130.0,1000000.0,51,89197,89597,89197,91443399726762,91445399726762,401,2005000.0,1763709983.0,1763111471.0,1,401,-4398734.738593997,2774.261406002566,0.9999999999777268,1.0,353264680455.0
interference,container,docker_cpu3-interf_io-run10,100001,5000000.0,3000000.0,598491.0,-4401509.0,130.0,1000000.0,52,90603,91024,90603,91450429726762,91452534726762,422,2110000.0,1856959296.0,1856360746.0,1,422,-4398649.897273816,2859.1027261838317,0.9999999999589959,1.0,391633475903.0
interference,container,docker_cpu3-interf_io-run10,100001,5000000.0,3000000.0,598491.0,-4401509.0,130.0,1000000.0,53,91551,91611,91551,91455169726762,91455469726762,61,305000.0,269942158.0,269343515.0,1,61,-4398593.2878371235,2915.7121628765017,0.9999999998619611,1.0,8234226335.0
interference,container,docker_cpu3-interf_io-run10,100001,5000000.0,3000000.0,598491.0,-4401509.0,130.0,1000000.0,54,93596,93615,93596,91465394726762,91465489726762,20,100000.0,87544136.0,86945810.0,1,20,-4398816.232330828,2692.767669172026,0.9999999993433062,1.0,855098603.0
interference,container,docker_cpu3-interf_io-run10,100001,5000000.0,3000000.0,598491.0,-4401509.0,130.0,1000000.0,55,94657,94683,94657,91470699726762,91470829726762,27,135000.0,119235043.0,118636594.0,1,27,-4398829.938949939,2679.0610500611365,0.9999999994513626,1.0,1594421957.0
interference,container,docker_cpu3-interf_io-run10,100001,5000000.0,3000000.0,598491.0,-4401509.0,130.0,1000000.0,56,95718,96105,95718,91476004726762,91477939726762,388,1940000.0,1708790296.0,1708191822.0,1,388,-4398728.791020118,2780.2089798823,0.9999999999789458,1.0,331597609783.0
interference,container,docker_cpu3-interf_io-run10,100001,5000000.0,3000000.0,598491.0,-4401509.0,130.0,1000000.0,57,96746,96782,96746,91481144726762,91481324726762,37,185000.0,161370992.0,160772513.0,1,37,-4398826.328828826,2682.6711711743847,0.9999999997856545,1.0,2930080772.0
interference,container,docker_cpu3-interf_io-run10,100001,5000000.0,3000000.0,598491.0,-4401509.0,130.0,1000000.0,58,98792,98797,98792,91491374726762,91491399726762,6,30000.0,28971054.0,28372590.0,1,6,-4398834.457142856,2674.542857144028,0.999999993472783,1.0,89845708.0
interference,container,docker_cpu3-interf_io-run2,100001,5000000.0,3000000.0,599638.0,-4400362.0,419.0,1000000.0,1,32215,32216,32215,76554589675596,76554594675596,2,10000.0,7810104.0,7211281.0,1,2,-4397470.000000001,2891.9999999990687,1.0,1.0,5222738.0
interference,container,docker_cpu3-interf_io-run2,100001,5000000.0,3000000.0,599638.0,-4400362.0,419.0,1000000.0,2,44958,44958,44958,76618304675596,76618304675596,1,5000.0,5912253.0,5311767.0,1,1,,,,,2912253.0
interference,container,docker_cpu3-interf_io-run2,100001,5000000.0,3000000.0,599638.0,-4400362.0,419.0,1000000.0,3,69382,69382,69382,76740424675596,76740424675596,1,5000.0,4557943.0,3958315.0,1,1,,,,,1557943.0
interference,container,docker_cpu3-interf_io-run2,100001,5000000.0,3000000.0,599638.0,-4400362.0,419.0,1000000.0,4,94261,94261,94261,76864819675596,76864819675596,1,5000.0,4199150.0,3600008.0,1,1,,,,,1199150.0
interference,container,docker_cpu3-interf_io-run2,100001,5000000.0,3000000.0,599638.0,-4400362.0,419.0,1000000.0,5,97371,97372,97371,76880369675596,76880374675596,2,10000.0,8572024.0,7973375.0,1,2,-4400190.000000001,171.99999999906868,1.0,1.0,6743858.0
interference,container,docker_cpu3-interf_io-run2,100001,5000000.0,3000000.0,599638.0,-4400362.0,419.0,1000000.0,6,99040,99042,99040,76888714675596,76888724675596,3,15000.0,14524366.0,13924047.0,1,3,-4398599.499999998,1762.5000000018626,0.9999999652847191,1.0,21375880.0
interference,container,docker_cpu3-interf_io-run3,100001,5000000.0,3000000.0,603388.0,-4396612.0,121.0,1000000.0,1,14314,14327,14314,78068115100654,78068180100654,14,70000.0,62561046.0,61957922.0,1,14,-4391599.670329671,5012.329670328647,0.9999999897359252,1.0,434295070.0
interference,container,docker_cpu3-interf_io-run3,100001,5000000.0,3000000.0,603388.0,-4396612.0,121.0,1000000.0,2,18333,18341,18333,78088210100654,78088250100654,9,45000.0,40706503.0,40103328.0,1,9,-4391302.550000001,5309.449999999255,0.9999999684606385,1.0,181312380.0
interference,container,docker_cpu3-interf_io-run3,100001,5000000.0,3000000.0,603388.0,-4396612.0,121.0,1000000.0,3,23415,23416,23415,78113620100654,78113625100654,2,10000.0,7849698.0,7246494.0,1,2,-4386150.999999999,10461.000000000931,1.0,1.0,5313245.0
interference,container,docker_cpu3-interf_io-run3,100001,5000000.0,3000000.0,603388.0,-4396612.0,121.0,1000000.0,4,35248,35248,35248,78172785100654,78172785100654,1,5000.0,5755894.0,5152037.0,1,1,,,,,2755894.0
interference,container,docker_cpu3-interf_io-run3,100001,5000000.0,3000000.0,603388.0,-4396612.0,121.0,1000000.0,5,47612,47612,47612,78234605100654,78234605100654,1,5000.0,7138945.0,6535928.0,1,1,,,,,4138945.0
interference,container,docker_cpu3-interf_io-run3,100001,5000000.0,3000000.0,603388.0,-4396612.0,121.0,1000000.0,6,47915,47934,47915,78236120100654,78236215100654,20,100000.0,89658575.0,89055375.0,1,20,-4391690.918796992,4921.081203008071,0.9999999986086106,1.0,898805116.0
interference,container,docker_cpu3-interf_io-run3,100001,5000000.0,3000000.0,603388.0,-4396612.0,121.0,1000000.0,7,56031,56031,56031,78276700100654,78276700100654,1,5000.0,3228309.0,2625212.0,1,1,,,,,228309.0
interference,container,docker_cpu3-interf_io-run3,100001,5000000.0,3000000.0,603388.0,-4396612.0,121.0,1000000.0,8,96763,96763,96763,78480360100654,78480360100654,1,5000.0,4521548.0,3918436.0,1,1,,,,,1521548.0
interference,container,docker_cpu3-interf_io-run3,100001,5000000.0,3000000.0,603388.0,-4396612.0,121.0,1000000.0,9,97901,97901,97901,78486050100654,78486050100654,1,5000.0,4415136.0,3811584.0,1,1,,,,,1415136.0
interference,container,docker_cpu3-interf_io-run4,100001,5000000.0,3000000.0,603144.0,-4396856.0,90.0,1000000.0,1,1102,1130,1102,79096683074299,79096823074299,29,145000.0,126316723.0,125713645.0,1,29,-4391891.502463055,4964.497536945157,0.999999999692541,1.0,1793049807.0
interference,container,docker_cpu3-interf_io-run4,100001,5000000.0,3000000.0,603144.0,-4396856.0,90.0,1000000.0,2,2106,2148,2106,79101703074299,79101913074299,43,215000.0,189645974.0,189042946.0,1,43,-4391839.0463606175,5016.9536393824965,0.9999999996854623,1.0,4060135433.0
interference,container,docker_cpu3-interf_io-run4,100001,5000000.0,3000000.0,603144.0,-4396856.0,90.0,1000000.0,3,3108,3152,3108,79106713074299,79106933074299,45,225000.0,197097988.0,196494935.0,1,45,-4391883.353491435,4972.646508565173,0.9999999998662947,1.0,4386412998.0
interference,container,docker_cpu3-interf_io-run4,100001,5000000.0,3000000.0,603144.0,-4396856.0,90.0,1000000.0,4,4265,4296,4265,79112498074299,79112653074299,32,160000.0,141934375.0,141331193.0,1,32,-4391849.374083574,5006.62591642607,0.9999999997400739,1.0,2267524547.0
interference,container,docker_cpu3-interf_io-run4,100001,5000000.0,3000000.0,603144.0,-4396856.0,90.0,1000000.0,5,6427,6461,6427,79123308074299,79123478074299,35,175000.0,154186920.0,153583778.0,1,35,-4391673.557142856,5182.4428571444005,0.9999999994976055,1.0,2678535104.0
interference,container,docker_cpu3-interf_io-run4,100001,5000000.0,3000000.0,603144.0,-4396856.0,90.0,1000000.0,6,6658,6668,6658,79124463074299,79124513074299,11,55000.0,48334861.0,47731774.0,1,11,-4391261.163636362,5594.83636363782,0.9999999955355712,1.0,257176509.0
interference,container,docker_cpu3-interf_io-run4,100001,5000000.0,3000000.0,603144.0,-4396856.0,90.0,1000000.0,7,8435,8495,8435,79133348074299,79133648074299,61,305000.0,269111797.0,268508646.0,1,61,-4391900.537810682,4955.462189317681,0.9999999999189122,1.0,8195637374.0
interference,container,docker_cpu3-interf_io-run4,100001,5000000.0,3000000.0,603144.0,-4396856.0,90.0,1000000.0,8,9513,9541,9513,79138738074299,79138878074299,29,145000.0,126508499.0,125905231.0,1,29,-4391842.622167487,5013.377832513303,0.9999999996717738,1.0,1798685219.0
interference,container,docker_cpu3-interf_io-run4,100001,5000000.0,3000000.0,603144.0,-4396856.0,90.0,1000000.0,9,12555,12581,12555,79153948074299,79154078074299,27,135000.0,117484025.0,116880940.0,1,27,-4391847.470695971,5008.52930402942,0.9999999996350871,1.0,1549540821.0
interference,container,docker_cpu3-interf_io-run4,100001,5000000.0,3000000.0,603144.0,-4396856.0,90.0,1000000.0,10,15588,15610,15588,79169113074299,79169223074299,23,115000.0,102644384.0,102041305.0,1,23,-4391803.562252964,5052.437747036107,0.9999999983650036,1.0,1180792921.0
interference,container,docker_cpu3-interf_io-run4,100001,5000000.0,3000000.0,603144.0,-4396856.0,90.0,1000000.0,11,17711,17729,17711,79179728074299,79179818074299,19,95000.0,84648043.0,84044991.0,1,19,-4391529.985964917,5326.0140350833535,0.9999999979187726,1.0,800420792.0
interference,container,docker_cpu3-interf_io-run4,100001,5000000.0,3000000.0,603144.0,-4396856.0,90.0,1000000.0,12,21806,21851,21806,79200203074299,79200428074299,46,230000.0,204631295.0,204028133.0,1,46,-4391854.771877891,5001.228122108616,0.9999999997528123,1.0,4729657562.0
interference,container,docker_cpu3-interf_io-run4,100001,5000000.0,3000000.0,603144.0,-4396856.0,90.0,1000000.0,13,22866,22868,22866,79205503074299,79205513074299,3,15000.0,14388713.0,13785507.0,1,3,-4391795.0,5061.0,0.9999999608557831,1.0,20992259.0
interference,container,docker_cpu3-interf_io-run4,100001,5000000.0,3000000.0,603144.0,-4396856.0,90.0,1000000.0,14,24838,24857,24838,79215363074299,79215458074299,20,100000.0,89266221.0,88663185.0,1,20,-4391865.65413534,4990.345864660107,0.9999999993058939,1.0,890868176.0
interference,container,docker_cpu3-interf_io-run4,100001,5000000.0,3000000.0,603144.0,-4396856.0,90.0,1000000.0,15,28706,28802,28706,79234703074299,79235183074299,97,485000.0,426806860.0,426203820.0,1,97,-4391784.355065219,5071.644934780896,0.9999999996912637,1.0,20661488041.0
interference,container,docker_cpu3-interf_io-run4,100001,5000000.0,3000000.0,603144.0,-4396856.0,90.0,1000000.0,16,30140,30146,30140,79241873074299,79241903074299,7,35000.0,32479712.0,31876575.0,1,7,-4391810.714285716,5045.285714283586,0.9999999947990962,1.0,114131257.0
interference,container,docker_cpu3-interf_io-run4,100001,5000000.0,3000000.0,603144.0,-4396856.0,90.0,1000000.0,17,36208,36236,36208,79272213074299,79272353074299,29,145000.0,127531738.0,126928714.0,1,29,-4391868.0793103445,4987.920689655468,0.9999999996452203,1.0,1828343895.0
interference,container,docker_cpu3-interf_io-run4,100001,5000000.0,3000000.0,603144.0,-4396856.0,90.0,1000000.0,18,38179,38218,38179,79282068074299,79282263074299,40,200000.0,177980670.0,177377566.0,1,40,-4391670.949061913,5185.050938086584,0.9999999997123894,1.0,3573719999.0
interference,container,docker_cpu3-interf_io-run4,100001,5000000.0,3000000.0,603144.0,-4396856.0,90.0,1000000.0,19,39239,39246,39239,79287368074299,79287403074299,8,40000.0,36279555.0,35676397.0,1,8,-4391738.750000004,5117.249999996275,0.9999999957779891,1.0,143263867.0
interference,container,docker_cpu3-interf_io-run4,100001,5000000.0,3000000.0,603144.0,-4396856.0,90.0,1000000.0,20,40301,40436,40301,79292678074299,79293353074299,136,680000.0,598720253.0,598117311.0,1,136,-4391800.8435165305,5055.156483469531,0.999999999861672,1.0,40701545131.0
interference,container,docker_cpu3-interf_io-run4,100001,5000000.0,3000000.0,603144.0,-4396856.0,90.0,1000000.0,21,41278,41307,41278,79297563074299,79297708074299,30,150000.0,130467567.0,129864533.0,1,30,-4391858.784204674,4997.215795326047,0.9999999996960708,1.0,1913580925.0
interference,container,docker_cpu3-interf_io-run4,100001,5000000.0,3000000.0,603144.0,-4396856.0,90.0,1000000.0,22,46662,46708,46662,79324483074299,79324713074299,47,235000.0,208350260.0,207747022.0,1,47,-4391879.972826091,4976.027173909359,0.9999999998778691,1.0,4903849100.0
interference,container,docker_cpu3-interf_io-run4,100001,5000000.0,3000000.0,603144.0,-4396856.0,90.0,1000000.0,23,47266,47301,47266,79327503074299,79327678074299,36,180000.0,156874239.0,156271133.0,1,36,-4391853.457400255,5002.542599745095,0.9999999996423423,1.0,2772724016.0
interference,container,docker_cpu3-interf_io-run4,100001,5000000.0,3000000.0,603144.0,-4396856.0,90.0,1000000.0,24,48250,48256,48250,79332423074299,79332453074299,7,35000.0,30038540.0,29435307.0,1,7,-4391983.142857143,4872.857142857276,0.9999999946813543,1.0,97033844.0
interference,container,docker_cpu3-interf_io-run4,100001,5000000.0,3000000.0,603144.0,-4396856.0,90.0,1000000.0,25,49995,50018,49995,79341148074299,79341263074299,24,120000.0,107059472.0,106456302.0,1,24,-4391912.860000005,4943.139999995008,0.99999999791364,1.0,1285254140.0
interference,container,docker_cpu3-interf_io-run4,100001,5000000.0,3000000.0,603144.0,-4396856.0,90.0,1000000.0,26,50146,50214,50146,79341903074299,79342243074299,69,345000.0,304344885.0,303741789.0,1,69,-4391602.192911946,5253.807088053785,0.9999999997412121,1.0,10490109218.0
interference,container,docker_cpu3-interf_io-run4,100001,5000000.0,3000000.0,603144.0,-4396856.0,90.0,1000000.0,27,51279,51295,51279,79347568074299,79347648074299,17,85000.0,75115459.0,74512345.0,1,17,-4391900.534313727,4955.46568627283,0.999999999080823,1.0,628661392.0
interference,container,docker_cpu3-interf_io-run4,100001,5000000.0,3000000.0,603144.0,-4396856.0,90.0,1000000.0,28,52341,52390,52341,79352878074299,79353123074299,50,250000.0,220578294.0,219975218.0,1,50,-4391900.585594241,4955.414405759424,0.9999999998010639,1.0,5499036505.0
interference,container,docker_cpu3-interf_io-run4,100001,5000000.0,3000000.0,603144.0,-4396856.0,90.0,1000000.0,29,53400,53651,53400,79358173074299,79359428074299,252,1260000.0,1107187921.0,1106584832.0,1,252,-4391793.327750922,5062.672249077819,0.9999999999092343,1.0,139359583951.0
interference,container,docker_cpu3-interf_io-run4,100001,5000000.0,3000000.0,603144.0,-4396856.0,90.0,1000000.0,30,56491,56826,56491,79373628074299,79375303074299,336,1680000.0,1477240972.0,1476637895.0,1,336,-4391774.093536028,5081.906463972293,0.9999999999567779,1.0,248174597966.0
interference,container,docker_cpu3-interf_io-run4,100001,5000000.0,3000000.0,603144.0,-4396856.0,90.0,1000000.0,31,57601,57647,57601,79379178074299,79379408074299,47,235000.0,206502337.0,205899196.0,1,47,-4391903.339037931,4952.660962069407,0.9999999998595064,1.0,4816994514.0
interference,container,docker_cpu3-interf_io-run4,100001,5000000.0,3000000.0,603144.0,-4396856.0,90.0,1000000.0,32,59646,59910,59646,79389403074299,79390723074299,265,1325000.0,1165383980.0,1164780950.0,1,265,-4391776.645442939,5079.354557060637,0.9999999999492998,1.0,154406287219.0
interference,container,docker_cpu3-interf_io-run4,100001,5000000.0,3000000.0,603144.0,-4396856.0,90.0,1000000.0,33,60688,60741,60688,79394613074299,79394878074299,54,270000.0,239671793.0,239068674.0,1,54,-4391874.891442731,4981.108557268977,0.9999999998768,1.0,6495641263.0
interference,container,docker_cpu3-interf_io-run4,100001,5000000.0,3000000.0,603144.0,-4396856.0,90.0,1000000.0,34,61671,61673,61671,79399528074299,79399538074299,3,15000.0,11907489.0,11304400.0,1,3,-4389735.499999997,7120.500000002794,0.9999999792779097,1.0,13554355.0
interference,container,docker_cpu3-interf_io-run4,100001,5000000.0,3000000.0,603144.0,-4396856.0,90.0,1000000.0,35,63719,63729,63719,79409768074299,79409818074299,11,55000.0,48127565.0,47524507.0,1,11,-4391774.79090909,5081.209090909921,0.9999999978339814,1.0,254850725.0
interference,container,docker_cpu3-interf_io-run4,100001,5000000.0,3000000.0,603144.0,-4396856.0,90.0,1000000.0,36,67056,67121,67056,79426453074299,79426778074299,66,330000.0,292689723.0,292086532.0,1,66,-4391593.662749193,5262.337250807323,0.9999999997573085,1.0,9699868062.0
interference,container,docker_cpu3-interf_io-run4,100001,5000000.0,3000000.0,603144.0,-4396856.0,90.0,1000000.0,37,68190,68270,68190,79432123074299,79432523074299,81,405000.0,357774401.0,357171409.0,1,81,-4391826.860320691,5029.139679308981,0.9999999996089758,1.0,14507487213.0
interference,container,docker_cpu3-interf_io-run4,100001,5000000.0,3000000.0,603144.0,-4396856.0,90.0,1000000.0,38,70233,70260,70233,79442338074299,79442473074299,28,140000.0,125148620.0,124545474.0,1,28,-4391869.418992882,4986.581007118337,0.9999999996195769,1.0,1760035241.0
interference,container,docker_cpu3-interf_io-run4,100001,5000000.0,3000000.0,603144.0,-4396856.0,90.0,1000000.0,39,76300,76400,76300,79472673074299,79473173074299,101,505000.0,446510209.0,445907007.0,1,101,-4391799.206837509,5056.793162491173,0.9999999997582261,1.0,22615750639.0
interference,container,docker_cpu3-interf_io-run4,100001,5000000.0,3000000.0,603144.0,-4396856.0,90.0,1000000.0,40,81451,81458,81451,79498428074299,79498463074299,8,40000.0,37716984.0,37113937.0,1,8,-4391004.3809523815,5851.619047618471,0.9999999437226166,1.0,154827304.0
interference,container,docker_cpu3-interf_io-run4,100001,5000000.0,3000000.0,603144.0,-4396856.0,90.0,1000000.0,41,87443,87446,87443,79528388074299,79528403074299,4,20000.0,20067928.0,19464886.0,1,4,-4392170.999999998,4685.000000001863,0.9999999909974339,1.0,41918026.0
interference,container,docker_cpu3-interf_io-run4,100001,5000000.0,3000000.0,603144.0,-4396856.0,90.0,1000000.0,42,99958,99988,99958,79590963074299,79591113074299,31,155000.0,137835728.0,137232737.0,1,31,-4391094.057258065,5761.942741935141,0.9999999982413434,1.0,2138257505.0
interference,container,docker_cpu3-interf_io-run5,100001,5000000.0,3000000.0,605529.0,-4394471.0,131.0,1000000.0,1,80,86,80,80475120425249,80475150425249,7,35000.0,33178854.0,32573071.0,1,7,-4391293.107142856,3177.8928571436554,0.9999999872232062,1.0,119045361.0
interference,container,docker_cpu3-interf_io-run5,100001,5000000.0,3000000.0,605529.0,-4394471.0,131.0,1000000.0,2,1102,1131,1102,80480230425249,80480375425249,30,150000.0,132821340.0,132215836.0,1,30,-4391862.286540604,2608.7134593958035,0.999999999708489,1.0,1984172168.0
interference,container,docker_cpu3-interf_io-run5,100001,5000000.0,3000000.0,605529.0,-4394471.0,131.0,1000000.0,3,2106,2158,2106,80485250425249,80485510425249,53,265000.0,234550561.0,233945112.0,1,53,-4391862.231011125,2608.768988874741,0.9999999998751542,1.0,6220336565.0
interference,container,docker_cpu3-interf_io-run5,100001,5000000.0,3000000.0,605529.0,-4394471.0,131.0,1000000.0,4,7203,7217,7203,80510735425249,80510805425249,15,75000.0,68219983.0,67614603.0,1,15,-4391811.882142858,2659.1178571423516,0.9999999980891614,1.0,517186223.0
interference,container,docker_cpu3-interf_io-run5,100001,5000000.0,3000000.0,605529.0,-4394471.0,131.0,1000000.0,5,8207,8222,8207,80515755425249,80515830425249,16,80000.0,70570155.0,69964676.0,1,16,-4391780.280882353,2690.719117647037,0.9999999983110226,1.0,554125903.0
interference,container,docker_cpu3-interf_io-run5,100001,5000000.0,3000000.0,605529.0,-4394471.0,131.0,1000000.0,6,9211,9218,9211,80520775425249,80520810425249,8,40000.0,37049318.0,36443928.0,1,8,-4391876.202380954,2594.797619045712,0.9999999958621844,1.0,149423955.0
interference,container,docker_cpu3-interf_io-run5,100001,5000000.0,3000000.0,605529.0,-4394471.0,131.0,1000000.0,7,10212,10230,10212,80525780425249,80525870425249,19,95000.0,83830425.0,83225069.0,1,19,-4391793.952631581,2677.0473684193566,0.9999999990669852,1.0,784783225.0
interference,container,docker_cpu3-interf_io-run5,100001,5000000.0,3000000.0,605529.0,-4394471.0,131.0,1000000.0,8,11652,11679,11652,80532980425249,80533115425249,28,140000.0,124198114.0,123592495.0,1,28,-4391827.01340996,2643.9865900399163,0.9999999996448583,1.0,1733445957.0
interference,container,docker_cpu3-interf_io-run5,100001,5000000.0,3000000.0,605529.0,-4394471.0,131.0,1000000.0,9,13699,13706,13699,80543215425249,80543250425249,8,40000.0,36289931.0,35684560.0,1,8,-4391777.952380953,2693.0476190466434,0.9999999944816025,1.0,143354450.0
interference,container,docker_cpu3-interf_io-run5,100001,5000000.0,3000000.0,605529.0,-4394471.0,131.0,1000000.0,10,14761,14770,14761,80548525425249,80548570425249,10,50000.0,45922910.0,45317532.0,1,10,-4392011.860606059,2459.139393940568,0.9999999972882472,1.0,231587919.0
interference,container,docker_cpu3-interf_io-run5,100001,5000000.0,3000000.0,605529.0,-4394471.0,131.0,1000000.0,11,15519,15540,15519,80552315425249,80552420425249,22,110000.0,98369336.0,97763945.0,1,22,-4391878.588368153,2592.4116318468004,0.9999999991725071,1.0,1083651318.0
interference,container,docker_cpu3-interf_io-run5,100001,5000000.0,3000000.0,605529.0,-4394471.0,131.0,1000000.0,12,17566,17607,17566,80562550425249,80562755425249,42,210000.0,183179631.0,182574107.0,1,42,-4391874.899927074,2596.1000729259104,0.9999999998521536,1.0,3786145928.0
interference,container,docker_cpu3-interf_io-run5,100001,5000000.0,3000000.0,605529.0,-4394471.0,131.0,1000000.0,13,23632,23644,23632,80592880425249,80592940425249,13,65000.0,58349518.0,57743819.0,1,13,-4391514.054945054,2956.945054945536,0.9999999971137727,1.0,377025533.0
interference,container,docker_cpu3-interf_io-run5,100001,5000000.0,3000000.0,605529.0,-4394471.0,131.0,1000000.0,14,26287,26464,26287,80606155425249,80607040425249,178,890000.0,783923154.0,783317659.0,1,178,-4391754.618190314,2716.3818096863106,0.9999999998892845,1.0,69820050185.0
interference,container,docker_cpu3-interf_io-run5,100001,5000000.0,3000000.0,605529.0,-4394471.0,131.0,1000000.0,15,27488,27543,27488,80612160425249,80612435425249,56,280000.0,248754020.0,248148469.0,1,56,-4391882.27491456,2588.725085440092,0.9999999999134721,1.0,6998691778.0
interference,container,docker_cpu3-interf_io-run5,100001,5000000.0,3000000.0,605529.0,-4394471.0,131.0,1000000.0,16,30519,30573,30519,80627315425249,80627585425249,55,275000.0,242966557.0,242359436.0,1,55,-4391885.86450216,2585.1354978401214,0.9999999997892577,1.0,6675974071.0
interference,container,docker_cpu3-interf_io-run5,100001,5000000.0,3000000.0,605529.0,-4394471.0,131.0,1000000.0,17,31577,31580,31577,80632605425249,80632620425249,4,20000.0,16443681.0,15838331.0,1,4,-4391528.700000001,2942.2999999988824,0.9999999841697197,1.0,27427343.0
interference,container,docker_cpu3-interf_io-run5,100001,5000000.0,3000000.0,605529.0,-4394471.0,131.0,1000000.0,18,32564,32573,32564,80637540425249,80637585425249,10,50000.0,43397737.0,42792296.0,1,10,-4391735.345454544,2735.654545456171,0.9999999946823405,1.0,206367516.0
interference,container,docker_cpu3-interf_io-run5,100001,5000000.0,3000000.0,605529.0,-4394471.0,131.0,1000000.0,19,33549,33575,33549,80642465425249,80642595425249,27,135000.0,119835343.0,119230014.0,1,27,-4391884.835164836,2586.1648351643234,0.999999999644716,1.0,1612998437.0
interference,container,docker_cpu3-interf_io-run5,100001,5000000.0,3000000.0,605529.0,-4394471.0,131.0,1000000.0,20,35672,35790,35672,80653080425249,80653670425249,119,595000.0,522284358.0,521678933.0,1,119,-4391799.860853155,2671.1391468448564,0.9999999997933514,1.0,30960039875.0
interference,container,docker_cpu3-interf_io-run5,100001,5000000.0,3000000.0,605529.0,-4394471.0,131.0,1000000.0,21,36954,36977,36954,80659490425249,80659605425249,24,120000.0,105601890.0,104996479.0,1,24,-4391884.185652176,2586.814347824082,0.9999999995025728,1.0,1250271257.0
interference,container,docker_cpu3-interf_io-run5,100001,5000000.0,3000000.0,605529.0,-4394471.0,131.0,1000000.0,22,37939,37946,37939,80664415425249,80664450425249,8,40000.0,35875524.0,35270064.0,1,8,-4391722.785714287,2748.214285712689,0.9999999948581649,1.0,140033242.0
interference,container,docker_cpu3-interf_io-run5,100001,5000000.0,3000000.0,605529.0,-4394471.0,131.0,1000000.0,23,38166,38194,38166,80665550425249,80665690425249,29,145000.0,130235037.0,129629615.0,1,29,-4391602.513793102,2868.4862068975344,0.9999999992841672,1.0,1906904406.0
interference,container,docker_cpu3-interf_io-run5,100001,5000000.0,3000000.0,605529.0,-4394471.0,131.0,1000000.0,24,39151,39177,39151,80670475425249,80670605425249,27,135000.0,119498011.0,118892596.0,1,27,-4391851.669108669,2619.3308913307264,0.9999999993084785,1.0,1603989190.0
interference,container,docker_cpu3-interf_io-run5,100001,5000000.0,3000000.0,605529.0,-4394471.0,131.0,1000000.0,25,41274,41398,41274,80681090425249,80681710425249,125,625000.0,549187571.0,548581977.0,1,125,-4391779.305646696,2691.694353303872,0.9999999998731491,1.0,34236959765.0
interference,container,docker_cpu3-interf_io-run5,100001,5000000.0,3000000.0,605529.0,-4394471.0,131.0,1000000.0,26,46347,46351,46347,80706455425249,80706475425249,5,25000.0,20872916.0,20267456.0,1,5,-4391835.500000001,2635.4999999990687,0.9999999905246395,1.0,45444246.0
interference,container,docker_cpu3-interf_io-run5,100001,5000000.0,3000000.0,605529.0,-4394471.0,131.0,1000000.0,27,47333,47370,47333,80711385425249,80711570425249,38,190000.0,169742575.0,169137112.0,1,38,-4391880.238428716,2590.7615712843835,0.9999999998118273,1.0,3248703313.0
interference,container,docker_cpu3-interf_io-run5,100001,5000000.0,3000000.0,605529.0,-4394471.0,131.0,1000000.0,28,48697,48727,48697,80718205425249,80718355425249,31,155000.0,136084918.0,135479440.0,1,31,-4391869.120564517,2601.8794354833663,0.9999999997205193,1.0,2083426498.0
interference,container,docker_cpu3-interf_io-run5,100001,5000000.0,3000000.0,605529.0,-4394471.0,131.0,1000000.0,29,50743,50747,50743,80728435425249,80728455425249,5,25000.0,23190202.0,22584619.0,1,5,-4391287.500000003,3183.499999997206,0.9999999853406588,1.0,57041946.0
interference,container,docker_cpu3-interf_io-run5,100001,5000000.0,3000000.0,605529.0,-4394471.0,131.0,1000000.0,30,52715,52778,52715,80738295425249,80738610425249,64,320000.0,282663803.0,282058074.0,1,64,-4391543.17742674,2927.822573260404,0.9999999998215535,1.0,9045012898.0
interference,container,docker_cpu3-interf_io-run5,100001,5000000.0,3000000.0,605529.0,-4394471.0,131.0,1000000.0,31,52939,52951,52939,80739415425249,80739475425249,13,65000.0,57528914.0,56923344.0,1,13,-4391684.109890109,2786.890109891072,0.9999999969348933,1.0,366340549.0
interference,container,docker_cpu3-interf_io-run5,100001,5000000.0,3000000.0,605529.0,-4394471.0,131.0,1000000.0,32,54077,54138,54077,80745105425249,80745410425249,62,310000.0,272281537.0,271675871.0,1,62,-4391856.574928862,2614.4250711379573,0.9999999998990233,1.0,8390579037.0
interference,container,docker_cpu3-interf_io-run5,100001,5000000.0,3000000.0,605529.0,-4394471.0,131.0,1000000.0,33,55211,55234,55211,80750775425249,80750890425249,24,120000.0,108224053.0,107618683.0,1,24,-4391816.208695655,2654.7913043452427,0.9999999993262567,1.0,1313285850.0
interference,container,docker_cpu3-interf_io-run5,100001,5000000.0,3000000.0,605529.0,-4394471.0,131.0,1000000.0,34,58244,58288,58244,80765940425249,80766160425249,45,225000.0,198224325.0,197618841.0,1,45,-4391868.613570484,2602.3864295156673,0.9999999998229805,1.0,4437250404.0
interference,container,docker_cpu3-interf_io-run5,100001,5000000.0,3000000.0,605529.0,-4394471.0,131.0,1000000.0,35,59303,59316,59303,80771235425249,80771300425249,14,70000.0,63707876.0,63102396.0,1,14,-4392035.1736263735,2435.826373626478,0.9999999985175189,1.0,450229464.0
interference,container,docker_cpu3-interf_io-run5,100001,5000000.0,3000000.0,605529.0,-4394471.0,131.0,1000000.0,36,62337,62340,62337,80786405425249,80786420425249,4,20000.0,18267316.0,17659992.0,1,4,-4391737.399999999,2733.600000000559,0.9999999866084694,1.0,34719836.0
interference,container,docker_cpu3-interf_io-run5,100001,5000000.0,3000000.0,605529.0,-4394471.0,131.0,1000000.0,37,64309,64346,64309,80796265425249,80796450425249,38,190000.0,167116384.0,166510637.0,1,38,-4391843.252325204,2627.747674795799,0.9999999998169332,1.0,3148953377.0
interference,container,docker_cpu3-interf_io-run5,100001,5000000.0,3000000.0,605529.0,-4394471.0,131.0,1000000.0,38,66355,66390,66355,80806495425249,80806670425249,36,180000.0,157538653.0,156933194.0,1,36,-4391852.9270270225,2618.072972977534,0.9999999996449197,1.0,2796640691.0
interference,container,docker_cpu3-interf_io-run5,100001,5000000.0,3000000.0,605529.0,-4394471.0,131.0,1000000.0,39,69387,69495,69387,80821655425249,80822195425249,109,545000.0,478916095.0,478310595.0,1,109,-4391482.497655452,2988.502344547771,0.9999999997364621,1.0,26026291395.0
interference,container,docker_cpu3-interf_io-run5,100001,5000000.0,3000000.0,605529.0,-4394471.0,131.0,1000000.0,40,72414,72455,72414,80836790425249,80836995425249,42,210000.0,184018819.0,183413078.0,1,42,-4391868.923182888,2602.0768171120435,0.9999999998377828,1.0,3821404395.0
interference,container,docker_cpu3-interf_io-run5,100001,5000000.0,3000000.0,605529.0,-4394471.0,131.0,1000000.0,41,76356,76373,76356,80856500425249,80856585425249,18,90000.0,78136755.0,77531219.0,1,18,-4391895.756449946,2575.2435500537977,0.9999999991752284,1.0,680508656.0
interference,container,docker_cpu3-interf_io-run5,100001,5000000.0,3000000.0,605529.0,-4394471.0,131.0,1000000.0,42,77342,77374,77342,80861430425249,80861590425249,33,165000.0,144413802.0,143808278.0,1,33,-4391855.369318179,2615.630681821145,0.9999999996189224,1.0,2347843833.0
interference,container,docker_cpu3-interf_io-run5,100001,5000000.0,3000000.0,605529.0,-4394471.0,131.0,1000000.0,43,82498,82615,82498,80887210425249,80887795425249,118,590000.0,516988980.0,516383350.0,1,118,-4391790.734057901,2680.265942098573,0.9999999998049787,1.0,30333844273.0
interference,container,docker_cpu3-interf_io-run5,100001,5000000.0,3000000.0,605529.0,-4394471.0,131.0,1000000.0,44,82870,82883,82870,80889070425249,80889135425249,14,70000.0,63617407.0,63011995.0,1,14,-4391601.296703296,2869.703296704218,0.9999999977960362,1.0,449000454.0
interference,container,docker_cpu3-interf_io-run5,100001,5000000.0,3000000.0,605529.0,-4394471.0,131.0,1000000.0,45,83855,83888,83855,80893995425249,80894160425249,34,170000.0,149446847.0,148841396.0,1,34,-4391897.063865544,2573.9361344557256,0.9999999996237849,1.0,2515423133.0
interference,container,docker_cpu3-interf_io-run5,100001,5000000.0,3000000.0,605529.0,-4394471.0,131.0,1000000.0,46,84916,85151,84916,80899300425249,80900475425249,236,1180000.0,1037832537.0,1037226908.0,1,236,-4391481.002268712,2989.9977312879637,0.9999999999385635,1.0,122443278222.0
interference,container,docker_cpu3-interf_io-run5,100001,5000000.0,3000000.0,605529.0,-4394471.0,131.0,1000000.0,47,89222,89228,89222,80920830425249,80920860425249,7,35000.0,30837987.0,30232486.0,1,7,-4391980.142857142,2490.857142858207,0.9999999944765977,1.0,102632324.0
interference,container,docker_cpu3-interf_io-run5,100001,5000000.0,3000000.0,605529.0,-4394471.0,131.0,1000000.0,48,92256,92262,92256,80936000425249,80936030425249,7,35000.0,31533966.0,30928357.0,1,7,-4391831.7142857155,2639.285714284517,0.9999999942820746,1.0,107514424.0
interference,container,docker_cpu3-interf_io-run5,100001,5000000.0,3000000.0,605529.0,-4394471.0,131.0,1000000.0,49,95290,95342,95290,80951170425249,80951430425249,53,265000.0,232468903.0,231863170.0,1,53,-4391870.267134329,2600.732865670696,0.9999999998667114,1.0,6110008937.0
interference,container,docker_cpu3-interf_io-run5,100001,5000000.0,3000000.0,605529.0,-4394471.0,131.0,1000000.0,50,96349,96357,96349,80956465425249,80956505425249,9,45000.0,39662971.0,39057614.0,1,9,-4391766.4333333345,2704.566666665487,0.9999999947952659,1.0,171862435.0
interference,container,docker_cpu3-interf_io-run5,100001,5000000.0,3000000.0,605529.0,-4394471.0,131.0,1000000.0,51,97335,97354,97335,80961395425249,80961490425249,20,100000.0,86954736.0,86349306.0,1,20,-4391584.541353385,2886.458646615036,0.9999999985304342,1.0,844668600.0
interference,container,docker_cpu3-interf_io-run5,100001,5000000.0,3000000.0,605529.0,-4394471.0,131.0,1000000.0,52,98396,98418,98396,80966700425249,80966810425249,23,115000.0,102466774.0,101861371.0,1,23,-4391862.637351778,2608.362648221664,0.999999999204845,1.0,1176646412.0
interference,container,docker_cpu3-interf_io-run5,100001,5000000.0,3000000.0,605529.0,-4394471.0,131.0,1000000.0,53,99381,99398,99381,80971625425249,80971710425249,18,90000.0,78860146.0,78254510.0,1,18,-4391825.61713106,2645.3828689400107,0.9999999986406679,1.0,693538681.0
interference,container,docker_cpu3-interf_io-run6,100001,5000000.0,3000000.0,603135.0,-4396865.0,80.0,1000000.0,1,1025,1051,1025,82806570152422,82806700152422,27,135000.0,118798314.0,118195216.0,1,27,-4391868.3595848605,4996.640415139496,0.9999999982487651,1.0,1585170889.0
interference,container,docker_cpu3-interf_io-run6,100001,5000000.0,3000000.0,603135.0,-4396865.0,80.0,1000000.0,2,3111,3112,3111,82817000152422,82817005152422,2,10000.0,10358772.0,9755670.0,1,2,-4390288.000000002,6576.999999998137,1.0,1.0,10327256.0
interference,container,docker_cpu3-interf_io-run6,100001,5000000.0,3000000.0,603135.0,-4396865.0,80.0,1000000.0,3,3420,3450,3420,82818545152422,82818695152422,31,155000.0,135010992.0,134407749.0,1,31,-4391856.015725806,5008.9842741936445,0.9999999996643575,1.0,2050124536.0
interference,container,docker_cpu3-interf_io-run6,100001,5000000.0,3000000.0,603135.0,-4396865.0,80.0,1000000.0,4,9524,9543,9524,82849065152422,82849160152422,20,100000.0,89963569.0,89360412.0,1,20,-4391879.112030074,4985.887969926,0.9999999993117266,1.0,904800813.0
interference,container,docker_cpu3-interf_io-run6,100001,5000000.0,3000000.0,603135.0,-4396865.0,80.0,1000000.0,5,10518,10547,10518,82854035152422,82854180152422,30,150000.0,133025429.0,132422328.0,1,30,-4391737.393993331,5127.606006668881,0.9999999996063251,1.0,1990335528.0
interference,container,docker_cpu3-interf_io-run6,100001,5000000.0,3000000.0,603135.0,-4396865.0,80.0,1000000.0,6,11654,11654,11654,82859715152422,82859715152422,1,5000.0,6049619.0,5446250.0,1,1,,,,,3049619.0
interference,container,docker_cpu3-interf_io-run6,100001,5000000.0,3000000.0,603135.0,-4396865.0,80.0,1000000.0,7,13702,13715,13702,82869955152422,82870020152422,14,70000.0,62476613.0,61873603.0,1,14,-4391718.298901101,5146.701098899357,0.9999999944083677,1.0,433079558.0
interference,container,docker_cpu3-interf_io-run6,100001,5000000.0,3000000.0,603135.0,-4396865.0,80.0,1000000.0,8,15750,15786,15750,82880195152422,82880375152422,37,185000.0,162888499.0,162285484.0,1,37,-4391886.120910383,4978.87908961717,0.9999999997993971,1.0,2990854838.0
interference,container,docker_cpu3-interf_io-run6,100001,5000000.0,3000000.0,603135.0,-4396865.0,80.0,1000000.0,9,17796,17830,17796,82890425152422,82890595152422,35,175000.0,156668595.0,156065422.0,1,35,-4391848.7756302515,5016.2243697484955,0.9999999994982521,1.0,2765398490.0
interference,container,docker_cpu3-interf_io-run6,100001,5000000.0,3000000.0,603135.0,-4396865.0,80.0,1000000.0,10,18856,18857,18856,82895725152422,82895730152422,2,10000.0,10269285.0,9666063.0,1,2,-4390478.000000001,6386.999999999069,1.0,1.0,10148092.0
interference,container,docker_cpu3-interf_io-run6,100001,5000000.0,3000000.0,603135.0,-4396865.0,80.0,1000000.0,11,19084,19085,19084,82896865152422,82896870152422,2,10000.0,8106058.0,7502879.0,1,2,-4393216.999999999,3648.0000000009313,1.0,1.0,5818899.0
interference,container,docker_cpu3-interf_io-run6,100001,5000000.0,3000000.0,603135.0,-4396865.0,80.0,1000000.0,12,19236,19236,19236,82897625152422,82897625152422,1,5000.0,4351322.0,3748155.0,1,1,,,,,1351322.0
interference,container,docker_cpu3-interf_io-run6,100001,5000000.0,3000000.0,603135.0,-4396865.0,80.0,1000000.0,13,19767,19782,19767,82900280152422,82900355152422,16,80000.0,69522447.0,68919306.0,1,16,-4391091.619117647,5773.380882352591,0.9999999930001479,1.0,537508151.0
interference,container,docker_cpu3-interf_io-run6,100001,5000000.0,3000000.0,603135.0,-4396865.0,80.0,1000000.0,14,20752,20797,20752,82905205152422,82905430152422,46,230000.0,201752574.0,201149554.0,1,46,-4391846.86635831,5018.133641690016,0.9999999997933112,1.0,4597217628.0
interference,container,docker_cpu3-interf_io-run6,100001,5000000.0,3000000.0,603135.0,-4396865.0,80.0,1000000.0,15,21887,21899,21887,82910880152422,82910940152422,13,65000.0,58596303.0,57993326.0,1,13,-4391663.3241758235,5201.67582417652,0.9999999952847407,1.0,380240342.0
interference,container,docker_cpu3-interf_io-run6,100001,5000000.0,3000000.0,603135.0,-4396865.0,80.0,1000000.0,16,22873,22902,22873,82915810152422,82915955152422,30,150000.0,133041910.0,132438817.0,1,30,-4391880.211790881,4984.78820911888,0.999999999711806,1.0,1990789776.0
interference,container,docker_cpu3-interf_io-run6,100001,5000000.0,3000000.0,603135.0,-4396865.0,80.0,1000000.0,17,24920,24945,24920,82926045152422,82926170152422,26,130000.0,116766140.0,116163059.0,1,26,-4391820.323076923,5044.676923076622,0.9999999987984945,1.0,1530692217.0
interference,container,docker_cpu3-interf_io-run6,100001,5000000.0,3000000.0,603135.0,-4396865.0,80.0,1000000.0,18,26891,26892,26891,82935900152422,82935905152422,2,10000.0,10662090.0,10058979.0,1,2,-4387577.999999999,9287.000000000931,1.0,1.0,10936602.0
interference,container,docker_cpu3-interf_io-run6,100001,5000000.0,3000000.0,603135.0,-4396865.0,80.0,1000000.0,19,26967,26969,26967,82936280152422,82936290152422,3,15000.0,16169472.0,15566378.0,1,3,-4392052.5,4812.5,0.9999999800493738,1.0,26331184.0
interference,container,docker_cpu3-interf_io-run6,100001,5000000.0,3000000.0,603135.0,-4396865.0,80.0,1000000.0,20,29090,29094,29090,82946895152422,82946915152422,5,25000.0,23442082.0,22838891.0,1,5,-4391610.700000002,5254.299999997951,0.9999999897290514,1.0,58294292.0
interference,container,docker_cpu3-interf_io-run6,100001,5000000.0,3000000.0,603135.0,-4396865.0,80.0,1000000.0,21,31138,31221,31138,82957135152422,82957550152422,84,420000.0,368991489.0,368388226.0,1,84,-4391613.923762272,5251.076237727888,0.9999999977583092,1.0,15433612122.0
interference,container,docker_cpu3-interf_io-run6,100001,5000000.0,3000000.0,603135.0,-4396865.0,80.0,1000000.0,22,31436,31471,31436,82958625152422,82958800152422,36,180000.0,157408215.0,156805080.0,1,36,-4391610.004761903,5254.995238097385,0.9999999997109286,1.0,2791984589.0
interference,container,docker_cpu3-interf_io-run6,100001,5000000.0,3000000.0,603135.0,-4396865.0,80.0,1000000.0,23,32497,32532,32497,82963930152422,82964105152422,36,180000.0,158497512.0,157894419.0,1,36,-4391832.043886741,5032.956113259308,0.9999999995600375,1.0,2831199145.0
interference,container,docker_cpu3-interf_io-run6,100001,5000000.0,3000000.0,603135.0,-4396865.0,80.0,1000000.0,24,34543,34565,34543,82974160152422,82974270152422,23,115000.0,99628738.0,99025722.0,1,23,-4391763.276679843,5101.723320157267,0.9999999975578406,1.0,1111473740.0
interference,container,docker_cpu3-interf_io-run6,100001,5000000.0,3000000.0,603135.0,-4396865.0,80.0,1000000.0,25,38562,38575,38562,82994255152422,82994320152422,14,70000.0,61262775.0,60659661.0,1,14,-4391586.402197802,5278.597802197561,0.9999999980143531,1.0,416043761.0
interference,container,docker_cpu3-interf_io-run6,100001,5000000.0,3000000.0,603135.0,-4396865.0,80.0,1000000.0,26,39624,39656,39624,82999565152422,82999725152422,33,165000.0,146229323.0,145626310.0,1,33,-4391843.707219249,5021.292780751362,0.9999999997353867,1.0,2407675689.0
interference,container,docker_cpu3-interf_io-run6,100001,5000000.0,3000000.0,603135.0,-4396865.0,80.0,1000000.0,27,40684,40700,40684,83004865152422,83004945152422,17,85000.0,77478641.0,76875568.0,1,17,-4391787.647058826,5077.35294117406,0.999999997809105,1.0,668903031.0
interference,container,docker_cpu3-interf_io-run6,100001,5000000.0,3000000.0,603135.0,-4396865.0,80.0,1000000.0,28,43793,43801,43793,83020410152422,83020450152422,9,45000.0,38340840.0,37737647.0,1,9,-4391768.816666667,5096.18333333265,0.9999999967649374,1.0,159968379.0
interference,container,docker_cpu3-interf_io-run6,100001,5000000.0,3000000.0,603135.0,-4396865.0,80.0,1000000.0,29,47813,47853,47813,83040510152422,83040710152422,41,205000.0,179411637.0,178808512.0,1,41,-4391897.831010449,4967.168989551254,0.9999999998041356,1.0,3631521597.0
interference,container,docker_cpu3-interf_io-run6,100001,5000000.0,3000000.0,603135.0,-4396865.0,80.0,1000000.0,30,49859,49895,49859,83050740152422,83050920152422,37,185000.0,163189646.0,162586479.0,1,37,-4391888.154101467,4976.84589853324,0.9999999998046536,1.0,3002016446.0
interference,container,docker_cpu3-interf_io-run6,100001,5000000.0,3000000.0,603135.0,-4396865.0,80.0,1000000.0,31,52664,52694,52664,83064765152422,83064915152422,31,155000.0,137548206.0,136945174.0,1,31,-4391528.6338709695,5336.3661290304735,0.9999999989439265,1.0,2129094890.0
interference,container,docker_cpu3-interf_io-run6,100001,5000000.0,3000000.0,603135.0,-4396865.0,80.0,1000000.0,32,52814,52843,52814,83065515152422,83065660152422,30,150000.0,132167165.0,131564109.0,1,30,-4391842.946162406,5022.053837593645,0.9999999996749567,1.0,1964552041.0
interference,container,docker_cpu3-interf_io-run6,100001,5000000.0,3000000.0,603135.0,-4396865.0,80.0,1000000.0,33,53799,53826,53799,83070440152422,83070575152422,28,140000.0,125115414.0,124512270.0,1,28,-4391941.235084835,4923.76491516456,0.9999999996068305,1.0,1759075045.0
interference,container,docker_cpu3-interf_io-run6,100001,5000000.0,3000000.0,603135.0,-4396865.0,80.0,1000000.0,34,55846,55877,55846,83080675152422,83080830152422,32,160000.0,142236416.0,141633370.0,1,32,-4391892.270894426,4972.729105574079,0.9999999997433167,1.0,2277152166.0
interference,container,docker_cpu3-interf_io-run6,100001,5000000.0,3000000.0,603135.0,-4396865.0,80.0,1000000.0,35,56906,56913,56906,83085975152422,83086010152422,8,40000.0,35541014.0,34937856.0,1,8,-4391626.797619048,5238.202380952425,0.9999999866154328,1.0,137379781.0
interference,container,docker_cpu3-interf_io-run6,100001,5000000.0,3000000.0,603135.0,-4396865.0,80.0,1000000.0,36,57892,57894,57892,83090905152422,83090915152422,3,15000.0,12462447.0,11859247.0,1,3,-4392053.499999999,4811.500000000931,0.999999978536347,1.0,15212295.0
interference,container,docker_cpu3-interf_io-run6,100001,5000000.0,3000000.0,603135.0,-4396865.0,80.0,1000000.0,37,60926,60950,60926,83106075152422,83106195152422,25,125000.0,108782282.0,108179262.0,1,25,-4391780.052307692,5084.947692307644,0.9999999981308966,1.0,1327163058.0
interference,container,docker_cpu3-interf_io-run6,100001,5000000.0,3000000.0,603135.0,-4396865.0,80.0,1000000.0,38,61987,61992,61987,83111380152422,83111405152422,6,30000.0,28075891.0,27472839.0,1,6,-4391697.714285712,5167.285714288242,0.9999999932488861,1.0,84577130.0
interference,container,docker_cpu3-interf_io-run6,100001,5000000.0,3000000.0,603135.0,-4396865.0,80.0,1000000.0,39,63352,63355,63352,83118205152422,83118220152422,4,20000.0,19116416.0,18513115.0,1,4,-4391363.300000001,5501.699999999255,0.9999999846858039,1.0,38114845.0
interference,container,docker_cpu3-interf_io-run6,100001,5000000.0,3000000.0,603135.0,-4396865.0,80.0,1000000.0,40,65476,65535,65476,83128825152422,83129120152422,60,300000.0,262194073.0,261590900.0,1,60,-4391582.465323698,5282.534676302224,0.9999999998586906,1.0,7778451001.0
interference,container,docker_cpu3-interf_io-run6,100001,5000000.0,3000000.0,603135.0,-4396865.0,80.0,1000000.0,41,67672,68225,67672,83139805152422,83142570152422,554,2770000.0,2432369741.0,2431766617.0,1,554,-4391737.977729863,5127.022270137444,0.9999999999880034,1.0,673138181350.0
interference,container,docker_cpu3-interf_io-run6,100001,5000000.0,3000000.0,603135.0,-4396865.0,80.0,1000000.0,42,68682,68700,68682,83144855152422,83144945152422,19,95000.0,86111104.0,85508036.0,1,19,-4391897.3596491255,4967.640350874513,0.9999999992445817,1.0,828089753.0
interference,container,docker_cpu3-interf_io-run6,100001,5000000.0,3000000.0,603135.0,-4396865.0,80.0,1000000.0,43,69743,69752,69743,83150160152422,83150205152422,10,50000.0,44476023.0,43872862.0,1,10,-4391600.496969697,5264.503030302934,0.9999999925130015,1.0,217161340.0
interference,container,docker_cpu3-interf_io-run6,100001,5000000.0,3000000.0,603135.0,-4396865.0,80.0,1000000.0,44,70729,70751,70729,83155090152422,83155200152422,23,115000.0,100075623.0,99472422.0,1,23,-4391919.534584982,4945.465415017679,0.9999999994281887,1.0,1121586407.0
interference,container,docker_cpu3-interf_io-run6,100001,5000000.0,3000000.0,603135.0,-4396865.0,80.0,1000000.0,45,71714,71727,71714,83160015152422,83160080152422,14,70000.0,62778214.0,62175113.0,1,14,-4391725.725274727,5139.2747252732515,0.9999999957525982,1.0,437291017.0
interference,container,docker_cpu3-interf_io-run6,100001,5000000.0,3000000.0,603135.0,-4396865.0,80.0,1000000.0,46,73762,73786,73762,83170255152422,83170375152422,25,125000.0,110865542.0,110262496.0,1,25,-4391901.405384615,4963.594615384936,0.9999999995199266,1.0,1379051358.0
interference,container,docker_cpu3-interf_io-run6,100001,5000000.0,3000000.0,603135.0,-4396865.0,80.0,1000000.0,47,75809,75837,75809,83180490152422,83180630152422,29,145000.0,127707922.0,127104797.0,1,29,-4391821.05960591,5043.940394089557,0.9999999992996369,1.0,1833554204.0
interference,container,docker_cpu3-interf_io-run6,100001,5000000.0,3000000.0,603135.0,-4396865.0,80.0,1000000.0,48,77476,77488,77476,83188825152422,83188885152422,13,65000.0,58437788.0,57834517.0,1,13,-4391519.719780219,5345.2802197812125,0.9999999975989456,1.0,378159927.0
interference,container,docker_cpu3-interf_io-run6,100001,5000000.0,3000000.0,603135.0,-4396865.0,80.0,1000000.0,49,77704,77722,77704,83189965152422,83190055152422,19,95000.0,84740917.0,84137670.0,1,19,-4391555.168421057,5309.831578942947,0.999999997717545,1.0,802185261.0
interference,container,docker_cpu3-interf_io-run6,100001,5000000.0,3000000.0,603135.0,-4396865.0,80.0,1000000.0,50,78689,78693,78689,83194890152422,83194910152422,5,25000.0,21180140.0,20576950.0,1,5,-4391771.300000003,5093.699999997392,0.9999999907995022,1.0,46981728.0
interference,container,docker_cpu3-interf_io-run6,100001,5000000.0,3000000.0,603135.0,-4396865.0,80.0,1000000.0,51,80813,80914,80813,83205510152422,83206015152422,102,510000.0,450578178.0,449975076.0,1,102,-4391740.434540945,5124.565459054895,0.9999999997792036,1.0,23031395719.0
interference,container,docker_cpu3-interf_io-run6,100001,5000000.0,3000000.0,603135.0,-4396865.0,80.0,1000000.0,52,81944,81950,81944,83211165152422,83211195152422,7,35000.0,30891887.0,30288866.0,1,7,-4391894.035714286,4970.9642857136205,0.9999999943052926,1.0,103009282.0
interference,container,docker_cpu3-interf_io-run6,100001,5000000.0,3000000.0,603135.0,-4396865.0,80.0,1000000.0,53,82930,82948,82930,83216095152422,83216185152422,19,95000.0,85632607.0,85029592.0,1,19,-4391805.868421056,5059.131578943692,0.9999999977302644,1.0,819090375.0
interference,container,docker_cpu3-interf_io-run6,100001,5000000.0,3000000.0,603135.0,-4396865.0,80.0,1000000.0,54,86949,87001,86949,83236190152422,83236450152422,53,265000.0,232376821.0,231773702.0,1,53,-4391875.011933558,4989.988066442311,0.9999999999023568,1.0,6104991116.0
interference,container,docker_cpu3-interf_io-run6,100001,5000000.0,3000000.0,603135.0,-4396865.0,80.0,1000000.0,55,88994,89019,88994,83246415152422,83246540152422,26,130000.0,116971717.0,116368716.0,1,26,-4391889.276581197,4975.723418802954,0.999999999614978,1.0,1535882372.0
interference,container,docker_cpu3-interf_io-run6,100001,5000000.0,3000000.0,603135.0,-4396865.0,80.0,1000000.0,56,92027,92037,92027,83261580152422,83261630152422,11,55000.0,50157745.0,49554669.0,1,11,-4391848.963636364,5016.0363636361435,0.9999999979975106,1.0,277181083.0
interference,container,docker_cpu3-interf_io-run6,100001,5000000.0,3000000.0,603135.0,-4396865.0,80.0,1000000.0,57,93316,93342,93316,83268025152422,83268155152422,27,135000.0,120049872.0,119446859.0,1,27,-4391850.017094019,5014.982905981131,0.9999999996066621,1.0,1618800752.0
interference,container,docker_cpu3-interf_io-run6,100001,5000000.0,3000000.0,603135.0,-4396865.0,80.0,1000000.0,58,95515,96036,95515,83279020152422,83281625152422,522,2610000.0,2292781360.0,2292178273.0,1,522,-4391741.150695345,5123.8493046546355,0.9999999999850095,1.0,598073621742.0
interference,container,docker_cpu3-interf_io-run6,100001,5000000.0,3000000.0,603135.0,-4396865.0,80.0,1000000.0,59,98576,98576,98576,83294325152422,83294325152422,1,5000.0,3742332.0,3139295.0,1,1,,,,,742332.0
interference,container,docker_cpu3-interf_io-run6,100001,5000000.0,3000000.0,603135.0,-4396865.0,80.0,1000000.0,60,99562,99606,99562,83299255152422,83299475152422,45,225000.0,200531153.0,199927991.0,1,45,-4391877.055994727,4987.9440052732825,0.9999999997107455,1.0,4541149058.0
interference,container,docker_cpu3-interf_io-run7,100001,5000000.0,3000000.0,600379.0,-4399621.0,130.0,1000000.0,1,8135,8159,8135,85270823640063,85270943640063,25,125000.0,111235230.0,110634833.0,1,25,-4396759.082307694,2861.9176923064515,0.9999999991109486,1.0,1386924841.0
interference,container,docker_cpu3-interf_io-run7,100001,5000000.0,3000000.0,600379.0,-4399621.0,130.0,1000000.0,2,9139,9167,9139,85275843640063,85275983640063,29,145000.0,126666011.0,126063998.0,1,29,-4396991.261083743,2629.7389162573963,0.9999999996836699,1.0,1801125516.0
interference,container,docker_cpu3-interf_io-run7,100001,5000000.0,3000000.0,600379.0,-4399621.0,130.0,1000000.0,3,10140,10175,10140,85280848640063,85281023640063,36,180000.0,157274377.0,156673943.0,1,36,-4396962.832947229,2658.167052770965,0.9999999996954713,1.0,2783880864.0
interference,container,docker_cpu3-interf_io-run7,100001,5000000.0,3000000.0,600379.0,-4399621.0,130.0,1000000.0,4,11276,11314,11276,85286528640063,85286718640063,39,195000.0,173589600.0,172989154.0,1,39,-4397001.774089069,2619.2259109308943,0.9999999998191933,1.0,3394814517.0
interference,container,docker_cpu3-interf_io-run7,100001,5000000.0,3000000.0,600379.0,-4399621.0,130.0,1000000.0,5,11577,11577,11577,85288033640063,85288033640063,1,5000.0,4504410.0,3904123.0,1,1,,,,,1504410.0
interference,container,docker_cpu3-interf_io-run7,100001,5000000.0,3000000.0,600379.0,-4399621.0,130.0,1000000.0,6,12639,12771,12639,85293343640063,85294003640063,133,665000.0,584339511.0,583739013.0,1,133,-4396909.226650408,2711.773349592462,0.9999999998804087,1.0,38722144656.0
interference,container,docker_cpu3-interf_io-run7,100001,5000000.0,3000000.0,600379.0,-4399621.0,130.0,1000000.0,7,16802,16826,16802,85314158640063,85314278640063,25,125000.0,110678192.0,110077965.0,1,25,-4396997.703076922,2623.2969230776653,0.9999999995460411,1.0,1372850644.0
interference,container,docker_cpu3-interf_io-run7,100001,5000000.0,3000000.0,600379.0,-4399621.0,130.0,1000000.0,8,19304,19323,19304,85326668640063,85326763640063,20,100000.0,89312605.0,88712229.0,1,20,-4397203.523308271,2417.476691729389,0.999999996420207,1.0,890853522.0
interference,container,docker_cpu3-interf_io-run7,100001,5000000.0,3000000.0,600379.0,-4399621.0,130.0,1000000.0,9,21579,21617,21579,85338043640063,85338233640063,39,195000.0,171273289.0,170672868.0,1,39,-4397002.162550608,2618.837449392304,0.9999999997513093,1.0,3304576515.0
interference,container,docker_cpu3-interf_io-run7,100001,5000000.0,3000000.0,600379.0,-4399621.0,130.0,1000000.0,10,21880,22305,21880,85339548640063,85341673640063,426,2130000.0,1874691536.0,1874091181.0,1,426,-4396882.603061299,2738.3969387011603,0.9999999999832884,1.0,399311128049.0
interference,container,docker_cpu3-interf_io-run7,100001,5000000.0,3000000.0,600379.0,-4399621.0,130.0,1000000.0,11,22677,22684,22677,85343533640063,85343568640063,8,40000.0,34479233.0,33878928.0,1,8,-4396999.714285716,2621.2857142835855,0.9999999960420183,1.0,128712164.0
interference,container,docker_cpu3-interf_io-run7,100001,5000000.0,3000000.0,600379.0,-4399621.0,130.0,1000000.0,12,23056,23217,23056,85345428640063,85346233640063,162,810000.0,711031895.0,710430022.0,1,162,-4396883.634471841,2737.3655281588435,0.9999999998964252,1.0,57361400863.0
interference,container,docker_cpu3-interf_io-run7,100001,5000000.0,3000000.0,600379.0,-4399621.0,130.0,1000000.0,13,23272,23798,23272,85346508640063,85349138640063,527,2635000.0,2319741881.0,2319141303.0,1,527,-4396698.234164643,2922.7658353568986,0.9999999998007525,1.0,611522961581.0
interference,container,docker_cpu3-interf_io-run7,100001,5000000.0,3000000.0,600379.0,-4399621.0,130.0,1000000.0,14,24057,24085,24057,85350433640063,85350573640063,29,145000.0,130220242.0,129618353.0,1,29,-4396768.571921181,2852.4280788190663,0.9999999992518487,1.0,1904396842.0
interference,container,docker_cpu3-interf_io-run7,100001,5000000.0,3000000.0,600379.0,-4399621.0,130.0,1000000.0,15,26180,26222,26180,85361048640063,85361258640063,43,215000.0,187944424.0,187344056.0,1,43,-4397003.207490187,2617.7925098128617,0.9999999998475809,1.0,3982110099.0
interference,container,docker_cpu3-interf_io-run7,100001,5000000.0,3000000.0,600379.0,-4399621.0,130.0,1000000.0,16,28226,28235,28226,85371278640063,85371323640063,10,50000.0,43216280.0,42616068.0,1,10,-4396873.739393937,2747.2606060625985,0.999999997234419,1.0,204310711.0
interference,container,docker_cpu3-interf_io-run7,100001,5000000.0,3000000.0,600379.0,-4399621.0,130.0,1000000.0,17,29212,29213,29212,85376208640063,85376213640063,2,10000.0,9060719.0,8460441.0,1,2,-4395889.0,3732.0,1.0,1.0,7725549.0
interference,container,docker_cpu3-interf_io-run7,100001,5000000.0,3000000.0,600379.0,-4399621.0,130.0,1000000.0,18,32094,32114,32094,85390618640063,85390718640063,21,105000.0,92124314.0,91523831.0,1,21,-4396905.6909090895,2715.3090909104794,0.9999999991016196,1.0,948298122.0
interference,container,docker_cpu3-interf_io-run7,100001,5000000.0,3000000.0,600379.0,-4399621.0,130.0,1000000.0,19,33079,33116,33079,85395543640063,85395728640063,38,190000.0,169933477.0,169333049.0,1,38,-4396774.794178799,2846.2058212012053,0.9999999997239557,1.0,3252560918.0
interference,container,docker_cpu3-interf_io-run7,100001,5000000.0,3000000.0,600379.0,-4399621.0,130.0,1000000.0,20,35125,35126,35125,85405773640063,85405778640063,2,10000.0,9931717.0,9331347.0,1,2,-4395910.000000001,3710.9999999990687,1.0,1.0,9467524.0
interference,container,docker_cpu3-interf_io-run7,100001,5000000.0,3000000.0,600379.0,-4399621.0,130.0,1000000.0,21,36111,36115,36111,85410703640063,85410723640063,5,25000.0,24770359.0,24169872.0,1,5,-4396505.700000001,3115.2999999988824,0.9999999660275702,1.0,64893828.0
interference,container,docker_cpu3-interf_io-run7,100001,5000000.0,3000000.0,600379.0,-4399621.0,130.0,1000000.0,22,37249,37600,37249,85416393640063,85418148640063,352,1760000.0,1546344803.0,1545744394.0,1,352,-4396893.145650221,2727.854349778965,0.9999999999635777,1.0,271634961558.0
interference,container,docker_cpu3-interf_io-run7,100001,5000000.0,3000000.0,600379.0,-4399621.0,130.0,1000000.0,23,38661,39328,38661,85423453640063,85426788640063,668,3340000.0,2938577668.0,2937977198.0,1,668,-4396874.989281418,2746.010718582198,0.9999999999916181,1.0,981434523050.0
interference,container,docker_cpu3-interf_io-run7,100001,5000000.0,3000000.0,600379.0,-4399621.0,130.0,1000000.0,24,39658,39661,39658,85428438640063,85428453640063,4,20000.0,16264008.0,15663696.0,1,4,-4396663.700000001,2957.2999999988824,0.9999999818428028,1.0,26678115.0
interference,container,docker_cpu3-interf_io-run7,100001,5000000.0,3000000.0,600379.0,-4399621.0,130.0,1000000.0,25,42692,42736,42692,85443608640063,85443828640063,45,225000.0,197178113.0,196577830.0,1,45,-4396985.962450593,2635.0375494072214,0.9999999998237566,1.0,4385119291.0
interference,container,docker_cpu3-interf_io-run7,100001,5000000.0,3000000.0,600379.0,-4399621.0,130.0,1000000.0,26,44737,44777,44737,85453833640063,85454033640063,41,205000.0,179227166.0,178626862.0,1,41,-4397034.039372821,2586.9606271786615,0.9999999997524075,1.0,3619869904.0
interference,container,docker_cpu3-interf_io-run7,100001,5000000.0,3000000.0,600379.0,-4399621.0,130.0,1000000.0,27,46935,46968,46935,85464823640063,85464988640063,34,170000.0,150317788.0,149717404.0,1,34,-4396967.243239113,2653.7567608868703,0.9999999996439367,1.0,2542198009.0
interference,container,docker_cpu3-interf_io-run7,100001,5000000.0,3000000.0,600379.0,-4399621.0,130.0,1000000.0,28,48071,48506,48071,85470503640063,85472678640063,436,2180000.0,1917229904.0,1916629580.0,1,436,-4396877.454281405,2743.5457185953856,0.9999999999755645,1.0,417648872616.0
interference,container,docker_cpu3-interf_io-run7,100001,5000000.0,3000000.0,600379.0,-4399621.0,130.0,1000000.0,29,49094,49132,49094,85475618640063,85475808640063,39,195000.0,171337609.0,170737317.0,1,39,-4396958.721052632,2662.278947368264,0.9999999997374518,1.0,3307124222.0
interference,container,docker_cpu3-interf_io-run7,100001,5000000.0,3000000.0,600379.0,-4399621.0,130.0,1000000.0,30,50154,50171,50154,85480918640063,85481003640063,18,90000.0,81448713.0,80848549.0,1,18,-4396645.013415891,2975.986584109254,0.9999999988435414,1.0,739374722.0
interference,container,docker_cpu3-interf_io-run7,100001,5000000.0,3000000.0,600379.0,-4399621.0,130.0,1000000.0,31,51291,51292,51291,85486603640063,85486608640063,2,10000.0,9306585.0,8706226.0,1,2,-4393959.0,5662.0,1.0,1.0,8219211.0
interference,container,docker_cpu3-interf_io-run7,100001,5000000.0,3000000.0,600379.0,-4399621.0,130.0,1000000.0,32,54401,54408,54401,85502153640063,85502188640063,8,40000.0,36906583.0,36306222.0,1,8,-4396953.035714287,2667.964285712689,0.9999999955690685,1.0,148139387.0
interference,container,docker_cpu3-interf_io-run7,100001,5000000.0,3000000.0,600379.0,-4399621.0,130.0,1000000.0,33,55387,55422,55387,85507083640063,85507258640063,36,180000.0,160002342.0,159401914.0,1,36,-4396971.975546972,2649.024453028105,0.9999999997193477,1.0,2882072506.0
interference,container,docker_cpu3-interf_io-run7,100001,5000000.0,3000000.0,600379.0,-4399621.0,130.0,1000000.0,34,57812,57834,57812,85519208640063,85519318640063,23,115000.0,101846090.0,101245612.0,1,23,-4396994.060276679,2626.9397233212367,0.9999999995185284,1.0,1161026399.0
interference,container,docker_cpu3-interf_io-run7,100001,5000000.0,3000000.0,600379.0,-4399621.0,130.0,1000000.0,35,61831,61855,61831,85539303640063,85539423640063,25,125000.0,109527232.0,108926874.0,1,25,-4396984.930000002,2636.0699999984354,0.9999999995708932,1.0,1344069462.0
interference,container,docker_cpu3-interf_io-run7,100001,5000000.0,3000000.0,600379.0,-4399621.0,130.0,1000000.0,36,63954,63987,63954,85549918640063,85550083640063,34,170000.0,150225678.0,149625296.0,1,34,-4396966.090450725,2654.909549275413,0.9999999996143253,1.0,2539082850.0
interference,container,docker_cpu3-interf_io-run7,100001,5000000.0,3000000.0,600379.0,-4399621.0,130.0,1000000.0,37,65015,65068,65015,85555223640063,85555488640063,54,270000.0,236774751.0,236174410.0,1,54,-4397026.199275779,2594.8007242213935,0.9999999999146009,1.0,6331697696.0
interference,container,docker_cpu3-interf_io-run7,100001,5000000.0,3000000.0,600379.0,-4399621.0,130.0,1000000.0,38,67136,67321,67136,85565828640063,85566753640063,186,930000.0,819136364.0,818536027.0,1,186,-4396920.028262518,2700.9717374816537,0.9999999999337522,1.0,76152525838.0
interference,container,docker_cpu3-interf_io-run7,100001,5000000.0,3000000.0,600379.0,-4399621.0,130.0,1000000.0,39,69171,69212,69171,85576003640063,85576208640063,42,210000.0,186560716.0,185960425.0,1,42,-4397003.093995623,2617.9060043767095,0.9999999998455593,1.0,3923727863.0
interference,container,docker_cpu3-interf_io-run7,100001,5000000.0,3000000.0,600379.0,-4399621.0,130.0,1000000.0,40,72202,72221,72202,85591158640063,85591253640063,20,100000.0,87126941.0,86526560.0,1,20,-4396920.195488724,2700.8045112760738,0.9999999989937355,1.0,847165536.0
interference,container,docker_cpu3-interf_io-run7,100001,5000000.0,3000000.0,600379.0,-4399621.0,130.0,1000000.0,41,74250,74264,74250,85601398640063,85601468640063,15,75000.0,65777713.0,65177372.0,1,15,-4396793.353571427,2827.6464285729453,0.9999999983264051,1.0,480002983.0
interference,container,docker_cpu3-interf_io-run7,100001,5000000.0,3000000.0,600379.0,-4399621.0,130.0,1000000.0,42,75311,75900,75311,85606703640063,85609648640063,590,2950000.0,2595120691.0,2594520422.0,1,590,-4396888.327327565,2732.67267243471,0.9999999999907696,1.0,765368336628.0
interference,container,docker_cpu3-interf_io-run7,100001,5000000.0,3000000.0,600379.0,-4399621.0,130.0,1000000.0,43,78592,78700,78592,85623108640063,85623648640063,109,545000.0,482248454.0,481648122.0,1,109,-4396889.136864053,2731.8631359469146,0.999999999696647,1.0,26358007911.0
interference,container,docker_cpu3-interf_io-run7,100001,5000000.0,3000000.0,600379.0,-4399621.0,130.0,1000000.0,44,81164,81184,81164,85635968640063,85636068640063,21,105000.0,92751577.0,92151378.0,1,21,-4397007.084415585,2613.9155844151974,0.9999999994204812,1.0,961406897.0
interference,container,docker_cpu3-interf_io-run7,100001,5000000.0,3000000.0,600379.0,-4399621.0,130.0,1000000.0,45,81239,81266,81239,85636343640063,85636478640063,28,140000.0,124991509.0,124391244.0,1,28,-4396980.311713187,2640.688286812976,0.9999999995394331,1.0,1753757715.0
interference,container,docker_cpu3-interf_io-run7,100001,5000000.0,3000000.0,600379.0,-4399621.0,130.0,1000000.0,46,85410,85442,85410,85657198640063,85657358640063,33,165000.0,145867509.0,145267207.0,1,33,-4396993.000334223,2627.999665777199,0.9999999997512732,1.0,2393025257.0
interference,container,docker_cpu3-interf_io-run7,100001,5000000.0,3000000.0,600379.0,-4399621.0,130.0,1000000.0,47,86395,86418,86395,85662123640063,85662238640063,24,120000.0,107103374.0,106502995.0,1,24,-4397012.790000002,2608.2099999981,0.9999999992473942,1.0,1284956805.0
interference,container,docker_cpu3-interf_io-run7,100001,5000000.0,3000000.0,600379.0,-4399621.0,130.0,1000000.0,48,88442,88447,88442,85672358640063,85672383640063,6,30000.0,27482040.0,26881797.0,1,6,-4396482.742857141,3138.2571428585798,0.9999999851276207,1.0,80938618.0
interference,container,docker_cpu3-interf_io-run7,100001,5000000.0,3000000.0,600379.0,-4399621.0,130.0,1000000.0,49,89428,89483,89428,85677288640063,85677563640063,56,280000.0,245472015.0,244871613.0,1,56,-4397009.0190704055,2611.980929594487,0.9999999999172962,1.0,6807000104.0
interference,container,docker_cpu3-interf_io-run7,100001,5000000.0,3000000.0,600379.0,-4399621.0,130.0,1000000.0,50,90486,90504,90486,85682578640063,85682668640063,19,95000.0,84651410.0,84051038.0,1,19,-4396772.359649125,2848.6403508754447,0.9999999988844918,1.0,799509439.0
interference,container,docker_cpu3-interf_io-run7,100001,5000000.0,3000000.0,600379.0,-4399621.0,130.0,1000000.0,51,91472,91621,91472,85687508640063,85688253640063,150,750000.0,658667581.0,658067252.0,1,150,-4396611.663522824,3009.3364771762863,0.9999999998731742,1.0,49217459048.0
interference,container,docker_cpu3-interf_io-run7,100001,5000000.0,3000000.0,600379.0,-4399621.0,130.0,1000000.0,52,92751,93062,92751,85693903640063,85695458640063,312,1560000.0,1372546700.0,1371946438.0,1,312,-4396886.611764785,2734.3882352150977,0.9999999999603365,1.0,213977941747.0
interference,container,docker_cpu3-interf_io-run7,100001,5000000.0,3000000.0,600379.0,-4399621.0,130.0,1000000.0,53,93712,93712,93712,85698708640063,85698708640063,1,5000.0,3895885.0,3295503.0,1,1,,,,,895885.0
interference,container,docker_cpu3-interf_io-run7,100001,5000000.0,3000000.0,600379.0,-4399621.0,130.0,1000000.0,54,96746,96754,96746,85713878640063,85713918640063,9,45000.0,40965557.0,40365289.0,1,9,-4397020.166666667,2600.833333333023,0.9999999973003272,1.0,183402101.0
interference,container,docker_cpu3-interf_io-run7,100001,5000000.0,3000000.0,600379.0,-4399621.0,130.0,1000000.0,55,99780,99804,99780,85729048640063,85729168640063,25,125000.0,109651845.0,109051332.0,1,25,-4397038.519230769,2582.480769230984,0.9999999995995232,1.0,1347177790.0
interference,container,docker_cpu3-interf_io-run8,100001,5000000.0,3000000.0,605521.0,-4394479.0,128.0,1000000.0,1,80,104,80,87537332707196,87537452707196,25,125000.0,108881581.0,108276173.0,1,25,-4391788.413076922,2690.5869230777025,0.9999999991590116,1.0,1329574325.0
interference,container,docker_cpu3-interf_io-run8,100001,5000000.0,3000000.0,605521.0,-4394479.0,128.0,1000000.0,2,158,178,158,87537722707196,87537822707196,21,105000.0,91118160.0,90512716.0,1,21,-4391857.194805196,2621.805194804445,0.9999999988774375,1.0,928244352.0
interference,container,docker_cpu3-interf_io-run8,100001,5000000.0,3000000.0,605521.0,-4394479.0,128.0,1000000.0,3,1255,1559,1255,87543207707196,87544727707196,305,1525000.0,1340920253.0,1340314819.0,1,305,-4391771.452964014,2707.5470359856263,0.9999999999689497,1.0,204462910571.0
interference,container,docker_cpu3-interf_io-run8,100001,5000000.0,3000000.0,605521.0,-4394479.0,128.0,1000000.0,4,2621,2997,2621,87550037707196,87551917707196,377,1885000.0,1655799537.0,1655194115.0,1,377,-4391411.985132095,3067.014867904596,0.9999999999646757,1.0,311858748927.0
interference,container,docker_cpu3-interf_io-run8,100001,5000000.0,3000000.0,605521.0,-4394479.0,128.0,1000000.0,5,5757,5829,5757,87565717707196,87566077707196,73,365000.0,322548980.0,321943428.0,1,73,-4391857.829415035,2621.170584964566,0.9999999999408726,1.0,11785270215.0
interference,container,docker_cpu3-interf_io-run8,100001,5000000.0,3000000.0,605521.0,-4394479.0,128.0,1000000.0,6,6911,7438,6911,87571487707196,87574122707196,528,2640000.0,2318223218.0,2317617680.0,1,528,-4391742.795399599,2736.2046004012227,0.9999999999870617,1.0,611422268464.0
interference,container,docker_cpu3-interf_io-run8,100001,5000000.0,3000000.0,605521.0,-4394479.0,128.0,1000000.0,7,7866,7882,7866,87576262707196,87576342707196,17,85000.0,75644510.0,75038942.0,1,17,-4391810.017156863,2668.982843137346,0.9999999990890978,1.0,637665279.0
interference,container,docker_cpu3-interf_io-run8,100001,5000000.0,3000000.0,605521.0,-4394479.0,128.0,1000000.0,8,10863,10912,10863,87591247707196,87591492707196,50,250000.0,220282130.0,219676617.0,1,50,-4391893.25954382,2585.7404561797157,0.9999999998460707,1.0,5484187872.0
interference,container,docker_cpu3-interf_io-run8,100001,5000000.0,3000000.0,605521.0,-4394479.0,128.0,1000000.0,9,14349,14389,14349,87608677707196,87608877707196,41,205000.0,180932575.0,180327196.0,1,41,-4391854.140940766,2624.8590592341498,0.9999999997977224,1.0,3693997707.0
interference,container,docker_cpu3-interf_io-run8,100001,5000000.0,3000000.0,605521.0,-4394479.0,128.0,1000000.0,10,16395,17033,16395,87618907707196,87622097707196,639,3195000.0,2805298449.0,2804693054.0,1,639,-4391745.830799973,2733.1692000273615,0.9999999999797443,1.0,895444881236.0
interference,container,docker_cpu3-interf_io-run8,100001,5000000.0,3000000.0,605521.0,-4394479.0,128.0,1000000.0,11,20050,20071,20050,87637182707196,87637287707196,22,110000.0,97908307.0,97302910.0,1,22,-4391861.59796725,2617.4020327497274,0.9999999991607696,1.0,1073510344.0
interference,container,docker_cpu3-interf_io-run8,100001,5000000.0,3000000.0,605521.0,-4394479.0,128.0,1000000.0,12,24753,24777,24753,87660697707196,87660817707196,25,125000.0,110105007.0,109499429.0,1,25,-4391851.584615384,2627.4153846157715,0.9999999991043836,1.0,1360150792.0
interference,container,docker_cpu3-interf_io-run8,100001,5000000.0,3000000.0,605521.0,-4394479.0,128.0,1000000.0,13,26800,26829,26800,87670932707196,87671077707196,30,150000.0,134714239.0,134108739.0,1,30,-4391889.569521695,2589.4304783046246,0.9999999997002765,1.0,2040958045.0
interference,container,docker_cpu3-interf_io-run8,100001,5000000.0,3000000.0,605521.0,-4394479.0,128.0,1000000.0,14,29832,29838,29832,87686092707196,87686122707196,7,35000.0,32850252.0,32244784.0,1,7,-4391894.785714286,2584.2142857136205,0.9999999951722434,1.0,116722600.0
interference,container,docker_cpu3-interf_io-run8,100001,5000000.0,3000000.0,605521.0,-4394479.0,128.0,1000000.0,15,30742,30770,30742,87690642707196,87690782707196,29,145000.0,129155638.0,128550151.0,1,29,-4391816.71182266,2662.2881773402914,0.9999999994698086,1.0,1875511900.0
interference,container,docker_cpu3-interf_io-run8,100001,5000000.0,3000000.0,605521.0,-4394479.0,128.0,1000000.0,16,31727,31738,31727,87695567707196,87695622707196,12,60000.0,55546229.0,54940534.0,1,12,-4391526.667832167,2952.332167833112,0.9999999969017782,1.0,340709711.0
interference,container,docker_cpu3-interf_io-run8,100001,5000000.0,3000000.0,605521.0,-4394479.0,128.0,1000000.0,17,31803,31817,31803,87695947707196,87696017707196,15,75000.0,65213825.0,64608398.0,1,15,-4391845.7857142845,2633.214285715483,0.9999999982130618,1.0,472089655.0
interference,container,docker_cpu3-interf_io-run8,100001,5000000.0,3000000.0,605521.0,-4394479.0,128.0,1000000.0,18,32864,32878,32864,87701252707196,87701322707196,15,75000.0,66973948.0,66368542.0,1,15,-4391682.939285711,2796.0607142886147,0.9999999981342823,1.0,498487606.0
interference,container,docker_cpu3-interf_io-run8,100001,5000000.0,3000000.0,605521.0,-4394479.0,128.0,1000000.0,19,33850,33879,33850,87706182707196,87706327707196,30,150000.0,134130636.0,133525026.0,1,30,-4391855.804004454,2623.195995545946,0.999999999574842,1.0,2023532573.0
interference,container,docker_cpu3-interf_io-run8,100001,5000000.0,3000000.0,605521.0,-4394479.0,128.0,1000000.0,20,34986,35457,34986,87711862707196,87714217707196,472,2360000.0,2071601814.0,2070996427.0,1,472,-4391746.643873279,2732.356126721017,0.9999999999856853,1.0,488208998829.0
interference,container,docker_cpu3-interf_io-run8,100001,5000000.0,3000000.0,605521.0,-4394479.0,128.0,1000000.0,21,40101,40127,40101,87737437707196,87737567707196,27,135000.0,117367348.0,116761818.0,1,27,-4391849.523199025,2629.47680097539,0.9999999996219289,1.0,1546356653.0
interference,container,docker_cpu3-interf_io-run8,100001,5000000.0,3000000.0,605521.0,-4394479.0,128.0,1000000.0,22,42148,42160,42148,87747672707196,87747732707196,13,65000.0,55850520.0,55245052.0,1,13,-4391819.543956042,2659.4560439577326,0.9999999981153574,1.0,344492411.0
interference,container,docker_cpu3-interf_io-run8,100001,5000000.0,3000000.0,605521.0,-4394479.0,128.0,1000000.0,23,44423,44465,44423,87759047707196,87759257707196,43,215000.0,189727006.0,189121528.0,1,43,-4391885.367713684,2593.632286315784,0.9999999998447477,1.0,4063389572.0
interference,container,docker_cpu3-interf_io-run8,100001,5000000.0,3000000.0,605521.0,-4394479.0,128.0,1000000.0,24,46469,46484,46469,87769277707196,87769352707196,16,80000.0,70848864.0,70243362.0,1,16,-4391853.9,2625.0999999996275,0.999999999020863,1.0,558564416.0
interference,container,docker_cpu3-interf_io-run8,100001,5000000.0,3000000.0,605521.0,-4394479.0,128.0,1000000.0,25,47454,47483,47454,87774202707196,87774347707196,30,150000.0,134717853.0,134112310.0,1,30,-4391868.265183541,2610.7348164590076,0.999999999698228,1.0,2041082022.0
interference,container,docker_cpu3-interf_io-run8,100001,5000000.0,3000000.0,605521.0,-4394479.0,128.0,1000000.0,26,51397,51404,51397,87793917707196,87793952707196,8,40000.0,36411225.0,35805612.0,1,8,-4391888.904761905,2590.0952380951494,0.9999999965778763,1.0,144311244.0
interference,container,docker_cpu3-interf_io-run8,100001,5000000.0,3000000.0,605521.0,-4394479.0,128.0,1000000.0,27,52459,52465,52459,87799227707196,87799257707196,7,35000.0,31794640.0,31189030.0,1,7,-4391543.428571428,2935.5714285718277,0.9999999931867511,1.0,109341568.0
interference,container,docker_cpu3-interf_io-run8,100001,5000000.0,3000000.0,605521.0,-4394479.0,128.0,1000000.0,28,54507,54516,54507,87809467707196,87809512707196,10,50000.0,46522612.0,45915473.0,1,10,-4391902.745454542,2576.254545457661,0.9999999972738182,1.0,237586247.0
interference,container,docker_cpu3-interf_io-run8,100001,5000000.0,3000000.0,605521.0,-4394479.0,128.0,1000000.0,29,56555,56585,56555,87819707707196,87819857707196,31,155000.0,135121673.0,134516095.0,1,31,-4391821.406451614,2657.5935483863577,0.9999999995652732,1.0,2053650466.0
interference,container,docker_cpu3-interf_io-run8,100001,5000000.0,3000000.0,605521.0,-4394479.0,128.0,1000000.0,30,61635,61676,61635,87845107707196,87845312707196,42,210000.0,187412647.0,186806939.0,1,42,-4391872.133619645,2606.866380355321,0.9999999998442534,1.0,3963907465.0
interference,container,docker_cpu3-interf_io-run8,100001,5000000.0,3000000.0,605521.0,-4394479.0,128.0,1000000.0,31,66715,66750,66715,87870507707196,87870682707196,36,180000.0,157846521.0,157241047.0,1,36,-4391853.211840409,2625.788159591146,0.9999999997805697,1.0,2807617506.0
interference,container,docker_cpu3-interf_io-run8,100001,5000000.0,3000000.0,605521.0,-4394479.0,128.0,1000000.0,32,68610,68644,68610,87879982707196,87880152707196,35,175000.0,153520455.0,152914994.0,1,35,-4391929.778431371,2549.2215686291456,0.999999999750579,1.0,2655023112.0
interference,container,docker_cpu3-interf_io-run8,100001,5000000.0,3000000.0,605521.0,-4394479.0,128.0,1000000.0,33,69746,69999,69746,87885662707196,87886927707196,254,1270000.0,1118092304.0,1117486786.0,1,254,-4391753.549528308,2725.4504716917872,0.9999999999571509,1.0,142121680225.0
interference,container,docker_cpu3-interf_io-run8,100001,5000000.0,3000000.0,605521.0,-4394479.0,128.0,1000000.0,34,70865,71486,70865,87891257707196,87894362707196,622,3110000.0,2733695443.0,2733089970.0,1,622,-4391732.740788361,2746.2592116389424,0.9999999999907833,1.0,850310021473.0
interference,container,docker_cpu3-interf_io-run8,100001,5000000.0,3000000.0,605521.0,-4394479.0,128.0,1000000.0,35,72929,72943,72929,87901577707196,87901647707196,15,75000.0,64867001.0,64261668.0,1,15,-4391885.174999999,2593.8250000011176,0.9999999988725736,1.0,466862593.0
interference,container,docker_cpu3-interf_io-run8,100001,5000000.0,3000000.0,605521.0,-4394479.0,128.0,1000000.0,36,76038,76053,76038,87917122707196,87917197707196,16,80000.0,72903898.0,72298461.0,1,16,-4391864.736764706,2614.26323529426,0.9999999989996633,1.0,591443309.0
interference,container,docker_cpu3-interf_io-run8,100001,5000000.0,3000000.0,605521.0,-4394479.0,128.0,1000000.0,37,76417,76432,76417,87919017707196,87919092707196,16,80000.0,70020382.0,69414892.0,1,16,-4391836.091176471,2642.9088235292584,0.9999999989529765,1.0,545313908.0
interference,container,docker_cpu3-interf_io-run8,100001,5000000.0,3000000.0,605521.0,-4394479.0,128.0,1000000.0,38,77554,77574,77554,87924702707196,87924802707196,21,105000.0,94422860.0,93815747.0,1,21,-4391890.192207792,2588.8077922081575,0.9999999990205404,1.0,997596721.0
interference,container,docker_cpu3-interf_io-run8,100001,5000000.0,3000000.0,605521.0,-4394479.0,128.0,1000000.0,39,78539,78571,78539,87929627707196,87929787707196,33,165000.0,144788307.0,144182842.0,1,33,-4391707.337232618,2771.6627673823386,0.9999999996446866,1.0,2360215376.0
interference,container,docker_cpu3-interf_io-run8,100001,5000000.0,3000000.0,605521.0,-4394479.0,128.0,1000000.0,40,81420,81550,81420,87944032707196,87944682707196,131,655000.0,578136052.0,577530695.0,1,131,-4391782.164090112,2696.8359098881483,0.99999999984927,1.0,37946896691.0
interference,container,docker_cpu3-interf_io-run8,100001,5000000.0,3000000.0,605521.0,-4394479.0,128.0,1000000.0,41,82549,82572,82549,87949677707196,87949792707196,24,120000.0,105552779.0,104947074.0,1,24,-4391878.230434783,2600.769565217197,0.999999999540354,1.0,1249100222.0
interference,container,docker_cpu3-interf_io-run8,100001,5000000.0,3000000.0,605521.0,-4394479.0,128.0,1000000.0,42,84596,84630,84596,87959912707196,87960082707196,35,175000.0,153806080.0,153200484.0,1,35,-4391854.980392156,2624.019607843831,0.9999999997755774,1.0,2665059884.0
interference,container,docker_cpu3-interf_io-run8,100001,5000000.0,3000000.0,605521.0,-4394479.0,128.0,1000000.0,43,87629,87641,87629,87975077707196,87975137707196,13,65000.0,55822182.0,55216457.0,1,13,-4391896.923076921,2582.0769230788574,0.9999999984710681,1.0,344122128.0
interference,container,docker_cpu3-interf_io-run8,100001,5000000.0,3000000.0,605521.0,-4394479.0,128.0,1000000.0,44,89676,89689,89676,87985312707196,87985377707196,14,70000.0,64071768.0,63466367.0,1,14,-4391877.712087913,2601.2879120865837,0.999999998066046,1.0,455363081.0
interference,container,docker_cpu3-interf_io-run8,100001,5000000.0,3000000.0,605521.0,-4394479.0,128.0,1000000.0,45,91648,91653,91648,87995172707196,87995197707196,6,30000.0,27483403.0,26877783.0,1,6,-4391745.514285713,2733.485714286566,0.9999999937333294,1.0,81021231.0
interference,container,docker_cpu3-interf_io-run8,100001,5000000.0,3000000.0,605521.0,-4394479.0,128.0,1000000.0,46,94682,94747,94682,88010342707196,88010667707196,66,330000.0,291055767.0,290450220.0,1,66,-4391574.739129528,2904.2608704715967,0.999999999876603,1.0,9591958298.0
interference,container,docker_cpu3-interf_io-run8,100001,5000000.0,3000000.0,605521.0,-4394479.0,128.0,1000000.0,47,95892,96506,95892,88016392707196,88019462707196,615,3075000.0,2702468727.0,2701863327.0,1,615,-4391745.829883032,2733.170116968453,0.9999999999907687,1.0,830986216882.0
interference,container,docker_cpu3-interf_io-run8,100001,5000000.0,3000000.0,605521.0,-4394479.0,128.0,1000000.0,48,96894,96897,96894,88021402707196,88021417707196,4,20000.0,17562562.0,16955650.0,1,4,-4391614.7,2864.2999999998137,0.9999999846957495,1.0,31897899.0
interference,container,docker_cpu3-interf_io-run8,100001,5000000.0,3000000.0,605521.0,-4394479.0,128.0,1000000.0,49,98867,98886,98867,88031267707196,88031362707196,20,100000.0,89013208.0,88407756.0,1,20,-4391798.997744361,2680.0022556390613,0.9999999990556019,1.0,885859775.0
interference,container,docker_cpu3-interf_io-run8,100001,5000000.0,3000000.0,605521.0,-4394479.0,128.0,1000000.0,50,99928,99948,99928,88036572707196,88036672707196,21,105000.0,92726278.0,92120872.0,1,21,-4391878.831168831,2600.168831168674,0.9999999994286669,1.0,961962599.0
interference,container,docker_cpu3-interf_io-run9,100001,5000000.0,3000000.0,603138.0,-4396862.0,85.0,1000000.0,1,80,142,80,88870083085926,88870393085926,63,315000.0,276537559.0,275934385.0,1,63,-4391732.475086403,5129.524913596921,0.9999999998734314,1.0,8655939572.0
interference,container,docker_cpu3-interf_io-run9,100001,5000000.0,3000000.0,603138.0,-4396862.0,85.0,1000000.0,2,392,420,392,88871643085926,88871783085926,29,145000.0,129571266.0,128968393.0,1,29,-4391471.841379309,5390.158620690927,0.9999999985868787,1.0,1887776638.0
interference,container,docker_cpu3-interf_io-run9,100001,5000000.0,3000000.0,603138.0,-4396862.0,85.0,1000000.0,3,1484,1514,1484,88877103085926,88877253085926,31,155000.0,136417189.0,135814136.0,1,31,-4391880.889112903,4981.110887097195,0.9999999997085776,1.0,2093714627.0
interference,container,docker_cpu3-interf_io-run9,100001,5000000.0,3000000.0,603138.0,-4396862.0,85.0,1000000.0,4,6351,6383,6351,88901438085926,88901598085926,33,165000.0,147725473.0,147122233.0,1,33,-4391845.205213902,5016.794786098413,0.999999999078189,1.0,2457240071.0
interference,container,docker_cpu3-interf_io-run9,100001,5000000.0,3000000.0,603138.0,-4396862.0,85.0,1000000.0,5,9441,9441,9441,88916888085926,88916888085926,1,5000.0,6213484.0,5610354.0,1,1,,,,,3213484.0
interference,container,docker_cpu3-interf_io-run9,100001,5000000.0,3000000.0,603138.0,-4396862.0,85.0,1000000.0,6,11423,11451,11423,88926798085926,88926938085926,29,145000.0,126446709.0,125843664.0,1,29,-4391909.296551724,4952.7034482760355,0.9999999996250181,1.0,1796862815.0
interference,container,docker_cpu3-interf_io-run9,100001,5000000.0,3000000.0,603138.0,-4396862.0,85.0,1000000.0,7,12484,12496,12484,88932103085926,88932163085926,13,65000.0,55793859.0,55190776.0,1,13,-4391705.950549452,5156.049450548366,0.9999999942452256,1.0,343809235.0
interference,container,docker_cpu3-interf_io-run9,100001,5000000.0,3000000.0,603138.0,-4396862.0,85.0,1000000.0,8,14001,14031,14001,88939688085926,88939838085926,31,155000.0,138510637.0,137907569.0,1,31,-4391558.922580646,5303.077419353649,0.9999999995153397,1.0,2158798003.0
interference,container,docker_cpu3-interf_io-run9,100001,5000000.0,3000000.0,603138.0,-4396862.0,85.0,1000000.0,9,15440,15472,15440,88946883085926,88947043085926,33,165000.0,145611629.0,145008596.0,1,33,-4392048.351270051,4813.648729949258,0.999999998691222,1.0,2387332747.0
interference,container,docker_cpu3-interf_io-run9,100001,5000000.0,3000000.0,603138.0,-4396862.0,85.0,1000000.0,10,16501,16524,16501,88952188085926,88952303085926,24,120000.0,104104515.0,103501379.0,1,24,-4391865.486086961,4996.513913039118,0.9999999995588085,1.0,1214341020.0
interference,container,docker_cpu3-interf_io-run9,100001,5000000.0,3000000.0,603138.0,-4396862.0,85.0,1000000.0,11,20596,20642,20596,88972663085926,88972893085926,47,235000.0,208408255.0,207805162.0,1,47,-4391871.521970401,4990.478029599413,0.9999999998661045,1.0,4906597896.0
interference,container,docker_cpu3-interf_io-run9,100001,5000000.0,3000000.0,603138.0,-4396862.0,85.0,1000000.0,12,23703,23708,23703,88988198085926,88988223085926,6,30000.0,29179722.0,28576696.0,1,6,-4391667.285714283,5194.714285717346,0.9999999938712937,1.0,91201377.0
interference,container,docker_cpu3-interf_io-run9,100001,5000000.0,3000000.0,603138.0,-4396862.0,85.0,1000000.0,13,26737,26771,26737,89003368085926,89003538085926,35,175000.0,156170865.0,155567635.0,1,35,-4391895.290476188,4966.709523811936,0.9999999997765316,1.0,2747818646.0
interference,container,docker_cpu3-interf_io-run9,100001,5000000.0,3000000.0,603138.0,-4396862.0,85.0,1000000.0,14,27722,27755,27722,89008293085926,89008458085926,34,170000.0,152212743.0,151609572.0,1,34,-4391653.052406417,5208.947593582794,0.9999999996923838,1.0,2609506146.0
interference,container,docker_cpu3-interf_io-run9,100001,5000000.0,3000000.0,603138.0,-4396862.0,85.0,1000000.0,15,27872,27920,27872,89009043085926,89009283085926,49,245000.0,216085653.0,215482531.0,1,49,-4391660.4913265295,5201.508673470467,0.9999999998341829,1.0,5276590888.0
interference,container,docker_cpu3-interf_io-run9,100001,5000000.0,3000000.0,603138.0,-4396862.0,85.0,1000000.0,16,28931,28954,28931,89014338085926,89014453085926,24,120000.0,106802819.0,106199621.0,1,24,-4391802.186956527,5059.813043473288,0.9999999987038283,1.0,1279225558.0
interference,container,docker_cpu3-interf_io-run9,100001,5000000.0,3000000.0,603138.0,-4396862.0,85.0,1000000.0,17,29992,30012,29992,89019643085926,89019743085926,21,105000.0,94705862.0,94102663.0,1,21,-4391856.770129872,5005.229870128445,0.99999999811617,1.0,1003616630.0
interference,container,docker_cpu3-interf_io-run9,100001,5000000.0,3000000.0,603138.0,-4396862.0,85.0,1000000.0,18,30977,31018,30977,89024568085926,89024773085926,42,210000.0,186051578.0,185448404.0,1,42,-4391881.868487157,4980.131512843072,0.9999999998229134,1.0,3906743561.0
interference,container,docker_cpu3-interf_io-run9,100001,5000000.0,3000000.0,603138.0,-4396862.0,85.0,1000000.0,19,33023,33031,33023,89034798085926,89034838085926,9,45000.0,39382209.0,38778916.0,1,9,-4391843.950000001,5018.049999998882,0.9999999970246851,1.0,169337825.0
interference,container,docker_cpu3-interf_io-run9,100001,5000000.0,3000000.0,603138.0,-4396862.0,85.0,1000000.0,20,34388,34421,34388,89041623085926,89041788085926,34,170000.0,150869394.0,150266135.0,1,34,-4391849.339495796,5012.660504204221,0.9999999994074316,1.0,2563879081.0
interference,container,docker_cpu3-interf_io-run9,100001,5000000.0,3000000.0,603138.0,-4396862.0,85.0,1000000.0,21,37421,37423,37421,89056788085926,89056798085926,3,15000.0,15680594.0,15077419.0,1,3,-4389398.999999999,7463.000000000931,0.9999997964567164,1.0,24877015.0
interference,container,docker_cpu3-interf_io-run9,100001,5000000.0,3000000.0,603138.0,-4396862.0,85.0,1000000.0,22,40455,40479,40455,89071958085926,89072078085926,25,125000.0,109652549.0,109049448.0,1,25,-4391800.155384616,5061.844615384005,0.999999998610058,1.0,1348887394.0
interference,container,docker_cpu3-interf_io-run9,100001,5000000.0,3000000.0,603138.0,-4396862.0,85.0,1000000.0,23,41667,41712,41667,89078018085926,89078243085926,46,230000.0,203204770.0,202601618.0,1,46,-4391544.575331484,5317.424668516032,0.9999999998007025,1.0,4664140921.0
interference,container,docker_cpu3-interf_io-run9,100001,5000000.0,3000000.0,603138.0,-4396862.0,85.0,1000000.0,24,43789,43931,43789,89088628085926,89089338085926,143,715000.0,627215991.0,626612878.0,1,143,-4391764.163765221,5097.836234779097,0.9999999998454079,1.0,44672867275.0
interference,container,docker_cpu3-interf_io-run9,100001,5000000.0,3000000.0,603138.0,-4396862.0,85.0,1000000.0,25,44993,45394,44993,89094648085926,89096653085926,402,2010000.0,1768414400.0,1767811264.0,1,402,-4391762.23151863,5099.768481370062,0.9999999999830004,1.0,355714843919.0
interference,container,docker_cpu3-interf_io-run9,100001,5000000.0,3000000.0,603138.0,-4396862.0,85.0,1000000.0,26,45943,45979,45943,89099398085926,89099578085926,37,185000.0,161519666.0,160916707.0,1,37,-4391895.372451395,4966.627548605204,0.9999999998112563,1.0,2940253291.0
interference,container,docker_cpu3-interf_io-run9,100001,5000000.0,3000000.0,603138.0,-4396862.0,85.0,1000000.0,27,48976,49005,48976,89114563085926,89114708085926,30,150000.0,134479594.0,133876401.0,1,30,-4391928.61957731,4933.380422689952,0.9999999996143798,1.0,2033887983.0
interference,container,docker_cpu3-interf_io-run9,100001,5000000.0,3000000.0,603138.0,-4396862.0,85.0,1000000.0,28,52994,52994,52994,89134653085926,89134653085926,1,5000.0,5994315.0,5391164.0,1,1,,,,,2994315.0
interference,container,docker_cpu3-interf_io-run9,100001,5000000.0,3000000.0,603138.0,-4396862.0,85.0,1000000.0,29,56028,56058,56028,89149823085926,89149973085926,31,155000.0,135910292.0,135307207.0,1,31,-4391812.202822584,5049.7971774162725,0.9999999982780176,1.0,2078175930.0
interference,container,docker_cpu3-interf_io-run9,100001,5000000.0,3000000.0,603138.0,-4396862.0,85.0,1000000.0,30,57013,57019,57013,89154748085926,89154778085926,7,35000.0,29960177.0,29356938.0,1,7,-4391690.535714285,5171.464285714552,0.9999999933735438,1.0,96492199.0
interference,container,docker_cpu3-interf_io-run9,100001,5000000.0,3000000.0,603138.0,-4396862.0,85.0,1000000.0,31,57240,57259,57240,89155883085926,89155978085926,20,100000.0,89113592.0,88510326.0,1,20,-4391634.712030074,5227.287969926372,0.9999999990821383,1.0,887848619.0
interference,container,docker_cpu3-interf_io-run9,100001,5000000.0,3000000.0,603138.0,-4396862.0,85.0,1000000.0,32,58378,58860,58378,89161573085926,89163983085926,483,2415000.0,2123313537.0,2122710376.0,1,483,-4391746.026597781,5115.973402218893,0.9999999999842151,1.0,512898115648.0
interference,container,docker_cpu3-interf_io-run9,100001,5000000.0,3000000.0,603138.0,-4396862.0,85.0,1000000.0,33,59926,60275,59926,89169313085926,89171058085926,350,1750000.0,1536140192.0,1535537091.0,1,350,-4391794.426511611,5067.573488389142,0.999999999966319,1.0,268369381366.0
interference,container,docker_cpu3-interf_io-run9,100001,5000000.0,3000000.0,603138.0,-4396862.0,85.0,1000000.0,34,61262,61316,61262,89175993085926,89176263085926,55,275000.0,242921151.0,242317993.0,1,55,-4391872.70598845,4989.294011550024,0.9999999999032099,1.0,6673705886.0
interference,container,docker_cpu3-interf_io-run9,100001,5000000.0,3000000.0,603138.0,-4396862.0,85.0,1000000.0,35,68389,68774,68389,89211628085926,89213553085926,386,1930000.0,1696044174.0,1695440992.0,1,386,-4391752.519789325,5109.480210674927,0.9999999999807031,1.0,327184018892.0
interference,container,docker_cpu3-interf_io-run9,100001,5000000.0,3000000.0,603138.0,-4396862.0,85.0,1000000.0,36,69417,69447,69417,89216768085926,89216918085926,31,155000.0,139039452.0,138436386.0,1,31,-4391905.454032259,4956.545967740938,0.9999999997273754,1.0,2174959346.0
interference,container,docker_cpu3-interf_io-run9,100001,5000000.0,3000000.0,603138.0,-4396862.0,85.0,1000000.0,37,70402,70422,70402,89221693085926,89221793085926,21,105000.0,94259850.0,93656747.0,1,21,-4391664.948051946,5197.051948053762,0.9999999990230559,1.0,994216844.0
interference,container,docker_cpu3-interf_io-run9,100001,5000000.0,3000000.0,603138.0,-4396862.0,85.0,1000000.0,38,71463,71468,71463,89226998085926,89227023085926,6,30000.0,27961279.0,27358129.0,1,6,-4391772.971428571,5089.028571428731,0.9999999923509422,1.0,83886986.0
interference,container,docker_cpu3-interf_io-run9,100001,5000000.0,3000000.0,603138.0,-4396862.0,85.0,1000000.0,39,72525,72526,72525,89232308085926,89232313085926,2,10000.0,10987382.0,10384221.0,1,2,-4392958.999999999,3903.0000000009313,1.0,1.0,11581805.0
interference,container,docker_cpu3-interf_io-run9,100001,5000000.0,3000000.0,603138.0,-4396862.0,85.0,1000000.0,40,73511,73694,73511,89237238085926,89238153085926,184,920000.0,808051644.0,807448554.0,1,184,-4391410.042816552,5451.9571834476665,0.9999999998994259,1.0,74194844221.0
interference,container,docker_cpu3-interf_io-run9,100001,5000000.0,3000000.0,603138.0,-4396862.0,85.0,1000000.0,41,75774,75861,75774,89248553085926,89248988085926,88,440000.0,388514539.0,387911402.0,1,88,-4391788.784843788,5073.215156212449,0.9999999996266773,1.0,17113413224.0
interference,container,docker_cpu3-interf_io-run9,100001,5000000.0,3000000.0,603138.0,-4396862.0,85.0,1000000.0,42,77892,77906,77892,89259143085926,89259213085926,15,75000.0,67233040.0,66629858.0,1,15,-4391869.678571426,4992.32142857369,0.9999999988789561,1.0,502346373.0
interference,container,docker_cpu3-interf_io-run9,100001,5000000.0,3000000.0,603138.0,-4396862.0,85.0,1000000.0,43,78877,78891,78877,89264068085926,89264138085926,15,75000.0,66154666.0,65551487.0,1,15,-4391881.607142856,4980.392857143655,0.999999998852736,1.0,486168905.0
interference,container,docker_cpu3-interf_io-run9,100001,5000000.0,3000000.0,603138.0,-4396862.0,85.0,1000000.0,44,80925,80932,80925,89274308085926,89274343085926,8,40000.0,35933341.0,35330247.0,1,8,-4391824.833333337,5037.166666663252,0.999999996169347,1.0,140490428.0
interference,container,docker_cpu3-interf_io-run9,100001,5000000.0,3000000.0,603138.0,-4396862.0,85.0,1000000.0,45,81911,81925,81911,89279238085926,89279308085926,15,75000.0,67205778.0,66602735.0,1,15,-4391920.917857141,4941.082142858766,0.9999999988574351,1.0,501932631.0
interference,container,docker_cpu3-interf_io-run9,100001,5000000.0,3000000.0,603138.0,-4396862.0,85.0,1000000.0,46,82896,82940,82896,89284163085926,89284383085926,45,225000.0,200604251.0,200001070.0,1,45,-4391851.015942029,5010.984057971276,0.9999999997831653,1.0,4544410077.0
interference,container,docker_cpu3-interf_io-run9,100001,5000000.0,3000000.0,603138.0,-4396862.0,85.0,1000000.0,47,84942,84964,84942,89294393085926,89294503085926,23,115000.0,100406551.0,99803494.0,1,23,-4391879.215415021,4982.784584978595,0.9999999994336594,1.0,1129220911.0
interference,container,docker_cpu3-interf_io-run9,100001,5000000.0,3000000.0,603138.0,-4396862.0,85.0,1000000.0,48,85927,85943,85927,89299318085926,89299398085926,17,85000.0,73515427.0,72912344.0,1,17,-4391880.558823529,4981.4411764713,0.999999999129314,1.0,601477263.0
interference,container,docker_cpu3-interf_io-run9,100001,5000000.0,3000000.0,603138.0,-4396862.0,85.0,1000000.0,49,86002,86020,86002,89299693085926,89299783085926,19,95000.0,86187039.0,85583875.0,1,19,-4391612.06666667,5249.933333329856,0.9999999987273744,1.0,829562066.0
interference,container,docker_cpu3-interf_io-run9,100001,5000000.0,3000000.0,603138.0,-4396862.0,85.0,1000000.0,50,87215,87227,87215,89305758085926,89305818085926,13,65000.0,57539384.0,56936353.0,1,13,-4391743.813186812,5118.186813187785,0.9999999954532148,1.0,366491493.0
interference,container,docker_cpu3-interf_io-run9,100001,5000000.0,3000000.0,603138.0,-4396862.0,85.0,1000000.0,51,88201,88637,88201,89310688085926,89312868085926,437,2185000.0,1918534681.0,1917931500.0,1,437,-4391388.718425612,5473.281574388035,0.999999999953294,1.0,418736218761.0
interference,container,docker_cpu3-interf_io-run9,100001,5000000.0,3000000.0,603138.0,-4396862.0,85.0,1000000.0,52,89603,89628,89603,89317698085926,89317823085926,26,130000.0,112804138.0,112201267.0,1,26,-4391844.685470086,5017.314529914409,0.9999999990029479,1.0,1427658411.0
interference,container,docker_cpu3-interf_io-run9,100001,5000000.0,3000000.0,603138.0,-4396862.0,85.0,1000000.0,53,92712,92714,92712,89333243085926,89333253085926,3,15000.0,14988326.0,14385059.0,1,3,-4391899.499999998,4962.500000001863,0.9999999798245378,1.0,22788199.0
interference,container,docker_cpu3-interf_io-run9,100001,5000000.0,3000000.0,603138.0,-4396862.0,85.0,1000000.0,54,96732,96756,96732,89353343085926,89353463085926,25,125000.0,110337903.0,109734669.0,1,25,-4391904.036153847,4957.963846152648,0.999999999552525,1.0,1365878299.0
interference,host,host_cpu3-interf_io-run1,100001,5000000.0,3000000.0,595156.0,-4404844.0,600.0,1000000.0,1,2880,2880,2880,74895746828793,74895746828793,1,5000.0,5718841.0,5125058.0,1,1,,,,,2718841.0
interference,host,host_cpu3-interf_io-run1,100001,5000000.0,3000000.0,595156.0,-4404844.0,600.0,1000000.0,2,34339,34339,34339,75053041828793,75053041828793,1,5000.0,3050732.0,2456611.0,1,1,,,,,50732.0
interference,host,host_cpu3-interf_io-run1,100001,5000000.0,3000000.0,595156.0,-4404844.0,600.0,1000000.0,3,98737,98737,98737,75375031828793,75375031828793,1,5000.0,3998981.0,3403967.0,1,1,,,,,998981.0
interference,host,host_cpu3-interf_io-run10,100001,5000000.0,3000000.0,594567.0,-4405433.0,276.0,1000000.0,1,1334,1351,1334,89838367877750,89838452877750,18,90000.0,80534066.0,79939686.0,1,18,-4402133.401444787,3299.5985552128404,0.9999999982860677,1.0,722089658.0
interference,host,host_cpu3-interf_io-run10,100001,5000000.0,3000000.0,594567.0,-4405433.0,276.0,1000000.0,2,3343,3380,3343,89848412877750,89848597877750,38,190000.0,167223382.0,166628598.0,1,38,-4402483.107889269,2949.8921107314527,0.999999999433707,1.0,3145597985.0
interference,host,host_cpu3-interf_io-run10,100001,5000000.0,3000000.0,594567.0,-4405433.0,276.0,1000000.0,3,6432,6442,6432,89863857877750,89863907877750,11,55000.0,49099580.0,48504995.0,1,11,-4401930.045454542,3502.9545454578474,0.9999999953301928,1.0,265006019.0
interference,host,host_cpu3-interf_io-run10,100001,5000000.0,3000000.0,594567.0,-4405433.0,276.0,1000000.0,4,10518,10520,10518,89884287877750,89884297877750,3,15000.0,14469826.0,13875560.0,1,3,-4402472.5,2960.5,0.9999999961928088,1.0,21201590.0
interference,host,host_cpu3-interf_io-run10,100001,5000000.0,3000000.0,594567.0,-4405433.0,276.0,1000000.0,5,11504,11515,11504,89889217877750,89889272877750,12,60000.0,52559150.0,51964687.0,1,12,-4402505.479020978,2927.520979021676,0.9999999957532153,1.0,304169783.0
interference,host,host_cpu3-interf_io-run10,100001,5000000.0,3000000.0,594567.0,-4405433.0,276.0,1000000.0,6,13552,13868,13552,89899457877750,89901037877750,317,1585000.0,1397562137.0,1396967786.0,1,317,-4402310.769374034,3122.2306259656325,0.9999999998703493,1.0,221581494188.0
interference,host,host_cpu3-interf_io-run10,100001,5000000.0,3000000.0,594567.0,-4405433.0,276.0,1000000.0,7,14512,14513,14512,89904257877750,89904262877750,2,10000.0,7965198.0,7370897.0,1,2,-4400313.0,5120.0,1.0,1.0,5530083.0
interference,host,host_cpu3-interf_io-run10,100001,5000000.0,3000000.0,594567.0,-4405433.0,276.0,1000000.0,8,16560,16567,16560,89914497877750,89914532877750,8,40000.0,37662434.0,37067652.0,1,8,-4402825.3809523815,2607.619047618471,0.9999999958085725,1.0,154021888.0
interference,host,host_cpu3-interf_io-run10,100001,5000000.0,3000000.0,594567.0,-4405433.0,276.0,1000000.0,9,17546,17557,17546,89919427877750,89919482877750,12,60000.0,55091452.0,54497092.0,1,12,-4402676.699300699,2756.300699301064,0.9999999969566995,1.0,334542164.0
interference,host,host_cpu3-interf_io-run10,100001,5000000.0,3000000.0,594567.0,-4405433.0,276.0,1000000.0,10,18683,18798,18683,89925112877750,89925687877750,116,580000.0,510112036.0,509517630.0,1,116,-4402374.844973664,3058.1550263362005,0.9999999997396103,1.0,29460889141.0
interference,host,host_cpu3-interf_io-run10,100001,5000000.0,3000000.0,594567.0,-4405433.0,276.0,1000000.0,11,19207,19228,19207,89927732877750,89927837877750,22,110000.0,98157944.0,97561373.0,1,22,-4402084.904009032,3348.095990967937,0.9999999969621018,1.0,1076631267.0
interference,host,host_cpu3-interf_io-run10,100001,5000000.0,3000000.0,594567.0,-4405433.0,276.0,1000000.0,12,20419,20440,20419,89933792877750,89933897877750,22,110000.0,98000686.0,97405756.0,1,22,-4402581.450028231,2851.5499717686325,0.9999999986885764,1.0,1073088670.0
interference,host,host_cpu3-interf_io-run10,100001,5000000.0,3000000.0,594567.0,-4405433.0,276.0,1000000.0,13,21405,21435,21405,89938722877750,89938872877750,31,155000.0,137431672.0,136837338.0,1,31,-4402664.287096775,2768.712903224863,0.9999999990011481,1.0,2120208444.0
interference,host,host_cpu3-interf_io-run10,100001,5000000.0,3000000.0,594567.0,-4405433.0,276.0,1000000.0,14,23451,23478,23451,89948952877750,89949087877750,28,140000.0,123370713.0,122776288.0,1,28,-4402681.313902569,2751.6860974309966,0.9999999987146254,1.0,1706193497.0
interference,host,host_cpu3-interf_io-run10,100001,5000000.0,3000000.0,594567.0,-4405433.0,276.0,1000000.0,15,29518,29519,29518,89979287877750,89979292877750,2,10000.0,8888768.0,8294205.0,1,2,-4401202.000000001,4230.999999999069,1.0,1.0,7376334.0
interference,host,host_cpu3-interf_io-run10,100001,5000000.0,3000000.0,594567.0,-4405433.0,276.0,1000000.0,16,30580,30599,30580,89984597877750,89984692877750,20,100000.0,87991992.0,87397741.0,1,20,-4402150.2097744355,3282.790225564502,0.9999999982105225,1.0,863445385.0
interference,host,host_cpu3-interf_io-run10,100001,5000000.0,3000000.0,594567.0,-4405433.0,276.0,1000000.0,17,31641,31658,31641,89989902877750,89989987877750,18,90000.0,79467944.0,78873568.0,1,18,-4402460.765737872,2972.2342621283606,0.9999999981709049,1.0,702813326.0
interference,host,host_cpu3-interf_io-run10,100001,5000000.0,3000000.0,594567.0,-4405433.0,276.0,1000000.0,18,34296,34302,34296,90003177877750,90003207877750,7,35000.0,31454257.0,30859741.0,1,7,-4402558.4642857155,2874.535714284517,0.9999999874098054,1.0,106723001.0
interference,host,host_cpu3-interf_io-run10,100001,5000000.0,3000000.0,594567.0,-4405433.0,276.0,1000000.0,19,36419,36749,36419,90013792877750,90015442877750,331,1655000.0,1458917071.0,1458322255.0,1,331,-4402519.2670311015,2913.73296889849,0.9999999999134503,1.0,241466810905.0
interference,host,host_cpu3-interf_io-run10,100001,5000000.0,3000000.0,594567.0,-4405433.0,276.0,1000000.0,20,37454,37493,37454,90018967877750,90019162877750,40,200000.0,177773325.0,177179062.0,1,40,-4402626.6120075025,2806.3879924975336,0.9999999995656859,1.0,3556953310.0
interference,host,host_cpu3-interf_io-run10,100001,5000000.0,3000000.0,594567.0,-4405433.0,276.0,1000000.0,21,38665,38669,38665,90025022877750,90025042877750,5,25000.0,21627688.0,21033162.0,1,5,-4402723.400000003,2709.5999999968335,0.9999999903571762,1.0,49113275.0
interference,host,host_cpu3-interf_io-run10,100001,5000000.0,3000000.0,594567.0,-4405433.0,276.0,1000000.0,22,40789,40833,40789,90035642877750,90035862877750,45,225000.0,200482518.0,199888232.0,1,45,-4402774.138471672,2658.8615283276886,0.9999999997255631,1.0,4528002362.0
interference,host,host_cpu3-interf_io-run10,100001,5000000.0,3000000.0,594567.0,-4405433.0,276.0,1000000.0,23,42910,42925,42910,90046247877750,90046322877750,16,80000.0,69616239.0,69020213.0,1,16,-4402741.123529411,2691.876470589079,0.9999999986041003,1.0,537550690.0
interference,host,host_cpu3-interf_io-run10,100001,5000000.0,3000000.0,594567.0,-4405433.0,276.0,1000000.0,24,43972,43984,43972,90051557877750,90051617877750,13,65000.0,58082985.0,57488596.0,1,13,-4402661.005494507,2771.9945054929703,0.9999999975027476,1.0,372679016.0
interference,host,host_cpu3-interf_io-run10,100001,5000000.0,3000000.0,594567.0,-4405433.0,276.0,1000000.0,25,46095,46274,46095,90062172877750,90063067877750,180,900000.0,793599491.0,793004747.0,1,180,-4402456.939745051,2976.060254949145,0.9999999996860238,1.0,71382986356.0
interference,host,host_cpu3-interf_io-run10,100001,5000000.0,3000000.0,594567.0,-4405433.0,276.0,1000000.0,26,50786,50820,50786,90085627877750,90085797877750,35,175000.0,155062379.0,154468139.0,1,35,-4402477.280392156,2955.7196078440174,0.9999999996356109,1.0,2702794860.0
interference,host,host_cpu3-interf_io-run10,100001,5000000.0,3000000.0,594567.0,-4405433.0,276.0,1000000.0,27,53818,53844,53818,90100787877750,90100917877750,27,135000.0,118339908.0,117741629.0,1,27,-4402706.483516486,2726.5164835136384,0.9999999988808004,1.0,1568894619.0
interference,host,host_cpu3-interf_io-run10,100001,5000000.0,3000000.0,594567.0,-4405433.0,276.0,1000000.0,28,55410,55422,55410,90108747877750,90108807877750,13,65000.0,56193974.0,55597341.0,1,13,-4401772.499999999,3660.5000000009313,0.9999999954774837,1.0,348169854.0
interference,host,host_cpu3-interf_io-run10,100001,5000000.0,3000000.0,594567.0,-4405433.0,276.0,1000000.0,29,57002,57019,57002,90116707877750,90116792877750,18,90000.0,78419088.0,77824820.0,1,18,-4402216.57688338,3216.4231166196987,0.9999999986105448,1.0,684006423.0
interference,host,host_cpu3-interf_io-run10,100001,5000000.0,3000000.0,594567.0,-4405433.0,276.0,1000000.0,30,58064,58068,58064,90122017877750,90122037877750,5,25000.0,24176055.0,23581680.0,1,5,-4402279.000000004,3153.9999999962747,0.9999999910083356,1.0,61858665.0
interference,host,host_cpu3-interf_io-run10,100001,5000000.0,3000000.0,594567.0,-4405433.0,276.0,1000000.0,31,59050,59076,59050,90126947877750,90127077877750,27,135000.0,118650020.0,118055551.0,1,27,-4402560.007326007,2872.9926739931107,0.9999999990351043,1.0,1577329635.0
interference,host,host_cpu3-interf_io-run10,100001,5000000.0,3000000.0,594567.0,-4405433.0,276.0,1000000.0,32,60793,60820,60793,90135662877750,90135797877750,28,140000.0,123655234.0,123060603.0,1,28,-4402631.7635467965,2801.2364532034844,0.999999999295313,1.0,1714191156.0
interference,host,host_cpu3-interf_io-run10,100001,5000000.0,3000000.0,594567.0,-4405433.0,276.0,1000000.0,33,61020,61021,61020,90136797877750,90136802877750,2,10000.0,10084706.0,9490295.0,1,2,-4401942.0,3491.0,1.0,1.0,9767470.0
interference,host,host_cpu3-interf_io-run10,100001,5000000.0,3000000.0,594567.0,-4405433.0,276.0,1000000.0,34,62233,62257,62233,90142862877750,90142982877750,25,125000.0,110795744.0,110201215.0,1,25,-4402360.452307694,3072.5476923063397,0.9999999990493046,1.0,1374237203.0
interference,host,host_cpu3-interf_io-run10,100001,5000000.0,3000000.0,594567.0,-4405433.0,276.0,1000000.0,35,64887,64907,64887,90156132877750,90156232877750,21,105000.0,94473060.0,93878724.0,1,21,-4402480.066233766,2952.933766233735,0.9999999992277384,1.0,996418247.0
interference,host,host_cpu3-interf_io-run10,100001,5000000.0,3000000.0,594567.0,-4405433.0,276.0,1000000.0,36,66934,66948,66934,90166367877750,90166437877750,15,75000.0,66872181.0,66277645.0,1,15,-4402552.474999998,2880.525000002235,0.9999999945211332,1.0,495868534.0
interference,host,host_cpu3-interf_io-run10,100001,5000000.0,3000000.0,594567.0,-4405433.0,276.0,1000000.0,37,67996,67997,67996,90171677877750,90171682877750,2,10000.0,8709160.0,8114857.0,1,2,-4401201.0,4232.0,1.0,1.0,7017119.0
interference,host,host_cpu3-interf_io-run10,100001,5000000.0,3000000.0,594567.0,-4405433.0,276.0,1000000.0,38,68072,68082,68072,90172057877750,90172107877750,11,55000.0,49017202.0,48422845.0,1,11,-4402536.145454544,2896.8545454563573,0.9999999934324565,1.0,264069906.0
interference,host,host_cpu3-interf_io-run10,100001,5000000.0,3000000.0,594567.0,-4405433.0,276.0,1000000.0,39,68147,68152,68147,90172432877750,90172457877750,6,30000.0,25394189.0,24799834.0,1,6,-4402030.6,3402.4000000003725,0.9999999855273505,1.0,68330657.0
interference,host,host_cpu3-interf_io-run10,100001,5000000.0,3000000.0,594567.0,-4405433.0,276.0,1000000.0,40,69133,69170,69133,90177362877750,90177547877750,38,190000.0,166038901.0,165440787.0,1,38,-4402501.192143563,2931.807856436819,0.9999999996420893,1.0,3100600041.0
interference,host,host_cpu3-interf_io-run10,100001,5000000.0,3000000.0,594567.0,-4405433.0,276.0,1000000.0,41,70193,70209,70193,90182662877750,90182742877750,17,85000.0,75942955.0,75348585.0,1,17,-4402314.289215688,3118.7107843123376,0.9999999937221911,1.0,641369386.0
interference,host,host_cpu3-interf_io-run10,100001,5000000.0,3000000.0,594567.0,-4405433.0,276.0,1000000.0,42,72241,72265,72241,90192902877750,90193022877750,25,125000.0,110685129.0,110090413.0,1,25,-4402507.471538463,2925.528461537324,0.9999999986171578,1.0,1371432938.0
interference,host,host_cpu3-interf_io-run10,100001,5000000.0,3000000.0,594567.0,-4405433.0,276.0,1000000.0,43,74288,74297,74288,90203137877750,90203182877750,10,50000.0,44741572.0,44146764.0,1,10,-4402732.581818179,2700.4181818207726,0.999999997159053,1.0,219297366.0
interference,host,host_cpu3-interf_io-run10,100001,5000000.0,3000000.0,594567.0,-4405433.0,276.0,1000000.0,44,75274,75299,75274,90208067877750,90208192877750,26,130000.0,113889050.0,113294525.0,1,26,-4402478.952136755,2954.0478632450104,0.9999999991689383,1.0,1452359427.0
interference,host,host_cpu3-interf_io-run10,100001,5000000.0,3000000.0,594567.0,-4405433.0,276.0,1000000.0,45,77852,78467,77852,90220957877750,90224032877750,616,3080000.0,2713275810.0,2712681358.0,1,616,-4402409.169788478,3023.8302115220577,0.9999999999718462,1.0,835619302406.0
interference,host,host_cpu3-interf_io-run10,100001,5000000.0,3000000.0,594567.0,-4405433.0,276.0,1000000.0,46,79461,79463,79461,90229002877750,90229012877750,3,15000.0,13543317.0,12948618.0,1,3,-4402976.499999999,2456.5000000009313,0.999999971586145,1.0,18422307.0
interference,host,host_cpu3-interf_io-run10,100001,5000000.0,3000000.0,594567.0,-4405433.0,276.0,1000000.0,47,82495,82501,82495,90244172877750,90244202877750,7,35000.0,33032456.0,32437820.0,1,7,-4402201.642857143,3231.357142857276,0.9999999697997374,1.0,117797607.0
interference,host,host_cpu3-interf_io-run10,100001,5000000.0,3000000.0,594567.0,-4405433.0,276.0,1000000.0,48,85529,85563,85529,90259342877750,90259512877750,35,175000.0,155669079.0,155074645.0,1,35,-4402545.667787112,2887.3322128877044,0.999999999276411,1.0,2723989460.0
interference,host,host_cpu3-interf_io-run10,100001,5000000.0,3000000.0,594567.0,-4405433.0,276.0,1000000.0,49,87575,87611,87575,90269572877750,90269752877750,37,185000.0,165377892.0,164783527.0,1,37,-4402662.156235182,2770.8437648182735,0.9999999975065881,1.0,3075884865.0
interference,host,host_cpu3-interf_io-run10,100001,5000000.0,3000000.0,594567.0,-4405433.0,276.0,1000000.0,50,91745,91953,91745,90290422877750,90291462877750,209,1045000.0,918744510.0,918150104.0,1,209,-4402446.947407856,2986.0525921443477,0.9999999998825231,1.0,95698117762.0
interference,host,host_cpu3-interf_io-run10,100001,5000000.0,3000000.0,594567.0,-4405433.0,276.0,1000000.0,51,93020,93399,93020,90296797877750,90298692877750,380,1900000.0,1672953542.0,1672359244.0,1,380,-4402423.067537429,3009.932462571189,0.9999999999655604,1.0,317563183390.0
interference,host,host_cpu3-interf_io-run10,100001,5000000.0,3000000.0,594567.0,-4405433.0,276.0,1000000.0,52,96401,96420,96401,90313702877750,90313797877750,20,100000.0,89762608.0,89168164.0,1,20,-4402508.766917293,2924.23308270704,0.9999999989419494,1.0,898803140.0
interference,host,host_cpu3-interf_io-run10,100001,5000000.0,3000000.0,594567.0,-4405433.0,276.0,1000000.0,53,98600,98605,98600,90324697877750,90324722877750,6,30000.0,26738804.0,26144223.0,1,6,-4401496.77142857,3936.2285714298487,0.9999999879995147,1.0,76418331.0
interference,host,host_cpu3-interf_io-run10,100001,5000000.0,3000000.0,594567.0,-4405433.0,276.0,1000000.0,54,99586,99637,99586,90329627877750,90329882877750,52,260000.0,231929747.0,231334904.0,1,52,-4402531.502134377,2901.497865622863,0.9999999993915247,1.0,6066684051.0
interference,host,host_cpu3-interf_io-run2,100001,5000000.0,3000000.0,607139.0,-4392861.0,759.0,1000000.0,1,3498,3498,3498,75910840510841,75910840510841,1,5000.0,4533396.0,3926332.0,1,1,,,,,1533396.0
interference,host,host_cpu3-interf_io-run2,100001,5000000.0,3000000.0,607139.0,-4392861.0,759.0,1000000.0,2,4812,4881,4812,75917410510841,75917755510841,70,350000.0,306121467.0,305515732.0,1,70,-4391153.94513166,1707.054868339561,0.9999999995289726,1.0,10614029710.0
interference,host,host_cpu3-interf_io-run2,100001,5000000.0,3000000.0,607139.0,-4392861.0,759.0,1000000.0,3,14840,14840,14840,75967550510841,75967550510841,1,5000.0,5366524.0,4760516.0,1,1,,,,,2366524.0
interference,host,host_cpu3-interf_io-run2,100001,5000000.0,3000000.0,607139.0,-4392861.0,759.0,1000000.0,4,16585,16585,16585,75976275510841,75976275510841,1,5000.0,5606576.0,5001051.0,1,1,,,,,2606576.0
interference,host,host_cpu3-interf_io-run2,100001,5000000.0,3000000.0,607139.0,-4392861.0,759.0,1000000.0,5,24701,24703,24701,76016855510841,76016865510841,3,15000.0,13165136.0,12559480.0,1,3,-4391199.499999999,1661.5000000009313,0.9999999823832801,1.0,17322819.0
interference,host,host_cpu3-interf_io-run2,100001,5000000.0,3000000.0,607139.0,-4392861.0,759.0,1000000.0,6,53904,53905,53904,76162870510841,76162875510841,2,10000.0,10359108.0,9753113.0,1,2,-4390439.000000002,2421.9999999981374,1.0,1.0,10327777.0
interference,host,host_cpu3-interf_io-run3,100001,5000000.0,3000000.0,603784.0,-4396216.0,679.0,1000000.0,1,159,172,159,76908501316088,76908566316088,14,70000.0,61878815.0,61274876.0,1,14,-4391043.406593407,5172.593406593427,0.9999999969598328,1.0,424713972.0
interference,host,host_cpu3-interf_io-run3,100001,5000000.0,3000000.0,603784.0,-4396216.0,679.0,1000000.0,2,2879,2887,2879,76922101316088,76922141316088,9,45000.0,38727971.0,38124675.0,1,9,-4390675.733333337,5540.266666662879,0.9999999920406042,1.0,163480172.0
interference,host,host_cpu3-interf_io-run3,100001,5000000.0,3000000.0,603784.0,-4396216.0,679.0,1000000.0,3,4889,4889,4889,76932151316088,76932151316088,1,5000.0,3938253.0,3334994.0,1,1,,,,,938253.0
interference,host,host_cpu3-interf_io-run3,100001,5000000.0,3000000.0,603784.0,-4396216.0,679.0,1000000.0,4,9912,9912,9912,76957266316088,76957266316088,1,5000.0,3615516.0,3011519.0,1,1,,,,,615516.0
interference,host,host_cpu3-interf_io-run3,100001,5000000.0,3000000.0,603784.0,-4396216.0,679.0,1000000.0,5,48370,48373,48370,77149556316088,77149571316088,4,20000.0,16677900.0,16073955.0,1,4,-4388536.299999999,7679.700000001118,0.9999997802766077,1.0,28390015.0
interference,host,host_cpu3-interf_io-run3,100001,5000000.0,3000000.0,603784.0,-4396216.0,679.0,1000000.0,6,50267,50272,50267,77159041316088,77159066316088,6,30000.0,27272642.0,26669048.0,1,6,-4390850.514285713,5365.485714286566,0.9999999804115671,1.0,79775052.0
interference,host,host_cpu3-interf_io-run3,100001,5000000.0,3000000.0,603784.0,-4396216.0,679.0,1000000.0,7,51253,51268,51253,77163971316088,77164046316088,16,80000.0,73130567.0,72527332.0,1,16,-4391420.167647058,4795.832352941856,0.9999999981164697,1.0,595141556.0
interference,host,host_cpu3-interf_io-run3,100001,5000000.0,3000000.0,603784.0,-4396216.0,679.0,1000000.0,8,55348,55358,55348,77184446316088,77184496316088,11,55000.0,47489567.0,46885988.0,1,11,-4391010.409090907,5205.590909092687,0.9999999742141029,1.0,247940623.0
interference,host,host_cpu3-interf_io-run3,100001,5000000.0,3000000.0,603784.0,-4396216.0,679.0,1000000.0,9,56334,56355,56334,77189376316088,77189481316088,22,110000.0,97839545.0,97236399.0,1,22,-4391581.0276679825,4634.972332017496,0.9999999993478704,1.0,1071992664.0
interference,host,host_cpu3-interf_io-run3,100001,5000000.0,3000000.0,603784.0,-4396216.0,679.0,1000000.0,10,58381,58426,58381,77199611316088,77199836316088,46,230000.0,201962365.0,201359151.0,1,46,-4391445.00419365,4770.995806350373,0.9999999996552669,1.0,4607145539.0
interference,host,host_cpu3-interf_io-run3,100001,5000000.0,3000000.0,603784.0,-4396216.0,679.0,1000000.0,11,59744,59763,59744,77206426316088,77206521316088,20,100000.0,87490821.0,86885620.0,1,20,-4391061.236842105,5154.763157894835,0.9999999955638679,1.0,855626171.0
interference,host,host_cpu3-interf_io-run3,100001,5000000.0,3000000.0,603784.0,-4396216.0,679.0,1000000.0,12,62777,62783,62777,77221591316088,77221621316088,7,35000.0,31363940.0,30760729.0,1,7,-4391053.392857145,5162.607142855413,0.9999999702152855,1.0,106354823.0
interference,host,host_cpu3-interf_io-run3,100001,5000000.0,3000000.0,603784.0,-4396216.0,679.0,1000000.0,13,66797,66824,66797,77241691316088,77241826316088,28,140000.0,122786328.0,122181362.0,1,28,-4391286.464422548,4929.53557745181,0.9999999991531526,1.0,1694114215.0
interference,host,host_cpu3-interf_io-run3,100001,5000000.0,3000000.0,603784.0,-4396216.0,679.0,1000000.0,14,71347,71358,71347,77264441316088,77264496316088,12,60000.0,55356758.0,54752385.0,1,12,-4391112.097902095,5103.902097905055,0.9999999923529272,1.0,338507106.0
interference,host,host_cpu3-interf_io-run3,100001,5000000.0,3000000.0,603784.0,-4396216.0,679.0,1000000.0,15,73395,73400,73395,77274681316088,77274706316088,6,30000.0,28811266.0,28206125.0,1,6,-4391669.828571428,4546.1714285723865,0.9999999945723048,1.0,88990402.0
interference,host,host_cpu3-interf_io-run3,100001,5000000.0,3000000.0,603784.0,-4396216.0,679.0,1000000.0,16,77415,77417,77415,77294781316088,77294791316088,3,15000.0,15046816.0,14443586.0,1,3,-4391509.000000001,4706.999999999069,0.9999999951448469,1.0,22965391.0
interference,host,host_cpu3-interf_io-run3,100001,5000000.0,3000000.0,603784.0,-4396216.0,679.0,1000000.0,17,83483,83484,83483,77325121316088,77325126316088,2,10000.0,8735909.0,8132717.0,1,2,-4390988.999999999,5227.000000000931,1.0,1.0,7080829.0
interference,host,host_cpu3-interf_io-run3,100001,5000000.0,3000000.0,603784.0,-4396216.0,679.0,1000000.0,18,88489,88489,88489,77350151316088,77350151316088,1,5000.0,3587956.0,2983339.0,1,1,,,,,587956.0
interference,host,host_cpu3-interf_io-run3,100001,5000000.0,3000000.0,603784.0,-4396216.0,679.0,1000000.0,19,92130,92130,92130,77368356316088,77368356316088,1,5000.0,4429882.0,3826393.0,1,1,,,,,1429882.0
interference,host,host_cpu3-interf_io-run3,100001,5000000.0,3000000.0,603784.0,-4396216.0,679.0,1000000.0,20,98198,98209,98198,77398696316088,77398751316088,12,60000.0,51995544.0,51392567.0,1,12,-4391315.430069929,4900.569930071011,0.9999999978401022,1.0,298111039.0
interference,host,host_cpu3-interf_io-run4,100001,5000000.0,3000000.0,603482.0,-4396518.0,528.0,1000000.0,1,395,397,395,78510968280749,78510978280749,3,15000.0,13899317.0,13296008.0,1,3,-4390655.499999999,5862.500000000931,0.9999999352920771,1.0,19524050.0
interference,host,host_cpu3-interf_io-run4,100001,5000000.0,3000000.0,603482.0,-4396518.0,528.0,1000000.0,2,789,789,789,78512938280749,78512938280749,1,5000.0,3919181.0,3315787.0,1,1,,,,,919181.0
interference,host,host_cpu3-interf_io-run4,100001,5000000.0,3000000.0,603482.0,-4396518.0,528.0,1000000.0,3,31153,31179,31153,78664758280749,78664888280749,27,135000.0,118040727.0,117437561.0,1,27,-4391179.691086692,5338.308913308196,0.9999999978457265,1.0,1564892361.0
interference,host,host_cpu3-interf_io-run4,100001,5000000.0,3000000.0,603482.0,-4396518.0,528.0,1000000.0,4,32138,32169,32138,78669683280749,78669838280749,32,160000.0,140620671.0,140015530.0,1,32,-4391098.712976536,5419.287023464218,0.9999999986066398,1.0,2226021484.0
interference,host,host_cpu3-interf_io-run4,100001,5000000.0,3000000.0,603482.0,-4396518.0,528.0,1000000.0,5,34184,34187,34184,78679913280749,78679928280749,4,20000.0,17967288.0,17363255.0,1,4,-4390985.699999998,5532.300000001676,0.9999999753177695,1.0,33519859.0
interference,host,host_cpu3-interf_io-run4,100001,5000000.0,3000000.0,603482.0,-4396518.0,528.0,1000000.0,6,38204,38213,38204,78700013280749,78700058280749,10,50000.0,45740587.0,45136506.0,1,10,-4391123.478787877,5394.521212123334,0.999999994883345,1.0,229802228.0
interference,host,host_cpu3-interf_io-run4,100001,5000000.0,3000000.0,603482.0,-4396518.0,528.0,1000000.0,7,39190,39214,39190,78704943280749,78705063280749,25,125000.0,108832851.0,108229585.0,1,25,-4391451.34923077,5066.650769229978,0.9999999988441785,1.0,1328354022.0
interference,host,host_cpu3-interf_io-run4,100001,5000000.0,3000000.0,603482.0,-4396518.0,528.0,1000000.0,8,40251,40293,40251,78710248280749,78710458280749,43,215000.0,189792970.0,189189629.0,1,43,-4391275.528692241,5242.471307759173,0.9999999995755455,1.0,4066724728.0
interference,host,host_cpu3-interf_io-run4,100001,5000000.0,3000000.0,603482.0,-4396518.0,528.0,1000000.0,9,49655,49662,49655,78757268280749,78757303280749,8,40000.0,36340675.0,35737463.0,1,8,-4391100.595238095,5417.404761904851,0.9999999625407336,1.0,143806358.0
interference,host,host_cpu3-interf_io-run4,100001,5000000.0,3000000.0,603482.0,-4396518.0,528.0,1000000.0,10,50640,50650,50640,78762193280749,78762243280749,11,55000.0,48060668.0,47456175.0,1,11,-4391435.681818179,5082.318181821145,0.9999999975350431,1.0,254131963.0
interference,host,host_cpu3-interf_io-run4,100001,5000000.0,3000000.0,603482.0,-4396518.0,528.0,1000000.0,11,52005,52017,52005,78769018280749,78769078280749,13,65000.0,58828491.0,58224294.0,1,13,-4391143.912087911,5374.087912089191,0.9999999978816458,1.0,383253972.0
interference,host,host_cpu3-interf_io-run4,100001,5000000.0,3000000.0,603482.0,-4396518.0,528.0,1000000.0,12,54053,54072,54053,78779258280749,78779353280749,20,100000.0,89889798.0,89286638.0,1,20,-4391677.242105263,4840.757894736715,0.9999999991863606,1.0,903384142.0
interference,host,host_cpu3-interf_io-run4,100001,5000000.0,3000000.0,603482.0,-4396518.0,528.0,1000000.0,13,56707,56715,56707,78792528280749,78792568280749,9,45000.0,41359926.0,40756783.0,1,9,-4391482.333333336,5035.666666664183,0.9999999823330872,1.0,187175676.0
interference,host,host_cpu3-interf_io-run4,100001,5000000.0,3000000.0,603482.0,-4396518.0,528.0,1000000.0,14,58679,58686,58679,78802388280749,78802423280749,8,40000.0,34868236.0,34264253.0,1,8,-4391616.511904763,4901.488095236942,0.9999999970474003,1.0,131979609.0
interference,host,host_cpu3-interf_io-run4,100001,5000000.0,3000000.0,603482.0,-4396518.0,528.0,1000000.0,15,60727,60731,60727,78812628280749,78812648280749,5,25000.0,24749497.0,24146415.0,1,5,-4391639.500000002,4878.499999998137,0.9999999909761703,1.0,64829178.0
interference,host,host_cpu3-interf_io-run4,100001,5000000.0,3000000.0,603482.0,-4396518.0,528.0,1000000.0,16,61789,61796,61789,78817938280749,78817973280749,8,40000.0,35735489.0,35132357.0,1,8,-4391330.119047619,5187.880952380598,0.9999999950498062,1.0,138919434.0
interference,host,host_cpu3-interf_io-run4,100001,5000000.0,3000000.0,603482.0,-4396518.0,528.0,1000000.0,17,62774,62779,62774,78822863280749,78822888280749,6,30000.0,28408531.0,27804092.0,1,6,-4390836.54285714,5681.457142859697,0.9999999624748074,1.0,86602077.0
interference,host,host_cpu3-interf_io-run4,100001,5000000.0,3000000.0,603482.0,-4396518.0,528.0,1000000.0,18,63912,63927,63912,78828553280749,78828628280749,16,80000.0,70518171.0,69914990.0,1,16,-4390573.120588235,5944.879411765374,0.9999999929965333,1.0,553493602.0
interference,host,host_cpu3-interf_io-run4,100001,5000000.0,3000000.0,603482.0,-4396518.0,528.0,1000000.0,19,64898,64914,64898,78833483280749,78833563280749,17,85000.0,73896015.0,73292853.0,1,17,-4390574.634803924,5943.365196076222,0.999999997017115,1.0,608124201.0
interference,host,host_cpu3-interf_io-run4,100001,5000000.0,3000000.0,603482.0,-4396518.0,528.0,1000000.0,20,70662,70671,70662,78862303280749,78862348280749,10,50000.0,45871665.0,45268346.0,1,10,-4391342.363636364,5175.636363635771,0.9999999968029902,1.0,231110320.0
interference,host,host_cpu3-interf_io-run4,100001,5000000.0,3000000.0,603482.0,-4396518.0,528.0,1000000.0,21,71572,71603,71572,78866853280749,78867008280749,32,160000.0,141416867.0,140813752.0,1,32,-4391570.43071847,4947.569281529635,0.9999999994106591,1.0,2251226794.0
interference,host,host_cpu3-interf_io-run4,100001,5000000.0,3000000.0,603482.0,-4396518.0,528.0,1000000.0,22,73922,73944,73922,78878603280749,78878713280749,23,115000.0,102572983.0,101967845.0,1,23,-4390775.232213441,5742.7677865587175,0.9999999973729052,1.0,1179429564.0
interference,host,host_cpu3-interf_io-run4,100001,5000000.0,3000000.0,603482.0,-4396518.0,528.0,1000000.0,23,75589,75615,75589,78886938280749,78887068280749,27,135000.0,119760270.0,119156095.0,1,27,-4391017.331501832,5500.668498167768,0.9999999989524663,1.0,1611242550.0
interference,host,host_cpu3-interf_io-run4,100001,5000000.0,3000000.0,603482.0,-4396518.0,528.0,1000000.0,24,79305,79310,79305,78905518280749,78905543280749,6,30000.0,27010130.0,26407052.0,1,6,-4391230.9714285685,5287.028571431525,0.9999999937792627,1.0,78187986.0
interference,host,host_cpu3-interf_io-run4,100001,5000000.0,3000000.0,603482.0,-4396518.0,528.0,1000000.0,25,81808,81831,81808,78918033280749,78918148280749,24,120000.0,104877841.0,104274724.0,1,24,-4391284.744782611,5233.255217389204,0.9999999992895872,1.0,1233061045.0
interference,host,host_cpu3-interf_io-run4,100001,5000000.0,3000000.0,603482.0,-4396518.0,528.0,1000000.0,26,84841,84849,84841,78933198280749,78933238280749,9,45000.0,40389883.0,39785873.0,1,9,-4391291.333333334,5226.666666666046,0.9999999824744846,1.0,178452261.0
interference,host,host_cpu3-interf_io-run4,100001,5000000.0,3000000.0,603482.0,-4396518.0,528.0,1000000.0,27,86510,86527,86510,78941543280749,78941628280749,18,90000.0,78627323.0,78024085.0,1,18,-4391320.046439627,5197.9535603728145,0.9999999964644597,1.0,689497687.0
interference,host,host_cpu3-interf_io-run4,100001,5000000.0,3000000.0,603482.0,-4396518.0,528.0,1000000.0,28,87495,87497,87495,78946468280749,78946478280749,3,15000.0,12048130.0,11444968.0,1,3,-4391895.499999999,4622.500000000931,0.9999999852297252,1.0,13967779.0
interference,host,host_cpu3-interf_io-run4,100001,5000000.0,3000000.0,603482.0,-4396518.0,528.0,1000000.0,29,87723,87772,87723,78947608280749,78947853280749,50,250000.0,222285050.0,221681831.0,1,50,-4391410.455750304,5107.544249695726,0.9999999997331372,1.0,5584821077.0
interference,host,host_cpu3-interf_io-run4,100001,5000000.0,3000000.0,603482.0,-4396518.0,528.0,1000000.0,30,89085,89116,89085,78954418280749,78954573280749,32,160000.0,139207918.0,138604736.0,1,32,-4390887.817631961,5630.1823680391535,0.9999999993236682,1.0,2180775821.0
interference,host,host_cpu3-interf_io-run4,100001,5000000.0,3000000.0,603482.0,-4396518.0,528.0,1000000.0,31,90449,90455,90449,78961238280749,78961268280749,7,35000.0,32001866.0,31397602.0,1,7,-4391305.785714286,5212.2142857136205,0.9999999916246549,1.0,110796042.0
interference,host,host_cpu3-interf_io-run4,100001,5000000.0,3000000.0,603482.0,-4396518.0,528.0,1000000.0,32,91435,91472,91435,78966168280749,78966353280749,38,190000.0,169652139.0,169048986.0,1,38,-4391463.933471939,5054.066528061405,0.9999999992365451,1.0,3245784382.0
interference,host,host_cpu3-interf_io-run4,100001,5000000.0,3000000.0,603482.0,-4396518.0,528.0,1000000.0,33,93481,93481,93481,78976398280749,78976398280749,1,5000.0,3389631.0,2786132.0,1,1,,,,,389631.0
interference,host,host_cpu3-interf_io-run4,100001,5000000.0,3000000.0,603482.0,-4396518.0,528.0,1000000.0,34,96060,96070,96060,78989293280749,78989343280749,11,55000.0,50920962.0,50315191.0,1,11,-4391274.309090908,5243.6909090923145,0.999999996393187,1.0,285600936.0
interference,host,host_cpu3-interf_io-run4,100001,5000000.0,3000000.0,603482.0,-4396518.0,528.0,1000000.0,35,99094,99105,99094,79004463280749,79004518280749,12,60000.0,51582704.0,50979642.0,1,12,-4391199.353146851,5318.646853148937,0.9999999906939305,1.0,293216331.0
interference,host,host_cpu3-interf_io-run5,100001,5000000.0,3000000.0,606259.0,-4393741.0,595.0,1000000.0,1,4503,4514,4503,79662871521194,79662926521194,12,60000.0,51429195.0,50823786.0,1,12,-4391333.192307689,2407.807692310773,0.9999999872884323,1.0,291365083.0
interference,host,host_cpu3-interf_io-run5,100001,5000000.0,3000000.0,606259.0,-4393741.0,595.0,1000000.0,2,6357,6358,6357,79672141521194,79672146521194,2,10000.0,9486257.0,8880688.0,1,2,-4393145.000000002,595.9999999981374,1.0,1.0,8579369.0
interference,host,host_cpu3-interf_io-run5,100001,5000000.0,3000000.0,606259.0,-4393741.0,595.0,1000000.0,3,10445,10461,10445,79692581521194,79692661521194,17,85000.0,73374200.0,72768658.0,1,17,-4391256.242647059,2484.757352940738,0.9999999971062385,1.0,599208448.0
interference,host,host_cpu3-interf_io-run5,100001,5000000.0,3000000.0,606259.0,-4393741.0,595.0,1000000.0,4,20533,20567,20533,79743021521194,79743191521194,35,175000.0,156496040.0,155890448.0,1,35,-4391085.464145657,2655.535854343325,0.9999999988292119,1.0,2759632191.0
interference,host,host_cpu3-interf_io-run5,100001,5000000.0,3000000.0,606259.0,-4393741.0,595.0,1000000.0,5,23565,23565,23565,79758181521194,79758181521194,1,5000.0,4042654.0,3434970.0,1,1,,,,,1042654.0
interference,host,host_cpu3-interf_io-run5,100001,5000000.0,3000000.0,606259.0,-4393741.0,595.0,1000000.0,6,23793,23812,23793,79759321521194,79759416521194,20,100000.0,87049287.0,86443807.0,1,20,-4390972.072180451,2768.927819549106,0.9999999981258862,1.0,846694216.0
interference,host,host_cpu3-interf_io-run5,100001,5000000.0,3000000.0,606259.0,-4393741.0,595.0,1000000.0,7,24854,24886,24854,79764626521194,79764786521194,33,165000.0,143683273.0,143076182.0,1,33,-4391161.467914435,2579.532085564919,0.9999999993599579,1.0,2324036885.0
interference,host,host_cpu3-interf_io-run5,100001,5000000.0,3000000.0,606259.0,-4393741.0,595.0,1000000.0,8,29707,29707,29707,79788891521194,79788891521194,1,5000.0,7315554.0,6709104.0,1,1,,,,,4315554.0
interference,host,host_cpu3-interf_io-run5,100001,5000000.0,3000000.0,606259.0,-4393741.0,595.0,1000000.0,9,30845,30975,30845,79794581521194,79795231521194,131,655000.0,577164072.0,576557067.0,1,131,-4391363.644904719,2377.3550952812657,0.9999999997746468,1.0,37822847838.0
interference,host,host_cpu3-interf_io-run5,100001,5000000.0,3000000.0,606259.0,-4393741.0,595.0,1000000.0,10,32884,33086,32884,79804776521194,79805786521194,203,1015000.0,892142364.0,891536901.0,1,203,-4391391.403210715,2349.5967892846093,0.9999999997584325,1.0,90458146623.0
interference,host,host_cpu3-interf_io-run5,100001,5000000.0,3000000.0,606259.0,-4393741.0,595.0,1000000.0,11,34159,34257,34159,79811151521194,79811641521194,99,495000.0,436008129.0,435401209.0,1,99,-4391177.078132344,2563.92186765559,0.9999999996052439,1.0,21566205939.0
interference,host,host_cpu3-interf_io-run5,100001,5000000.0,3000000.0,606259.0,-4393741.0,595.0,1000000.0,12,35594,35604,35594,79818326521194,79818376521194,11,55000.0,47040315.0,46434788.0,1,11,-4391450.454545454,2290.545454545878,0.9999999971143255,1.0,242925866.0
interference,host,host_cpu3-interf_io-run5,100001,5000000.0,3000000.0,606259.0,-4393741.0,595.0,1000000.0,13,36580,36619,36580,79823256521194,79823451521194,40,200000.0,176243120.0,175637599.0,1,40,-4391353.304221386,2387.69577861391,0.9999999994260418,1.0,3504564693.0
interference,host,host_cpu3-interf_io-run5,100001,5000000.0,3000000.0,606259.0,-4393741.0,595.0,1000000.0,14,51748,51755,51748,79899096521194,79899131521194,8,40000.0,34176748.0,33570776.0,1,8,-4391339.154761903,2401.845238097012,0.9999999943924881,1.0,126457731.0
interference,host,host_cpu3-interf_io-run5,100001,5000000.0,3000000.0,606259.0,-4393741.0,595.0,1000000.0,15,53492,53506,53492,79907816521194,79907886521194,15,75000.0,67797053.0,67191564.0,1,15,-4391571.160714284,2169.8392857164145,0.9999999981297699,1.0,510838078.0
interference,host,host_cpu3-interf_io-run5,100001,5000000.0,3000000.0,606259.0,-4393741.0,595.0,1000000.0,16,55388,55408,55388,79917296521194,79917396521194,21,105000.0,91079620.0,90473754.0,1,21,-4391398.551948052,2342.4480519481003,0.9999999987886693,1.0,927475620.0
interference,host,host_cpu3-interf_io-run5,100001,5000000.0,3000000.0,606259.0,-4393741.0,595.0,1000000.0,17,56829,56851,56829,79924501521194,79924611521194,23,115000.0,102789419.0,102182298.0,1,23,-4391470.851778656,2270.1482213437557,0.9999999979348473,1.0,1184075083.0
interference,host,host_cpu3-interf_io-run5,100001,5000000.0,3000000.0,606259.0,-4393741.0,595.0,1000000.0,18,58042,58067,58042,79930566521194,79930691521194,26,130000.0,113723267.0,113117753.0,1,26,-4391056.961025642,2684.038974357769,0.9999999990231475,1.0,1451712343.0
interference,host,host_cpu3-interf_io-run5,100001,5000000.0,3000000.0,606259.0,-4393741.0,595.0,1000000.0,19,65019,65020,65019,79965451521194,79965456521194,2,10000.0,7527537.0,6920465.0,1,2,-4392663.999999999,1077.0000000009313,1.0,1.0,4662410.0
interference,host,host_cpu3-interf_io-run5,100001,5000000.0,3000000.0,606259.0,-4393741.0,595.0,1000000.0,20,66005,66031,66005,79970381521194,79970511521194,27,135000.0,120124616.0,119518130.0,1,27,-4391421.346153845,2319.6538461549208,0.999999998666809,1.0,1621072002.0
interference,host,host_cpu3-interf_io-run5,100001,5000000.0,3000000.0,606259.0,-4393741.0,595.0,1000000.0,21,66990,67026,66990,79975306521194,79975486521194,37,185000.0,164243949.0,163636765.0,1,37,-4391302.775486011,2438.224513988942,0.9999999981375733,1.0,3041616718.0
interference,host,host_cpu3-interf_io-run5,100001,5000000.0,3000000.0,606259.0,-4393741.0,595.0,1000000.0,22,69264,69264,69264,79986676521194,79986676521194,1,5000.0,3797627.0,3192134.0,1,1,,,,,797627.0
interference,host,host_cpu3-interf_io-run5,100001,5000000.0,3000000.0,606259.0,-4393741.0,595.0,1000000.0,23,71236,71265,71236,79996536521194,79996681521194,30,150000.0,133113538.0,132508062.0,1,30,-4391383.409343716,2357.590656284243,0.9999999987338786,1.0,1993233455.0
interference,host,host_cpu3-interf_io-run5,100001,5000000.0,3000000.0,606259.0,-4393741.0,595.0,1000000.0,24,77378,77382,77378,80027246521194,80027266521194,5,25000.0,24877833.0,24272322.0,1,5,-4391605.700000004,2135.2999999960884,0.9999999898549833,1.0,65474537.0
interference,host,host_cpu3-interf_io-run5,100001,5000000.0,3000000.0,606259.0,-4393741.0,595.0,1000000.0,25,78137,78137,78137,80031041521194,80031041521194,1,5000.0,4092270.0,3486439.0,1,1,,,,,1092270.0
interference,host,host_cpu3-interf_io-run5,100001,5000000.0,3000000.0,606259.0,-4393741.0,595.0,1000000.0,26,78364,78371,78364,80032176521194,80032211521194,8,40000.0,38039634.0,37433518.0,1,8,-4390943.773809525,2797.2261904748157,0.9999999939936537,1.0,157376751.0
interference,host,host_cpu3-interf_io-run5,100001,5000000.0,3000000.0,606259.0,-4393741.0,595.0,1000000.0,27,78592,78717,78592,80033316521194,80033941521194,126,630000.0,556203951.0,555598384.0,1,126,-4391056.512215977,2684.4877840233967,0.999999999829469,1.0,35124177476.0
interference,host,host_cpu3-interf_io-run5,100001,5000000.0,3000000.0,606259.0,-4393741.0,595.0,1000000.0,28,79797,79798,79797,80039341521194,80039346521194,2,10000.0,9664779.0,9058595.0,1,2,-4392193.0,1548.0,1.0,1.0,8937365.0
interference,host,host_cpu3-interf_io-run5,100001,5000000.0,3000000.0,606259.0,-4393741.0,595.0,1000000.0,29,87079,87106,87079,80075751521194,80075886521194,28,140000.0,125928954.0,125323023.0,1,28,-4391349.286808974,2391.7131910258904,0.9999999993167132,1.0,1782080482.0
interference,host,host_cpu3-interf_io-run5,100001,5000000.0,3000000.0,606259.0,-4393741.0,595.0,1000000.0,30,88139,88150,88139,80081051521194,80081106521194,12,60000.0,52781514.0,52175588.0,1,12,-4391873.629370629,1867.3706293711439,0.9999999980998477,1.0,307511558.0
interference,host,host_cpu3-interf_io-run5,100001,5000000.0,3000000.0,606259.0,-4393741.0,595.0,1000000.0,31,93600,93615,93600,80108356521194,80108431521194,16,80000.0,70832390.0,70225347.0,1,16,-4391315.173529411,2425.826470589265,0.9999999976767439,1.0,558342452.0
interference,host,host_cpu3-interf_io-run5,100001,5000000.0,3000000.0,606259.0,-4393741.0,595.0,1000000.0,32,94586,94599,94586,80113286521194,80113351521194,14,70000.0,60851555.0,60245687.0,1,14,-4391608.58021978,2132.419780219905,0.9999999980308052,1.0,410282740.0
interference,host,host_cpu3-interf_io-run5,100001,5000000.0,3000000.0,606259.0,-4393741.0,595.0,1000000.0,33,95496,95543,95496,80117836521194,80118071521194,48,240000.0,212555038.0,211949282.0,1,48,-4391307.904472431,2433.095527568832,0.9999999991750037,1.0,5105047184.0
interference,host,host_cpu3-interf_io-run5,100001,5000000.0,3000000.0,606259.0,-4393741.0,595.0,1000000.0,34,97541,97574,97541,80128061521194,80128226521194,34,170000.0,150358311.0,149752760.0,1,34,-4391244.86539343,2496.1346065700054,0.999999998832146,1.0,2546740018.0
interference,host,host_cpu3-interf_io-run6,99655,5000000.0,3000000.0,592974.0,-4407026.0,455.0,1000000.0,1,553,1091,553,81377742757262,81380432757262,539,2695000.0,2373997282.0,2373403169.0,1,539,-4403738.701063899,3287.2989361006767,0.9999999999304349,1.0,639463832455.0
interference,host,host_cpu3-interf_io-run6,99655,5000000.0,3000000.0,592974.0,-4407026.0,455.0,1000000.0,2,2056,2497,2056,81385257757262,81387462757262,442,2210000.0,1946649726.0,1946057064.0,1,442,-4404071.995214478,2954.0047855218872,0.9999999999441512,1.0,429865925738.0
interference,host,host_cpu3-interf_io-run6,99655,5000000.0,3000000.0,592974.0,-4407026.0,455.0,1000000.0,3,5493,5496,5493,81402442757262,81402457757262,4,20000.0,20338803.0,19746174.0,1,4,-4404569.299999998,2456.700000002049,0.9999999915047785,1.0,42927585.0
interference,host,host_cpu3-interf_io-run6,99655,5000000.0,3000000.0,592974.0,-4407026.0,455.0,1000000.0,4,6497,6519,6497,81407462757262,81407572757262,23,115000.0,102761640.0,102168007.0,1,23,-4404193.403162055,2832.5968379452825,0.9999999981013845,1.0,1180222919.0
interference,host,host_cpu3-interf_io-run6,99655,5000000.0,3000000.0,592974.0,-4407026.0,455.0,1000000.0,5,8351,8368,8351,81416732757262,81416817757262,18,90000.0,81788121.0,81195598.0,1,18,-4404218.350877191,2807.64912280906,0.9999999990051494,1.0,744350808.0
interference,host,host_cpu3-interf_io-run6,99655,5000000.0,3000000.0,592974.0,-4407026.0,455.0,1000000.0,6,9355,9374,9355,81421752757262,81421847757262,20,100000.0,90730287.0,90137740.0,1,20,-4404265.859398496,2760.1406015036628,0.9999999987866672,1.0,917793479.0
interference,host,host_cpu3-interf_io-run6,99655,5000000.0,3000000.0,592974.0,-4407026.0,455.0,1000000.0,7,10353,10389,10353,81426742757262,81426922757262,37,185000.0,162722289.0,162128860.0,1,37,-4404298.235893786,2727.7641062140465,0.9999999994434603,1.0,2976500474.0
interference,host,host_cpu3-interf_io-run6,99655,5000000.0,3000000.0,592974.0,-4407026.0,455.0,1000000.0,8,12399,12405,12399,81436972757262,81437002757262,7,35000.0,29796540.0,29203804.0,1,7,-4403708.071428572,3317.9285714281723,0.9999999995772648,1.0,95099563.0
interference,host,host_cpu3-interf_io-run6,99655,5000000.0,3000000.0,592974.0,-4407026.0,455.0,1000000.0,9,18467,18482,18467,81467312757262,81467387757262,16,80000.0,69962313.0,69368165.0,1,16,-4404187.552941176,2838.447058823891,0.9999999977355372,1.0,542895398.0
interference,host,host_cpu3-interf_io-run6,99655,5000000.0,3000000.0,592974.0,-4407026.0,455.0,1000000.0,10,19452,19461,19452,81472237757262,81472282757262,10,50000.0,46656344.0,46061732.0,1,10,-4404482.47272727,2543.5272727301344,0.9999999953922173,1.0,238376858.0
interference,host,host_cpu3-interf_io-run6,99655,5000000.0,3000000.0,592974.0,-4407026.0,455.0,1000000.0,11,20590,20692,20590,81477927757262,81478437757262,103,515000.0,454155590.0,453562999.0,1,103,-4403814.043228046,3211.9567719539627,0.9999999996285012,1.0,23335921308.0
interference,host,host_cpu3-interf_io-run6,99655,5000000.0,3000000.0,592974.0,-4407026.0,455.0,1000000.0,12,22252,22271,22252,81486237757262,81486332757262,20,100000.0,90399472.0,89806408.0,1,20,-4403881.463157892,3144.536842107773,0.9999999984274399,1.0,911277374.0
interference,host,host_cpu3-interf_io-run6,99655,5000000.0,3000000.0,592974.0,-4407026.0,455.0,1000000.0,13,25285,25295,25285,81501402757262,81501452757262,11,55000.0,51430031.0,50837383.0,1,11,-4404049.67272727,2976.327272729948,0.9999999959357404,1.0,290492085.0
interference,host,host_cpu3-interf_io-run6,99655,5000000.0,3000000.0,592974.0,-4407026.0,455.0,1000000.0,14,26271,26271,26271,81506332757262,81506332757262,1,5000.0,5306350.0,4712994.0,1,1,,,,,2306350.0
interference,host,host_cpu3-interf_io-run6,99655,5000000.0,3000000.0,592974.0,-4407026.0,455.0,1000000.0,15,28319,28345,28319,81516572757262,81516702757262,27,135000.0,118770483.0,118176297.0,1,27,-4404300.286935287,2725.7130647134036,0.9999999993174954,1.0,1579918717.0
interference,host,host_cpu3-interf_io-run6,99655,5000000.0,3000000.0,592974.0,-4407026.0,455.0,1000000.0,16,31959,31963,31959,81534772757262,81534792757262,5,25000.0,24833453.0,24241091.0,1,5,-4403960.200000004,3065.7999999960884,0.9999999525069045,1.0,65136674.0
interference,host,host_cpu3-interf_io-run6,99655,5000000.0,3000000.0,592974.0,-4407026.0,455.0,1000000.0,17,35979,36007,35979,81554872757262,81555012757262,29,145000.0,128561960.0,127969383.0,1,29,-4404482.620197045,2543.3798029553145,0.9999999995701511,1.0,1853062979.0
interference,host,host_cpu3-interf_io-run6,99655,5000000.0,3000000.0,592974.0,-4407026.0,455.0,1000000.0,18,36964,36987,36964,81559797757262,81559912757262,24,120000.0,108694710.0,108101094.0,1,24,-4404302.540869566,2723.4591304343194,0.9999999987784562,1.0,1321105226.0
interference,host,host_cpu3-interf_io-run6,99655,5000000.0,3000000.0,592974.0,-4407026.0,455.0,1000000.0,19,39769,39814,39769,81573822757262,81574047757262,46,230000.0,205131745.0,204538625.0,1,46,-4404283.890348443,2742.10965155717,0.9999999996401617,1.0,4739725418.0
interference,host,host_cpu3-interf_io-run6,99655,5000000.0,3000000.0,592974.0,-4407026.0,455.0,1000000.0,20,40905,40926,40905,81579502757262,81579607757262,22,110000.0,95941001.0,95347876.0,1,22,-4404279.87408244,2746.125917560421,0.9999999980191082,1.0,1027351101.0
interference,host,host_cpu3-interf_io-run6,99655,5000000.0,3000000.0,592974.0,-4407026.0,455.0,1000000.0,21,42193,42220,42193,81585942757262,81586077757262,28,140000.0,123905155.0,123312349.0,1,28,-4404061.725506293,2964.274493707344,0.9999999992990539,1.0,1720645525.0
interference,host,host_cpu3-interf_io-run6,99655,5000000.0,3000000.0,592974.0,-4407026.0,455.0,1000000.0,22,43330,43674,43330,81591627757262,81593347757262,345,1725000.0,1520041996.0,1519449497.0,1,345,-4404122.413366103,2903.5866338973865,0.9999999999310947,1.0,262036369183.0
interference,host,host_cpu3-interf_io-run6,99655,5000000.0,3000000.0,592974.0,-4407026.0,455.0,1000000.0,23,44666,44705,44666,81598307757262,81598502757262,40,200000.0,178371910.0,177778085.0,1,40,-4404125.782082548,2900.217917451635,0.9999999988421496,1.0,3579533329.0
interference,host,host_cpu3-interf_io-run6,99655,5000000.0,3000000.0,592974.0,-4407026.0,455.0,1000000.0,24,47774,47797,47774,81613847757262,81613962757262,24,120000.0,105859795.0,105265305.0,1,24,-4404364.198695655,2661.801304345019,0.9999999992373771,1.0,1253071493.0
interference,host,host_cpu3-interf_io-run6,99655,5000000.0,3000000.0,592974.0,-4407026.0,455.0,1000000.0,25,51793,51805,51793,81633942757262,81634002757262,13,65000.0,58805338.0,58212786.0,1,13,-4404135.758241755,2890.2417582450435,0.9999999987711347,1.0,381944017.0
interference,host,host_cpu3-interf_io-run6,99655,5000000.0,3000000.0,592974.0,-4407026.0,455.0,1000000.0,26,52779,52820,52779,81638872757262,81639077757262,42,210000.0,187784314.0,187191449.0,1,42,-4404444.666639658,2581.333360342309,0.9999999997374359,1.0,3968682943.0
interference,host,host_cpu3-interf_io-run6,99655,5000000.0,3000000.0,592974.0,-4407026.0,455.0,1000000.0,27,54825,54831,54825,81649102757262,81649132757262,7,35000.0,30822621.0,30229989.0,1,7,-4403342.357142856,3683.6428571436554,0.9999999957559645,1.0,102285527.0
interference,host,host_cpu3-interf_io-run6,99655,5000000.0,3000000.0,592974.0,-4407026.0,455.0,1000000.0,28,55811,55825,55811,81654032757262,81654102757262,15,75000.0,64712720.0,64119072.0,1,15,-4404306.971428569,2719.0285714305937,0.9999999973182264,1.0,463232748.0
interference,host,host_cpu3-interf_io-run6,99655,5000000.0,3000000.0,592974.0,-4407026.0,455.0,1000000.0,29,56948,56975,56948,81659717757262,81659852757262,28,140000.0,123125638.0,122532489.0,1,28,-4404281.435413243,2744.564586756751,0.9999999977757115,1.0,1698821743.0
interference,host,host_cpu3-interf_io-run6,99655,5000000.0,3000000.0,592974.0,-4407026.0,455.0,1000000.0,30,58009,58035,58009,81665022757262,81665152757262,27,135000.0,118574281.0,117981214.0,1,27,-4404187.336385839,2838.6636141613126,0.999999999051976,1.0,1574604927.0
interference,host,host_cpu3-interf_io-run6,99655,5000000.0,3000000.0,592974.0,-4407026.0,455.0,1000000.0,31,59070,59073,59070,81670327757262,81670342757262,4,20000.0,17899491.0,17306754.0,1,4,-4403481.300000001,3544.699999999255,0.9999999580052382,1.0,33181221.0
interference,host,host_cpu3-interf_io-run6,99655,5000000.0,3000000.0,592974.0,-4407026.0,455.0,1000000.0,32,65138,65158,65138,81700667757262,81700767757262,21,105000.0,94045326.0,93451877.0,1,21,-4404242.693506492,2783.306493507698,0.9999999987071265,1.0,987100840.0
interference,host,host_cpu3-interf_io-run6,99655,5000000.0,3000000.0,592974.0,-4407026.0,455.0,1000000.0,33,66123,66174,66123,81705592757262,81705847757262,52,260000.0,231015060.0,230420771.0,1,52,-4404192.520148552,2833.479851447977,0.999999999545225,1.0,6016820125.0
interference,host,host_cpu3-interf_io-run6,99655,5000000.0,3000000.0,592974.0,-4407026.0,455.0,1000000.0,34,67182,67186,67182,81710887757262,81710907757262,5,25000.0,21642643.0,21050028.0,1,5,-4404390.000000004,2635.9999999962747,0.9999999879430794,1.0,49166015.0
interference,host,host_cpu3-interf_io-run6,99655,5000000.0,3000000.0,592974.0,-4407026.0,455.0,1000000.0,35,69154,69229,69154,81720747757262,81721122757262,76,380000.0,337589286.0,336996423.0,1,76,-4404234.744839368,2791.255160631612,0.9999999992162723,1.0,12876734315.0
interference,host,host_cpu3-interf_io-run6,99655,5000000.0,3000000.0,592974.0,-4407026.0,455.0,1000000.0,36,71273,71294,71273,81731342757262,81731447757262,22,110000.0,98497865.0,97903777.0,1,22,-4404473.66629023,2552.3337097698823,0.9999999990239333,1.0,1083521741.0
interference,host,host_cpu3-interf_io-run6,99655,5000000.0,3000000.0,592974.0,-4407026.0,455.0,1000000.0,37,73320,73322,73320,81741577757262,81741587757262,3,15000.0,14374715.0,13782150.0,1,3,-4404403.500000001,2622.4999999990687,0.9999999523356362,1.0,20909269.0
interference,host,host_cpu3-interf_io-run6,99655,5000000.0,3000000.0,592974.0,-4407026.0,455.0,1000000.0,38,74306,74350,74306,81746507757262,81746727757262,45,225000.0,200599479.0,200006769.0,1,45,-4404287.387615284,2738.612384716049,0.9999999993543197,1.0,4531765490.0
interference,host,host_cpu3-interf_io-run6,99655,5000000.0,3000000.0,592974.0,-4407026.0,455.0,1000000.0,39,77414,77425,77414,81762047757262,81762102757262,12,60000.0,55466150.0,54872844.0,1,12,-4403969.510489509,3056.489510490559,0.9999999960215407,1.0,338934718.0
interference,host,host_cpu3-interf_io-run6,99655,5000000.0,3000000.0,592974.0,-4407026.0,455.0,1000000.0,40,82495,82512,82495,81787452757262,81787537757262,18,90000.0,79043046.0,78449972.0,1,18,-4404207.491228069,2818.5087719308212,0.9999999987091583,1.0,694963937.0
interference,host,host_cpu3-interf_io-run6,99655,5000000.0,3000000.0,592974.0,-4407026.0,455.0,1000000.0,41,84239,84276,84239,81796172757262,81796357757262,38,190000.0,166833859.0,166239414.0,1,38,-4404352.316664846,2673.6833351543173,0.9999999993857245,1.0,3129541230.0
interference,host,host_cpu3-interf_io-run6,99655,5000000.0,3000000.0,592974.0,-4407026.0,455.0,1000000.0,42,85300,85319,85300,81801477757262,81801572757262,20,100000.0,88514404.0,87921306.0,1,20,-4404277.160902255,2748.8390977447852,0.9999999990938141,1.0,873461952.0
interference,host,host_cpu3-interf_io-run6,99655,5000000.0,3000000.0,592974.0,-4407026.0,455.0,1000000.0,43,89395,89411,89395,81821952757262,81822032757262,17,85000.0,75945232.0,75352233.0,1,17,-4404212.517156863,2813.482843137346,0.9999999958305111,1.0,641163495.0
interference,host,host_cpu3-interf_io-run6,99655,5000000.0,3000000.0,592974.0,-4407026.0,455.0,1000000.0,44,90380,90431,90380,81826877757262,81827132757262,52,260000.0,231010881.0,230418377.0,1,52,-4404033.931486378,2992.068513621576,0.9999999993547435,1.0,6016738569.0
interference,host,host_cpu3-interf_io-run6,99655,5000000.0,3000000.0,592974.0,-4407026.0,455.0,1000000.0,45,92425,92466,92425,81837102757262,81837307757262,42,210000.0,186535686.0,185942861.0,1,42,-4404275.251843449,2750.7481565512717,0.9999999992381964,1.0,3916377113.0
interference,host,host_cpu3-interf_io-run6,99655,5000000.0,3000000.0,592974.0,-4407026.0,455.0,1000000.0,46,92878,92917,92878,81839367757262,81839562757262,40,200000.0,178751762.0,178159126.0,1,40,-4404366.3664165065,2659.6335834935308,0.9999999995326436,1.0,3594631496.0
interference,host,host_cpu3-interf_io-run6,99655,5000000.0,3000000.0,592974.0,-4407026.0,455.0,1000000.0,47,95910,95949,95910,81854527757262,81854722757262,40,200000.0,177199870.0,176605859.0,1,40,-4404073.569699809,2952.430300191045,0.9999999993866789,1.0,3532916177.0
interference,host,host_cpu3-interf_io-run6,99655,5000000.0,3000000.0,592974.0,-4407026.0,455.0,1000000.0,48,98184,98683,98184,81865897757262,81868392757262,500,2500000.0,2202341005.0,2201748421.0,1,500,-4403814.520589633,3211.4794103670865,0.9999999996567911,1.0,550276951416.0
interference,host,host_cpu3-interf_io-run6,99655,5000000.0,3000000.0,592974.0,-4407026.0,455.0,1000000.0,49,99654,99654,99654,81873247757262,81873247757262,1,5000.0,1961714859.0,1961121773.0,1,1,,,,,1958714859.0
interference,host,host_cpu3-interf_io-run7,100001,5000000.0,3000000.0,603495.0,-4396505.0,700.0,1000000.0,1,1953,1978,1953,83755539132512,83755664132512,26,130000.0,114460095.0,113856803.0,1,26,-4390462.087179487,6042.91282051336,0.9999999977809592,1.0,1471101519.0
interference,host,host_cpu3-interf_io-run7,100001,5000000.0,3000000.0,603495.0,-4396505.0,700.0,1000000.0,2,2956,2958,2956,83760554132512,83760564132512,3,15000.0,15095062.0,14491422.0,1,3,-4391511.999999997,4993.000000002794,0.9999999915307164,1.0,23109950.0
interference,host,host_cpu3-interf_io-run7,100001,5000000.0,3000000.0,603495.0,-4396505.0,700.0,1000000.0,3,4965,4988,4965,83770599132512,83770714132512,24,120000.0,106357718.0,105752633.0,1,24,-4391399.995652176,5105.00434782356,0.999999999033028,1.0,1268570384.0
interference,host,host_cpu3-interf_io-run7,100001,5000000.0,3000000.0,603495.0,-4396505.0,700.0,1000000.0,4,8056,8077,8056,83786054132512,83786159132512,22,110000.0,96032736.0,95428671.0,1,22,-4391318.13212874,5186.8678712602705,0.9999999981177194,1.0,1032286760.0
interference,host,host_cpu3-interf_io-run7,100001,5000000.0,3000000.0,603495.0,-4396505.0,700.0,1000000.0,5,9060,9060,9060,83791074132512,83791074132512,1,5000.0,7304300.0,6698614.0,1,1,,,,,4304300.0
interference,host,host_cpu3-interf_io-run7,100001,5000000.0,3000000.0,603495.0,-4396505.0,700.0,1000000.0,6,10063,10110,10063,83796089132512,83796324132512,48,240000.0,212298966.0,211695049.0,1,48,-4391352.20603561,5152.793964389712,0.9999999996191354,1.0,5092902096.0
interference,host,host_cpu3-interf_io-run7,100001,5000000.0,3000000.0,603495.0,-4396505.0,700.0,1000000.0,7,13095,13149,13095,83811249132512,83811519132512,55,275000.0,243123379.0,242520276.0,1,55,-4391481.742063487,5023.257936513051,0.9999999996649981,1.0,6685357564.0
interference,host,host_cpu3-interf_io-run7,100001,5000000.0,3000000.0,603495.0,-4396505.0,700.0,1000000.0,8,14609,14619,14609,83818819132512,83818869132512,11,55000.0,47005003.0,46400790.0,1,11,-4391210.827272725,5294.172727274708,0.9999999960035018,1.0,242547921.0
interference,host,host_cpu3-interf_io-run7,100001,5000000.0,3000000.0,603495.0,-4396505.0,700.0,1000000.0,9,14836,14948,14836,83819954132512,83820514132512,113,565000.0,495796181.0,495193057.0,1,113,-4390974.781331091,5530.218668908812,0.9999999996877899,1.0,27900019420.0
interference,host,host_cpu3-interf_io-run7,100001,5000000.0,3000000.0,603495.0,-4396505.0,700.0,1000000.0,10,15966,16008,15966,83825604132512,83825814132512,43,215000.0,187681521.0,187077277.0,1,43,-4391316.5816973755,5188.418302624486,0.9999999991358429,1.0,3976071978.0
interference,host,host_cpu3-interf_io-run7,100001,5000000.0,3000000.0,603495.0,-4396505.0,700.0,1000000.0,11,17026,17066,17026,83830904132512,83831104132512,41,205000.0,180376704.0,179772436.0,1,41,-4391415.6047038315,5089.395296168514,0.9999999996877406,1.0,3671492452.0
interference,host,host_cpu3-interf_io-run7,100001,5000000.0,3000000.0,603495.0,-4396505.0,700.0,1000000.0,12,17251,17271,17251,83832029132512,83832129132512,21,105000.0,91670948.0,91067829.0,1,21,-4391349.981818182,5155.018181817606,0.999999997554098,1.0,939972314.0
interference,host,host_cpu3-interf_io-run7,100001,5000000.0,3000000.0,603495.0,-4396505.0,700.0,1000000.0,13,18009,18036,18009,83835819132512,83835954132512,28,140000.0,124579228.0,123975957.0,1,28,-4391456.0637657335,5048.936234266497,0.9999999992655259,1.0,1744311733.0
interference,host,host_cpu3-interf_io-run7,100001,5000000.0,3000000.0,603495.0,-4396505.0,700.0,1000000.0,14,18084,18122,18084,83836194132512,83836384132512,39,195000.0,170401909.0,169798798.0,1,39,-4391403.172469638,5101.827530361712,0.9999999996635575,1.0,3274653648.0
interference,host,host_cpu3-interf_io-run7,100001,5000000.0,3000000.0,603495.0,-4396505.0,700.0,1000000.0,15,20130,20146,20130,83846424132512,83846504132512,17,85000.0,77356208.0,76753204.0,1,17,-4391275.078431374,5229.921568625607,0.9999999984977663,1.0,666847072.0
interference,host,host_cpu3-interf_io-run7,100001,5000000.0,3000000.0,603495.0,-4396505.0,700.0,1000000.0,16,21115,21115,21115,83851349132512,83851349132512,1,5000.0,4621632.0,4018513.0,1,1,,,,,1621632.0
interference,host,host_cpu3-interf_io-run7,100001,5000000.0,3000000.0,603495.0,-4396505.0,700.0,1000000.0,17,24149,24171,24149,83866519132512,83866629132512,23,115000.0,102387616.0,101783950.0,1,23,-4391326.302371543,5178.697628457099,0.9999999985793568,1.0,1174923246.0
interference,host,host_cpu3-interf_io-run7,100001,5000000.0,3000000.0,603495.0,-4396505.0,700.0,1000000.0,18,25135,25149,25135,83871449132512,83871519132512,15,75000.0,67609824.0,67006654.0,1,15,-4391306.0857142825,5198.914285717532,0.9999999971248452,1.0,508097549.0
interference,host,host_cpu3-interf_io-run7,100001,5000000.0,3000000.0,603495.0,-4396505.0,700.0,1000000.0,19,25969,26005,25969,83875619132512,83875799132512,37,185000.0,163888437.0,163285238.0,1,37,-4391596.421526788,4908.578473212197,0.9999999995756008,1.0,3028034642.0
interference,host,host_cpu3-interf_io-run7,100001,5000000.0,3000000.0,603495.0,-4396505.0,700.0,1000000.0,20,27104,27214,27104,83881294132512,83881844132512,111,555000.0,487555303.0,486950195.0,1,111,-4391324.18239733,5180.81760266982,0.9999999998520225,1.0,26976886486.0
interference,host,host_cpu3-interf_io-run7,100001,5000000.0,3000000.0,603495.0,-4396505.0,700.0,1000000.0,21,28311,28672,28311,83887329132512,83889134132512,362,1810000.0,1591112622.0,1590509436.0,1,362,-4391279.835303442,5225.164696558379,0.9999999999458886,1.0,287964393846.0
interference,host,host_cpu3-interf_io-run7,100001,5000000.0,3000000.0,603495.0,-4396505.0,700.0,1000000.0,22,29645,29686,29645,83893999132512,83894204132512,42,210000.0,184905404.0,184300332.0,1,42,-4391416.158739165,5088.841260834597,0.9999999995960248,1.0,3858945145.0
interference,host,host_cpu3-interf_io-run7,100001,5000000.0,3000000.0,603495.0,-4396505.0,700.0,1000000.0,23,31691,31706,31691,83904229132512,83904304132512,16,80000.0,71841324.0,71237680.0,1,16,-4391133.469117648,5371.530882352032,0.9999999942985933,1.0,574588415.0
interference,host,host_cpu3-interf_io-run7,100001,5000000.0,3000000.0,603495.0,-4396505.0,700.0,1000000.0,24,34724,34749,34724,83919394132512,83919519132512,26,130000.0,113328007.0,112724823.0,1,26,-4391536.538461538,4968.461538461968,0.9999999994041453,1.0,1441313941.0
interference,host,host_cpu3-interf_io-run7,100001,5000000.0,3000000.0,603495.0,-4396505.0,700.0,1000000.0,25,37758,37779,37758,83934564132512,83934669132512,22,110000.0,97232425.0,96627215.0,1,22,-4391434.494635798,5070.505364201963,0.9999999988620103,1.0,1058696742.0
interference,host,host_cpu3-interf_io-run7,100001,5000000.0,3000000.0,603495.0,-4396505.0,700.0,1000000.0,26,39805,39826,39805,83944799132512,83944904132512,22,110000.0,98905312.0,98301805.0,1,22,-4391448.55279503,5056.447204969823,0.9999999987996375,1.0,1095454975.0
interference,host,host_cpu3-interf_io-run7,100001,5000000.0,3000000.0,603495.0,-4396505.0,700.0,1000000.0,27,40866,40894,40866,83950104132512,83950244132512,29,145000.0,130281432.0,129676519.0,1,29,-4391430.202955666,5074.797044334002,0.9999999995373404,1.0,1908252803.0
interference,host,host_cpu3-interf_io-run7,100001,5000000.0,3000000.0,603495.0,-4396505.0,700.0,1000000.0,28,41851,41889,41851,83955029132512,83955219132512,39,195000.0,171211497.0,170607849.0,1,39,-4391496.348380569,5008.651619430631,0.999999999272412,1.0,3306139468.0
interference,host,host_cpu3-interf_io-run7,100001,5000000.0,3000000.0,603495.0,-4396505.0,700.0,1000000.0,29,48979,48979,48979,83990669132512,83990669132512,1,5000.0,3909625.0,3303851.0,1,1,,,,,909625.0
interference,host,host_cpu3-interf_io-run7,100001,5000000.0,3000000.0,603495.0,-4396505.0,700.0,1000000.0,30,49965,49980,49965,83995599132512,83995674132512,16,80000.0,68957587.0,68354449.0,1,16,-4391039.564705883,5465.435294116847,0.9999999978839303,1.0,528368168.0
interference,host,host_cpu3-interf_io-run7,100001,5000000.0,3000000.0,603495.0,-4396505.0,700.0,1000000.0,31,52013,52052,52013,84005839132512,84006034132512,40,200000.0,176824085.0,176220421.0,1,40,-4391265.002251404,5239.997748595662,0.9999999992867604,1.0,3527924912.0
interference,host,host_cpu3-interf_io-run7,100001,5000000.0,3000000.0,603495.0,-4396505.0,700.0,1000000.0,32,52466,53066,52466,84008104132512,84011104132512,601,3005000.0,2637959264.0,2637355119.0,1,601,-4390965.047608694,5539.952391305938,0.999999999932942,1.0,791913708000.0
interference,host,host_cpu3-interf_io-run7,100001,5000000.0,3000000.0,603495.0,-4396505.0,700.0,1000000.0,33,54077,54459,54077,84016159132512,84018069132512,383,1915000.0,1682314757.0,1681710867.0,1,383,-4391238.34257566,5266.657424340025,0.9999999999293253,1.0,321944125641.0
interference,host,host_cpu3-interf_io-run7,100001,5000000.0,3000000.0,603495.0,-4396505.0,700.0,1000000.0,34,56623,56650,56623,84028889132512,84029024132512,28,140000.0,124229939.0,123626687.0,1,28,-4391431.645867542,5073.354132457636,0.9999999993826593,1.0,1734490554.0
interference,host,host_cpu3-interf_io-run7,100001,5000000.0,3000000.0,603495.0,-4396505.0,700.0,1000000.0,35,57608,57610,57608,84033814132512,84033824132512,3,15000.0,14249140.0,13646006.0,1,3,-4391840.999999999,4664.000000000931,0.9999999794676568,1.0,20570807.0
interference,host,host_cpu3-interf_io-run7,100001,5000000.0,3000000.0,603495.0,-4396505.0,700.0,1000000.0,36,63676,63705,63676,84064154132512,84064299132512,30,150000.0,132129476.0,131526289.0,1,30,-4391114.901001117,5390.098998882808,0.9999999972994719,1.0,1963656424.0
interference,host,host_cpu3-interf_io-run7,100001,5000000.0,3000000.0,603495.0,-4396505.0,700.0,1000000.0,37,64736,65142,64736,84069454132512,84071484132512,407,2035000.0,1788248056.0,1787642901.0,1,407,-4391271.909252704,5233.090747295879,0.9999999999573485,1.0,363786206027.0
interference,host,host_cpu3-interf_io-run7,100001,5000000.0,3000000.0,603495.0,-4396505.0,700.0,1000000.0,38,65762,65809,65762,84074584132512,84074819132512,48,240000.0,211335101.0,210730991.0,1,48,-4391304.386832396,5200.6131676044315,0.9999999989533297,1.0,5046591635.0
interference,host,host_cpu3-interf_io-run7,100001,5000000.0,3000000.0,603495.0,-4396505.0,700.0,1000000.0,39,66822,66858,66822,84079884132512,84080064132512,37,185000.0,163440765.0,162835047.0,1,37,-4391577.43527738,4927.564722619951,0.9999999995972647,1.0,3011545735.0
interference,host,host_cpu3-interf_io-run7,100001,5000000.0,3000000.0,603495.0,-4396505.0,700.0,1000000.0,40,67199,67223,67199,84081769132512,84081889132512,25,125000.0,110264574.0,109660601.0,1,25,-4391343.856923077,5161.1430769227445,0.9999999988786158,1.0,1364231076.0
interference,host,host_cpu3-interf_io-run7,100001,5000000.0,3000000.0,603495.0,-4396505.0,700.0,1000000.0,41,69094,69407,69094,84091244132512,84092809132512,314,1570000.0,1378968143.0,1378365028.0,1,314,-4391281.500898774,5223.499101226218,0.9999999998510877,1.0,216259654585.0
interference,host,host_cpu3-interf_io-run7,100001,5000000.0,3000000.0,603495.0,-4396505.0,700.0,1000000.0,42,70131,70150,70131,84096429132512,84096524132512,20,100000.0,90772121.0,90168875.0,1,20,-4391349.602255637,5155.397744363174,0.9999999946894463,1.0,921190941.0
interference,host,host_cpu3-interf_io-run7,100001,5000000.0,3000000.0,603495.0,-4396505.0,700.0,1000000.0,43,73164,73196,73164,84111594132512,84111754132512,33,165000.0,145455364.0,144851799.0,1,33,-4391247.957887698,5257.042112302035,0.9999999989037386,1.0,2382548536.0
interference,host,host_cpu3-interf_io-run7,100001,5000000.0,3000000.0,603495.0,-4396505.0,700.0,1000000.0,44,75817,75850,75817,84124859132512,84125024132512,34,170000.0,149178954.0,148575264.0,1,34,-4391557.921161189,4947.078838811256,0.9999999993452153,1.0,2506407912.0
interference,host,host_cpu3-interf_io-run7,100001,5000000.0,3000000.0,603495.0,-4396505.0,700.0,1000000.0,45,78850,78865,78850,84140024132512,84140099132512,16,80000.0,70618806.0,70015225.0,1,16,-4391147.176470587,5357.82352941297,0.9999999978040514,1.0,555008112.0
interference,host,host_cpu3-interf_io-run7,100001,5000000.0,3000000.0,603495.0,-4396505.0,700.0,1000000.0,46,80973,80996,80973,84150639132512,84150754132512,24,120000.0,104687299.0,104084169.0,1,24,-4391287.952608697,5217.047391302884,0.999999997831816,1.0,1228589201.0
interference,host,host_cpu3-interf_io-run7,100001,5000000.0,3000000.0,603495.0,-4396505.0,700.0,1000000.0,47,82034,82071,82034,84155944132512,84156129132512,38,190000.0,167054825.0,166451758.0,1,38,-4391442.6305941595,5062.3694058405235,0.9999999995064418,1.0,3146917297.0
interference,host,host_cpu3-interf_io-run7,100001,5000000.0,3000000.0,603495.0,-4396505.0,700.0,1000000.0,48,85066,85096,85066,84171104132512,84171254132512,31,155000.0,135231421.0,134625679.0,1,31,-4391515.746370968,4989.253629031591,0.9999999988097672,1.0,2057123325.0
interference,host,host_cpu3-interf_io-run7,100001,5000000.0,3000000.0,603495.0,-4396505.0,700.0,1000000.0,49,87113,87121,87113,84181339132512,84181379132512,9,45000.0,41284513.0,40681345.0,1,9,-4391612.116666668,4892.883333331905,0.9999999971375056,1.0,186463252.0
interference,host,host_cpu3-interf_io-run7,100001,5000000.0,3000000.0,603495.0,-4396505.0,700.0,1000000.0,50,88099,88131,88099,84186269132512,84186429132512,33,165000.0,145625417.0,145022137.0,1,33,-4391311.345588232,5193.654411767609,0.9999999991093823,1.0,2388126034.0
interference,host,host_cpu3-interf_io-run7,100001,5000000.0,3000000.0,603495.0,-4396505.0,700.0,1000000.0,51,88401,88437,88401,84187779132512,84187959132512,37,185000.0,163474764.0,162871554.0,1,37,-4391570.362019913,4934.637980086729,0.9999999987548603,1.0,3012983270.0
interference,host,host_cpu3-interf_io-run7,100001,5000000.0,3000000.0,603495.0,-4396505.0,700.0,1000000.0,52,89461,89468,89461,84193079132512,84193114132512,8,40000.0,36044552.0,35441016.0,1,8,-4391604.452380954,4900.547619045712,0.9999999952217636,1.0,141395050.0
interference,host,host_cpu3-interf_io-run7,100001,5000000.0,3000000.0,603495.0,-4396505.0,700.0,1000000.0,53,90523,90561,90523,84198389132512,84198579132512,39,195000.0,171127012.0,170523889.0,1,39,-4391479.899797571,5025.100202429108,0.9999999997107113,1.0,3302853988.0
interference,host,host_cpu3-interf_io-run7,100001,5000000.0,3000000.0,603495.0,-4396505.0,700.0,1000000.0,54,91582,92040,91582,84203684132512,84205974132512,459,2295000.0,2017105927.0,2016501606.0,1,459,-4390787.548652171,5717.451347828843,0.9999999999199256,1.0,462952701437.0
interference,host,host_cpu3-interf_io-run7,100001,5000000.0,3000000.0,603495.0,-4396505.0,700.0,1000000.0,55,96016,96035,96016,84225854132512,84225949132512,20,100000.0,88211413.0,87606914.0,1,20,-4391669.505263158,4835.49473684188,0.9999999989168727,1.0,869814796.0
interference,host,host_cpu3-interf_io-run8,100001,5000000.0,3000000.0,593366.0,-4406634.0,367.0,1000000.0,1,238,724,238,86127333792639,86129763792639,487,2435000.0,2146236878.0,2145643515.0,1,487,-4403021.085986927,3612.9140130728483,0.999999999961947,1.0,522696446812.0
interference,host,host_cpu3-interf_io-run8,100001,5000000.0,3000000.0,593366.0,-4406634.0,367.0,1000000.0,2,979,1003,979,86131038792639,86131158792639,25,125000.0,112096145.0,111502783.0,1,25,-4403157.923076923,3476.0769230769947,0.9999999985220978,1.0,1406556599.0
interference,host,host_cpu3-interf_io-run8,100001,5000000.0,3000000.0,593366.0,-4406634.0,367.0,1000000.0,3,1983,2159,1983,86136058792639,86136938792639,177,885000.0,779552978.0,778959938.0,1,177,-4403166.086546286,3467.9134537139907,0.9999999997953558,1.0,68866211034.0
interference,host,host_cpu3-interf_io-run8,100001,5000000.0,3000000.0,593366.0,-4406634.0,367.0,1000000.0,4,3053,3118,3053,86141408792639,86141733792639,66,330000.0,289514791.0,288921633.0,1,66,-4403803.388351949,2830.611648051068,0.9999999995551733,1.0,9463964889.0
interference,host,host_cpu3-interf_io-run8,100001,5000000.0,3000000.0,593366.0,-4406634.0,367.0,1000000.0,5,4053,4320,4053,86146408792639,86147743792639,268,1340000.0,1180534120.0,1179941047.0,1,268,-4403728.606614395,2905.3933856049553,0.9999999999123034,1.0,158023684558.0
interference,host,host_cpu3-interf_io-run8,100001,5000000.0,3000000.0,593366.0,-4406634.0,367.0,1000000.0,6,6042,6057,6042,86156353792639,86156428792639,16,80000.0,70811289.0,70218204.0,1,16,-4403768.254411762,2865.745588238351,0.9999999988642984,1.0,556537661.0
interference,host,host_cpu3-interf_io-run8,100001,5000000.0,3000000.0,593366.0,-4406634.0,367.0,1000000.0,7,10059,10075,10059,86176438792639,86176518792639,17,85000.0,73774237.0,73180868.0,1,17,-4403946.696078433,2687.303921567276,0.9999999988384961,1.0,604238155.0
interference,host,host_cpu3-interf_io-run8,100001,5000000.0,3000000.0,593366.0,-4406634.0,367.0,1000000.0,8,12106,12112,12106,86186673792639,86186703792639,7,35000.0,31337500.0,30744134.0,1,7,-4403965.7857142845,2668.214285715483,0.9999999917988772,1.0,105872636.0
interference,host,host_cpu3-interf_io-run8,100001,5000000.0,3000000.0,593366.0,-4406634.0,367.0,1000000.0,9,13092,13093,13092,86191603792639,86191608792639,2,10000.0,7731967.0,7138854.0,1,2,-4401774.0,4860.0,1.0,1.0,5062160.0
interference,host,host_cpu3-interf_io-run8,100001,5000000.0,3000000.0,593366.0,-4406634.0,367.0,1000000.0,10,15140,15163,15140,86201843792639,86201958792639,24,120000.0,106589555.0,105996434.0,1,24,-4403750.405217394,2883.5947826057673,0.999999998632161,1.0,1270678980.0
interference,host,host_cpu3-interf_io-run8,100001,5000000.0,3000000.0,593366.0,-4406634.0,367.0,1000000.0,11,16125,16227,16125,86206768792639,86207278792639,103,515000.0,454820540.0,454226934.0,1,103,-4403737.091244561,2896.9087554393336,0.9999999994652278,1.0,23404473483.0
interference,host,host_cpu3-interf_io-run8,100001,5000000.0,3000000.0,593366.0,-4406634.0,367.0,1000000.0,12,16270,16289,16270,86207493792639,86207588792639,20,100000.0,89051601.0,88458068.0,1,20,-4403190.355639097,3443.644360902719,0.9999999954905071,1.0,884534173.0
interference,host,host_cpu3-interf_io-run8,100001,5000000.0,3000000.0,593366.0,-4406634.0,367.0,1000000.0,13,17787,17787,17787,86215078792639,86215078792639,1,5000.0,6377349.0,5784012.0,1,1,,,,,3377349.0
interference,host,host_cpu3-interf_io-run8,100001,5000000.0,3000000.0,593366.0,-4406634.0,367.0,1000000.0,14,20821,20856,20821,86230248792639,86230423792639,36,180000.0,160889784.0,160296934.0,1,36,-4403910.13462033,2723.8653796697035,0.9999999990883484,1.0,2909664992.0
interference,host,host_cpu3-interf_io-run8,100001,5000000.0,3000000.0,593366.0,-4406634.0,367.0,1000000.0,15,22867,22893,22867,86240478792639,86240608792639,27,135000.0,119006883.0,118412833.0,1,27,-4404000.467032966,2633.532967033796,0.9999999994893262,1.0,1586418703.0
interference,host,host_cpu3-interf_io-run8,100001,5000000.0,3000000.0,593366.0,-4406634.0,367.0,1000000.0,16,24914,24930,24914,86250713792639,86250793792639,17,85000.0,74553200.0,73959696.0,1,17,-4403785.306372549,2848.693627450615,0.9999999985514649,1.0,617467064.0
interference,host,host_cpu3-interf_io-run8,100001,5000000.0,3000000.0,593366.0,-4406634.0,367.0,1000000.0,17,28934,28949,28934,86270813792639,86270888792639,16,80000.0,71976248.0,71383211.0,1,16,-4403613.961764705,3020.0382352946326,0.9999999967183462,1.0,575221114.0
interference,host,host_cpu3-interf_io-run8,100001,5000000.0,3000000.0,593366.0,-4406634.0,367.0,1000000.0,18,29995,29996,29995,86276118792639,86276123792639,2,10000.0,8586263.0,7992582.0,1,2,-4405454.0,1180.0,1.0,1.0,6767072.0
interference,host,host_cpu3-interf_io-run8,100001,5000000.0,3000000.0,593366.0,-4406634.0,367.0,1000000.0,19,30071,30081,30071,86276498792639,86276548792639,11,55000.0,49602441.0,49009159.0,1,11,-4403791.454545454,2842.545454545878,0.9999999960221029,1.0,270405396.0
interference,host,host_cpu3-interf_io-run8,100001,5000000.0,3000000.0,593366.0,-4406634.0,367.0,1000000.0,20,33484,33664,33484,86293563792639,86294463792639,181,905000.0,796924676.0,796331108.0,1,181,-4403794.905231415,2839.094768584706,0.9999999998299883,1.0,71962968271.0
interference,host,host_cpu3-interf_io-run8,100001,5000000.0,3000000.0,593366.0,-4406634.0,367.0,1000000.0,21,35671,35685,35671,86304498792639,86304568792639,15,75000.0,68112944.0,67520097.0,1,15,-4403742.585714284,2891.4142857156694,0.9999999975103934,1.0,514316597.0
interference,host,host_cpu3-interf_io-run8,100001,5000000.0,3000000.0,593366.0,-4406634.0,367.0,1000000.0,22,37718,37741,37718,86314733792639,86314848792639,24,120000.0,106799543.0,106206076.0,1,24,-4403834.732608698,2799.2673913016915,0.9999999991268371,1.0,1275781531.0
interference,host,host_cpu3-interf_io-run8,100001,5000000.0,3000000.0,593366.0,-4406634.0,367.0,1000000.0,23,40752,40757,40752,86329903792639,86329928792639,6,30000.0,26601198.0,26007950.0,1,6,-4403520.285714284,3113.7142857164145,0.9999999965510388,1.0,75557082.0
interference,host,host_cpu3-interf_io-run8,100001,5000000.0,3000000.0,593366.0,-4406634.0,367.0,1000000.0,24,41510,41537,41510,86333693792639,86333828792639,28,140000.0,124972364.0,124378567.0,1,28,-4403783.394909685,2850.6050903154537,0.9999999983341817,1.0,1750601629.0
interference,host,host_cpu3-interf_io-run8,100001,5000000.0,3000000.0,593366.0,-4406634.0,367.0,1000000.0,25,42950,43000,42950,86340893792639,86341143792639,51,255000.0,224413027.0,223819945.0,1,51,-4403934.152126695,2699.8478733049706,0.9999999998006185,1.0,5676949272.0
interference,host,host_cpu3-interf_io-run8,100001,5000000.0,3000000.0,593366.0,-4406634.0,367.0,1000000.0,26,44009,44024,44009,86346188792639,86346263792639,16,80000.0,69359839.0,68765802.0,1,16,-4403770.725,2863.2750000003725,0.9999999978132905,1.0,533296755.0
interference,host,host_cpu3-interf_io-run8,100001,5000000.0,3000000.0,593366.0,-4406634.0,367.0,1000000.0,27,48105,48118,48105,86366668792639,86366733792639,14,70000.0,60783180.0,60189703.0,1,14,-4403830.000000002,2803.9999999981374,0.9999999965277346,1.0,408201718.0
interference,host,host_cpu3-interf_io-run8,100001,5000000.0,3000000.0,593366.0,-4406634.0,367.0,1000000.0,28,49090,49098,49090,86371593792639,86371633792639,9,45000.0,42354619.0,41760591.0,1,9,-4403730.666666667,2903.333333333023,0.9999999956031261,1.0,195653913.0
interference,host,host_cpu3-interf_io-run8,100001,5000000.0,3000000.0,593366.0,-4406634.0,367.0,1000000.0,29,50152,50163,50152,86376903792639,86376958792639,12,60000.0,53239555.0,52646520.0,1,12,-4403734.681818181,2899.3181818192825,0.9999999922309396,1.0,312247501.0
interference,host,host_cpu3-interf_io-run8,100001,5000000.0,3000000.0,593366.0,-4406634.0,367.0,1000000.0,30,53186,53195,53186,86392073792639,86392118792639,10,50000.0,45163040.0,44570121.0,1,10,-4404064.575757575,2569.4242424247786,0.9999999965544559,1.0,223451765.0
interference,host,host_cpu3-interf_io-run8,100001,5000000.0,3000000.0,593366.0,-4406634.0,367.0,1000000.0,31,54171,54191,54171,86396998792639,86397098792639,21,105000.0,92677239.0,92083820.0,1,21,-4403936.428571428,2697.5714285718277,0.9999999986916972,1.0,958414579.0
interference,host,host_cpu3-interf_io-run8,100001,5000000.0,3000000.0,593366.0,-4406634.0,367.0,1000000.0,32,56294,56362,56294,86407613792639,86407953792639,69,345000.0,304670938.0,304077970.0,1,69,-4403711.754804529,2922.2451954707503,0.9999999996270006,1.0,10484420103.0
interference,host,host_cpu3-interf_io-run8,100001,5000000.0,3000000.0,593366.0,-4406634.0,367.0,1000000.0,33,58642,58658,58642,86419353792639,86419433792639,17,85000.0,74154416.0,73561313.0,1,17,-4403705.044117648,2928.9558823518455,0.9999999961932732,1.0,610778032.0
interference,host,host_cpu3-interf_io-run8,100001,5000000.0,3000000.0,593366.0,-4406634.0,367.0,1000000.0,34,60689,60697,60689,86429588792639,86429628792639,9,45000.0,40283108.0,39690013.0,1,9,-4403779.1833333345,2854.816666665487,0.9999999977881484,1.0,177006244.0
interference,host,host_cpu3-interf_io-run8,100001,5000000.0,3000000.0,593366.0,-4406634.0,367.0,1000000.0,35,64709,64710,64709,86449688792639,86449693792639,2,10000.0,9709654.0,9115850.0,1,2,-4402253.0,4381.0,1.0,1.0,9017055.0
interference,host,host_cpu3-interf_io-run8,100001,5000000.0,3000000.0,593366.0,-4406634.0,367.0,1000000.0,36,66302,66352,66302,86457653792639,86457903792639,51,255000.0,225872808.0,225279324.0,1,51,-4403834.511583709,2799.488416290842,0.9999999994540325,1.0,5751608763.0
interference,host,host_cpu3-interf_io-run8,100001,5000000.0,3000000.0,593366.0,-4406634.0,367.0,1000000.0,37,70471,70499,70471,86478498792639,86478638792639,29,145000.0,128377905.0,127784800.0,1,29,-4403879.593103448,2754.406896552071,0.9999999997243967,1.0,1847981883.0
interference,host,host_cpu3-interf_io-run8,100001,5000000.0,3000000.0,593366.0,-4406634.0,367.0,1000000.0,38,71607,71763,71607,86484178792639,86484958792639,157,785000.0,693888506.0,693294521.0,1,157,-4403754.233488794,2879.766511205584,0.9999999997285401,1.0,54541149662.0
interference,host,host_cpu3-interf_io-run8,100001,5000000.0,3000000.0,593366.0,-4406634.0,367.0,1000000.0,39,72886,73198,72886,86490573792639,86492133792639,313,1565000.0,1378562608.0,1377969282.0,1,313,-4403726.652238533,2907.347761467099,0.9999999999607512,1.0,215523999832.0
interference,host,host_cpu3-interf_io-run8,100001,5000000.0,3000000.0,593366.0,-4406634.0,367.0,1000000.0,40,74226,74238,74226,86497273792639,86497333792639,13,65000.0,60160797.0,59567384.0,1,13,-4403694.851648351,2939.1483516488224,0.9999999978302057,1.0,399605147.0
interference,host,host_cpu3-interf_io-run8,100001,5000000.0,3000000.0,593366.0,-4406634.0,367.0,1000000.0,41,79232,79235,79232,86522303792639,86522318792639,4,20000.0,16966212.0,16373015.0,1,4,-4404206.600000001,2427.399999999441,0.999999988922058,1.0,29440712.0
interference,host,host_cpu3-interf_io-run8,100001,5000000.0,3000000.0,593366.0,-4406634.0,367.0,1000000.0,42,80597,80648,80597,86529128792639,86529383792639,52,260000.0,230247322.0,229654252.0,1,52,-4403780.340604454,2853.659395545721,0.9999999997708572,1.0,5977384681.0
interference,host,host_cpu3-interf_io-run8,100001,5000000.0,3000000.0,593366.0,-4406634.0,367.0,1000000.0,43,80670,80716,80670,86529493792639,86529723792639,47,235000.0,207447643.0,206854578.0,1,47,-4403787.786887145,2846.21311285533,0.99999999970361,1.0,4848522634.0
interference,host,host_cpu3-interf_io-run8,100001,5000000.0,3000000.0,593366.0,-4406634.0,367.0,1000000.0,44,81198,81251,81198,86532133792639,86532398792639,54,270000.0,236756616.0,236163146.0,1,54,-4403695.6376215,2938.362378500402,0.9999999997812753,1.0,6321142845.0
interference,host,host_cpu3-interf_io-run8,100001,5000000.0,3000000.0,593366.0,-4406634.0,367.0,1000000.0,45,82788,82827,82788,86540083792639,86540278792639,40,200000.0,178349431.0,177756295.0,1,40,-4403669.946716697,2964.0532833030447,0.9999999995190891,1.0,3579136744.0
interference,host,host_cpu3-interf_io-run8,100001,5000000.0,3000000.0,593366.0,-4406634.0,367.0,1000000.0,46,86048,86654,86048,86556383792639,86559413792639,607,3035000.0,2675631159.0,2675038021.0,1,607,-4403407.819777971,3226.1802220288664,0.9999999999656977,1.0,812407015455.0
interference,host,host_cpu3-interf_io-run8,100001,5000000.0,3000000.0,593366.0,-4406634.0,367.0,1000000.0,47,88644,88670,88644,86569363792639,86569493792639,27,135000.0,120912925.0,120319473.0,1,27,-4403733.573870576,2900.426129424013,0.9999999986756224,1.0,1637991383.0
interference,host,host_cpu3-interf_io-run8,100001,5000000.0,3000000.0,593366.0,-4406634.0,367.0,1000000.0,48,89629,89652,89629,86574288792639,86574403792639,24,120000.0,108400302.0,107806977.0,1,24,-4403897.735652177,2736.2643478233367,0.9999999986381425,1.0,1314129280.0
interference,host,host_cpu3-interf_io-run8,100001,5000000.0,3000000.0,593366.0,-4406634.0,367.0,1000000.0,49,94711,94762,94711,86599698792639,86599953792639,52,260000.0,228467367.0,227874171.0,1,52,-4403848.690301371,2785.309698629193,0.9999999990484917,1.0,5884734523.0
interference,host,host_cpu3-interf_io-run8,100001,5000000.0,3000000.0,593366.0,-4406634.0,367.0,1000000.0,50,97818,97993,97818,86615233792639,86616108792639,176,880000.0,777661853.0,777066826.0,1,176,-4403479.178023334,3154.8219766663387,0.9999999996466056,1.0,68526337318.0
interference,host,host_cpu3-interf_io-run8,100001,5000000.0,3000000.0,593366.0,-4406634.0,367.0,1000000.0,51,98943,99455,98943,86620858792639,86623418792639,513,2565000.0,2260611290.0,2260017574.0,1,513,-4403663.577944207,2970.422055792995,0.9999999996948982,1.0,579833053570.0
interference,host,host_cpu3-interf_io-run9,100001,5000000.0,3000000.0,605409.5,-4394590.5,617.0,1000000.0,1,1257,1268,1257,88366596549521,88366651549521,12,60000.0,53401195.0,52795635.0,1,12,-4391407.367132865,3183.1328671351075,0.9999999942123917,1.0,315003971.0
interference,host,host_cpu3-interf_io-run9,100001,5000000.0,3000000.0,605409.5,-4394590.5,617.0,1000000.0,2,2261,2282,2261,88371616549521,88371721549521,22,110000.0,97665367.0,97059071.0,1,22,-4391620.4240542045,2970.0759457955137,0.9999999981244013,1.0,1068130779.0
interference,host,host_cpu3-interf_io-run9,100001,5000000.0,3000000.0,605409.5,-4394590.5,617.0,1000000.0,3,4270,4276,4270,88381661549521,88381691549521,7,35000.0,31250674.0,30645835.0,1,7,-4392244.071428571,2346.4285714291036,0.9999999962938169,1.0,105520595.0
interference,host,host_cpu3-interf_io-run9,100001,5000000.0,3000000.0,605409.5,-4394590.5,617.0,1000000.0,4,7825,7856,7825,88399436549521,88399591549521,32,160000.0,142928819.0,142323098.0,1,32,-4392115.058284455,2475.441715545021,0.9999999995455995,1.0,2299218592.0
interference,host,host_cpu3-interf_io-run9,100001,5000000.0,3000000.0,605409.5,-4394590.5,617.0,1000000.0,5,10518,10646,10518,88412901549521,88413541549521,129,645000.0,569461951.0,568856942.0,1,129,-4391905.219532643,2685.280467356555,0.9999999996815584,1.0,36814633625.0
interference,host,host_cpu3-interf_io-run9,100001,5000000.0,3000000.0,605409.5,-4394590.5,617.0,1000000.0,6,11647,12112,11647,88418546549521,88420871549521,466,2330000.0,2045849969.0,2045244617.0,1,466,-4391915.417737059,2675.082262940705,0.9999999999549292,1.0,476122815875.0
interference,host,host_cpu3-interf_io-run9,100001,5000000.0,3000000.0,605409.5,-4394590.5,617.0,1000000.0,7,12667,12713,12667,88423646549521,88423876549521,47,235000.0,206066296.0,205460451.0,1,47,-4392090.395467162,2500.1045328378677,0.9999999996524026,1.0,4796351384.0
interference,host,host_cpu3-interf_io-run9,100001,5000000.0,3000000.0,605409.5,-4394590.5,617.0,1000000.0,8,13726,13750,13726,88428941549521,88429061549521,25,125000.0,109909141.0,109303877.0,1,25,-4392346.365384616,2244.1346153840423,0.9999999989100976,1.0,1355017692.0
interference,host,host_cpu3-interf_io-run9,100001,5000000.0,3000000.0,605409.5,-4394590.5,617.0,1000000.0,9,14863,14913,14863,88434626549521,88434876549521,51,255000.0,223085504.0,222479143.0,1,51,-4391991.530226243,2598.9697737572715,0.9999999996861038,1.0,5624607181.0
interference,host,host_cpu3-interf_io-run9,100001,5000000.0,3000000.0,605409.5,-4394590.5,617.0,1000000.0,10,16908,16926,16908,88444851549521,88444941549521,19,95000.0,82398454.0,81792723.0,1,19,-4391998.343859653,2592.1561403470114,0.9999999987631963,1.0,757580344.0
interference,host,host_cpu3-interf_io-run9,100001,5000000.0,3000000.0,605409.5,-4394590.5,617.0,1000000.0,11,18956,18962,18956,88455091549521,88455121549521,7,35000.0,32266616.0,31661536.0,1,7,-4391582.285714286,3008.2142857136205,0.9999999918134874,1.0,112647421.0
interference,host,host_cpu3-interf_io-run9,100001,5000000.0,3000000.0,605409.5,-4394590.5,617.0,1000000.0,12,19638,19683,19638,88458501549521,88458726549521,46,230000.0,202688188.0,202081779.0,1,46,-4391490.0659266105,3100.434073389508,0.9999999993923457,1.0,4640505773.0
interference,host,host_cpu3-interf_io-run9,100001,5000000.0,3000000.0,605409.5,-4394590.5,617.0,1000000.0,13,20849,20907,20849,88464556549521,88464846549521,59,295000.0,261970945.0,261365773.0,1,59,-4392006.031677381,2584.4683226188645,0.9999999998737299,1.0,7764534121.0
interference,host,host_cpu3-interf_io-run9,100001,5000000.0,3000000.0,605409.5,-4394590.5,617.0,1000000.0,14,23728,23773,23728,88478951549521,88479176549521,46,230000.0,203894782.0,203290066.0,1,46,-4392140.094172063,2450.4058279367164,0.9999999996025296,1.0,4695267593.0
interference,host,host_cpu3-interf_io-run9,100001,5000000.0,3000000.0,605409.5,-4394590.5,617.0,1000000.0,15,30932,31293,30932,88514971549521,88516776549521,362,1810000.0,1592763187.0,1592158183.0,1,362,-4391932.404433651,2658.095566349104,0.9999999999039846,1.0,288520841376.0
interference,host,host_cpu3-interf_io-run9,100001,5000000.0,3000000.0,605409.5,-4394590.5,617.0,1000000.0,16,31811,31823,31811,88519366549521,88519426549521,13,65000.0,59090469.0,58485675.0,1,13,-4392160.769230767,2429.730769232847,0.9999999941580937,1.0,386618765.0
interference,host,host_cpu3-interf_io-run9,100001,5000000.0,3000000.0,605409.5,-4394590.5,617.0,1000000.0,17,35148,35173,35148,88536051549521,88536176549521,26,130000.0,116203770.0,115597672.0,1,26,-4391333.770256409,3256.7297435905784,0.99999999565102,1.0,1516230390.0
interference,host,host_cpu3-interf_io-run9,100001,5000000.0,3000000.0,605409.5,-4394590.5,617.0,1000000.0,18,36133,36181,36133,88540976549521,88541216549521,49,245000.0,215966004.0,215359564.0,1,49,-4392141.198571426,2449.3014285741374,0.9999999996505248,1.0,5270107797.0
interference,host,host_cpu3-interf_io-run9,100001,5000000.0,3000000.0,605409.5,-4394590.5,617.0,1000000.0,19,38254,38444,38254,88551581549521,88552531549521,191,955000.0,838582590.0,837976902.0,1,191,-4391996.70624139,2593.7937586102635,0.9999999998448336,1.0,79901828965.0
interference,host,host_cpu3-interf_io-run9,100001,5000000.0,3000000.0,605409.5,-4394590.5,617.0,1000000.0,20,40289,40302,40289,88561756549521,88561821549521,14,70000.0,60385003.0,59779885.0,1,14,-4391890.197802198,2700.3021978018805,0.9999999977390913,1.0,403728954.0
interference,host,host_cpu3-interf_io-run9,100001,5000000.0,3000000.0,605409.5,-4394590.5,617.0,1000000.0,21,41274,41298,41274,88566681549521,88566801549521,25,125000.0,109706658.0,109101563.0,1,25,-4392196.847692306,2393.6523076938465,0.9999999985637107,1.0,1350065771.0
interference,host,host_cpu3-interf_io-run9,100001,5000000.0,3000000.0,605409.5,-4394590.5,617.0,1000000.0,22,44308,44314,44308,88581851549521,88581881549521,7,35000.0,32884875.0,32280100.0,1,7,-4392055.857142859,2534.6428571408615,0.9999999944553243,1.0,116961377.0
interference,host,host_cpu3-interf_io-run9,100001,5000000.0,3000000.0,605409.5,-4394590.5,617.0,1000000.0,23,44914,44934,44914,88584881549521,88584981549521,21,105000.0,91641243.0,91036348.0,1,21,-4391616.353246753,2974.146753246896,0.9999999985269187,1.0,939192030.0
interference,host,host_cpu3-interf_io-run9,100001,5000000.0,3000000.0,605409.5,-4394590.5,617.0,1000000.0,24,45141,45161,45141,88586016549521,88586116549521,21,105000.0,92328533.0,91723641.0,1,21,-4391762.6285714265,2827.871428573504,0.9999999961635939,1.0,953638574.0
interference,host,host_cpu3-interf_io-run9,100001,5000000.0,3000000.0,605409.5,-4394590.5,617.0,1000000.0,25,47188,47206,47188,88596251549521,88596341549521,19,95000.0,82598587.0,81992676.0,1,19,-4391994.59298246,2595.9070175401866,0.9999999990704541,1.0,761334441.0
interference,host,host_cpu3-interf_io-run9,100001,5000000.0,3000000.0,605409.5,-4394590.5,617.0,1000000.0,26,54318,54321,54318,88631901549521,88631916549521,4,20000.0,19873644.0,19267158.0,1,4,-4392414.999999998,2175.5000000018626,0.9999999889637391,1.0,41140918.0
interference,host,host_cpu3-interf_io-run9,100001,5000000.0,3000000.0,605409.5,-4394590.5,617.0,1000000.0,27,57959,57969,57959,88650106549521,88650156549521,11,55000.0,47167487.0,46561811.0,1,11,-4391732.827272727,2857.672727272846,0.9999999948810249,1.0,244310264.0
interference,host,host_cpu3-interf_io-run9,100001,5000000.0,3000000.0,605409.5,-4394590.5,617.0,1000000.0,28,58186,58229,58186,88651241549521,88651456549521,44,220000.0,193493504.0,192888684.0,1,44,-4391615.729316416,2974.7706835838035,0.9999999995257386,1.0,4227217525.0
interference,host,host_cpu3-interf_io-run9,100001,5000000.0,3000000.0,605409.5,-4394590.5,617.0,1000000.0,29,59245,59246,59245,88656536549521,88656541549521,2,10000.0,8498801.0,7893968.0,1,2,-4393748.999999999,841.5000000009313,1.0,1.0,6603853.0
interference,host,host_cpu3-interf_io-run9,100001,5000000.0,3000000.0,605409.5,-4394590.5,617.0,1000000.0,30,60232,60273,60232,88661471549521,88661676549521,42,210000.0,185682617.0,185077755.0,1,42,-4392216.437241714,2374.0627582855523,0.9999999994035121,1.0,3890866166.0
interference,host,host_cpu3-interf_io-run9,100001,5000000.0,3000000.0,605409.5,-4394590.5,617.0,1000000.0,31,61367,61417,61367,88667146549521,88667396549521,51,255000.0,225471494.0,224866562.0,1,51,-4392002.724615382,2587.7753846179694,0.9999999996451001,1.0,5746171538.0
interference,host,host_cpu3-interf_io-run9,100001,5000000.0,3000000.0,605409.5,-4394590.5,617.0,1000000.0,32,62426,62473,62426,88672441549521,88672676549521,48,240000.0,211111779.0,210506792.0,1,48,-4392066.91141989,2523.5885801101103,0.9999999996100871,1.0,5035150522.0
interference,host,host_cpu3-interf_io-run9,100001,5000000.0,3000000.0,605409.5,-4394590.5,617.0,1000000.0,33,64471,64511,64471,88682666549521,88682866549521,41,205000.0,182931637.0,182323104.0,1,41,-4391995.128048778,2595.3719512224197,0.9999999994038228,1.0,3775803225.0
interference,host,host_cpu3-interf_io-run9,100001,5000000.0,3000000.0,605409.5,-4394590.5,617.0,1000000.0,34,66517,66545,66517,88692896549521,88693036549521,29,145000.0,127300208.0,126694967.0,1,29,-4392070.195566501,2520.304433499463,0.9999999987036982,1.0,1821656559.0
interference,host,host_cpu3-interf_io-run9,100001,5000000.0,3000000.0,605409.5,-4394590.5,617.0,1000000.0,35,67502,67518,67502,88697821549521,88697901549521,17,85000.0,75565797.0,74960881.0,1,17,-4392109.953431374,2480.5465686256066,0.9999999983056858,1.0,636285950.0
interference,host,host_cpu3-interf_io-run9,100001,5000000.0,3000000.0,605409.5,-4394590.5,617.0,1000000.0,36,72584,72599,72584,88723231549521,88723306549521,16,80000.0,72823592.0,72218310.0,1,16,-4392157.539705883,2432.9602941172197,0.9999999982579533,1.0,590111923.0
interference,host,host_cpu3-interf_io-run9,100001,5000000.0,3000000.0,605409.5,-4394590.5,617.0,1000000.0,37,73038,73061,73038,88725501549521,88725616549521,24,120000.0,105189376.0,104584051.0,1,24,-4392214.560000002,2375.939999997616,0.9999999987416223,1.0,1240347932.0
interference,host,host_cpu3-interf_io-run9,100001,5000000.0,3000000.0,605409.5,-4394590.5,617.0,1000000.0,38,75085,75100,75085,88735736549521,88735811549521,16,80000.0,73119766.0,72515142.0,1,16,-4392174.810294118,2415.6897058822215,0.999999997909489,1.0,594866945.0
interference,host,host_cpu3-interf_io-run9,100001,5000000.0,3000000.0,605409.5,-4394590.5,617.0,1000000.0,39,80167,80200,80167,88761146549521,88761311549521,34,170000.0,148379909.0,147775047.0,1,34,-4392206.628724217,2383.871275782585,0.9999999995846286,1.0,2478953005.0
interference,host,host_cpu3-interf_io-run9,100001,5000000.0,3000000.0,605409.5,-4394590.5,617.0,1000000.0,40,84261,84280,84261,88781616549521,88781711549521,20,100000.0,88401960.0,87794974.0,1,20,-4392066.357142858,2524.142857141793,0.9999999978089144,1.0,873604901.0
interference,host,host_cpu3-interf_io-run9,100001,5000000.0,3000000.0,605409.5,-4394590.5,617.0,1000000.0,41,85247,85259,85247,88786546549521,88786606549521,13,65000.0,57134769.0,56528909.0,1,13,-4392077.071428572,2513.4285714281723,0.9999999967470512,1.0,361180043.0
interference,host,host_cpu3-interf_io-run9,100001,5000000.0,3000000.0,605409.5,-4394590.5,617.0,1000000.0,42,86839,86858,86839,88794506549521,88794601549521,20,100000.0,88887962.0,88283028.0,1,20,-4391664.963909776,2925.53609022405,0.9999999984545116,1.0,883357640.0
interference,host,host_cpu3-interf_io-run9,100001,5000000.0,3000000.0,605409.5,-4394590.5,617.0,1000000.0,43,87142,87152,87142,88796021549521,88796071549521,11,55000.0,49599701.0,48994116.0,1,11,-4391546.245454543,3044.25454545673,0.9999999959411248,1.0,271049992.0
interference,host,host_cpu3-interf_io-run9,100001,5000000.0,3000000.0,605409.5,-4394590.5,617.0,1000000.0,44,87293,87309,87293,88796776549521,88796856549521,17,85000.0,76587599.0,75980489.0,1,17,-4391635.2450980395,2955.254901960492,0.9999999976389372,1.0,653693922.0
interference,host,host_cpu3-interf_io-run9,100001,5000000.0,3000000.0,605409.5,-4394590.5,617.0,1000000.0,45,88355,88357,88355,88802086549521,88802096549521,3,15000.0,14427520.0,13822580.0,1,3,-4391063.5,3527.0,0.9999999940937975,1.0,21109954.0
interference,host,host_cpu3-interf_io-run9,100001,5000000.0,3000000.0,605409.5,-4394590.5,617.0,1000000.0,46,91389,91440,91389,88817256549521,88817511549521,52,260000.0,230931332.0,230326037.0,1,52,-4392127.822334156,2462.6776658436283,0.9999999995897466,1.0,6028480134.0
interference,host,host_cpu3-interf_io-run9,100001,5000000.0,3000000.0,605409.5,-4394590.5,617.0,1000000.0,47,93434,93459,93434,88827481549521,88827606549521,26,130000.0,116327456.0,115722616.0,1,26,-4391854.24957265,2736.250427350402,0.9999999975551943,1.0,1519182232.0
interference,host,host_cpu3-interf_io-run9,100001,5000000.0,3000000.0,605409.5,-4394590.5,617.0,1000000.0,48,96467,96509,96467,88842646549521,88842856549521,43,215000.0,191291839.0,190685985.0,1,43,-4391906.957414681,2683.542585318908,0.999999999329641,1.0,4130729383.0
interference,host,host_cpu3-interf_io-run9,100001,5000000.0,3000000.0,605409.5,-4394590.5,617.0,1000000.0,49,99498,99528,99498,88857801549521,88857951549521,31,155000.0,137968521.0,137363463.0,1,31,-4392216.285483872,2374.2145161284134,0.9999999992308777,1.0,2141719520.0
