condition,environment,run,states,n,median_inter_release_ns,state_by_mean,dwell_activations,dwell_us,miss_rate,mean_response_ns
interference,container,docker_cpu3-interf_io-run6,4,100001,5000000.0,1,1,5000.0,0.8961937716262975,22360029.11764706
interference,container,docker_cpu3-interf_io-run6,4,100001,5000000.0,2,17,85000.0,1.0,150626415.7016362
interference,container,docker_cpu3-interf_io-run6,4,100001,5000000.0,1,10,50000.0,0.8961937716262975,22360029.11764706
interference,container,docker_cpu3-interf_io-run6,4,100001,5000000.0,1,3,15000.0,0.8961937716262975,22360029.11764706
interference,container,docker_cpu3-interf_io-run6,4,100001,5000000.0,2,21,105000.0,1.0,150626415.7016362
interference,container,docker_cpu3-interf_io-run6,4,100001,5000000.0,1,10,50000.0,0.8961937716262975,22360029.11764706
interference,container,docker_cpu3-interf_io-run6,4,100001,5000000.0,1,1,5000.0,0.8961937716262975,22360029.11764706
interference,container,docker_cpu3-interf_io-run6,4,100001,5000000.0,1,1,5000.0,0.8961937716262975,22360029.11764706
interference,container,docker_cpu3-interf_io-run6,4,100001,5000000.0,1,1,5000.0,0.8961937716262975,22360029.11764706
interference,container,docker_cpu3-interf_io-run6,4,100001,5000000.0,2,10,50000.0,1.0,150626415.7016362
interference,container,docker_cpu3-interf_io-run6,4,100001,5000000.0,1,11,55000.0,0.8961937716262975,22360029.11764706
interference,container,docker_cpu3-interf_io-run6,4,100001,5000000.0,2,20,100000.0,1.0,150626415.7016362
interference,container,docker_cpu3-interf_io-run6,4,100001,5000000.0,1,11,55000.0,0.8961937716262975,22360029.11764706
interference,container,docker_cpu3-interf_io-run6,4,100001,5000000.0,1,2,10000.0,0.8961937716262975,22360029.11764706
interference,container,docker_cpu3-interf_io-run6,4,100001,5000000.0,1,15,75000.0,0.8961937716262975,22360029.11764706
interference,container,docker_cpu3-interf_io-run6,4,100001,5000000.0,2,27,135000.0,1.0,150626415.7016362
interference,container,docker_cpu3-interf_io-run6,4,100001,5000000.0,1,10,50000.0,0.8961937716262975,22360029.11764706
interference,container,docker_cpu3-interf_io-run6,4,100001,5000000.0,2,26,130000.0,1.0,150626415.7016362
interference,container,docker_cpu3-interf_io-run6,4,100001,5000000.0,1,10,50000.0,0.8961937716262975,22360029.11764706
interference,container,docker_cpu3-interf_io-run6,4,100001,5000000.0,1,3,15000.0,0.8961937716262975,22360029.11764706
interference,container,docker_cpu3-interf_io-run6,4,100001,5000000.0,1,2,10000.0,0.8961937716262975,22360029.11764706
interference,container,docker_cpu3-interf_io-run6,4,100001,5000000.0,1,1,5000.0,0.8961937716262975,22360029.11764706
interference,container,docker_cpu3-interf_io-run6,4,100001,5000000.0,1,1,5000.0,0.8961937716262975,22360029.11764706
interference,container,docker_cpu3-interf_io-run6,4,100001,5000000.0,2,6,30000.0,1.0,150626415.7016362
interference,container,docker_cpu3-interf_io-run6,4,100001,5000000.0,1,10,50000.0,0.8961937716262975,22360029.11764706
interference,container,docker_cpu3-interf_io-run6,4,100001,5000000.0,1,1,5000.0,0.8961937716262975,22360029.11764706
interference,container,docker_cpu3-interf_io-run6,4,100001,5000000.0,2,36,180000.0,1.0,150626415.7016362
interference,container,docker_cpu3-interf_io-run6,4,100001,5000000.0,1,10,50000.0,0.8961937716262975,22360029.11764706
interference,container,docker_cpu3-interf_io-run6,4,100001,5000000.0,1,14,70000.0,0.8961937716262975,22360029.11764706
interference,container,docker_cpu3-interf_io-run6,4,100001,5000000.0,2,20,100000.0,1.0,150626415.7016362
interference,container,docker_cpu3-interf_io-run6,4,100001,5000000.0,1,11,55000.0,0.8961937716262975,22360029.11764706
interference,container,docker_cpu3-interf_io-run6,4,100001,5000000.0,2,16,80000.0,1.0,150626415.7016362
interference,container,docker_cpu3-interf_io-run6,4,100001,5000000.0,1,11,55000.0,0.8961937716262975,22360029.11764706
interference,container,docker_cpu3-interf_io-run6,4,100001,5000000.0,1,3,15000.0,0.8961937716262975,22360029.11764706
interference,container,docker_cpu3-interf_io-run6,4,100001,5000000.0,1,4,20000.0,0.8961937716262975,22360029.11764706
interference,container,docker_cpu3-interf_io-run6,4,100001,5000000.0,1,6,30000.0,0.8961937716262975,22360029.11764706
interference,container,docker_cpu3-interf_io-run6,4,100001,5000000.0,1,1,5000.0,0.8961937716262975,22360029.11764706
interference,container,docker_cpu3-interf_io-run6,4,100001,5000000.0,2,74,370000.0,1.0,150626415.7016362
interference,container,docker_cpu3-interf_io-run6,4,100001,5000000.0,1,10,50000.0,0.8961937716262975,22360029.11764706
interference,container,docker_cpu3-interf_io-run6,4,100001,5000000.0,1,1,5000.0,0.8961937716262975,22360029.11764706
interference,container,docker_cpu3-interf_io-run6,4,100001,5000000.0,2,26,130000.0,1.0,150626415.7016362
interference,container,docker_cpu3-interf_io-run6,4,100001,5000000.0,1,10,50000.0,0.8961937716262975,22360029.11764706
interference,container,docker_cpu3-interf_io-run6,4,100001,5000000.0,2,26,130000.0,1.0,150626415.7016362
interference,container,docker_cpu3-interf_io-run6,4,100001,5000000.0,1,10,50000.0,0.8961937716262975,22360029.11764706
interference,container,docker_cpu3-interf_io-run6,4,100001,5000000.0,2,13,65000.0,1.0,150626415.7016362
interference,container,docker_cpu3-interf_io-run6,4,100001,5000000.0,1,10,50000.0,0.8961937716262975,22360029.11764706
interference,container,docker_cpu3-interf_io-run6,4,100001,5000000.0,1,1,5000.0,0.8961937716262975,22360029.11764706
interference,container,docker_cpu3-interf_io-run6,4,100001,5000000.0,1,1,5000.0,0.8961937716262975,22360029.11764706
interference,container,docker_cpu3-interf_io-run6,4,100001,5000000.0,1,1,5000.0,0.8961937716262975,22360029.11764706
interference,container,docker_cpu3-interf_io-run6,4,100001,5000000.0,1,1,5000.0,0.8961937716262975,22360029.11764706
interference,container,docker_cpu3-interf_io-run6,4,100001,5000000.0,1,1,5000.0,0.8961937716262975,22360029.11764706
interference,container,docker_cpu3-interf_io-run6,4,100001,5000000.0,1,1,5000.0,0.8961937716262975,22360029.11764706
interference,container,docker_cpu3-interf_io-run6,4,100001,5000000.0,1,1,5000.0,0.8961937716262975,22360029.11764706
interference,container,docker_cpu3-interf_io-run6,4,100001,5000000.0,1,1,5000.0,0.8961937716262975,22360029.11764706
interference,container,docker_cpu3-interf_io-run6,4,100001,5000000.0,1,1,5000.0,0.8961937716262975,22360029.11764706
interference,container,docker_cpu3-interf_io-run6,4,100001,5000000.0,1,1,5000.0,0.8961937716262975,22360029.11764706
interference,container,docker_cpu3-interf_io-run6,4,100001,5000000.0,1,1,5000.0,0.8961937716262975,22360029.11764706
interference,container,docker_cpu3-interf_io-run6,4,100001,5000000.0,1,1,5000.0,0.8961937716262975,22360029.11764706
interference,container,docker_cpu3-interf_io-run6,4,100001,5000000.0,1,14,70000.0,0.8961937716262975,22360029.11764706
interference,container,docker_cpu3-interf_io-run6,4,100001,5000000.0,1,1,5000.0,0.8961937716262975,22360029.11764706
interference,container,docker_cpu3-interf_io-run6,4,100001,5000000.0,1,1,5000.0,0.8961937716262975,22360029.11764706
interference,container,docker_cpu3-interf_io-run6,4,100001,5000000.0,2,23,115000.0,1.0,150626415.7016362
interference,container,docker_cpu3-interf_io-run6,4,100001,5000000.0,1,11,55000.0,0.8961937716262975,22360029.11764706
interference,container,docker_cpu3-interf_io-run6,4,100001,5000000.0,2,7,35000.0,1.0,150626415.7016362
interference,container,docker_cpu3-interf_io-run6,4,100001,5000000.0,1,11,55000.0,0.8961937716262975,22360029.11764706
interference,container,docker_cpu3-interf_io-run6,4,100001,5000000.0,1,9,45000.0,0.8961937716262975,22360029.11764706
interference,container,docker_cpu3-interf_io-run6,4,100001,5000000.0,2,31,155000.0,1.0,150626415.7016362
interference,container,docker_cpu3-interf_io-run6,4,100001,5000000.0,1,10,50000.0,0.8961937716262975,22360029.11764706
interference,container,docker_cpu3-interf_io-run6,4,100001,5000000.0,2,27,135000.0,1.0,150626415.7016362
interference,container,docker_cpu3-interf_io-run6,4,100001,5000000.0,1,11,55000.0,0.8961937716262975,22360029.11764706
interference,container,docker_cpu3-interf_io-run6,4,100001,5000000.0,2,21,105000.0,1.0,150626415.7016362
interference,container,docker_cpu3-interf_io-run6,4,100001,5000000.0,1,11,55000.0,0.8961937716262975,22360029.11764706
interference,container,docker_cpu3-interf_io-run6,4,100001,5000000.0,2,20,100000.0,1.0,150626415.7016362
interference,container,docker_cpu3-interf_io-run6,4,100001,5000000.0,1,10,50000.0,0.8961937716262975,22360029.11764706
interference,container,docker_cpu3-interf_io-run6,4,100001,5000000.0,2,18,90000.0,1.0,150626415.7016362
interference,container,docker_cpu3-interf_io-run6,4,100001,5000000.0,1,11,55000.0,0.8961937716262975,22360029.11764706
interference,container,docker_cpu3-interf_io-run6,4,100001,5000000.0,2,22,110000.0,1.0,150626415.7016362
interference,container,docker_cpu3-interf_io-run6,4,100001,5000000.0,1,11,55000.0,0.8961937716262975,22360029.11764706
interference,container,docker_cpu3-interf_io-run6,4,100001,5000000.0,1,8,40000.0,0.8961937716262975,22360029.11764706
interference,container,docker_cpu3-interf_io-run6,4,100001,5000000.0,1,3,15000.0,0.8961937716262975,22360029.11764706
interference,container,docker_cpu3-interf_io-run6,4,100001,5000000.0,1,1,5000.0,0.8961937716262975,22360029.11764706
interference,container,docker_cpu3-interf_io-run6,4,100001,5000000.0,2,15,75000.0,1.0,150626415.7016362
interference,container,docker_cpu3-interf_io-run6,4,100001,5000000.0,1,10,50000.0,0.8961937716262975,22360029.11764706
interference,container,docker_cpu3-interf_io-run6,4,100001,5000000.0,1,7,35000.0,0.8961937716262975,22360029.11764706
interference,container,docker_cpu3-interf_io-run6,4,100001,5000000.0,1,5,25000.0,0.8961937716262975,22360029.11764706
interference,container,docker_cpu3-interf_io-run6,4,100001,5000000.0,1,1,5000.0,0.8961937716262975,22360029.11764706
interference,container,docker_cpu3-interf_io-run6,4,100001,5000000.0,2,50,250000.0,1.0,150626415.7016362
interference,container,docker_cpu3-interf_io-run6,4,100001,5000000.0,1,10,50000.0,0.8961937716262975,22360029.11764706
interference,container,docker_cpu3-interf_io-run6,4,100001,5000000.0,3,449,2245000.0,1.0,1414139479.2110727
interference,container,docker_cpu3-interf_io-run6,4,100001,5000000.0,2,95,475000.0,1.0,150626415.7016362
interference,container,docker_cpu3-interf_io-run6,4,100001,5000000.0,1,10,50000.0,0.8961937716262975,22360029.11764706
interference,container,docker_cpu3-interf_io-run6,4,100001,5000000.0,2,9,45000.0,1.0,150626415.7016362
interference,container,docker_cpu3-interf_io-run6,4,100001,5000000.0,1,11,55000.0,0.8961937716262975,22360029.11764706
interference,container,docker_cpu3-interf_io-run6,4,100001,5000000.0,1,10,50000.0,0.8961937716262975,22360029.11764706
interference,container,docker_cpu3-interf_io-run6,4,100001,5000000.0,2,13,65000.0,1.0,150626415.7016362
interference,container,docker_cpu3-interf_io-run6,4,100001,5000000.0,1,10,50000.0,0.8961937716262975,22360029.11764706
interference,container,docker_cpu3-interf_io-run6,4,100001,5000000.0,1,15,75000.0,0.8961937716262975,22360029.11764706
interference,container,docker_cpu3-interf_io-run6,4,100001,5000000.0,2,15,75000.0,1.0,150626415.7016362
interference,container,docker_cpu3-interf_io-run6,4,100001,5000000.0,1,11,55000.0,0.8961937716262975,22360029.11764706
interference,container,docker_cpu3-interf_io-run6,4,100001,5000000.0,2,19,95000.0,1.0,150626415.7016362
interference,container,docker_cpu3-interf_io-run6,4,100001,5000000.0,1,10,50000.0,0.8961937716262975,22360029.11764706
interference,container,docker_cpu3-interf_io-run6,4,100001,5000000.0,1,1,5000.0,0.8961937716262975,22360029.11764706
interference,container,docker_cpu3-interf_io-run6,4,100001,5000000.0,1,14,70000.0,0.8961937716262975,22360029.11764706
interference,container,docker_cpu3-interf_io-run6,4,100001,5000000.0,2,9,45000.0,1.0,150626415.7016362
interference,container,docker_cpu3-interf_io-run6,4,100001,5000000.0,1,11,55000.0,0.8961937716262975,22360029.11764706
interference,container,docker_cpu3-interf_io-run6,4,100001,5000000.0,1,5,25000.0,0.8961937716262975,22360029.11764706
interference,container,docker_cpu3-interf_io-run6,4,100001,5000000.0,1,1,5000.0,0.8961937716262975,22360029.11764706
interference,container,docker_cpu3-interf_io-run6,4,100001,5000000.0,2,92,460000.0,1.0,150626415.7016362
interference,container,docker_cpu3-interf_io-run6,4,100001,5000000.0,1,11,55000.0,0.8961937716262975,22360029.11764706
interference,container,docker_cpu3-interf_io-run6,4,100001,5000000.0,1,7,35000.0,0.8961937716262975,22360029.11764706
interference,container,docker_cpu3-interf_io-run6,4,100001,5000000.0,2,9,45000.0,1.0,150626415.7016362
interference,container,docker_cpu3-interf_io-run6,4,100001,5000000.0,1,11,55000.0,0.8961937716262975,22360029.11764706
interference,container,docker_cpu3-interf_io-run6,4,100001,5000000.0,1,1,5000.0,0.8961937716262975,22360029.11764706
interference,container,docker_cpu3-interf_io-run6,4,100001,5000000.0,2,43,215000.0,1.0,150626415.7016362
interference,container,docker_cpu3-interf_io-run6,4,100001,5000000.0,1,10,50000.0,0.8961937716262975,22360029.11764706
interference,container,docker_cpu3-interf_io-run6,4,100001,5000000.0,2,16,80000.0,1.0,150626415.7016362
interference,container,docker_cpu3-interf_io-run6,4,100001,5000000.0,1,11,55000.0,0.8961937716262975,22360029.11764706
interference,container,docker_cpu3-interf_io-run6,4,100001,5000000.0,1,12,60000.0,0.8961937716262975,22360029.11764706
interference,container,docker_cpu3-interf_io-run6,4,100001,5000000.0,2,17,85000.0,1.0,150626415.7016362
interference,container,docker_cpu3-interf_io-run6,4,100001,5000000.0,1,11,55000.0,0.8961937716262975,22360029.11764706
interference,container,docker_cpu3-interf_io-run6,4,100001,5000000.0,1,1,5000.0,0.8961937716262975,22360029.11764706
interference,container,docker_cpu3-interf_io-run6,4,100001,5000000.0,3,418,2090000.0,1.0,1414139479.2110727
interference,container,docker_cpu3-interf_io-run6,4,100001,5000000.0,2,94,470000.0,1.0,150626415.7016362
interference,container,docker_cpu3-interf_io-run6,4,100001,5000000.0,1,10,50000.0,0.8961937716262975,22360029.11764706
interference,container,docker_cpu3-interf_io-run6,4,100001,5000000.0,1,1,5000.0,0.8961937716262975,22360029.11764706
interference,container,docker_cpu3-interf_io-run6,4,100001,5000000.0,2,36,180000.0,1.0,150626415.7016362
interference,container,docker_cpu3-interf_io-run6,4,100001,5000000.0,1,10,50000.0,0.8961937716262975,22360029.11764706
interference,host,host_cpu3-interf_io-run3,4,100001,5000000.0,3,6,30000.0,1.0,83679178.35135135
interference,host,host_cpu3-interf_io-run3,4,100001,5000000.0,2,7,35000.0,1.0,19997751.408163264
interference,host,host_cpu3-interf_io-run3,4,100001,5000000.0,2,8,40000.0,1.0,19997751.408163264
interference,host,host_cpu3-interf_io-run3,4,100001,5000000.0,2,3,15000.0,1.0,19997751.408163264
interference,host,host_cpu3-interf_io-run3,4,100001,5000000.0,2,6,30000.0,1.0,19997751.408163264
interference,host,host_cpu3-interf_io-run3,4,100001,5000000.0,3,9,45000.0,1.0,83679178.35135135
interference,host,host_cpu3-interf_io-run3,4,100001,5000000.0,2,7,35000.0,1.0,19997751.408163264
interference,host,host_cpu3-interf_io-run3,4,100001,5000000.0,3,3,15000.0,1.0,83679178.35135135
interference,host,host_cpu3-interf_io-run3,4,100001,5000000.0,2,7,35000.0,1.0,19997751.408163264
interference,host,host_cpu3-interf_io-run3,4,100001,5000000.0,3,14,70000.0,1.0,83679178.35135135
interference,host,host_cpu3-interf_io-run3,4,100001,5000000.0,2,8,40000.0,1.0,19997751.408163264
interference,host,host_cpu3-interf_io-run3,4,100001,5000000.0,3,38,190000.0,1.0,83679178.35135135
interference,host,host_cpu3-interf_io-run3,4,100001,5000000.0,2,7,35000.0,1.0,19997751.408163264
interference,host,host_cpu3-interf_io-run3,4,100001,5000000.0,3,12,60000.0,1.0,83679178.35135135
interference,host,host_cpu3-interf_io-run3,4,100001,5000000.0,2,7,35000.0,1.0,19997751.408163264
interference,host,host_cpu3-interf_io-run3,4,100001,5000000.0,2,7,35000.0,1.0,19997751.408163264
interference,host,host_cpu3-interf_io-run3,4,100001,5000000.0,3,20,100000.0,1.0,83679178.35135135
interference,host,host_cpu3-interf_io-run3,4,100001,5000000.0,2,7,35000.0,1.0,19997751.408163264
interference,host,host_cpu3-interf_io-run3,4,100001,5000000.0,3,5,25000.0,1.0,83679178.35135135
interference,host,host_cpu3-interf_io-run3,4,100001,5000000.0,2,7,35000.0,1.0,19997751.408163264
interference,host,host_cpu3-interf_io-run3,4,100001,5000000.0,2,6,30000.0,1.0,19997751.408163264
interference,host,host_cpu3-interf_io-run3,4,100001,5000000.0,2,3,15000.0,1.0,19997751.408163264
interference,host,host_cpu3-interf_io-run3,4,100001,5000000.0,2,1,5000.0,1.0,19997751.408163264
interference,host,host_cpu3-interf_io-run3,4,100001,5000000.0,3,4,20000.0,1.0,83679178.35135135
interference,host,host_cpu3-interf_io-run3,4,100001,5000000.0,2,7,35000.0,1.0,19997751.408163264
interference,container,docker_cpu3-interf_io-run9,4,100001,5000000.0,2,63,315000.0,0.9820580474934036,125049239.43482848
interference,container,docker_cpu3-interf_io-run9,4,100001,5000000.0,2,30,150000.0,0.9820580474934036,125049239.43482848
interference,container,docker_cpu3-interf_io-run9,4,100001,5000000.0,2,31,155000.0,0.9820580474934036,125049239.43482848
interference,container,docker_cpu3-interf_io-run9,4,100001,5000000.0,2,34,170000.0,0.9820580474934036,125049239.43482848
interference,container,docker_cpu3-interf_io-run9,4,100001,5000000.0,2,2,10000.0,0.9820580474934036,125049239.43482848
interference,container,docker_cpu3-interf_io-run9,4,100001,5000000.0,2,29,145000.0,0.9820580474934036,125049239.43482848
interference,container,docker_cpu3-interf_io-run9,4,100001,5000000.0,2,13,65000.0,0.9820580474934036,125049239.43482848
interference,container,docker_cpu3-interf_io-run9,4,100001,5000000.0,2,32,160000.0,0.9820580474934036,125049239.43482848
interference,container,docker_cpu3-interf_io-run9,4,100001,5000000.0,2,34,170000.0,0.9820580474934036,125049239.43482848
interference,container,docker_cpu3-interf_io-run9,4,100001,5000000.0,2,24,120000.0,0.9820580474934036,125049239.43482848
interference,container,docker_cpu3-interf_io-run9,4,100001,5000000.0,2,48,240000.0,0.9820580474934036,125049239.43482848
interference,container,docker_cpu3-interf_io-run9,4,100001,5000000.0,2,7,35000.0,0.9820580474934036,125049239.43482848
interference,container,docker_cpu3-interf_io-run9,4,100001,5000000.0,2,36,180000.0,0.9820580474934036,125049239.43482848
interference,container,docker_cpu3-interf_io-run9,4,100001,5000000.0,2,35,175000.0,0.9820580474934036,125049239.43482848
interference,container,docker_cpu3-interf_io-run9,4,100001,5000000.0,2,50,250000.0,0.9820580474934036,125049239.43482848
interference,container,docker_cpu3-interf_io-run9,4,100001,5000000.0,2,25,125000.0,0.9820580474934036,125049239.43482848
interference,container,docker_cpu3-interf_io-run9,4,100001,5000000.0,2,22,110000.0,0.9820580474934036,125049239.43482848
interference,container,docker_cpu3-interf_io-run9,4,100001,5000000.0,2,43,215000.0,0.9820580474934036,125049239.43482848
interference,container,docker_cpu3-interf_io-run9,4,100001,5000000.0,2,9,45000.0,0.9820580474934036,125049239.43482848
interference,container,docker_cpu3-interf_io-run9,4,100001,5000000.0,2,35,175000.0,0.9820580474934036,125049239.43482848
interference,container,docker_cpu3-interf_io-run9,4,100001,5000000.0,2,4,20000.0,0.9820580474934036,125049239.43482848
interference,container,docker_cpu3-interf_io-run9,4,100001,5000000.0,2,25,125000.0,0.9820580474934036,125049239.43482848
interference,container,docker_cpu3-interf_io-run9,4,100001,5000000.0,2,47,235000.0,0.9820580474934036,125049239.43482848
interference,container,docker_cpu3-interf_io-run9,4,100001,5000000.0,3,50,250000.0,1.0,1078935917.691202
interference,container,docker_cpu3-interf_io-run9,4,100001,5000000.0,2,93,465000.0,0.9820580474934036,125049239.43482848
interference,container,docker_cpu3-interf_io-run9,4,100001,5000000.0,3,310,1550000.0,1.0,1078935917.691202
interference,container,docker_cpu3-interf_io-run9,4,100001,5000000.0,2,93,465000.0,0.9820580474934036,125049239.43482848
interference,container,docker_cpu3-interf_io-run9,4,100001,5000000.0,2,37,185000.0,0.9820580474934036,125049239.43482848
interference,container,docker_cpu3-interf_io-run9,4,100001,5000000.0,2,31,155000.0,0.9820580474934036,125049239.43482848
interference,container,docker_cpu3-interf_io-run9,4,100001,5000000.0,2,2,10000.0,0.9820580474934036,125049239.43482848
interference,container,docker_cpu3-interf_io-run9,4,100001,5000000.0,2,31,155000.0,0.9820580474934036,125049239.43482848
interference,container,docker_cpu3-interf_io-run9,4,100001,5000000.0,2,7,35000.0,0.9820580474934036,125049239.43482848
interference,container,docker_cpu3-interf_io-run9,4,100001,5000000.0,2,21,105000.0,0.9820580474934036,125049239.43482848
interference,container,docker_cpu3-interf_io-run9,4,100001,5000000.0,3,391,1955000.0,1.0,1078935917.691202
interference,container,docker_cpu3-interf_io-run9,4,100001,5000000.0,2,93,465000.0,0.9820580474934036,125049239.43482848
interference,container,docker_cpu3-interf_io-run9,4,100001,5000000.0,3,257,1285000.0,1.0,1078935917.691202
interference,container,docker_cpu3-interf_io-run9,4,100001,5000000.0,2,93,465000.0,0.9820580474934036,125049239.43482848
interference,container,docker_cpu3-interf_io-run9,4,100001,5000000.0,2,56,280000.0,0.9820580474934036,125049239.43482848
interference,container,docker_cpu3-interf_io-run9,4,100001,5000000.0,3,294,1470000.0,1.0,1078935917.691202
interference,container,docker_cpu3-interf_io-run9,4,100001,5000000.0,2,93,465000.0,0.9820580474934036,125049239.43482848
interference,container,docker_cpu3-interf_io-run9,4,100001,5000000.0,2,32,160000.0,0.9820580474934036,125049239.43482848
interference,container,docker_cpu3-interf_io-run9,4,100001,5000000.0,2,22,110000.0,0.9820580474934036,125049239.43482848
interference,container,docker_cpu3-interf_io-run9,4,100001,5000000.0,2,7,35000.0,0.9820580474934036,125049239.43482848
interference,container,docker_cpu3-interf_io-run9,4,100001,5000000.0,2,3,15000.0,0.9820580474934036,125049239.43482848
interference,container,docker_cpu3-interf_io-run9,4,100001,5000000.0,3,92,460000.0,1.0,1078935917.691202
interference,container,docker_cpu3-interf_io-run9,4,100001,5000000.0,2,92,460000.0,0.9820580474934036,125049239.43482848
interference,container,docker_cpu3-interf_io-run9,4,100001,5000000.0,2,89,445000.0,0.9820580474934036,125049239.43482848
interference,container,docker_cpu3-interf_io-run9,4,100001,5000000.0,2,16,80000.0,0.9820580474934036,125049239.43482848
interference,container,docker_cpu3-interf_io-run9,4,100001,5000000.0,2,15,75000.0,0.9820580474934036,125049239.43482848
interference,container,docker_cpu3-interf_io-run9,4,100001,5000000.0,2,9,45000.0,0.9820580474934036,125049239.43482848
interference,container,docker_cpu3-interf_io-run9,4,100001,5000000.0,2,16,80000.0,0.9820580474934036,125049239.43482848
interference,container,docker_cpu3-interf_io-run9,4,100001,5000000.0,2,46,230000.0,0.9820580474934036,125049239.43482848
interference,container,docker_cpu3-interf_io-run9,4,100001,5000000.0,2,23,115000.0,0.9820580474934036,125049239.43482848
interference,container,docker_cpu3-interf_io-run9,4,100001,5000000.0,2,17,85000.0,0.9820580474934036,125049239.43482848
interference,container,docker_cpu3-interf_io-run9,4,100001,5000000.0,2,20,100000.0,0.9820580474934036,125049239.43482848
interference,container,docker_cpu3-interf_io-run9,4,100001,5000000.0,2,13,65000.0,0.9820580474934036,125049239.43482848
interference,container,docker_cpu3-interf_io-run9,4,100001,5000000.0,3,345,1725000.0,1.0,1078935917.691202
interference,container,docker_cpu3-interf_io-run9,4,100001,5000000.0,2,92,460000.0,0.9820580474934036,125049239.43482848
interference,container,docker_cpu3-interf_io-run9,4,100001,5000000.0,2,26,130000.0,0.9820580474934036,125049239.43482848
interference,container,docker_cpu3-interf_io-run9,4,100001,5000000.0,2,4,20000.0,0.9820580474934036,125049239.43482848
interference,container,docker_cpu3-interf_io-run9,4,100001,5000000.0,2,25,125000.0,0.9820580474934036,125049239.43482848
interference,host,host_cpu3-interf_io-run4,4,100001,5000000.0,2,3,15000.0,1.0,25360395.919298247
interference,host,host_cpu3-interf_io-run4,4,100001,5000000.0,3,16,80000.0,1.0,98915378.29850748
interference,host,host_cpu3-interf_io-run4,4,100001,5000000.0,2,10,50000.0,1.0,25360395.919298247
interference,host,host_cpu3-interf_io-run4,4,100001,5000000.0,3,22,110000.0,1.0,98915378.29850748
interference,host,host_cpu3-interf_io-run4,4,100001,5000000.0,2,9,45000.0,1.0,25360395.919298247
interference,host,host_cpu3-interf_io-run4,4,100001,5000000.0,2,3,15000.0,1.0,25360395.919298247
interference,host,host_cpu3-interf_io-run4,4,100001,5000000.0,2,10,50000.0,1.0,25360395.919298247
interference,host,host_cpu3-interf_io-run4,4,100001,5000000.0,3,14,70000.0,1.0,98915378.29850748
interference,host,host_cpu3-interf_io-run4,4,100001,5000000.0,2,10,50000.0,1.0,25360395.919298247
interference,host,host_cpu3-interf_io-run4,4,100001,5000000.0,3,33,165000.0,1.0,98915378.29850748
interference,host,host_cpu3-interf_io-run4,4,100001,5000000.0,2,10,50000.0,1.0,25360395.919298247
interference,host,host_cpu3-interf_io-run4,4,100001,5000000.0,2,8,40000.0,1.0,25360395.919298247
interference,host,host_cpu3-interf_io-run4,4,100001,5000000.0,2,10,50000.0,1.0,25360395.919298247
interference,host,host_cpu3-interf_io-run4,4,100001,5000000.0,2,13,65000.0,1.0,25360395.919298247
interference,host,host_cpu3-interf_io-run4,4,100001,5000000.0,3,10,50000.0,1.0,98915378.29850748
interference,host,host_cpu3-interf_io-run4,4,100001,5000000.0,2,10,50000.0,1.0,25360395.919298247
interference,host,host_cpu3-interf_io-run4,4,100001,5000000.0,2,9,45000.0,1.0,25360395.919298247
interference,host,host_cpu3-interf_io-run4,4,100001,5000000.0,2,7,35000.0,1.0,25360395.919298247
interference,host,host_cpu3-interf_io-run4,4,100001,5000000.0,2,5,25000.0,1.0,25360395.919298247
interference,host,host_cpu3-interf_io-run4,4,100001,5000000.0,2,7,35000.0,1.0,25360395.919298247
interference,host,host_cpu3-interf_io-run4,4,100001,5000000.0,2,6,30000.0,1.0,25360395.919298247
interference,host,host_cpu3-interf_io-run4,4,100001,5000000.0,3,6,30000.0,1.0,98915378.29850748
interference,host,host_cpu3-interf_io-run4,4,100001,5000000.0,2,9,45000.0,1.0,25360395.919298247
interference,host,host_cpu3-interf_io-run4,4,100001,5000000.0,3,6,30000.0,1.0,98915378.29850748
interference,host,host_cpu3-interf_io-run4,4,100001,5000000.0,2,10,50000.0,1.0,25360395.919298247
interference,host,host_cpu3-interf_io-run4,4,100001,5000000.0,2,10,50000.0,1.0,25360395.919298247
interference,host,host_cpu3-interf_io-run4,4,100001,5000000.0,3,22,110000.0,1.0,98915378.29850748
interference,host,host_cpu3-interf_io-run4,4,100001,5000000.0,2,10,50000.0,1.0,25360395.919298247
interference,host,host_cpu3-interf_io-run4,4,100001,5000000.0,3,13,65000.0,1.0,98915378.29850748
interference,host,host_cpu3-interf_io-run4,4,100001,5000000.0,2,10,50000.0,1.0,25360395.919298247
interference,host,host_cpu3-interf_io-run4,4,100001,5000000.0,3,17,85000.0,1.0,98915378.29850748
interference,host,host_cpu3-interf_io-run4,4,100001,5000000.0,2,10,50000.0,1.0,25360395.919298247
interference,host,host_cpu3-interf_io-run4,4,100001,5000000.0,2,6,30000.0,1.0,25360395.919298247
interference,host,host_cpu3-interf_io-run4,4,100001,5000000.0,3,13,65000.0,1.0,98915378.29850748
interference,host,host_cpu3-interf_io-run4,4,100001,5000000.0,2,10,50000.0,1.0,25360395.919298247
interference,host,host_cpu3-interf_io-run4,4,100001,5000000.0,2,9,45000.0,1.0,25360395.919298247
interference,host,host_cpu3-interf_io-run4,4,100001,5000000.0,3,7,35000.0,1.0,98915378.29850748
interference,host,host_cpu3-interf_io-run4,4,100001,5000000.0,2,10,50000.0,1.0,25360395.919298247
interference,host,host_cpu3-interf_io-run4,4,100001,5000000.0,2,2,10000.0,1.0,25360395.919298247
interference,host,host_cpu3-interf_io-run4,4,100001,5000000.0,3,40,200000.0,1.0,98915378.29850748
interference,host,host_cpu3-interf_io-run4,4,100001,5000000.0,2,10,50000.0,1.0,25360395.919298247
interference,host,host_cpu3-interf_io-run4,4,100001,5000000.0,3,21,105000.0,1.0,98915378.29850748
interference,host,host_cpu3-interf_io-run4,4,100001,5000000.0,2,10,50000.0,1.0,25360395.919298247
interference,host,host_cpu3-interf_io-run4,4,100001,5000000.0,2,7,35000.0,1.0,25360395.919298247
interference,host,host_cpu3-interf_io-run4,4,100001,5000000.0,3,28,140000.0,1.0,98915378.29850748
interference,host,host_cpu3-interf_io-run4,4,100001,5000000.0,2,10,50000.0,1.0,25360395.919298247
interference,host,host_cpu3-interf_io-run4,4,100001,5000000.0,2,11,55000.0,1.0,25360395.919298247
interference,host,host_cpu3-interf_io-run4,4,100001,5000000.0,2,11,55000.0,1.0,25360395.919298247
interference,container,docker_cpu3-interf_io-run3,4,100001,5000000.0,3,14,70000.0,1.0,36177328.32608695
interference,container,docker_cpu3-interf_io-run3,4,100001,5000000.0,3,9,45000.0,1.0,36177328.32608695
interference,container,docker_cpu3-interf_io-run3,4,100001,5000000.0,3,1,5000.0,1.0,36177328.32608695
interference,container,docker_cpu3-interf_io-run3,4,100001,5000000.0,3,1,5000.0,1.0,36177328.32608695
interference,container,docker_cpu3-interf_io-run3,4,100001,5000000.0,3,1,5000.0,1.0,36177328.32608695
interference,container,docker_cpu3-interf_io-run3,4,100001,5000000.0,3,20,100000.0,1.0,36177328.32608695
interference,container,docker_cpu3-interf_io-run8,4,100001,5000000.0,2,25,125000.0,0.98058690744921,184758249.7778781
interference,container,docker_cpu3-interf_io-run8,4,100001,5000000.0,2,21,105000.0,0.98058690744921,184758249.7778781
interference,container,docker_cpu3-interf_io-run8,4,100001,5000000.0,3,177,885000.0,1.0,1455608434.503411
interference,container,docker_cpu3-interf_io-run8,4,100001,5000000.0,2,129,645000.0,0.98058690744921,184758249.7778781
interference,container,docker_cpu3-interf_io-run8,4,100001,5000000.0,3,249,1245000.0,1.0,1455608434.503411
interference,container,docker_cpu3-interf_io-run8,4,100001,5000000.0,2,128,640000.0,0.98058690744921,184758249.7778781
interference,container,docker_cpu3-interf_io-run8,4,100001,5000000.0,2,74,370000.0,0.98058690744921,184758249.7778781
interference,container,docker_cpu3-interf_io-run8,4,100001,5000000.0,3,399,1995000.0,1.0,1455608434.503411
interference,container,docker_cpu3-interf_io-run8,4,100001,5000000.0,2,129,645000.0,0.98058690744921,184758249.7778781
interference,container,docker_cpu3-interf_io-run8,4,100001,5000000.0,2,18,90000.0,0.98058690744921,184758249.7778781
interference,container,docker_cpu3-interf_io-run8,4,100001,5000000.0,2,51,255000.0,0.98058690744921,184758249.7778781
interference,container,docker_cpu3-interf_io-run8,4,100001,5000000.0,2,42,210000.0,0.98058690744921,184758249.7778781
interference,container,docker_cpu3-interf_io-run8,4,100001,5000000.0,3,510,2550000.0,1.0,1455608434.503411
interference,container,docker_cpu3-interf_io-run8,4,100001,5000000.0,2,129,645000.0,0.98058690744921,184758249.7778781
interference,container,docker_cpu3-interf_io-run8,4,100001,5000000.0,2,23,115000.0,0.98058690744921,184758249.7778781
interference,container,docker_cpu3-interf_io-run8,4,100001,5000000.0,2,1,5000.0,0.98058690744921,184758249.7778781
interference,container,docker_cpu3-interf_io-run8,4,100001,5000000.0,2,1,5000.0,0.98058690744921,184758249.7778781
interference,container,docker_cpu3-interf_io-run8,4,100001,5000000.0,2,1,5000.0,0.98058690744921,184758249.7778781
interference,container,docker_cpu3-interf_io-run8,4,100001,5000000.0,2,1,5000.0,0.98058690744921,184758249.7778781
interference,container,docker_cpu3-interf_io-run8,4,100001,5000000.0,2,1,5000.0,0.98058690744921,184758249.7778781
interference,container,docker_cpu3-interf_io-run8,4,100001,5000000.0,2,1,5000.0,0.98058690744921,184758249.7778781
interference,container,docker_cpu3-interf_io-run8,4,100001,5000000.0,2,1,5000.0,0.98058690744921,184758249.7778781
interference,container,docker_cpu3-interf_io-run8,4,100001,5000000.0,2,1,5000.0,0.98058690744921,184758249.7778781
interference,container,docker_cpu3-interf_io-run8,4,100001,5000000.0,2,1,5000.0,0.98058690744921,184758249.7778781
interference,container,docker_cpu3-interf_io-run8,4,100001,5000000.0,2,1,5000.0,0.98058690744921,184758249.7778781
interference,container,docker_cpu3-interf_io-run8,4,100001,5000000.0,2,3,15000.0,0.98058690744921,184758249.7778781
interference,container,docker_cpu3-interf_io-run8,4,100001,5000000.0,2,1,5000.0,0.98058690744921,184758249.7778781
interference,container,docker_cpu3-interf_io-run8,4,100001,5000000.0,2,1,5000.0,0.98058690744921,184758249.7778781
interference,container,docker_cpu3-interf_io-run8,4,100001,5000000.0,2,25,125000.0,0.98058690744921,184758249.7778781
interference,container,docker_cpu3-interf_io-run8,4,100001,5000000.0,2,31,155000.0,0.98058690744921,184758249.7778781
interference,container,docker_cpu3-interf_io-run8,4,100001,5000000.0,2,8,40000.0,0.98058690744921,184758249.7778781
interference,container,docker_cpu3-interf_io-run8,4,100001,5000000.0,2,30,150000.0,0.98058690744921,184758249.7778781
interference,container,docker_cpu3-interf_io-run8,4,100001,5000000.0,2,13,65000.0,0.98058690744921,184758249.7778781
interference,container,docker_cpu3-interf_io-run8,4,100001,5000000.0,2,15,75000.0,0.98058690744921,184758249.7778781
interference,container,docker_cpu3-interf_io-run8,4,100001,5000000.0,2,16,80000.0,0.98058690744921,184758249.7778781
interference,container,docker_cpu3-interf_io-run8,4,100001,5000000.0,2,31,155000.0,0.98058690744921,184758249.7778781
interference,container,docker_cpu3-interf_io-run8,4,100001,5000000.0,3,343,1715000.0,1.0,1455608434.503411
interference,container,docker_cpu3-interf_io-run8,4,100001,5000000.0,2,129,645000.0,0.98058690744921,184758249.7778781
interference,container,docker_cpu3-interf_io-run8,4,100001,5000000.0,2,27,135000.0,0.98058690744921,184758249.7778781
interference,container,docker_cpu3-interf_io-run8,4,100001,5000000.0,2,13,65000.0,0.98058690744921,184758249.7778781
interference,container,docker_cpu3-interf_io-run8,4,100001,5000000.0,2,44,220000.0,0.98058690744921,184758249.7778781
interference,container,docker_cpu3-interf_io-run8,4,100001,5000000.0,2,16,80000.0,0.98058690744921,184758249.7778781
interference,container,docker_cpu3-interf_io-run8,4,100001,5000000.0,2,31,155000.0,0.98058690744921,184758249.7778781
interference,container,docker_cpu3-interf_io-run8,4,100001,5000000.0,2,9,45000.0,0.98058690744921,184758249.7778781
interference,container,docker_cpu3-interf_io-run8,4,100001,5000000.0,2,8,40000.0,0.98058690744921,184758249.7778781
interference,container,docker_cpu3-interf_io-run8,4,100001,5000000.0,2,11,55000.0,0.98058690744921,184758249.7778781
interference,container,docker_cpu3-interf_io-run8,4,100001,5000000.0,2,31,155000.0,0.98058690744921,184758249.7778781
interference,container,docker_cpu3-interf_io-run8,4,100001,5000000.0,2,43,215000.0,0.98058690744921,184758249.7778781
interference,container,docker_cpu3-interf_io-run8,4,100001,5000000.0,2,36,180000.0,0.98058690744921,184758249.7778781
interference,container,docker_cpu3-interf_io-run8,4,100001,5000000.0,2,35,175000.0,0.98058690744921,184758249.7778781
interference,container,docker_cpu3-interf_io-run8,4,100001,5000000.0,3,126,630000.0,1.0,1455608434.503411
interference,container,docker_cpu3-interf_io-run8,4,100001,5000000.0,2,129,645000.0,0.98058690744921,184758249.7778781
interference,container,docker_cpu3-interf_io-run8,4,100001,5000000.0,3,494,2470000.0,1.0,1455608434.503411
interference,container,docker_cpu3-interf_io-run8,4,100001,5000000.0,2,129,645000.0,0.98058690744921,184758249.7778781
interference,container,docker_cpu3-interf_io-run8,4,100001,5000000.0,2,15,75000.0,0.98058690744921,184758249.7778781
interference,container,docker_cpu3-interf_io-run8,4,100001,5000000.0,2,17,85000.0,0.98058690744921,184758249.7778781
interference,container,docker_cpu3-interf_io-run8,4,100001,5000000.0,2,16,80000.0,0.98058690744921,184758249.7778781
interference,container,docker_cpu3-interf_io-run8,4,100001,5000000.0,2,22,110000.0,0.98058690744921,184758249.7778781
interference,container,docker_cpu3-interf_io-run8,4,100001,5000000.0,2,33,165000.0,0.98058690744921,184758249.7778781
interference,container,docker_cpu3-interf_io-run8,4,100001,5000000.0,2,132,660000.0,0.98058690744921,184758249.7778781
interference,container,docker_cpu3-interf_io-run8,4,100001,5000000.0,2,24,120000.0,0.98058690744921,184758249.7778781
interference,container,docker_cpu3-interf_io-run8,4,100001,5000000.0,2,35,175000.0,0.98058690744921,184758249.7778781
interference,container,docker_cpu3-interf_io-run8,4,100001,5000000.0,2,13,65000.0,0.98058690744921,184758249.7778781
interference,container,docker_cpu3-interf_io-run8,4,100001,5000000.0,2,15,75000.0,0.98058690744921,184758249.7778781
interference,container,docker_cpu3-interf_io-run8,4,100001,5000000.0,2,7,35000.0,0.98058690744921,184758249.7778781
interference,container,docker_cpu3-interf_io-run8,4,100001,5000000.0,2,67,335000.0,0.98058690744921,184758249.7778781
interference,container,docker_cpu3-interf_io-run8,4,100001,5000000.0,3,487,2435000.0,1.0,1455608434.503411
interference,container,docker_cpu3-interf_io-run8,4,100001,5000000.0,2,129,645000.0,0.98058690744921,184758249.7778781
interference,container,docker_cpu3-interf_io-run8,4,100001,5000000.0,2,4,20000.0,0.98058690744921,184758249.7778781
interference,container,docker_cpu3-interf_io-run8,4,100001,5000000.0,2,21,105000.0,0.98058690744921,184758249.7778781
interference,container,docker_cpu3-interf_io-run8,4,100001,5000000.0,2,21,105000.0,0.98058690744921,184758249.7778781
interference,container,docker_cpu3-interf_io-run4,4,100001,5000000.0,2,29,145000.0,0.9765124555160144,93280151.63985763
interference,container,docker_cpu3-interf_io-run4,4,100001,5000000.0,2,44,220000.0,0.9765124555160144,93280151.63985763
interference,container,docker_cpu3-interf_io-run4,4,100001,5000000.0,2,45,225000.0,0.9765124555160144,93280151.63985763
interference,container,docker_cpu3-interf_io-run4,4,100001,5000000.0,2,33,165000.0,0.9765124555160144,93280151.63985763
interference,container,docker_cpu3-interf_io-run4,4,100001,5000000.0,2,35,175000.0,0.9765124555160144,93280151.63985763
interference,container,docker_cpu3-interf_io-run4,4,100001,5000000.0,2,11,55000.0,0.9765124555160144,93280151.63985763
interference,container,docker_cpu3-interf_io-run4,4,100001,5000000.0,2,62,310000.0,0.9765124555160144,93280151.63985763
interference,container,docker_cpu3-interf_io-run4,4,100001,5000000.0,2,29,145000.0,0.9765124555160144,93280151.63985763
interference,container,docker_cpu3-interf_io-run4,4,100001,5000000.0,2,27,135000.0,0.9765124555160144,93280151.63985763
interference,container,docker_cpu3-interf_io-run4,4,100001,5000000.0,2,24,120000.0,0.9765124555160144,93280151.63985763
interference,container,docker_cpu3-interf_io-run4,4,100001,5000000.0,2,20,100000.0,0.9765124555160144,93280151.63985763
interference,container,docker_cpu3-interf_io-run4,4,100001,5000000.0,2,47,235000.0,0.9765124555160144,93280151.63985763
interference,container,docker_cpu3-interf_io-run4,4,100001,5000000.0,2,4,20000.0,0.9765124555160144,93280151.63985763
interference,container,docker_cpu3-interf_io-run4,4,100001,5000000.0,2,21,105000.0,0.9765124555160144,93280151.63985763
interference,container,docker_cpu3-interf_io-run4,4,100001,5000000.0,3,45,225000.0,1.0,651955723.3935829
interference,container,docker_cpu3-interf_io-run4,4,100001,5000000.0,2,53,265000.0,0.9765124555160144,93280151.63985763
interference,container,docker_cpu3-interf_io-run4,4,100001,5000000.0,2,8,40000.0,0.9765124555160144,93280151.63985763
interference,container,docker_cpu3-interf_io-run4,4,100001,5000000.0,2,1,5000.0,0.9765124555160144,93280151.63985763
interference,container,docker_cpu3-interf_io-run4,4,100001,5000000.0,2,29,145000.0,0.9765124555160144,93280151.63985763
interference,container,docker_cpu3-interf_io-run4,4,100001,5000000.0,2,41,205000.0,0.9765124555160144,93280151.63985763
interference,container,docker_cpu3-interf_io-run4,4,100001,5000000.0,2,9,45000.0,0.9765124555160144,93280151.63985763
interference,container,docker_cpu3-interf_io-run4,4,100001,5000000.0,3,84,420000.0,1.0,651955723.3935829
interference,container,docker_cpu3-interf_io-run4,4,100001,5000000.0,2,53,265000.0,0.9765124555160144,93280151.63985763
interference,container,docker_cpu3-interf_io-run4,4,100001,5000000.0,2,30,150000.0,0.9765124555160144,93280151.63985763
interference,container,docker_cpu3-interf_io-run4,4,100001,5000000.0,2,48,240000.0,0.9765124555160144,93280151.63985763
interference,container,docker_cpu3-interf_io-run4,4,100001,5000000.0,2,36,180000.0,0.9765124555160144,93280151.63985763
interference,container,docker_cpu3-interf_io-run4,4,100001,5000000.0,2,7,35000.0,0.9765124555160144,93280151.63985763
interference,container,docker_cpu3-interf_io-run4,4,100001,5000000.0,2,25,125000.0,0.9765124555160144,93280151.63985763
interference,container,docker_cpu3-interf_io-run4,4,100001,5000000.0,3,17,85000.0,1.0,651955723.3935829
interference,container,docker_cpu3-interf_io-run4,4,100001,5000000.0,2,53,265000.0,0.9765124555160144,93280151.63985763
interference,container,docker_cpu3-interf_io-run4,4,100001,5000000.0,2,17,85000.0,0.9765124555160144,93280151.63985763
interference,container,docker_cpu3-interf_io-run4,4,100001,5000000.0,2,51,255000.0,0.9765124555160144,93280151.63985763
interference,container,docker_cpu3-interf_io-run4,4,100001,5000000.0,3,200,1000000.0,1.0,651955723.3935829
interference,container,docker_cpu3-interf_io-run4,4,100001,5000000.0,2,52,260000.0,0.9765124555160144,93280151.63985763
interference,container,docker_cpu3-interf_io-run4,4,100001,5000000.0,3,284,1420000.0,1.0,651955723.3935829
interference,container,docker_cpu3-interf_io-run4,4,100001,5000000.0,2,53,265000.0,0.9765124555160144,93280151.63985763
interference,container,docker_cpu3-interf_io-run4,4,100001,5000000.0,2,47,235000.0,0.9765124555160144,93280151.63985763
interference,container,docker_cpu3-interf_io-run4,4,100001,5000000.0,3,213,1065000.0,1.0,651955723.3935829
interference,container,docker_cpu3-interf_io-run4,4,100001,5000000.0,2,53,265000.0,0.9765124555160144,93280151.63985763
interference,container,docker_cpu3-interf_io-run4,4,100001,5000000.0,2,55,275000.0,0.9765124555160144,93280151.63985763
interference,container,docker_cpu3-interf_io-run4,4,100001,5000000.0,2,3,15000.0,0.9765124555160144,93280151.63985763
interference,container,docker_cpu3-interf_io-run4,4,100001,5000000.0,2,11,55000.0,0.9765124555160144,93280151.63985763
interference,container,docker_cpu3-interf_io-run4,4,100001,5000000.0,3,14,70000.0,1.0,651955723.3935829
interference,container,docker_cpu3-interf_io-run4,4,100001,5000000.0,2,53,265000.0,0.9765124555160144,93280151.63985763
interference,container,docker_cpu3-interf_io-run4,4,100001,5000000.0,3,29,145000.0,1.0,651955723.3935829
interference,container,docker_cpu3-interf_io-run4,4,100001,5000000.0,2,53,265000.0,0.9765124555160144,93280151.63985763
interference,container,docker_cpu3-interf_io-run4,4,100001,5000000.0,2,29,145000.0,0.9765124555160144,93280151.63985763
interference,container,docker_cpu3-interf_io-run4,4,100001,5000000.0,3,49,245000.0,1.0,651955723.3935829
interference,container,docker_cpu3-interf_io-run4,4,100001,5000000.0,2,53,265000.0,0.9765124555160144,93280151.63985763
interference,container,docker_cpu3-interf_io-run4,4,100001,5000000.0,2,9,45000.0,0.9765124555160144,93280151.63985763
interference,container,docker_cpu3-interf_io-run4,4,100001,5000000.0,2,1,5000.0,0.9765124555160144,93280151.63985763
interference,container,docker_cpu3-interf_io-run4,4,100001,5000000.0,2,5,25000.0,0.9765124555160144,93280151.63985763
interference,container,docker_cpu3-interf_io-run4,4,100001,5000000.0,2,1,5000.0,0.9765124555160144,93280151.63985763
interference,container,docker_cpu3-interf_io-run4,4,100001,5000000.0,2,1,5000.0,0.9765124555160144,93280151.63985763
interference,container,docker_cpu3-interf_io-run4,4,100001,5000000.0,2,1,5000.0,0.9765124555160144,93280151.63985763
interference,container,docker_cpu3-interf_io-run4,4,100001,5000000.0,2,1,5000.0,0.9765124555160144,93280151.63985763
interference,container,docker_cpu3-interf_io-run4,4,100001,5000000.0,2,32,160000.0,0.9765124555160144,93280151.63985763
interference,container,docker_cpu3-interf_io-run7,4,100001,5000000.0,2,26,130000.0,0.9792372881355932,161411632.05423728
interference,container,docker_cpu3-interf_io-run7,4,100001,5000000.0,2,29,145000.0,0.9792372881355932,161411632.05423728
interference,container,docker_cpu3-interf_io-run7,4,100001,5000000.0,2,36,180000.0,0.9792372881355932,161411632.05423728
interference,container,docker_cpu3-interf_io-run7,4,100001,5000000.0,2,1,5000.0,0.9792372881355932,161411632.05423728
interference,container,docker_cpu3-interf_io-run7,4,100001,5000000.0,2,40,200000.0,0.9792372881355932,161411632.05423728
interference,container,docker_cpu3-interf_io-run7,4,100001,5000000.0,2,1,5000.0,0.9792372881355932,161411632.05423728
interference,container,docker_cpu3-interf_io-run7,4,100001,5000000.0,2,1,5000.0,0.9792372881355932,161411632.05423728
interference,container,docker_cpu3-interf_io-run7,4,100001,5000000.0,3,27,135000.0,1.0,1304408612.9675558
interference,container,docker_cpu3-interf_io-run7,4,100001,5000000.0,2,106,530000.0,0.9792372881355932,161411632.05423728
interference,container,docker_cpu3-interf_io-run7,4,100001,5000000.0,2,26,130000.0,0.9792372881355932,161411632.05423728
interference,container,docker_cpu3-interf_io-run7,4,100001,5000000.0,2,21,105000.0,0.9792372881355932,161411632.05423728
interference,container,docker_cpu3-interf_io-run7,4,100001,5000000.0,2,1,5000.0,0.9792372881355932,161411632.05423728
interference,container,docker_cpu3-interf_io-run7,4,100001,5000000.0,2,39,195000.0,0.9792372881355932,161411632.05423728
interference,container,docker_cpu3-interf_io-run7,4,100001,5000000.0,3,320,1600000.0,1.0,1304408612.9675558
interference,container,docker_cpu3-interf_io-run7,4,100001,5000000.0,2,107,535000.0,0.9792372881355932,161411632.05423728
interference,container,docker_cpu3-interf_io-run7,4,100001,5000000.0,2,8,40000.0,0.9792372881355932,161411632.05423728
interference,container,docker_cpu3-interf_io-run7,4,100001,5000000.0,3,55,275000.0,1.0,1304408612.9675558
interference,container,docker_cpu3-interf_io-run7,4,100001,5000000.0,2,107,535000.0,0.9792372881355932,161411632.05423728
interference,container,docker_cpu3-interf_io-run7,4,100001,5000000.0,3,421,2105000.0,1.0,1304408612.9675558
interference,container,docker_cpu3-interf_io-run7,4,100001,5000000.0,2,107,535000.0,0.9792372881355932,161411632.05423728
interference,container,docker_cpu3-interf_io-run7,4,100001,5000000.0,2,30,150000.0,0.9792372881355932,161411632.05423728
interference,container,docker_cpu3-interf_io-run7,4,100001,5000000.0,2,43,215000.0,0.9792372881355932,161411632.05423728
interference,container,docker_cpu3-interf_io-run7,4,100001,5000000.0,2,10,50000.0,0.9792372881355932,161411632.05423728
interference,container,docker_cpu3-interf_io-run7,4,100001,5000000.0,2,2,10000.0,0.9792372881355932,161411632.05423728
interference,container,docker_cpu3-interf_io-run7,4,100001,5000000.0,2,21,105000.0,0.9792372881355932,161411632.05423728
interference,container,docker_cpu3-interf_io-run7,4,100001,5000000.0,2,1,5000.0,0.9792372881355932,161411632.05423728
interference,container,docker_cpu3-interf_io-run7,4,100001,5000000.0,2,39,195000.0,0.9792372881355932,161411632.05423728
interference,container,docker_cpu3-interf_io-run7,4,100001,5000000.0,2,3,15000.0,0.9792372881355932,161411632.05423728
interference,container,docker_cpu3-interf_io-run7,4,100001,5000000.0,2,1,5000.0,0.9792372881355932,161411632.05423728
interference,container,docker_cpu3-interf_io-run7,4,100001,5000000.0,2,2,10000.0,0.9792372881355932,161411632.05423728
interference,container,docker_cpu3-interf_io-run7,4,100001,5000000.0,2,1,5000.0,0.9792372881355932,161411632.05423728
interference,container,docker_cpu3-interf_io-run7,4,100001,5000000.0,2,6,30000.0,0.9792372881355932,161411632.05423728
interference,container,docker_cpu3-interf_io-run7,4,100001,5000000.0,3,245,1225000.0,1.0,1304408612.9675558
interference,container,docker_cpu3-interf_io-run7,4,100001,5000000.0,2,107,535000.0,0.9792372881355932,161411632.05423728
interference,container,docker_cpu3-interf_io-run7,4,100001,5000000.0,2,1,5000.0,0.9792372881355932,161411632.05423728
interference,container,docker_cpu3-interf_io-run7,4,100001,5000000.0,3,562,2810000.0,1.0,1304408612.9675558
interference,container,docker_cpu3-interf_io-run7,4,100001,5000000.0,2,107,535000.0,0.9792372881355932,161411632.05423728
interference,container,docker_cpu3-interf_io-run7,4,100001,5000000.0,2,4,20000.0,0.9792372881355932,161411632.05423728
interference,container,docker_cpu3-interf_io-run7,4,100001,5000000.0,2,1,5000.0,0.9792372881355932,161411632.05423728
interference,container,docker_cpu3-interf_io-run7,4,100001,5000000.0,2,45,225000.0,0.9792372881355932,161411632.05423728
interference,container,docker_cpu3-interf_io-run7,4,100001,5000000.0,2,1,5000.0,0.9792372881355932,161411632.05423728
interference,container,docker_cpu3-interf_io-run7,4,100001,5000000.0,2,41,205000.0,0.9792372881355932,161411632.05423728
interference,container,docker_cpu3-interf_io-run7,4,100001,5000000.0,2,1,5000.0,0.9792372881355932,161411632.05423728
interference,container,docker_cpu3-interf_io-run7,4,100001,5000000.0,2,35,175000.0,0.9792372881355932,161411632.05423728
interference,container,docker_cpu3-interf_io-run7,4,100001,5000000.0,2,1,5000.0,0.9792372881355932,161411632.05423728
interference,container,docker_cpu3-interf_io-run7,4,100001,5000000.0,3,330,1650000.0,1.0,1304408612.9675558
interference,container,docker_cpu3-interf_io-run7,4,100001,5000000.0,2,106,530000.0,0.9792372881355932,161411632.05423728
interference,container,docker_cpu3-interf_io-run7,4,100001,5000000.0,2,39,195000.0,0.9792372881355932,161411632.05423728
interference,container,docker_cpu3-interf_io-run7,4,100001,5000000.0,2,19,95000.0,0.9792372881355932,161411632.05423728
interference,container,docker_cpu3-interf_io-run7,4,100001,5000000.0,2,2,10000.0,0.9792372881355932,161411632.05423728
interference,container,docker_cpu3-interf_io-run7,4,100001,5000000.0,2,9,45000.0,0.9792372881355932,161411632.05423728
interference,container,docker_cpu3-interf_io-run7,4,100001,5000000.0,2,37,185000.0,0.9792372881355932,161411632.05423728
interference,container,docker_cpu3-interf_io-run7,4,100001,5000000.0,2,24,120000.0,0.9792372881355932,161411632.05423728
interference,container,docker_cpu3-interf_io-run7,4,100001,5000000.0,2,1,5000.0,0.9792372881355932,161411632.05423728
interference,container,docker_cpu3-interf_io-run7,4,100001,5000000.0,2,1,5000.0,0.9792372881355932,161411632.05423728
interference,container,docker_cpu3-interf_io-run7,4,100001,5000000.0,2,25,125000.0,0.9792372881355932,161411632.05423728
interference,container,docker_cpu3-interf_io-run7,4,100001,5000000.0,2,1,5000.0,0.9792372881355932,161411632.05423728
interference,container,docker_cpu3-interf_io-run7,4,100001,5000000.0,2,35,175000.0,0.9792372881355932,161411632.05423728
interference,container,docker_cpu3-interf_io-run7,4,100001,5000000.0,2,54,270000.0,0.9792372881355932,161411632.05423728
interference,container,docker_cpu3-interf_io-run7,4,100001,5000000.0,2,1,5000.0,0.9792372881355932,161411632.05423728
interference,container,docker_cpu3-interf_io-run7,4,100001,5000000.0,3,80,400000.0,1.0,1304408612.9675558
interference,container,docker_cpu3-interf_io-run7,4,100001,5000000.0,2,107,535000.0,0.9792372881355932,161411632.05423728
interference,container,docker_cpu3-interf_io-run7,4,100001,5000000.0,2,43,215000.0,0.9792372881355932,161411632.05423728
interference,container,docker_cpu3-interf_io-run7,4,100001,5000000.0,2,1,5000.0,0.9792372881355932,161411632.05423728
interference,container,docker_cpu3-interf_io-run7,4,100001,5000000.0,2,20,100000.0,0.9792372881355932,161411632.05423728
interference,container,docker_cpu3-interf_io-run7,4,100001,5000000.0,2,1,5000.0,0.9792372881355932,161411632.05423728
interference,container,docker_cpu3-interf_io-run7,4,100001,5000000.0,2,15,75000.0,0.9792372881355932,161411632.05423728
interference,container,docker_cpu3-interf_io-run7,4,100001,5000000.0,3,484,2420000.0,1.0,1304408612.9675558
interference,container,docker_cpu3-interf_io-run7,4,100001,5000000.0,2,107,535000.0,0.9792372881355932,161411632.05423728
interference,container,docker_cpu3-interf_io-run7,4,100001,5000000.0,2,110,550000.0,0.9792372881355932,161411632.05423728
interference,container,docker_cpu3-interf_io-run7,4,100001,5000000.0,2,1,5000.0,0.9792372881355932,161411632.05423728
interference,container,docker_cpu3-interf_io-run7,4,100001,5000000.0,2,21,105000.0,0.9792372881355932,161411632.05423728
interference,container,docker_cpu3-interf_io-run7,4,100001,5000000.0,2,29,145000.0,0.9792372881355932,161411632.05423728
interference,container,docker_cpu3-interf_io-run7,4,100001,5000000.0,2,34,170000.0,0.9792372881355932,161411632.05423728
interference,container,docker_cpu3-interf_io-run7,4,100001,5000000.0,2,25,125000.0,0.9792372881355932,161411632.05423728
interference,container,docker_cpu3-interf_io-run7,4,100001,5000000.0,2,7,35000.0,0.9792372881355932,161411632.05423728
interference,container,docker_cpu3-interf_io-run7,4,100001,5000000.0,2,1,5000.0,0.9792372881355932,161411632.05423728
interference,container,docker_cpu3-interf_io-run7,4,100001,5000000.0,2,56,280000.0,0.9792372881355932,161411632.05423728
interference,container,docker_cpu3-interf_io-run7,4,100001,5000000.0,2,20,100000.0,0.9792372881355932,161411632.05423728
interference,container,docker_cpu3-interf_io-run7,4,100001,5000000.0,3,44,220000.0,1.0,1304408612.9675558
interference,container,docker_cpu3-interf_io-run7,4,100001,5000000.0,2,106,530000.0,0.9792372881355932,161411632.05423728
interference,container,docker_cpu3-interf_io-run7,4,100001,5000000.0,3,206,1030000.0,1.0,1304408612.9675558
interference,container,docker_cpu3-interf_io-run7,4,100001,5000000.0,2,107,535000.0,0.9792372881355932,161411632.05423728
interference,container,docker_cpu3-interf_io-run7,4,100001,5000000.0,2,1,5000.0,0.9792372881355932,161411632.05423728
interference,container,docker_cpu3-interf_io-run7,4,100001,5000000.0,2,10,50000.0,0.9792372881355932,161411632.05423728
interference,container,docker_cpu3-interf_io-run7,4,100001,5000000.0,2,25,125000.0,0.9792372881355932,161411632.05423728
interference,container,docker_cpu3-interf_io-run5,4,100001,5000000.0,2,1,5000.0,0.9412915851272016,46406454.75636008
interference,container,docker_cpu3-interf_io-run5,4,100001,5000000.0,2,8,40000.0,0.9412915851272016,46406454.75636008
interference,container,docker_cpu3-interf_io-run5,4,100001,5000000.0,2,31,155000.0,0.9412915851272016,46406454.75636008
interference,container,docker_cpu3-interf_io-run5,4,100001,5000000.0,3,31,155000.0,1.0,334708880.8597617
interference,container,docker_cpu3-interf_io-run5,4,100001,5000000.0,2,23,115000.0,0.9412915851272016,46406454.75636008
interference,container,docker_cpu3-interf_io-run5,4,100001,5000000.0,2,16,80000.0,0.9412915851272016,46406454.75636008
interference,container,docker_cpu3-interf_io-run5,4,100001,5000000.0,2,16,80000.0,0.9412915851272016,46406454.75636008
interference,container,docker_cpu3-interf_io-run5,4,100001,5000000.0,2,9,45000.0,0.9412915851272016,46406454.75636008
interference,container,docker_cpu3-interf_io-run5,4,100001,5000000.0,2,19,95000.0,0.9412915851272016,46406454.75636008
interference,container,docker_cpu3-interf_io-run5,4,100001,5000000.0,2,1,5000.0,0.9412915851272016,46406454.75636008
interference,container,docker_cpu3-interf_io-run5,4,100001,5000000.0,2,1,5000.0,0.9412915851272016,46406454.75636008
interference,container,docker_cpu3-interf_io-run5,4,100001,5000000.0,2,1,5000.0,0.9412915851272016,46406454.75636008
interference,container,docker_cpu3-interf_io-run5,4,100001,5000000.0,2,1,5000.0,0.9412915851272016,46406454.75636008
interference,container,docker_cpu3-interf_io-run5,4,100001,5000000.0,2,1,5000.0,0.9412915851272016,46406454.75636008
interference,container,docker_cpu3-interf_io-run5,4,100001,5000000.0,2,2,10000.0,0.9412915851272016,46406454.75636008
interference,container,docker_cpu3-interf_io-run5,4,100001,5000000.0,2,1,5000.0,0.9412915851272016,46406454.75636008
interference,container,docker_cpu3-interf_io-run5,4,100001,5000000.0,2,1,5000.0,0.9412915851272016,46406454.75636008
interference,container,docker_cpu3-interf_io-run5,4,100001,5000000.0,2,1,5000.0,0.9412915851272016,46406454.75636008
interference,container,docker_cpu3-interf_io-run5,4,100001,5000000.0,2,1,5000.0,0.9412915851272016,46406454.75636008
interference,container,docker_cpu3-interf_io-run5,4,100001,5000000.0,2,1,5000.0,0.9412915851272016,46406454.75636008
interference,container,docker_cpu3-interf_io-run5,4,100001,5000000.0,2,4,20000.0,0.9412915851272016,46406454.75636008
interference,container,docker_cpu3-interf_io-run5,4,100001,5000000.0,2,1,5000.0,0.9412915851272016,46406454.75636008
interference,container,docker_cpu3-interf_io-run5,4,100001,5000000.0,2,2,10000.0,0.9412915851272016,46406454.75636008
interference,container,docker_cpu3-interf_io-run5,4,100001,5000000.0,2,1,5000.0,0.9412915851272016,46406454.75636008
interference,container,docker_cpu3-interf_io-run5,4,100001,5000000.0,2,1,5000.0,0.9412915851272016,46406454.75636008
interference,container,docker_cpu3-interf_io-run5,4,100001,5000000.0,2,2,10000.0,0.9412915851272016,46406454.75636008
interference,container,docker_cpu3-interf_io-run5,4,100001,5000000.0,2,1,5000.0,0.9412915851272016,46406454.75636008
interference,container,docker_cpu3-interf_io-run5,4,100001,5000000.0,2,1,5000.0,0.9412915851272016,46406454.75636008
interference,container,docker_cpu3-interf_io-run5,4,100001,5000000.0,2,1,5000.0,0.9412915851272016,46406454.75636008
interference,container,docker_cpu3-interf_io-run5,4,100001,5000000.0,2,29,145000.0,0.9412915851272016,46406454.75636008
interference,container,docker_cpu3-interf_io-run5,4,100001,5000000.0,2,9,45000.0,0.9412915851272016,46406454.75636008
interference,container,docker_cpu3-interf_io-run5,4,100001,5000000.0,2,11,55000.0,0.9412915851272016,46406454.75636008
interference,container,docker_cpu3-interf_io-run5,4,100001,5000000.0,2,23,115000.0,0.9412915851272016,46406454.75636008
interference,container,docker_cpu3-interf_io-run5,4,100001,5000000.0,3,19,95000.0,1.0,334708880.8597617
interference,container,docker_cpu3-interf_io-run5,4,100001,5000000.0,2,23,115000.0,0.9412915851272016,46406454.75636008
interference,container,docker_cpu3-interf_io-run5,4,100001,5000000.0,2,1,5000.0,0.9412915851272016,46406454.75636008
interference,container,docker_cpu3-interf_io-run5,4,100001,5000000.0,2,14,70000.0,0.9412915851272016,46406454.75636008
interference,container,docker_cpu3-interf_io-run5,4,100001,5000000.0,3,156,780000.0,1.0,334708880.8597617
interference,container,docker_cpu3-interf_io-run5,4,100001,5000000.0,2,23,115000.0,0.9412915851272016,46406454.75636008
interference,container,docker_cpu3-interf_io-run5,4,100001,5000000.0,3,34,170000.0,1.0,334708880.8597617
interference,container,docker_cpu3-interf_io-run5,4,100001,5000000.0,2,23,115000.0,0.9412915851272016,46406454.75636008
interference,container,docker_cpu3-interf_io-run5,4,100001,5000000.0,3,33,165000.0,1.0,334708880.8597617
interference,container,docker_cpu3-interf_io-run5,4,100001,5000000.0,2,23,115000.0,0.9412915851272016,46406454.75636008
interference,container,docker_cpu3-interf_io-run5,4,100001,5000000.0,2,4,20000.0,0.9412915851272016,46406454.75636008
interference,container,docker_cpu3-interf_io-run5,4,100001,5000000.0,2,10,50000.0,0.9412915851272016,46406454.75636008
interference,container,docker_cpu3-interf_io-run5,4,100001,5000000.0,2,28,140000.0,0.9412915851272016,46406454.75636008
interference,container,docker_cpu3-interf_io-run5,4,100001,5000000.0,3,96,480000.0,1.0,334708880.8597617
interference,container,docker_cpu3-interf_io-run5,4,100001,5000000.0,2,23,115000.0,0.9412915851272016,46406454.75636008
interference,container,docker_cpu3-interf_io-run5,4,100001,5000000.0,2,24,120000.0,0.9412915851272016,46406454.75636008
interference,container,docker_cpu3-interf_io-run5,4,100001,5000000.0,2,9,45000.0,0.9412915851272016,46406454.75636008
interference,container,docker_cpu3-interf_io-run5,4,100001,5000000.0,2,30,150000.0,0.9412915851272016,46406454.75636008
interference,container,docker_cpu3-interf_io-run5,4,100001,5000000.0,2,28,140000.0,0.9412915851272016,46406454.75636008
interference,container,docker_cpu3-interf_io-run5,4,100001,5000000.0,3,102,510000.0,1.0,334708880.8597617
interference,container,docker_cpu3-interf_io-run5,4,100001,5000000.0,2,23,115000.0,0.9412915851272016,46406454.75636008
interference,container,docker_cpu3-interf_io-run5,4,100001,5000000.0,2,5,25000.0,0.9412915851272016,46406454.75636008
interference,container,docker_cpu3-interf_io-run5,4,100001,5000000.0,3,16,80000.0,1.0,334708880.8597617
interference,container,docker_cpu3-interf_io-run5,4,100001,5000000.0,2,23,115000.0,0.9412915851272016,46406454.75636008
interference,container,docker_cpu3-interf_io-run5,4,100001,5000000.0,3,8,40000.0,1.0,334708880.8597617
interference,container,docker_cpu3-interf_io-run5,4,100001,5000000.0,2,23,115000.0,0.9412915851272016,46406454.75636008
interference,container,docker_cpu3-interf_io-run5,4,100001,5000000.0,2,6,30000.0,0.9412915851272016,46406454.75636008
interference,container,docker_cpu3-interf_io-run5,4,100001,5000000.0,3,42,210000.0,1.0,334708880.8597617
interference,container,docker_cpu3-interf_io-run5,4,100001,5000000.0,2,23,115000.0,0.9412915851272016,46406454.75636008
interference,container,docker_cpu3-interf_io-run5,4,100001,5000000.0,2,13,65000.0,0.9412915851272016,46406454.75636008
interference,container,docker_cpu3-interf_io-run5,4,100001,5000000.0,3,39,195000.0,1.0,334708880.8597617
interference,container,docker_cpu3-interf_io-run5,4,100001,5000000.0,2,23,115000.0,0.9412915851272016,46406454.75636008
interference,container,docker_cpu3-interf_io-run5,4,100001,5000000.0,2,25,125000.0,0.9412915851272016,46406454.75636008
interference,container,docker_cpu3-interf_io-run5,4,100001,5000000.0,3,22,110000.0,1.0,334708880.8597617
interference,container,docker_cpu3-interf_io-run5,4,100001,5000000.0,2,23,115000.0,0.9412915851272016,46406454.75636008
interference,container,docker_cpu3-interf_io-run5,4,100001,5000000.0,2,15,75000.0,0.9412915851272016,46406454.75636008
interference,container,docker_cpu3-interf_io-run5,4,100001,5000000.0,2,5,25000.0,0.9412915851272016,46406454.75636008
interference,container,docker_cpu3-interf_io-run5,4,100001,5000000.0,3,15,75000.0,1.0,334708880.8597617
interference,container,docker_cpu3-interf_io-run5,4,100001,5000000.0,2,23,115000.0,0.9412915851272016,46406454.75636008
interference,container,docker_cpu3-interf_io-run5,4,100001,5000000.0,3,13,65000.0,1.0,334708880.8597617
interference,container,docker_cpu3-interf_io-run5,4,100001,5000000.0,2,23,115000.0,0.9412915851272016,46406454.75636008
interference,container,docker_cpu3-interf_io-run5,4,100001,5000000.0,3,86,430000.0,1.0,334708880.8597617
interference,container,docker_cpu3-interf_io-run5,4,100001,5000000.0,2,23,115000.0,0.9412915851272016,46406454.75636008
interference,container,docker_cpu3-interf_io-run5,4,100001,5000000.0,3,19,95000.0,1.0,334708880.8597617
interference,container,docker_cpu3-interf_io-run5,4,100001,5000000.0,2,23,115000.0,0.9412915851272016,46406454.75636008
interference,container,docker_cpu3-interf_io-run5,4,100001,5000000.0,2,18,90000.0,0.9412915851272016,46406454.75636008
interference,container,docker_cpu3-interf_io-run5,4,100001,5000000.0,3,10,50000.0,1.0,334708880.8597617
interference,container,docker_cpu3-interf_io-run5,4,100001,5000000.0,2,23,115000.0,0.9412915851272016,46406454.75636008
interference,container,docker_cpu3-interf_io-run5,4,100001,5000000.0,3,95,475000.0,1.0,334708880.8597617
interference,container,docker_cpu3-interf_io-run5,4,100001,5000000.0,2,23,115000.0,0.9412915851272016,46406454.75636008
interference,container,docker_cpu3-interf_io-run5,4,100001,5000000.0,2,15,75000.0,0.9412915851272016,46406454.75636008
interference,container,docker_cpu3-interf_io-run5,4,100001,5000000.0,3,11,55000.0,1.0,334708880.8597617
interference,container,docker_cpu3-interf_io-run5,4,100001,5000000.0,2,23,115000.0,0.9412915851272016,46406454.75636008
interference,container,docker_cpu3-interf_io-run5,4,100001,5000000.0,2,5,25000.0,0.9412915851272016,46406454.75636008
interference,container,docker_cpu3-interf_io-run5,4,100001,5000000.0,3,214,1070000.0,1.0,334708880.8597617
interference,container,docker_cpu3-interf_io-run5,4,100001,5000000.0,2,23,115000.0,0.9412915851272016,46406454.75636008
interference,container,docker_cpu3-interf_io-run5,4,100001,5000000.0,2,7,35000.0,0.9412915851272016,46406454.75636008
interference,container,docker_cpu3-interf_io-run5,4,100001,5000000.0,2,8,40000.0,0.9412915851272016,46406454.75636008
interference,container,docker_cpu3-interf_io-run5,4,100001,5000000.0,3,30,150000.0,1.0,334708880.8597617
interference,container,docker_cpu3-interf_io-run5,4,100001,5000000.0,2,23,115000.0,0.9412915851272016,46406454.75636008
interference,container,docker_cpu3-interf_io-run5,4,100001,5000000.0,2,9,45000.0,0.9412915851272016,46406454.75636008
interference,container,docker_cpu3-interf_io-run5,4,100001,5000000.0,2,20,100000.0,0.9412915851272016,46406454.75636008
interference,container,docker_cpu3-interf_io-run5,4,100001,5000000.0,2,24,120000.0,0.9412915851272016,46406454.75636008
interference,container,docker_cpu3-interf_io-run5,4,100001,5000000.0,2,18,90000.0,0.9412915851272016,46406454.75636008
interference,container,docker_cpu3-interf_io-run10,4,100001,5000000.0,3,30,150000.0,0.9925301666347442,667185427.6680713
interference,container,docker_cpu3-interf_io-run10,4,100001,5000000.0,3,28,140000.0,0.9925301666347442,667185427.6680713
interference,container,docker_cpu3-interf_io-run10,4,100001,5000000.0,3,379,1895000.0,0.9925301666347442,667185427.6680713
interference,container,docker_cpu3-interf_io-run10,4,100001,5000000.0,3,2,10000.0,0.9925301666347442,667185427.6680713
interference,container,docker_cpu3-interf_io-run10,4,100001,5000000.0,3,93,465000.0,0.9925301666347442,667185427.6680713
interference,container,docker_cpu3-interf_io-run10,4,100001,5000000.0,3,10,50000.0,0.9925301666347442,667185427.6680713
interference,container,docker_cpu3-interf_io-run10,4,100001,5000000.0,3,42,210000.0,0.9925301666347442,667185427.6680713
interference,container,docker_cpu3-interf_io-run10,4,100001,5000000.0,3,18,90000.0,0.9925301666347442,667185427.6680713
interference,container,docker_cpu3-interf_io-run10,4,100001,5000000.0,3,1,5000.0,0.9925301666347442,667185427.6680713
interference,container,docker_cpu3-interf_io-run10,4,100001,5000000.0,3,1,5000.0,0.9925301666347442,667185427.6680713
interference,container,docker_cpu3-interf_io-run10,4,100001,5000000.0,3,1,5000.0,0.9925301666347442,667185427.6680713
interference,container,docker_cpu3-interf_io-run10,4,100001,5000000.0,3,31,155000.0,0.9925301666347442,667185427.6680713
interference,container,docker_cpu3-interf_io-run10,4,100001,5000000.0,3,362,1810000.0,0.9925301666347442,667185427.6680713
interference,container,docker_cpu3-interf_io-run10,4,100001,5000000.0,3,8,40000.0,0.9925301666347442,667185427.6680713
interference,container,docker_cpu3-interf_io-run10,4,100001,5000000.0,3,24,120000.0,0.9925301666347442,667185427.6680713
interference,container,docker_cpu3-interf_io-run10,4,100001,5000000.0,3,1,5000.0,0.9925301666347442,667185427.6680713
interference,container,docker_cpu3-interf_io-run10,4,100001,5000000.0,3,46,230000.0,0.9925301666347442,667185427.6680713
interference,container,docker_cpu3-interf_io-run10,4,100001,5000000.0,3,1,5000.0,0.9925301666347442,667185427.6680713
interference,container,docker_cpu3-interf_io-run10,4,100001,5000000.0,3,23,115000.0,0.9925301666347442,667185427.6680713
interference,container,docker_cpu3-interf_io-run10,4,100001,5000000.0,3,1,5000.0,0.9925301666347442,667185427.6680713
interference,container,docker_cpu3-interf_io-run10,4,100001,5000000.0,3,265,1325000.0,0.9925301666347442,667185427.6680713
interference,container,docker_cpu3-interf_io-run10,4,100001,5000000.0,3,380,1900000.0,0.9925301666347442,667185427.6680713
interference,container,docker_cpu3-interf_io-run10,4,100001,5000000.0,3,5,25000.0,0.9925301666347442,667185427.6680713
interference,container,docker_cpu3-interf_io-run10,4,100001,5000000.0,3,4,20000.0,0.9925301666347442,667185427.6680713
interference,container,docker_cpu3-interf_io-run10,4,100001,5000000.0,3,37,185000.0,0.9925301666347442,667185427.6680713
interference,container,docker_cpu3-interf_io-run10,4,100001,5000000.0,3,16,80000.0,0.9925301666347442,667185427.6680713
interference,container,docker_cpu3-interf_io-run10,4,100001,5000000.0,3,40,200000.0,0.9925301666347442,667185427.6680713
interference,container,docker_cpu3-interf_io-run10,4,100001,5000000.0,3,28,140000.0,0.9925301666347442,667185427.6680713
interference,container,docker_cpu3-interf_io-run10,4,100001,5000000.0,3,33,165000.0,0.9925301666347442,667185427.6680713
interference,container,docker_cpu3-interf_io-run10,4,100001,5000000.0,3,15,75000.0,0.9925301666347442,667185427.6680713
interference,container,docker_cpu3-interf_io-run10,4,100001,5000000.0,3,18,90000.0,0.9925301666347442,667185427.6680713
interference,container,docker_cpu3-interf_io-run10,4,100001,5000000.0,3,19,95000.0,0.9925301666347442,667185427.6680713
interference,container,docker_cpu3-interf_io-run10,4,100001,5000000.0,3,15,75000.0,0.9925301666347442,667185427.6680713
interference,container,docker_cpu3-interf_io-run10,4,100001,5000000.0,3,31,155000.0,0.9925301666347442,667185427.6680713
interference,container,docker_cpu3-interf_io-run10,4,100001,5000000.0,3,1,5000.0,0.9925301666347442,667185427.6680713
interference,container,docker_cpu3-interf_io-run10,4,100001,5000000.0,3,1,5000.0,0.9925301666347442,667185427.6680713
interference,container,docker_cpu3-interf_io-run10,4,100001,5000000.0,3,1,5000.0,0.9925301666347442,667185427.6680713
interference,container,docker_cpu3-interf_io-run10,4,100001,5000000.0,3,1,5000.0,0.9925301666347442,667185427.6680713
interference,container,docker_cpu3-interf_io-run10,4,100001,5000000.0,3,1,5000.0,0.9925301666347442,667185427.6680713
interference,container,docker_cpu3-interf_io-run10,4,100001,5000000.0,3,1,5000.0,0.9925301666347442,667185427.6680713
interference,container,docker_cpu3-interf_io-run10,4,100001,5000000.0,3,2,10000.0,0.9925301666347442,667185427.6680713
interference,container,docker_cpu3-interf_io-run10,4,100001,5000000.0,3,10,50000.0,0.9925301666347442,667185427.6680713
interference,container,docker_cpu3-interf_io-run10,4,100001,5000000.0,3,26,130000.0,0.9925301666347442,667185427.6680713
interference,container,docker_cpu3-interf_io-run10,4,100001,5000000.0,3,15,75000.0,0.9925301666347442,667185427.6680713
interference,container,docker_cpu3-interf_io-run10,4,100001,5000000.0,3,2,10000.0,0.9925301666347442,667185427.6680713
interference,container,docker_cpu3-interf_io-run10,4,100001,5000000.0,3,37,185000.0,0.9925301666347442,667185427.6680713
interference,container,docker_cpu3-interf_io-run10,4,100001,5000000.0,3,13,65000.0,0.9925301666347442,667185427.6680713
interference,container,docker_cpu3-interf_io-run10,4,100001,5000000.0,3,36,180000.0,0.9925301666347442,667185427.6680713
interference,container,docker_cpu3-interf_io-run10,4,100001,5000000.0,3,44,220000.0,0.9925301666347442,667185427.6680713
interference,container,docker_cpu3-interf_io-run10,4,100001,5000000.0,3,23,115000.0,0.9925301666347442,667185427.6680713
interference,container,docker_cpu3-interf_io-run10,4,100001,5000000.0,3,413,2065000.0,0.9925301666347442,667185427.6680713
interference,container,docker_cpu3-interf_io-run10,4,100001,5000000.0,3,429,2145000.0,0.9925301666347442,667185427.6680713
interference,container,docker_cpu3-interf_io-run10,4,100001,5000000.0,3,18,90000.0,0.9925301666347442,667185427.6680713
interference,container,docker_cpu3-interf_io-run10,4,100001,5000000.0,3,23,115000.0,0.9925301666347442,667185427.6680713
interference,container,docker_cpu3-interf_io-run10,4,100001,5000000.0,3,229,1145000.0,0.9925301666347442,667185427.6680713
interference,container,docker_cpu3-interf_io-run10,4,100001,5000000.0,3,48,240000.0,0.9925301666347442,667185427.6680713
interference,container,docker_cpu3-interf_io-run10,4,100001,5000000.0,3,31,155000.0,0.9925301666347442,667185427.6680713
interference,container,docker_cpu3-interf_io-run10,4,100001,5000000.0,3,52,260000.0,0.9925301666347442,667185427.6680713
interference,container,docker_cpu3-interf_io-run10,4,100001,5000000.0,3,390,1950000.0,0.9925301666347442,667185427.6680713
interference,container,docker_cpu3-interf_io-run10,4,100001,5000000.0,3,401,2005000.0,0.9925301666347442,667185427.6680713
interference,container,docker_cpu3-interf_io-run10,4,100001,5000000.0,3,423,2115000.0,0.9925301666347442,667185427.6680713
interference,container,docker_cpu3-interf_io-run10,4,100001,5000000.0,3,62,310000.0,0.9925301666347442,667185427.6680713
interference,container,docker_cpu3-interf_io-run10,4,100001,5000000.0,3,20,100000.0,0.9925301666347442,667185427.6680713
interference,container,docker_cpu3-interf_io-run10,4,100001,5000000.0,3,27,135000.0,0.9925301666347442,667185427.6680713
interference,container,docker_cpu3-interf_io-run10,4,100001,5000000.0,3,389,1945000.0,0.9925301666347442,667185427.6680713
interference,container,docker_cpu3-interf_io-run10,4,100001,5000000.0,3,37,185000.0,0.9925301666347442,667185427.6680713
interference,container,docker_cpu3-interf_io-run10,4,100001,5000000.0,3,7,35000.0,0.9925301666347442,667185427.6680713
interference,host,host_cpu3-interf_io-run8,4,100001,5000000.0,2,1,5000.0,0.9770053475935828,130419034.8524064
interference,host,host_cpu3-interf_io-run8,4,100001,5000000.0,3,403,2015000.0,1.0,1134199757.350795
interference,host,host_cpu3-interf_io-run8,4,100001,5000000.0,2,85,425000.0,0.9770053475935828,130419034.8524064
interference,host,host_cpu3-interf_io-run8,4,100001,5000000.0,2,1,5000.0,0.9770053475935828,130419034.8524064
interference,host,host_cpu3-interf_io-run8,4,100001,5000000.0,2,1,5000.0,0.9770053475935828,130419034.8524064
interference,host,host_cpu3-interf_io-run8,4,100001,5000000.0,2,1,5000.0,0.9770053475935828,130419034.8524064
interference,host,host_cpu3-interf_io-run8,4,100001,5000000.0,2,26,130000.0,0.9770053475935828,130419034.8524064
interference,host,host_cpu3-interf_io-run8,4,100001,5000000.0,2,1,5000.0,0.9770053475935828,130419034.8524064
interference,host,host_cpu3-interf_io-run8,4,100001,5000000.0,3,92,460000.0,1.0,1134199757.350795
interference,host,host_cpu3-interf_io-run8,4,100001,5000000.0,2,85,425000.0,0.9770053475935828,130419034.8524064
interference,host,host_cpu3-interf_io-run8,4,100001,5000000.0,2,66,330000.0,0.9770053475935828,130419034.8524064
interference,host,host_cpu3-interf_io-run8,4,100001,5000000.0,3,183,915000.0,1.0,1134199757.350795
interference,host,host_cpu3-interf_io-run8,4,100001,5000000.0,2,85,425000.0,0.9770053475935828,130419034.8524064
interference,host,host_cpu3-interf_io-run8,4,100001,5000000.0,2,16,80000.0,0.9770053475935828,130419034.8524064
interference,host,host_cpu3-interf_io-run8,4,100001,5000000.0,2,17,85000.0,0.9770053475935828,130419034.8524064
interference,host,host_cpu3-interf_io-run8,4,100001,5000000.0,2,7,35000.0,0.9770053475935828,130419034.8524064
interference,host,host_cpu3-interf_io-run8,4,100001,5000000.0,2,2,10000.0,0.9770053475935828,130419034.8524064
interference,host,host_cpu3-interf_io-run8,4,100001,5000000.0,2,25,125000.0,0.9770053475935828,130419034.8524064
interference,host,host_cpu3-interf_io-run8,4,100001,5000000.0,2,1,5000.0,0.9770053475935828,130419034.8524064
interference,host,host_cpu3-interf_io-run8,4,100001,5000000.0,3,19,95000.0,1.0,1134199757.350795
interference,host,host_cpu3-interf_io-run8,4,100001,5000000.0,2,85,425000.0,0.9770053475935828,130419034.8524064
interference,host,host_cpu3-interf_io-run8,4,100001,5000000.0,2,21,105000.0,0.9770053475935828,130419034.8524064
interference,host,host_cpu3-interf_io-run8,4,100001,5000000.0,2,2,10000.0,0.9770053475935828,130419034.8524064
interference,host,host_cpu3-interf_io-run8,4,100001,5000000.0,2,1,5000.0,0.9770053475935828,130419034.8524064
interference,host,host_cpu3-interf_io-run8,4,100001,5000000.0,2,2,10000.0,0.9770053475935828,130419034.8524064
interference,host,host_cpu3-interf_io-run8,4,100001,5000000.0,2,37,185000.0,0.9770053475935828,130419034.8524064
interference,host,host_cpu3-interf_io-run8,4,100001,5000000.0,2,27,135000.0,0.9770053475935828,130419034.8524064
interference,host,host_cpu3-interf_io-run8,4,100001,5000000.0,2,17,85000.0,0.9770053475935828,130419034.8524064
interference,host,host_cpu3-interf_io-run8,4,100001,5000000.0,2,17,85000.0,0.9770053475935828,130419034.8524064
interference,host,host_cpu3-interf_io-run8,4,100001,5000000.0,2,2,10000.0,0.9770053475935828,130419034.8524064
interference,host,host_cpu3-interf_io-run8,4,100001,5000000.0,2,12,60000.0,0.9770053475935828,130419034.8524064
interference,host,host_cpu3-interf_io-run8,4,100001,5000000.0,2,1,5000.0,0.9770053475935828,130419034.8524064
interference,host,host_cpu3-interf_io-run8,4,100001,5000000.0,3,96,480000.0,1.0,1134199757.350795
interference,host,host_cpu3-interf_io-run8,4,100001,5000000.0,2,85,425000.0,0.9770053475935828,130419034.8524064
interference,host,host_cpu3-interf_io-run8,4,100001,5000000.0,2,16,80000.0,0.9770053475935828,130419034.8524064
interference,host,host_cpu3-interf_io-run8,4,100001,5000000.0,2,25,125000.0,0.9770053475935828,130419034.8524064
interference,host,host_cpu3-interf_io-run8,4,100001,5000000.0,2,6,30000.0,0.9770053475935828,130419034.8524064
interference,host,host_cpu3-interf_io-run8,4,100001,5000000.0,2,29,145000.0,0.9770053475935828,130419034.8524064
interference,host,host_cpu3-interf_io-run8,4,100001,5000000.0,2,1,5000.0,0.9770053475935828,130419034.8524064
interference,host,host_cpu3-interf_io-run8,4,100001,5000000.0,2,51,255000.0,0.9770053475935828,130419034.8524064
interference,host,host_cpu3-interf_io-run8,4,100001,5000000.0,2,16,80000.0,0.9770053475935828,130419034.8524064
interference,host,host_cpu3-interf_io-run8,4,100001,5000000.0,2,14,70000.0,0.9770053475935828,130419034.8524064
interference,host,host_cpu3-interf_io-run8,4,100001,5000000.0,2,10,50000.0,0.9770053475935828,130419034.8524064
interference,host,host_cpu3-interf_io-run8,4,100001,5000000.0,2,12,60000.0,0.9770053475935828,130419034.8524064
interference,host,host_cpu3-interf_io-run8,4,100001,5000000.0,2,11,55000.0,0.9770053475935828,130419034.8524064
interference,host,host_cpu3-interf_io-run8,4,100001,5000000.0,2,21,105000.0,0.9770053475935828,130419034.8524064
interference,host,host_cpu3-interf_io-run8,4,100001,5000000.0,2,1,5000.0,0.9770053475935828,130419034.8524064
interference,host,host_cpu3-interf_io-run8,4,100001,5000000.0,2,70,350000.0,0.9770053475935828,130419034.8524064
interference,host,host_cpu3-interf_io-run8,4,100001,5000000.0,2,17,85000.0,0.9770053475935828,130419034.8524064
interference,host,host_cpu3-interf_io-run8,4,100001,5000000.0,2,10,50000.0,0.9770053475935828,130419034.8524064
interference,host,host_cpu3-interf_io-run8,4,100001,5000000.0,2,3,15000.0,0.9770053475935828,130419034.8524064
interference,host,host_cpu3-interf_io-run8,4,100001,5000000.0,2,52,260000.0,0.9770053475935828,130419034.8524064
interference,host,host_cpu3-interf_io-run8,4,100001,5000000.0,2,1,5000.0,0.9770053475935828,130419034.8524064
interference,host,host_cpu3-interf_io-run8,4,100001,5000000.0,2,1,5000.0,0.9770053475935828,130419034.8524064
interference,host,host_cpu3-interf_io-run8,4,100001,5000000.0,2,30,150000.0,0.9770053475935828,130419034.8524064
interference,host,host_cpu3-interf_io-run8,4,100001,5000000.0,3,73,365000.0,1.0,1134199757.350795
interference,host,host_cpu3-interf_io-run8,4,100001,5000000.0,2,85,425000.0,0.9770053475935828,130419034.8524064
interference,host,host_cpu3-interf_io-run8,4,100001,5000000.0,3,228,1140000.0,1.0,1134199757.350795
interference,host,host_cpu3-interf_io-run8,4,100001,5000000.0,2,85,425000.0,0.9770053475935828,130419034.8524064
interference,host,host_cpu3-interf_io-run8,4,100001,5000000.0,2,14,70000.0,0.9770053475935828,130419034.8524064
interference,host,host_cpu3-interf_io-run8,4,100001,5000000.0,2,1,5000.0,0.9770053475935828,130419034.8524064
interference,host,host_cpu3-interf_io-run8,4,100001,5000000.0,2,4,20000.0,0.9770053475935828,130419034.8524064
interference,host,host_cpu3-interf_io-run8,4,100001,5000000.0,2,53,265000.0,0.9770053475935828,130419034.8524064
interference,host,host_cpu3-interf_io-run8,4,100001,5000000.0,2,47,235000.0,0.9770053475935828,130419034.8524064
interference,host,host_cpu3-interf_io-run8,4,100001,5000000.0,2,54,270000.0,0.9770053475935828,130419034.8524064
interference,host,host_cpu3-interf_io-run8,4,100001,5000000.0,2,41,205000.0,0.9770053475935828,130419034.8524064
interference,host,host_cpu3-interf_io-run8,4,100001,5000000.0,3,523,2615000.0,1.0,1134199757.350795
interference,host,host_cpu3-interf_io-run8,4,100001,5000000.0,2,85,425000.0,0.9770053475935828,130419034.8524064
interference,host,host_cpu3-interf_io-run8,4,100001,5000000.0,2,28,140000.0,0.9770053475935828,130419034.8524064
interference,host,host_cpu3-interf_io-run8,4,100001,5000000.0,2,25,125000.0,0.9770053475935828,130419034.8524064
interference,host,host_cpu3-interf_io-run8,4,100001,5000000.0,2,52,260000.0,0.9770053475935828,130419034.8524064
interference,host,host_cpu3-interf_io-run8,4,100001,5000000.0,3,92,460000.0,1.0,1134199757.350795
interference,host,host_cpu3-interf_io-run8,4,100001,5000000.0,2,85,425000.0,0.9770053475935828,130419034.8524064
interference,host,host_cpu3-interf_io-run8,4,100001,5000000.0,3,429,2145000.0,1.0,1134199757.350795
interference,host,host_cpu3-interf_io-run8,4,100001,5000000.0,2,85,425000.0,0.9770053475935828,130419034.8524064
interference,host,host_cpu3-interf_io-run6,4,99655,5000000.0,2,1,5000.0,0.972289156626506,136227745.8253012
interference,host,host_cpu3-interf_io-run6,4,99655,5000000.0,2,1,5000.0,0.972289156626506,136227745.8253012
interference,host,host_cpu3-interf_io-run6,4,99655,5000000.0,2,1,5000.0,0.972289156626506,136227745.8253012
interference,host,host_cpu3-interf_io-run6,4,99655,5000000.0,2,1,5000.0,0.972289156626506,136227745.8253012
interference,host,host_cpu3-interf_io-run6,4,99655,5000000.0,2,1,5000.0,0.972289156626506,136227745.8253012
interference,host,host_cpu3-interf_io-run6,4,99655,5000000.0,3,424,2120000.0,1.0,1295845080.8032188
interference,host,host_cpu3-interf_io-run6,4,99655,5000000.0,2,115,575000.0,0.972289156626506,136227745.8253012
interference,host,host_cpu3-interf_io-run6,4,99655,5000000.0,3,327,1635000.0,1.0,1295845080.8032188
interference,host,host_cpu3-interf_io-run6,4,99655,5000000.0,2,115,575000.0,0.972289156626506,136227745.8253012
interference,host,host_cpu3-interf_io-run6,4,99655,5000000.0,2,5,25000.0,0.972289156626506,136227745.8253012
interference,host,host_cpu3-interf_io-run6,4,99655,5000000.0,2,24,120000.0,0.972289156626506,136227745.8253012
interference,host,host_cpu3-interf_io-run6,4,99655,5000000.0,2,19,95000.0,0.972289156626506,136227745.8253012
interference,host,host_cpu3-interf_io-run6,4,99655,5000000.0,2,21,105000.0,0.972289156626506,136227745.8253012
interference,host,host_cpu3-interf_io-run6,4,99655,5000000.0,2,37,185000.0,0.972289156626506,136227745.8253012
interference,host,host_cpu3-interf_io-run6,4,99655,5000000.0,2,7,35000.0,0.972289156626506,136227745.8253012
interference,host,host_cpu3-interf_io-run6,4,99655,5000000.0,2,16,80000.0,0.972289156626506,136227745.8253012
interference,host,host_cpu3-interf_io-run6,4,99655,5000000.0,2,11,55000.0,0.972289156626506,136227745.8253012
interference,host,host_cpu3-interf_io-run6,4,99655,5000000.0,2,1,5000.0,0.972289156626506,136227745.8253012
interference,host,host_cpu3-interf_io-run6,4,99655,5000000.0,2,103,515000.0,0.972289156626506,136227745.8253012
interference,host,host_cpu3-interf_io-run6,4,99655,5000000.0,2,21,105000.0,0.972289156626506,136227745.8253012
interference,host,host_cpu3-interf_io-run6,4,99655,5000000.0,2,12,60000.0,0.972289156626506,136227745.8253012
interference,host,host_cpu3-interf_io-run6,4,99655,5000000.0,2,2,10000.0,0.972289156626506,136227745.8253012
interference,host,host_cpu3-interf_io-run6,4,99655,5000000.0,2,27,135000.0,0.972289156626506,136227745.8253012
interference,host,host_cpu3-interf_io-run6,4,99655,5000000.0,2,1,5000.0,0.972289156626506,136227745.8253012
interference,host,host_cpu3-interf_io-run6,4,99655,5000000.0,2,6,30000.0,0.972289156626506,136227745.8253012
interference,host,host_cpu3-interf_io-run6,4,99655,5000000.0,2,30,150000.0,0.972289156626506,136227745.8253012
interference,host,host_cpu3-interf_io-run6,4,99655,5000000.0,2,25,125000.0,0.972289156626506,136227745.8253012
interference,host,host_cpu3-interf_io-run6,4,99655,5000000.0,2,47,235000.0,0.972289156626506,136227745.8253012
interference,host,host_cpu3-interf_io-run6,4,99655,5000000.0,2,22,110000.0,0.972289156626506,136227745.8253012
interference,host,host_cpu3-interf_io-run6,4,99655,5000000.0,2,1,5000.0,0.972289156626506,136227745.8253012
interference,host,host_cpu3-interf_io-run6,4,99655,5000000.0,2,28,140000.0,0.972289156626506,136227745.8253012
interference,host,host_cpu3-interf_io-run6,4,99655,5000000.0,3,230,1150000.0,1.0,1295845080.8032188
interference,host,host_cpu3-interf_io-run6,4,99655,5000000.0,2,116,580000.0,0.972289156626506,136227745.8253012
interference,host,host_cpu3-interf_io-run6,4,99655,5000000.0,2,41,205000.0,0.972289156626506,136227745.8253012
interference,host,host_cpu3-interf_io-run6,4,99655,5000000.0,2,24,120000.0,0.972289156626506,136227745.8253012
interference,host,host_cpu3-interf_io-run6,4,99655,5000000.0,2,14,70000.0,0.972289156626506,136227745.8253012
interference,host,host_cpu3-interf_io-run6,4,99655,5000000.0,2,43,215000.0,0.972289156626506,136227745.8253012
interference,host,host_cpu3-interf_io-run6,4,99655,5000000.0,2,7,35000.0,0.972289156626506,136227745.8253012
interference,host,host_cpu3-interf_io-run6,4,99655,5000000.0,2,1,5000.0,0.972289156626506,136227745.8253012
interference,host,host_cpu3-interf_io-run6,4,99655,5000000.0,2,15,75000.0,0.972289156626506,136227745.8253012
interference,host,host_cpu3-interf_io-run6,4,99655,5000000.0,2,28,140000.0,0.972289156626506,136227745.8253012
interference,host,host_cpu3-interf_io-run6,4,99655,5000000.0,2,27,135000.0,0.972289156626506,136227745.8253012
interference,host,host_cpu3-interf_io-run6,4,99655,5000000.0,2,4,20000.0,0.972289156626506,136227745.8253012
interference,host,host_cpu3-interf_io-run6,4,99655,5000000.0,2,22,110000.0,0.972289156626506,136227745.8253012
interference,host,host_cpu3-interf_io-run6,4,99655,5000000.0,2,53,265000.0,0.972289156626506,136227745.8253012
interference,host,host_cpu3-interf_io-run6,4,99655,5000000.0,2,5,25000.0,0.972289156626506,136227745.8253012
interference,host,host_cpu3-interf_io-run6,4,99655,5000000.0,2,77,385000.0,0.972289156626506,136227745.8253012
interference,host,host_cpu3-interf_io-run6,4,99655,5000000.0,2,23,115000.0,0.972289156626506,136227745.8253012
interference,host,host_cpu3-interf_io-run6,4,99655,5000000.0,2,4,20000.0,0.972289156626506,136227745.8253012
interference,host,host_cpu3-interf_io-run6,4,99655,5000000.0,2,46,230000.0,0.972289156626506,136227745.8253012
interference,host,host_cpu3-interf_io-run6,4,99655,5000000.0,2,13,65000.0,0.972289156626506,136227745.8253012
interference,host,host_cpu3-interf_io-run6,4,99655,5000000.0,2,18,90000.0,0.972289156626506,136227745.8253012
interference,host,host_cpu3-interf_io-run6,4,99655,5000000.0,2,38,190000.0,0.972289156626506,136227745.8253012
interference,host,host_cpu3-interf_io-run6,4,99655,5000000.0,2,20,100000.0,0.972289156626506,136227745.8253012
interference,host,host_cpu3-interf_io-run6,4,99655,5000000.0,2,18,90000.0,0.972289156626506,136227745.8253012
interference,host,host_cpu3-interf_io-run6,4,99655,5000000.0,2,53,265000.0,0.972289156626506,136227745.8253012
interference,host,host_cpu3-interf_io-run6,4,99655,5000000.0,2,43,215000.0,0.972289156626506,136227745.8253012
interference,host,host_cpu3-interf_io-run6,4,99655,5000000.0,2,41,205000.0,0.972289156626506,136227745.8253012
interference,host,host_cpu3-interf_io-run6,4,99655,5000000.0,2,1,5000.0,0.972289156626506,136227745.8253012
interference,host,host_cpu3-interf_io-run6,4,99655,5000000.0,2,1,5000.0,0.972289156626506,136227745.8253012
interference,host,host_cpu3-interf_io-run6,4,99655,5000000.0,2,1,5000.0,0.972289156626506,136227745.8253012
interference,host,host_cpu3-interf_io-run6,4,99655,5000000.0,2,1,5000.0,0.972289156626506,136227745.8253012
interference,host,host_cpu3-interf_io-run6,4,99655,5000000.0,2,1,5000.0,0.972289156626506,136227745.8253012
interference,host,host_cpu3-interf_io-run6,4,99655,5000000.0,2,1,5000.0,0.972289156626506,136227745.8253012
interference,host,host_cpu3-interf_io-run6,4,99655,5000000.0,2,1,5000.0,0.972289156626506,136227745.8253012
interference,host,host_cpu3-interf_io-run6,4,99655,5000000.0,2,1,5000.0,0.972289156626506,136227745.8253012
interference,host,host_cpu3-interf_io-run6,4,99655,5000000.0,2,41,205000.0,0.972289156626506,136227745.8253012
interference,host,host_cpu3-interf_io-run6,4,99655,5000000.0,2,1,5000.0,0.972289156626506,136227745.8253012
interference,host,host_cpu3-interf_io-run6,4,99655,5000000.0,3,385,1925000.0,1.0,1295845080.8032188
interference,host,host_cpu3-interf_io-run6,4,99655,5000000.0,2,115,575000.0,0.972289156626506,136227745.8253012
interference,host,host_cpu3-interf_io-run6,4,99655,5000000.0,3,1,5000.0,1.0,1295845080.8032188
interference,host,host_cpu3-interf_io-run5,4,100001,5000000.0,2,3,15000.0,0.9068150208623088,58627460.26981919
interference,host,host_cpu3-interf_io-run5,4,100001,5000000.0,2,1,5000.0,0.9068150208623088,58627460.26981919
interference,host,host_cpu3-interf_io-run5,4,100001,5000000.0,2,1,5000.0,0.9068150208623088,58627460.26981919
interference,host,host_cpu3-interf_io-run5,4,100001,5000000.0,2,1,5000.0,0.9068150208623088,58627460.26981919
interference,host,host_cpu3-interf_io-run5,4,100001,5000000.0,2,1,5000.0,0.9068150208623088,58627460.26981919
interference,host,host_cpu3-interf_io-run5,4,100001,5000000.0,2,12,60000.0,0.9068150208623088,58627460.26981919
interference,host,host_cpu3-interf_io-run5,4,100001,5000000.0,2,3,15000.0,0.9068150208623088,58627460.26981919
interference,host,host_cpu3-interf_io-run5,4,100001,5000000.0,2,2,10000.0,0.9068150208623088,58627460.26981919
interference,host,host_cpu3-interf_io-run5,4,100001,5000000.0,2,1,5000.0,0.9068150208623088,58627460.26981919
interference,host,host_cpu3-interf_io-run5,4,100001,5000000.0,2,1,5000.0,0.9068150208623088,58627460.26981919
interference,host,host_cpu3-interf_io-run5,4,100001,5000000.0,2,17,85000.0,0.9068150208623088,58627460.26981919
interference,host,host_cpu3-interf_io-run5,4,100001,5000000.0,2,1,5000.0,0.9068150208623088,58627460.26981919
interference,host,host_cpu3-interf_io-run5,4,100001,5000000.0,2,1,5000.0,0.9068150208623088,58627460.26981919
interference,host,host_cpu3-interf_io-run5,4,100001,5000000.0,2,1,5000.0,0.9068150208623088,58627460.26981919
interference,host,host_cpu3-interf_io-run5,4,100001,5000000.0,2,1,5000.0,0.9068150208623088,58627460.26981919
interference,host,host_cpu3-interf_io-run5,4,100001,5000000.0,2,1,5000.0,0.9068150208623088,58627460.26981919
interference,host,host_cpu3-interf_io-run5,4,100001,5000000.0,2,2,10000.0,0.9068150208623088,58627460.26981919
interference,host,host_cpu3-interf_io-run5,4,100001,5000000.0,2,36,180000.0,0.9068150208623088,58627460.26981919
interference,host,host_cpu3-interf_io-run5,4,100001,5000000.0,2,1,5000.0,0.9068150208623088,58627460.26981919
interference,host,host_cpu3-interf_io-run5,4,100001,5000000.0,2,20,100000.0,0.9068150208623088,58627460.26981919
interference,host,host_cpu3-interf_io-run5,4,100001,5000000.0,2,33,165000.0,0.9068150208623088,58627460.26981919
interference,host,host_cpu3-interf_io-run5,4,100001,5000000.0,2,2,10000.0,0.9068150208623088,58627460.26981919
interference,host,host_cpu3-interf_io-run5,4,100001,5000000.0,3,97,485000.0,1.0,408563721.5011442
interference,host,host_cpu3-interf_io-run5,4,100001,5000000.0,2,35,175000.0,0.9068150208623088,58627460.26981919
interference,host,host_cpu3-interf_io-run5,4,100001,5000000.0,3,169,845000.0,1.0,408563721.5011442
interference,host,host_cpu3-interf_io-run5,4,100001,5000000.0,2,35,175000.0,0.9068150208623088,58627460.26981919
interference,host,host_cpu3-interf_io-run5,4,100001,5000000.0,2,1,5000.0,0.9068150208623088,58627460.26981919
interference,host,host_cpu3-interf_io-run5,4,100001,5000000.0,2,1,5000.0,0.9068150208623088,58627460.26981919
interference,host,host_cpu3-interf_io-run5,4,100001,5000000.0,2,1,5000.0,0.9068150208623088,58627460.26981919
interference,host,host_cpu3-interf_io-run5,4,100001,5000000.0,2,1,5000.0,0.9068150208623088,58627460.26981919
interference,host,host_cpu3-interf_io-run5,4,100001,5000000.0,2,1,5000.0,0.9068150208623088,58627460.26981919
interference,host,host_cpu3-interf_io-run5,4,100001,5000000.0,2,1,5000.0,0.9068150208623088,58627460.26981919
interference,host,host_cpu3-interf_io-run5,4,100001,5000000.0,2,1,5000.0,0.9068150208623088,58627460.26981919
interference,host,host_cpu3-interf_io-run5,4,100001,5000000.0,3,65,325000.0,1.0,408563721.5011442
interference,host,host_cpu3-interf_io-run5,4,100001,5000000.0,2,35,175000.0,0.9068150208623088,58627460.26981919
interference,host,host_cpu3-interf_io-run5,4,100001,5000000.0,2,11,55000.0,0.9068150208623088,58627460.26981919
interference,host,host_cpu3-interf_io-run5,4,100001,5000000.0,2,40,200000.0,0.9068150208623088,58627460.26981919
interference,host,host_cpu3-interf_io-run5,4,100001,5000000.0,2,1,5000.0,0.9068150208623088,58627460.26981919
interference,host,host_cpu3-interf_io-run5,4,100001,5000000.0,2,1,5000.0,0.9068150208623088,58627460.26981919
interference,host,host_cpu3-interf_io-run5,4,100001,5000000.0,2,1,5000.0,0.9068150208623088,58627460.26981919
interference,host,host_cpu3-interf_io-run5,4,100001,5000000.0,2,1,5000.0,0.9068150208623088,58627460.26981919
interference,host,host_cpu3-interf_io-run5,4,100001,5000000.0,2,1,5000.0,0.9068150208623088,58627460.26981919
interference,host,host_cpu3-interf_io-run5,4,100001,5000000.0,2,8,40000.0,0.9068150208623088,58627460.26981919
interference,host,host_cpu3-interf_io-run5,4,100001,5000000.0,2,16,80000.0,0.9068150208623088,58627460.26981919
interference,host,host_cpu3-interf_io-run5,4,100001,5000000.0,2,21,105000.0,0.9068150208623088,58627460.26981919
interference,host,host_cpu3-interf_io-run5,4,100001,5000000.0,2,24,120000.0,0.9068150208623088,58627460.26981919
interference,host,host_cpu3-interf_io-run5,4,100001,5000000.0,2,26,130000.0,0.9068150208623088,58627460.26981919
interference,host,host_cpu3-interf_io-run5,4,100001,5000000.0,2,2,10000.0,0.9068150208623088,58627460.26981919
interference,host,host_cpu3-interf_io-run5,4,100001,5000000.0,2,28,140000.0,0.9068150208623088,58627460.26981919
interference,host,host_cpu3-interf_io-run5,4,100001,5000000.0,2,38,190000.0,0.9068150208623088,58627460.26981919
interference,host,host_cpu3-interf_io-run5,4,100001,5000000.0,2,1,5000.0,0.9068150208623088,58627460.26981919
interference,host,host_cpu3-interf_io-run5,4,100001,5000000.0,2,1,5000.0,0.9068150208623088,58627460.26981919
interference,host,host_cpu3-interf_io-run5,4,100001,5000000.0,2,1,5000.0,0.9068150208623088,58627460.26981919
interference,host,host_cpu3-interf_io-run5,4,100001,5000000.0,2,1,5000.0,0.9068150208623088,58627460.26981919
interference,host,host_cpu3-interf_io-run5,4,100001,5000000.0,2,1,5000.0,0.9068150208623088,58627460.26981919
interference,host,host_cpu3-interf_io-run5,4,100001,5000000.0,2,1,5000.0,0.9068150208623088,58627460.26981919
interference,host,host_cpu3-interf_io-run5,4,100001,5000000.0,2,1,5000.0,0.9068150208623088,58627460.26981919
interference,host,host_cpu3-interf_io-run5,4,100001,5000000.0,2,31,155000.0,0.9068150208623088,58627460.26981919
interference,host,host_cpu3-interf_io-run5,4,100001,5000000.0,2,1,5000.0,0.9068150208623088,58627460.26981919
interference,host,host_cpu3-interf_io-run5,4,100001,5000000.0,2,2,10000.0,0.9068150208623088,58627460.26981919
interference,host,host_cpu3-interf_io-run5,4,100001,5000000.0,2,1,5000.0,0.9068150208623088,58627460.26981919
interference,host,host_cpu3-interf_io-run5,4,100001,5000000.0,2,1,5000.0,0.9068150208623088,58627460.26981919
interference,host,host_cpu3-interf_io-run5,4,100001,5000000.0,2,1,5000.0,0.9068150208623088,58627460.26981919
interference,host,host_cpu3-interf_io-run5,4,100001,5000000.0,2,1,5000.0,0.9068150208623088,58627460.26981919
interference,host,host_cpu3-interf_io-run5,4,100001,5000000.0,2,6,30000.0,0.9068150208623088,58627460.26981919
interference,host,host_cpu3-interf_io-run5,4,100001,5000000.0,2,1,5000.0,0.9068150208623088,58627460.26981919
interference,host,host_cpu3-interf_io-run5,4,100001,5000000.0,2,9,45000.0,0.9068150208623088,58627460.26981919
interference,host,host_cpu3-interf_io-run5,4,100001,5000000.0,3,92,460000.0,1.0,408563721.5011442
interference,host,host_cpu3-interf_io-run5,4,100001,5000000.0,2,35,175000.0,0.9068150208623088,58627460.26981919
interference,host,host_cpu3-interf_io-run5,4,100001,5000000.0,2,6,30000.0,0.9068150208623088,58627460.26981919
interference,host,host_cpu3-interf_io-run5,4,100001,5000000.0,2,29,145000.0,0.9068150208623088,58627460.26981919
interference,host,host_cpu3-interf_io-run5,4,100001,5000000.0,2,12,60000.0,0.9068150208623088,58627460.26981919
interference,host,host_cpu3-interf_io-run5,4,100001,5000000.0,2,2,10000.0,0.9068150208623088,58627460.26981919
interference,host,host_cpu3-interf_io-run5,4,100001,5000000.0,2,1,5000.0,0.9068150208623088,58627460.26981919
interference,host,host_cpu3-interf_io-run5,4,100001,5000000.0,2,16,80000.0,0.9068150208623088,58627460.26981919
interference,host,host_cpu3-interf_io-run5,4,100001,5000000.0,2,14,70000.0,0.9068150208623088,58627460.26981919
interference,host,host_cpu3-interf_io-run5,4,100001,5000000.0,3,14,70000.0,1.0,408563721.5011442
interference,host,host_cpu3-interf_io-run5,4,100001,5000000.0,2,35,175000.0,0.9068150208623088,58627460.26981919
interference,host,host_cpu3-interf_io-run5,4,100001,5000000.0,2,35,175000.0,0.9068150208623088,58627460.26981919
interference,host,host_cpu3-interf_io-run10,4,100001,5000000.0,2,1,5000.0,0.9670868347338936,94588500.47619048
interference,host,host_cpu3-interf_io-run10,4,100001,5000000.0,2,19,95000.0,0.9670868347338936,94588500.47619048
interference,host,host_cpu3-interf_io-run10,4,100001,5000000.0,2,38,190000.0,0.9670868347338936,94588500.47619048
interference,host,host_cpu3-interf_io-run10,4,100001,5000000.0,2,12,60000.0,0.9670868347338936,94588500.47619048
interference,host,host_cpu3-interf_io-run10,4,100001,5000000.0,2,4,20000.0,0.9670868347338936,94588500.47619048
interference,host,host_cpu3-interf_io-run10,4,100001,5000000.0,2,12,60000.0,0.9670868347338936,94588500.47619048
interference,host,host_cpu3-interf_io-run10,4,100001,5000000.0,3,246,1230000.0,1.0,1053355742.9364408
interference,host,host_cpu3-interf_io-run10,4,100001,5000000.0,2,72,360000.0,0.9670868347338936,94588500.47619048
interference,host,host_cpu3-interf_io-run10,4,100001,5000000.0,2,2,10000.0,0.9670868347338936,94588500.47619048
interference,host,host_cpu3-interf_io-run10,4,100001,5000000.0,2,9,45000.0,0.9670868347338936,94588500.47619048
interference,host,host_cpu3-interf_io-run10,4,100001,5000000.0,2,13,65000.0,0.9670868347338936,94588500.47619048
interference,host,host_cpu3-interf_io-run10,4,100001,5000000.0,3,45,225000.0,1.0,1053355742.9364408
interference,host,host_cpu3-interf_io-run10,4,100001,5000000.0,2,71,355000.0,0.9670868347338936,94588500.47619048
interference,host,host_cpu3-interf_io-run10,4,100001,5000000.0,2,23,115000.0,0.9670868347338936,94588500.47619048
interference,host,host_cpu3-interf_io-run10,4,100001,5000000.0,2,23,115000.0,0.9670868347338936,94588500.47619048
interference,host,host_cpu3-interf_io-run10,4,100001,5000000.0,2,32,160000.0,0.9670868347338936,94588500.47619048
interference,host,host_cpu3-interf_io-run10,4,100001,5000000.0,2,28,140000.0,0.9670868347338936,94588500.47619048
interference,host,host_cpu3-interf_io-run10,4,100001,5000000.0,2,2,10000.0,0.9670868347338936,94588500.47619048
interference,host,host_cpu3-interf_io-run10,4,100001,5000000.0,2,20,100000.0,0.9670868347338936,94588500.47619048
interference,host,host_cpu3-interf_io-run10,4,100001,5000000.0,2,18,90000.0,0.9670868347338936,94588500.47619048
interference,host,host_cpu3-interf_io-run10,4,100001,5000000.0,2,8,40000.0,0.9670868347338936,94588500.47619048
interference,host,host_cpu3-interf_io-run10,4,100001,5000000.0,3,260,1300000.0,1.0,1053355742.9364408
interference,host,host_cpu3-interf_io-run10,4,100001,5000000.0,2,72,360000.0,0.9670868347338936,94588500.47619048
interference,host,host_cpu3-interf_io-run10,4,100001,5000000.0,2,41,205000.0,0.9670868347338936,94588500.47619048
interference,host,host_cpu3-interf_io-run10,4,100001,5000000.0,2,5,25000.0,0.9670868347338936,94588500.47619048
interference,host,host_cpu3-interf_io-run10,4,100001,5000000.0,2,46,230000.0,0.9670868347338936,94588500.47619048
interference,host,host_cpu3-interf_io-run10,4,100001,5000000.0,2,16,80000.0,0.9670868347338936,94588500.47619048
interference,host,host_cpu3-interf_io-run10,4,100001,5000000.0,2,14,70000.0,0.9670868347338936,94588500.47619048
interference,host,host_cpu3-interf_io-run10,4,100001,5000000.0,3,109,545000.0,1.0,1053355742.9364408
interference,host,host_cpu3-interf_io-run10,4,100001,5000000.0,2,72,360000.0,0.9670868347338936,94588500.47619048
interference,host,host_cpu3-interf_io-run10,4,100001,5000000.0,2,36,180000.0,0.9670868347338936,94588500.47619048
interference,host,host_cpu3-interf_io-run10,4,100001,5000000.0,2,27,135000.0,0.9670868347338936,94588500.47619048
interference,host,host_cpu3-interf_io-run10,4,100001,5000000.0,2,13,65000.0,0.9670868347338936,94588500.47619048
interference,host,host_cpu3-interf_io-run10,4,100001,5000000.0,2,18,90000.0,0.9670868347338936,94588500.47619048
interference,host,host_cpu3-interf_io-run10,4,100001,5000000.0,2,1,5000.0,0.9670868347338936,94588500.47619048
interference,host,host_cpu3-interf_io-run10,4,100001,5000000.0,2,6,30000.0,0.9670868347338936,94588500.47619048
interference,host,host_cpu3-interf_io-run10,4,100001,5000000.0,2,27,135000.0,0.9670868347338936,94588500.47619048
interference,host,host_cpu3-interf_io-run10,4,100001,5000000.0,2,28,140000.0,0.9670868347338936,94588500.47619048
interference,host,host_cpu3-interf_io-run10,4,100001,5000000.0,2,3,15000.0,0.9670868347338936,94588500.47619048
interference,host,host_cpu3-interf_io-run10,4,100001,5000000.0,2,26,130000.0,0.9670868347338936,94588500.47619048
interference,host,host_cpu3-interf_io-run10,4,100001,5000000.0,2,1,5000.0,0.9670868347338936,94588500.47619048
interference,host,host_cpu3-interf_io-run10,4,100001,5000000.0,2,1,5000.0,0.9670868347338936,94588500.47619048
interference,host,host_cpu3-interf_io-run10,4,100001,5000000.0,2,1,5000.0,0.9670868347338936,94588500.47619048
interference,host,host_cpu3-interf_io-run10,4,100001,5000000.0,2,22,110000.0,0.9670868347338936,94588500.47619048
interference,host,host_cpu3-interf_io-run10,4,100001,5000000.0,2,16,80000.0,0.9670868347338936,94588500.47619048
interference,host,host_cpu3-interf_io-run10,4,100001,5000000.0,2,2,10000.0,0.9670868347338936,94588500.47619048
interference,host,host_cpu3-interf_io-run10,4,100001,5000000.0,2,11,55000.0,0.9670868347338936,94588500.47619048
interference,host,host_cpu3-interf_io-run10,4,100001,5000000.0,2,6,30000.0,0.9670868347338936,94588500.47619048
interference,host,host_cpu3-interf_io-run10,4,100001,5000000.0,2,38,190000.0,0.9670868347338936,94588500.47619048
interference,host,host_cpu3-interf_io-run10,4,100001,5000000.0,2,18,90000.0,0.9670868347338936,94588500.47619048
interference,host,host_cpu3-interf_io-run10,4,100001,5000000.0,2,26,130000.0,0.9670868347338936,94588500.47619048
interference,host,host_cpu3-interf_io-run10,4,100001,5000000.0,2,11,55000.0,0.9670868347338936,94588500.47619048
interference,host,host_cpu3-interf_io-run10,4,100001,5000000.0,2,26,130000.0,0.9670868347338936,94588500.47619048
interference,host,host_cpu3-interf_io-run10,4,100001,5000000.0,3,545,2725000.0,1.0,1053355742.9364408
interference,host,host_cpu3-interf_io-run10,4,100001,5000000.0,2,72,360000.0,0.9670868347338936,94588500.47619048
interference,host,host_cpu3-interf_io-run10,4,100001,5000000.0,2,3,15000.0,0.9670868347338936,94588500.47619048
interference,host,host_cpu3-interf_io-run10,4,100001,5000000.0,2,8,40000.0,0.9670868347338936,94588500.47619048
interference,host,host_cpu3-interf_io-run10,4,100001,5000000.0,2,36,180000.0,0.9670868347338936,94588500.47619048
interference,host,host_cpu3-interf_io-run10,4,100001,5000000.0,2,38,190000.0,0.9670868347338936,94588500.47619048
interference,host,host_cpu3-interf_io-run10,4,100001,5000000.0,2,1,5000.0,0.9670868347338936,94588500.47619048
interference,host,host_cpu3-interf_io-run10,4,100001,5000000.0,2,1,5000.0,0.9670868347338936,94588500.47619048
interference,host,host_cpu3-interf_io-run10,4,100001,5000000.0,2,1,5000.0,0.9670868347338936,94588500.47619048
interference,host,host_cpu3-interf_io-run10,4,100001,5000000.0,2,1,5000.0,0.9670868347338936,94588500.47619048
interference,host,host_cpu3-interf_io-run10,4,100001,5000000.0,2,1,5000.0,0.9670868347338936,94588500.47619048
interference,host,host_cpu3-interf_io-run10,4,100001,5000000.0,2,2,10000.0,0.9670868347338936,94588500.47619048
interference,host,host_cpu3-interf_io-run10,4,100001,5000000.0,2,1,5000.0,0.9670868347338936,94588500.47619048
interference,host,host_cpu3-interf_io-run10,4,100001,5000000.0,2,1,5000.0,0.9670868347338936,94588500.47619048
interference,host,host_cpu3-interf_io-run10,4,100001,5000000.0,2,1,5000.0,0.9670868347338936,94588500.47619048
interference,host,host_cpu3-interf_io-run10,4,100001,5000000.0,2,1,5000.0,0.9670868347338936,94588500.47619048
interference,host,host_cpu3-interf_io-run10,4,100001,5000000.0,2,1,5000.0,0.9670868347338936,94588500.47619048
interference,host,host_cpu3-interf_io-run10,4,100001,5000000.0,3,138,690000.0,1.0,1053355742.9364408
interference,host,host_cpu3-interf_io-run10,4,100001,5000000.0,2,71,355000.0,0.9670868347338936,94588500.47619048
interference,host,host_cpu3-interf_io-run10,4,100001,5000000.0,3,309,1545000.0,1.0,1053355742.9364408
interference,host,host_cpu3-interf_io-run10,4,100001,5000000.0,2,71,355000.0,0.9670868347338936,94588500.47619048
interference,host,host_cpu3-interf_io-run10,4,100001,5000000.0,2,21,105000.0,0.9670868347338936,94588500.47619048
interference,host,host_cpu3-interf_io-run10,4,100001,5000000.0,2,6,30000.0,0.9670868347338936,94588500.47619048
interference,host,host_cpu3-interf_io-run10,4,100001,5000000.0,2,53,265000.0,0.9670868347338936,94588500.47619048
interference,host,host_cpu3-interf_io-run9,4,100001,5000000.0,2,13,65000.0,0.9683168316831684,93265805.18613862
interference,host,host_cpu3-interf_io-run9,4,100001,5000000.0,2,23,115000.0,0.9683168316831684,93265805.18613862
interference,host,host_cpu3-interf_io-run9,4,100001,5000000.0,2,7,35000.0,0.9683168316831684,93265805.18613862
interference,host,host_cpu3-interf_io-run9,4,100001,5000000.0,2,33,165000.0,0.9683168316831684,93265805.18613862
interference,host,host_cpu3-interf_io-run9,4,100001,5000000.0,3,58,290000.0,1.0,971720670.5648148
interference,host,host_cpu3-interf_io-run9,4,100001,5000000.0,2,72,360000.0,0.9683168316831684,93265805.18613862
interference,host,host_cpu3-interf_io-run9,4,100001,5000000.0,3,395,1975000.0,1.0,971720670.5648148
interference,host,host_cpu3-interf_io-run9,4,100001,5000000.0,2,71,355000.0,0.9683168316831684,93265805.18613862
interference,host,host_cpu3-interf_io-run9,4,100001,5000000.0,2,47,235000.0,0.9683168316831684,93265805.18613862
interference,host,host_cpu3-interf_io-run9,4,100001,5000000.0,2,25,125000.0,0.9683168316831684,93265805.18613862
interference,host,host_cpu3-interf_io-run9,4,100001,5000000.0,2,51,255000.0,0.9683168316831684,93265805.18613862
interference,host,host_cpu3-interf_io-run9,4,100001,5000000.0,2,19,95000.0,0.9683168316831684,93265805.18613862
interference,host,host_cpu3-interf_io-run9,4,100001,5000000.0,2,8,40000.0,0.9683168316831684,93265805.18613862
interference,host,host_cpu3-interf_io-run9,4,100001,5000000.0,2,1,5000.0,0.9683168316831684,93265805.18613862
interference,host,host_cpu3-interf_io-run9,4,100001,5000000.0,2,1,5000.0,0.9683168316831684,93265805.18613862
interference,host,host_cpu3-interf_io-run9,4,100001,5000000.0,2,2,10000.0,0.9683168316831684,93265805.18613862
interference,host,host_cpu3-interf_io-run9,4,100001,5000000.0,2,1,5000.0,0.9683168316831684,93265805.18613862
interference,host,host_cpu3-interf_io-run9,4,100001,5000000.0,2,1,5000.0,0.9683168316831684,93265805.18613862
interference,host,host_cpu3-interf_io-run9,4,100001,5000000.0,2,47,235000.0,0.9683168316831684,93265805.18613862
interference,host,host_cpu3-interf_io-run9,4,100001,5000000.0,2,1,5000.0,0.9683168316831684,93265805.18613862
interference,host,host_cpu3-interf_io-run9,4,100001,5000000.0,2,1,5000.0,0.9683168316831684,93265805.18613862
interference,host,host_cpu3-interf_io-run9,4,100001,5000000.0,2,1,5000.0,0.9683168316831684,93265805.18613862
interference,host,host_cpu3-interf_io-run9,4,100001,5000000.0,2,1,5000.0,0.9683168316831684,93265805.18613862
interference,host,host_cpu3-interf_io-run9,4,100001,5000000.0,2,1,5000.0,0.9683168316831684,93265805.18613862
interference,host,host_cpu3-interf_io-run9,4,100001,5000000.0,2,1,5000.0,0.9683168316831684,93265805.18613862
interference,host,host_cpu3-interf_io-run9,4,100001,5000000.0,2,1,5000.0,0.9683168316831684,93265805.18613862
interference,host,host_cpu3-interf_io-run9,4,100001,5000000.0,2,60,300000.0,0.9683168316831684,93265805.18613862
interference,host,host_cpu3-interf_io-run9,4,100001,5000000.0,2,3,15000.0,0.9683168316831684,93265805.18613862
interference,host,host_cpu3-interf_io-run9,4,100001,5000000.0,2,47,235000.0,0.9683168316831684,93265805.18613862
interference,host,host_cpu3-interf_io-run9,4,100001,5000000.0,3,291,1455000.0,1.0,971720670.5648148
interference,host,host_cpu3-interf_io-run9,4,100001,5000000.0,2,72,360000.0,0.9683168316831684,93265805.18613862
interference,host,host_cpu3-interf_io-run9,4,100001,5000000.0,2,14,70000.0,0.9683168316831684,93265805.18613862
interference,host,host_cpu3-interf_io-run9,4,100001,5000000.0,2,27,135000.0,0.9683168316831684,93265805.18613862
interference,host,host_cpu3-interf_io-run9,4,100001,5000000.0,2,50,250000.0,0.9683168316831684,93265805.18613862
interference,host,host_cpu3-interf_io-run9,4,100001,5000000.0,3,120,600000.0,1.0,971720670.5648148
interference,host,host_cpu3-interf_io-run9,4,100001,5000000.0,2,71,355000.0,0.9683168316831684,93265805.18613862
interference,host,host_cpu3-interf_io-run9,4,100001,5000000.0,2,14,70000.0,0.9683168316831684,93265805.18613862
interference,host,host_cpu3-interf_io-run9,4,100001,5000000.0,2,25,125000.0,0.9683168316831684,93265805.18613862
interference,host,host_cpu3-interf_io-run9,4,100001,5000000.0,2,8,40000.0,0.9683168316831684,93265805.18613862
interference,host,host_cpu3-interf_io-run9,4,100001,5000000.0,2,21,105000.0,0.9683168316831684,93265805.18613862
interference,host,host_cpu3-interf_io-run9,4,100001,5000000.0,2,21,105000.0,0.9683168316831684,93265805.18613862
interference,host,host_cpu3-interf_io-run9,4,100001,5000000.0,2,19,95000.0,0.9683168316831684,93265805.18613862
interference,host,host_cpu3-interf_io-run9,4,100001,5000000.0,2,5,25000.0,0.9683168316831684,93265805.18613862
interference,host,host_cpu3-interf_io-run9,4,100001,5000000.0,2,11,55000.0,0.9683168316831684,93265805.18613862
interference,host,host_cpu3-interf_io-run9,4,100001,5000000.0,2,44,220000.0,0.9683168316831684,93265805.18613862
interference,host,host_cpu3-interf_io-run9,4,100001,5000000.0,2,2,10000.0,0.9683168316831684,93265805.18613862
interference,host,host_cpu3-interf_io-run9,4,100001,5000000.0,2,43,215000.0,0.9683168316831684,93265805.18613862
interference,host,host_cpu3-interf_io-run9,4,100001,5000000.0,2,4,20000.0,0.9683168316831684,93265805.18613862
interference,host,host_cpu3-interf_io-run9,4,100001,5000000.0,2,52,260000.0,0.9683168316831684,93265805.18613862
interference,host,host_cpu3-interf_io-run9,4,100001,5000000.0,2,48,240000.0,0.9683168316831684,93265805.18613862
interference,host,host_cpu3-interf_io-run9,4,100001,5000000.0,2,42,210000.0,0.9683168316831684,93265805.18613862
interference,host,host_cpu3-interf_io-run9,4,100001,5000000.0,2,29,145000.0,0.9683168316831684,93265805.18613862
interference,host,host_cpu3-interf_io-run9,4,100001,5000000.0,2,18,90000.0,0.9683168316831684,93265805.18613862
interference,host,host_cpu3-interf_io-run9,4,100001,5000000.0,2,17,85000.0,0.9683168316831684,93265805.18613862
interference,host,host_cpu3-interf_io-run9,4,100001,5000000.0,2,24,120000.0,0.9683168316831684,93265805.18613862
interference,host,host_cpu3-interf_io-run9,4,100001,5000000.0,2,17,85000.0,0.9683168316831684,93265805.18613862
interference,host,host_cpu3-interf_io-run9,4,100001,5000000.0,2,34,170000.0,0.9683168316831684,93265805.18613862
interference,host,host_cpu3-interf_io-run9,4,100001,5000000.0,2,20,100000.0,0.9683168316831684,93265805.18613862
interference,host,host_cpu3-interf_io-run9,4,100001,5000000.0,2,13,65000.0,0.9683168316831684,93265805.18613862
interference,host,host_cpu3-interf_io-run9,4,100001,5000000.0,2,21,105000.0,0.9683168316831684,93265805.18613862
interference,host,host_cpu3-interf_io-run9,4,100001,5000000.0,2,12,60000.0,0.9683168316831684,93265805.18613862
interference,host,host_cpu3-interf_io-run9,4,100001,5000000.0,2,18,90000.0,0.9683168316831684,93265805.18613862
interference,host,host_cpu3-interf_io-run9,4,100001,5000000.0,2,4,20000.0,0.9683168316831684,93265805.18613862
interference,host,host_cpu3-interf_io-run9,4,100001,5000000.0,2,53,265000.0,0.9683168316831684,93265805.18613862
interference,host,host_cpu3-interf_io-run9,4,100001,5000000.0,2,27,135000.0,0.9683168316831684,93265805.18613862
interference,host,host_cpu3-interf_io-run9,4,100001,5000000.0,2,44,220000.0,0.9683168316831684,93265805.18613862
interference,host,host_cpu3-interf_io-run9,4,100001,5000000.0,2,32,160000.0,0.9683168316831684,93265805.18613862
interference,host,host_cpu3-interf_io-run7,4,100001,5000000.0,2,26,130000.0,0.97803738317757,141446420.54485983
interference,host,host_cpu3-interf_io-run7,4,100001,5000000.0,2,4,20000.0,0.97803738317757,141446420.54485983
interference,host,host_cpu3-interf_io-run7,4,100001,5000000.0,2,25,125000.0,0.97803738317757,141446420.54485983
interference,host,host_cpu3-interf_io-run7,4,100001,5000000.0,2,1,5000.0,0.97803738317757,141446420.54485983
interference,host,host_cpu3-interf_io-run7,4,100001,5000000.0,2,1,5000.0,0.97803738317757,141446420.54485983
interference,host,host_cpu3-interf_io-run7,4,100001,5000000.0,2,1,5000.0,0.97803738317757,141446420.54485983
interference,host,host_cpu3-interf_io-run7,4,100001,5000000.0,2,1,5000.0,0.97803738317757,141446420.54485983
interference,host,host_cpu3-interf_io-run7,4,100001,5000000.0,2,22,110000.0,0.97803738317757,141446420.54485983
interference,host,host_cpu3-interf_io-run7,4,100001,5000000.0,2,2,10000.0,0.97803738317757,141446420.54485983
interference,host,host_cpu3-interf_io-run7,4,100001,5000000.0,2,49,245000.0,0.97803738317757,141446420.54485983
interference,host,host_cpu3-interf_io-run7,4,100001,5000000.0,2,56,280000.0,0.97803738317757,141446420.54485983
interference,host,host_cpu3-interf_io-run7,4,100001,5000000.0,2,11,55000.0,0.97803738317757,141446420.54485983
interference,host,host_cpu3-interf_io-run7,4,100001,5000000.0,2,1,5000.0,0.97803738317757,141446420.54485983
interference,host,host_cpu3-interf_io-run7,4,100001,5000000.0,2,1,5000.0,0.97803738317757,141446420.54485983
interference,host,host_cpu3-interf_io-run7,4,100001,5000000.0,2,113,565000.0,0.97803738317757,141446420.54485983
interference,host,host_cpu3-interf_io-run7,4,100001,5000000.0,2,43,215000.0,0.97803738317757,141446420.54485983
interference,host,host_cpu3-interf_io-run7,4,100001,5000000.0,2,41,205000.0,0.97803738317757,141446420.54485983
interference,host,host_cpu3-interf_io-run7,4,100001,5000000.0,2,21,105000.0,0.97803738317757,141446420.54485983
interference,host,host_cpu3-interf_io-run7,4,100001,5000000.0,2,29,145000.0,0.97803738317757,141446420.54485983
interference,host,host_cpu3-interf_io-run7,4,100001,5000000.0,2,39,195000.0,0.97803738317757,141446420.54485983
interference,host,host_cpu3-interf_io-run7,4,100001,5000000.0,2,18,90000.0,0.97803738317757,141446420.54485983
interference,host,host_cpu3-interf_io-run7,4,100001,5000000.0,2,1,5000.0,0.97803738317757,141446420.54485983
interference,host,host_cpu3-interf_io-run7,4,100001,5000000.0,2,24,120000.0,0.97803738317757,141446420.54485983
interference,host,host_cpu3-interf_io-run7,4,100001,5000000.0,2,16,80000.0,0.97803738317757,141446420.54485983
interference,host,host_cpu3-interf_io-run7,4,100001,5000000.0,2,4,20000.0,0.97803738317757,141446420.54485983
interference,host,host_cpu3-interf_io-run7,4,100001,5000000.0,2,38,190000.0,0.97803738317757,141446420.54485983
interference,host,host_cpu3-interf_io-run7,4,100001,5000000.0,2,111,555000.0,0.97803738317757,141446420.54485983
interference,host,host_cpu3-interf_io-run7,4,100001,5000000.0,3,254,1270000.0,1.0,1223065693.99787
interference,host,host_cpu3-interf_io-run7,4,100001,5000000.0,2,109,545000.0,0.97803738317757,141446420.54485983
interference,host,host_cpu3-interf_io-run7,4,100001,5000000.0,2,42,210000.0,0.97803738317757,141446420.54485983
interference,host,host_cpu3-interf_io-run7,4,100001,5000000.0,2,17,85000.0,0.97803738317757,141446420.54485983
interference,host,host_cpu3-interf_io-run7,4,100001,5000000.0,2,26,130000.0,0.97803738317757,141446420.54485983
interference,host,host_cpu3-interf_io-run7,4,100001,5000000.0,2,23,115000.0,0.97803738317757,141446420.54485983
interference,host,host_cpu3-interf_io-run7,4,100001,5000000.0,2,23,115000.0,0.97803738317757,141446420.54485983
interference,host,host_cpu3-interf_io-run7,4,100001,5000000.0,2,30,150000.0,0.97803738317757,141446420.54485983
interference,host,host_cpu3-interf_io-run7,4,100001,5000000.0,2,39,195000.0,0.97803738317757,141446420.54485983
interference,host,host_cpu3-interf_io-run7,4,100001,5000000.0,2,1,5000.0,0.97803738317757,141446420.54485983
interference,host,host_cpu3-interf_io-run7,4,100001,5000000.0,2,16,80000.0,0.97803738317757,141446420.54485983
interference,host,host_cpu3-interf_io-run7,4,100001,5000000.0,2,41,205000.0,0.97803738317757,141446420.54485983
interference,host,host_cpu3-interf_io-run7,4,100001,5000000.0,3,493,2465000.0,1.0,1223065693.99787
interference,host,host_cpu3-interf_io-run7,4,100001,5000000.0,2,108,540000.0,0.97803738317757,141446420.54485983
interference,host,host_cpu3-interf_io-run7,4,100001,5000000.0,3,275,1375000.0,1.0,1223065693.99787
interference,host,host_cpu3-interf_io-run7,4,100001,5000000.0,2,108,540000.0,0.97803738317757,141446420.54485983
interference,host,host_cpu3-interf_io-run7,4,100001,5000000.0,2,29,145000.0,0.97803738317757,141446420.54485983
interference,host,host_cpu3-interf_io-run7,4,100001,5000000.0,2,4,20000.0,0.97803738317757,141446420.54485983
interference,host,host_cpu3-interf_io-run7,4,100001,5000000.0,2,1,5000.0,0.97803738317757,141446420.54485983
interference,host,host_cpu3-interf_io-run7,4,100001,5000000.0,2,30,150000.0,0.97803738317757,141446420.54485983
interference,host,host_cpu3-interf_io-run7,4,100001,5000000.0,3,299,1495000.0,1.0,1223065693.99787
interference,host,host_cpu3-interf_io-run7,4,100001,5000000.0,2,109,545000.0,0.97803738317757,141446420.54485983
interference,host,host_cpu3-interf_io-run7,4,100001,5000000.0,2,48,240000.0,0.97803738317757,141446420.54485983
interference,host,host_cpu3-interf_io-run7,4,100001,5000000.0,2,38,190000.0,0.97803738317757,141446420.54485983
interference,host,host_cpu3-interf_io-run7,4,100001,5000000.0,2,25,125000.0,0.97803738317757,141446420.54485983
interference,host,host_cpu3-interf_io-run7,4,100001,5000000.0,2,1,5000.0,0.97803738317757,141446420.54485983
interference,host,host_cpu3-interf_io-run7,4,100001,5000000.0,2,1,5000.0,0.97803738317757,141446420.54485983
interference,host,host_cpu3-interf_io-run7,4,100001,5000000.0,2,1,5000.0,0.97803738317757,141446420.54485983
interference,host,host_cpu3-interf_io-run7,4,100001,5000000.0,2,1,5000.0,0.97803738317757,141446420.54485983
interference,host,host_cpu3-interf_io-run7,4,100001,5000000.0,2,1,5000.0,0.97803738317757,141446420.54485983
interference,host,host_cpu3-interf_io-run7,4,100001,5000000.0,2,1,5000.0,0.97803738317757,141446420.54485983
interference,host,host_cpu3-interf_io-run7,4,100001,5000000.0,2,1,5000.0,0.97803738317757,141446420.54485983
interference,host,host_cpu3-interf_io-run7,4,100001,5000000.0,2,1,5000.0,0.97803738317757,141446420.54485983
interference,host,host_cpu3-interf_io-run7,4,100001,5000000.0,3,206,1030000.0,1.0,1223065693.99787
interference,host,host_cpu3-interf_io-run7,4,100001,5000000.0,2,108,540000.0,0.97803738317757,141446420.54485983
interference,host,host_cpu3-interf_io-run7,4,100001,5000000.0,2,21,105000.0,0.97803738317757,141446420.54485983
interference,host,host_cpu3-interf_io-run7,4,100001,5000000.0,2,33,165000.0,0.97803738317757,141446420.54485983
interference,host,host_cpu3-interf_io-run7,4,100001,5000000.0,2,1,5000.0,0.97803738317757,141446420.54485983
interference,host,host_cpu3-interf_io-run7,4,100001,5000000.0,2,34,170000.0,0.97803738317757,141446420.54485983
interference,host,host_cpu3-interf_io-run7,4,100001,5000000.0,2,16,80000.0,0.97803738317757,141446420.54485983
interference,host,host_cpu3-interf_io-run7,4,100001,5000000.0,2,1,5000.0,0.97803738317757,141446420.54485983
interference,host,host_cpu3-interf_io-run7,4,100001,5000000.0,2,24,120000.0,0.97803738317757,141446420.54485983
interference,host,host_cpu3-interf_io-run7,4,100001,5000000.0,2,38,190000.0,0.97803738317757,141446420.54485983
interference,host,host_cpu3-interf_io-run7,4,100001,5000000.0,2,31,155000.0,0.97803738317757,141446420.54485983
interference,host,host_cpu3-interf_io-run7,4,100001,5000000.0,2,10,50000.0,0.97803738317757,141446420.54485983
interference,host,host_cpu3-interf_io-run7,4,100001,5000000.0,2,34,170000.0,0.97803738317757,141446420.54485983
interference,host,host_cpu3-interf_io-run7,4,100001,5000000.0,2,38,190000.0,0.97803738317757,141446420.54485983
interference,host,host_cpu3-interf_io-run7,4,100001,5000000.0,2,9,45000.0,0.97803738317757,141446420.54485983
interference,host,host_cpu3-interf_io-run7,4,100001,5000000.0,2,39,195000.0,0.97803738317757,141446420.54485983
interference,host,host_cpu3-interf_io-run7,4,100001,5000000.0,3,351,1755000.0,1.0,1223065693.99787
interference,host,host_cpu3-interf_io-run7,4,100001,5000000.0,2,109,545000.0,0.97803738317757,141446420.54485983
interference,host,host_cpu3-interf_io-run7,4,100001,5000000.0,2,20,100000.0,0.97803738317757,141446420.54485983
interference,host,host_cpu3-interf_io-run2,4,100001,5000000.0,3,67,335000.0,1.0,161215694.64179105
